ISO-10303-21;
HEADER;
/* Generated by software containing ST-Developer
 * from STEP Tools, Inc. (www.steptools.com) 
 */
/* OPTION: using custom renumber hook */

FILE_DESCRIPTION(
/* description */ ('STEP AP242 Edition 2',
'CAx-IF Rec.Pracs.---Representation and Presentation of Product Manufa
cturing Information (PMI)---4.0---2014-10-13',
'CAx-IF Rec.Pracs.---3D Tessellated Geometry---0.4---2014-09-14','2;1',
'CAx-IF Rec.Pracs.---User Defined Attributes---1.5---2016-08-15'),
/* implementation_level */ '2;1');

FILE_NAME(
/* name */ '6a951fd4b22fb6a00adf13e0',
/* time_stamp */ '2026-08-31T06:31:50Z',
/* author */ (''),
/* organization */ (''),
/* preprocessor_version */ 'ST-DEVELOPER v20',
/* originating_system */ 'ONSHAPE BY PTC INC, 1.220',
/* authorisation */ '  ');

FILE_SCHEMA (('AP242_MANAGED_MODEL_BASED_3D_ENGINEERING_MIM_LF { 1 0 10303 442 3 1 4 }'));
ENDSEC;

DATA;
#10=CONTEXT_DEPENDENT_SHAPE_REPRESENTATION(#14,#15453);
#11=CONTEXT_DEPENDENT_SHAPE_REPRESENTATION(#15,#15455);
#12=NEXT_ASSEMBLY_USAGE_OCCURRENCE('NAUO1','Part 1','Part 1',#15456,#15457,
'');
#13=NEXT_ASSEMBLY_USAGE_OCCURRENCE('NAUO2','Part 1','Part 1',#15456,#15458,
'');
#14=(
REPRESENTATION_RELATIONSHIP(' ',' ',#8639,#8638)
REPRESENTATION_RELATIONSHIP_WITH_TRANSFORMATION(#16)
SHAPE_REPRESENTATION_RELATIONSHIP()
);
#15=(
REPRESENTATION_RELATIONSHIP(' ',' ',#8640,#8638)
REPRESENTATION_RELATIONSHIP_WITH_TRANSFORMATION(#17)
SHAPE_REPRESENTATION_RELATIONSHIP()
);
#16=ITEM_DEFINED_TRANSFORMATION(' ',' ',#8641,#9018);
#17=ITEM_DEFINED_TRANSFORMATION(' ',' ',#8641,#9050);
#18=SHAPE_REPRESENTATION_RELATIONSHIP('','',#8639,#20);
#19=SHAPE_REPRESENTATION_RELATIONSHIP('','',#8640,#21);
#20=ADVANCED_BREP_SHAPE_REPRESENTATION('',(#8633),#15443);
#21=ADVANCED_BREP_SHAPE_REPRESENTATION('',(#8634),#15444);
#22=B_SPLINE_SURFACE_WITH_KNOTS('',3,1,((#11564,#11565),(#11566,#11567),
(#11568,#11569),(#11570,#11571)),.SURF_OF_LINEAR_EXTRUSION.,.F.,.F.,.F.,
(4,4),(2,2),(0.,0.99946940557863),(0.,1.),.PIECEWISE_BEZIER_KNOTS.);
#23=B_SPLINE_SURFACE_WITH_KNOTS('',3,1,((#11638,#11639),(#11640,#11641),
(#11642,#11643),(#11644,#11645),(#11646,#11647),(#11648,#11649),(#11650,
#11651),(#11652,#11653),(#11654,#11655),(#11656,#11657),(#11658,#11659),
(#11660,#11661),(#11662,#11663)),.SURF_OF_LINEAR_EXTRUSION.,.F.,.F.,.F.,
(4,1,1,1,1,1,1,1,1,1,4),(2,2),(0.,0.0577057644674755,0.115411528934951,
0.230823057869902,0.346234586804853,0.461646115739804,0.577057644674755,
0.692469173609706,0.807880702544657,0.865586467012132,0.923292231479608),
(0.,1.),.UNSPECIFIED.);
#24=B_SPLINE_SURFACE_WITH_KNOTS('',3,1,((#11733,#11734),(#11735,#11736),
(#11737,#11738),(#11739,#11740)),.SURF_OF_LINEAR_EXTRUSION.,.F.,.F.,.F.,
(4,4),(2,2),(0.,1.),(0.,1.),.PIECEWISE_BEZIER_KNOTS.);
#25=B_SPLINE_SURFACE_WITH_KNOTS('',3,1,((#11750,#11751),(#11752,#11753),
(#11754,#11755),(#11756,#11757)),.SURF_OF_LINEAR_EXTRUSION.,.F.,.F.,.F.,
(4,4),(2,2),(0.,1.),(0.,1.),.PIECEWISE_BEZIER_KNOTS.);
#26=B_SPLINE_SURFACE_WITH_KNOTS('',3,1,((#11767,#11768),(#11769,#11770),
(#11771,#11772),(#11773,#11774)),.SURF_OF_LINEAR_EXTRUSION.,.F.,.F.,.F.,
(4,4),(2,2),(0.,1.),(0.,1.),.PIECEWISE_BEZIER_KNOTS.);
#27=B_SPLINE_SURFACE_WITH_KNOTS('',3,1,((#11784,#11785),(#11786,#11787),
(#11788,#11789),(#11790,#11791)),.SURF_OF_LINEAR_EXTRUSION.,.F.,.F.,.F.,
(4,4),(2,2),(0.,1.),(0.,1.),.PIECEWISE_BEZIER_KNOTS.);
#28=B_SPLINE_SURFACE_WITH_KNOTS('',3,1,((#11807,#11808),(#11809,#11810),
(#11811,#11812),(#11813,#11814)),.SURF_OF_LINEAR_EXTRUSION.,.F.,.F.,.F.,
(4,4),(2,2),(0.,1.),(0.,1.),.PIECEWISE_BEZIER_KNOTS.);
#29=B_SPLINE_SURFACE_WITH_KNOTS('',3,1,((#11824,#11825),(#11826,#11827),
(#11828,#11829),(#11830,#11831)),.SURF_OF_LINEAR_EXTRUSION.,.F.,.F.,.F.,
(4,4),(2,2),(0.,1.),(0.,1.),.PIECEWISE_BEZIER_KNOTS.);
#30=B_SPLINE_SURFACE_WITH_KNOTS('',3,1,((#11841,#11842),(#11843,#11844),
(#11845,#11846),(#11847,#11848)),.SURF_OF_LINEAR_EXTRUSION.,.F.,.F.,.F.,
(4,4),(2,2),(0.,1.),(0.,1.),.PIECEWISE_BEZIER_KNOTS.);
#31=B_SPLINE_SURFACE_WITH_KNOTS('',3,1,((#11858,#11859),(#11860,#11861),
(#11862,#11863),(#11864,#11865)),.SURF_OF_LINEAR_EXTRUSION.,.F.,.F.,.F.,
(4,4),(2,2),(0.,1.),(0.,1.),.PIECEWISE_BEZIER_KNOTS.);
#32=B_SPLINE_SURFACE_WITH_KNOTS('',3,1,((#11877,#11878),(#11879,#11880),
(#11881,#11882),(#11883,#11884)),.SURF_OF_LINEAR_EXTRUSION.,.F.,.F.,.F.,
(4,4),(2,2),(0.,1.),(0.,1.),.PIECEWISE_BEZIER_KNOTS.);
#33=B_SPLINE_SURFACE_WITH_KNOTS('',3,1,((#11890,#11891),(#11892,#11893),
(#11894,#11895),(#11896,#11897)),.SURF_OF_LINEAR_EXTRUSION.,.F.,.F.,.F.,
(4,4),(2,2),(0.,1.),(0.,1.),.PIECEWISE_BEZIER_KNOTS.);
#34=B_SPLINE_SURFACE_WITH_KNOTS('',3,1,((#11903,#11904),(#11905,#11906),
(#11907,#11908),(#11909,#11910)),.SURF_OF_LINEAR_EXTRUSION.,.F.,.F.,.F.,
(4,4),(2,2),(0.,1.),(0.,1.),.PIECEWISE_BEZIER_KNOTS.);
#35=B_SPLINE_SURFACE_WITH_KNOTS('',3,1,((#11916,#11917),(#11918,#11919),
(#11920,#11921),(#11922,#11923)),.SURF_OF_LINEAR_EXTRUSION.,.F.,.F.,.F.,
(4,4),(2,2),(0.,1.),(0.,1.),.PIECEWISE_BEZIER_KNOTS.);
#36=B_SPLINE_SURFACE_WITH_KNOTS('',3,1,((#11929,#11930),(#11931,#11932),
(#11933,#11934),(#11935,#11936)),.SURF_OF_LINEAR_EXTRUSION.,.F.,.F.,.F.,
(4,4),(2,2),(0.,1.),(0.,1.),.PIECEWISE_BEZIER_KNOTS.);
#37=B_SPLINE_SURFACE_WITH_KNOTS('',3,1,((#11962,#11963),(#11964,#11965),
(#11966,#11967),(#11968,#11969)),.SURF_OF_LINEAR_EXTRUSION.,.F.,.F.,.F.,
(4,4),(2,2),(0.,1.),(0.,1.),.PIECEWISE_BEZIER_KNOTS.);
#38=B_SPLINE_SURFACE_WITH_KNOTS('',3,1,((#11975,#11976),(#11977,#11978),
(#11979,#11980),(#11981,#11982)),.SURF_OF_LINEAR_EXTRUSION.,.F.,.F.,.F.,
(4,4),(2,2),(0.,1.),(0.,1.),.PIECEWISE_BEZIER_KNOTS.);
#39=B_SPLINE_SURFACE_WITH_KNOTS('',3,1,((#11992,#11993),(#11994,#11995),
(#11996,#11997),(#11998,#11999)),.SURF_OF_LINEAR_EXTRUSION.,.F.,.F.,.F.,
(4,4),(2,2),(0.,1.),(0.,1.),.PIECEWISE_BEZIER_KNOTS.);
#40=B_SPLINE_SURFACE_WITH_KNOTS('',3,1,((#12003,#12004),(#12005,#12006),
(#12007,#12008),(#12009,#12010)),.SURF_OF_LINEAR_EXTRUSION.,.F.,.F.,.F.,
(4,4),(2,2),(0.,1.),(0.,1.),.PIECEWISE_BEZIER_KNOTS.);
#41=B_SPLINE_SURFACE_WITH_KNOTS('',3,1,((#12028,#12029),(#12030,#12031),
(#12032,#12033),(#12034,#12035)),.SURF_OF_LINEAR_EXTRUSION.,.F.,.F.,.F.,
(4,4),(2,2),(0.,1.),(0.,1.),.PIECEWISE_BEZIER_KNOTS.);
#42=B_SPLINE_SURFACE_WITH_KNOTS('',3,1,((#12045,#12046),(#12047,#12048),
(#12049,#12050),(#12051,#12052)),.SURF_OF_LINEAR_EXTRUSION.,.F.,.F.,.F.,
(4,4),(2,2),(0.,1.),(0.,1.),.PIECEWISE_BEZIER_KNOTS.);
#43=B_SPLINE_SURFACE_WITH_KNOTS('',3,1,((#12062,#12063),(#12064,#12065),
(#12066,#12067),(#12068,#12069)),.SURF_OF_LINEAR_EXTRUSION.,.F.,.F.,.F.,
(4,4),(2,2),(0.,1.),(0.,1.),.PIECEWISE_BEZIER_KNOTS.);
#44=B_SPLINE_SURFACE_WITH_KNOTS('',3,1,((#12079,#12080),(#12081,#12082),
(#12083,#12084),(#12085,#12086)),.SURF_OF_LINEAR_EXTRUSION.,.F.,.F.,.F.,
(4,4),(2,2),(0.,1.),(0.,1.),.PIECEWISE_BEZIER_KNOTS.);
#45=B_SPLINE_SURFACE_WITH_KNOTS('',3,1,((#12102,#12103),(#12104,#12105),
(#12106,#12107),(#12108,#12109)),.SURF_OF_LINEAR_EXTRUSION.,.F.,.F.,.F.,
(4,4),(2,2),(0.,1.),(0.,1.),.PIECEWISE_BEZIER_KNOTS.);
#46=B_SPLINE_SURFACE_WITH_KNOTS('',3,1,((#12119,#12120),(#12121,#12122),
(#12123,#12124),(#12125,#12126)),.SURF_OF_LINEAR_EXTRUSION.,.F.,.F.,.F.,
(4,4),(2,2),(0.,1.),(0.,1.),.PIECEWISE_BEZIER_KNOTS.);
#47=B_SPLINE_SURFACE_WITH_KNOTS('',3,1,((#12136,#12137),(#12138,#12139),
(#12140,#12141),(#12142,#12143)),.SURF_OF_LINEAR_EXTRUSION.,.F.,.F.,.F.,
(4,4),(2,2),(0.,1.),(0.,1.),.PIECEWISE_BEZIER_KNOTS.);
#48=B_SPLINE_SURFACE_WITH_KNOTS('',3,1,((#12153,#12154),(#12155,#12156),
(#12157,#12158),(#12159,#12160)),.SURF_OF_LINEAR_EXTRUSION.,.F.,.F.,.F.,
(4,4),(2,2),(0.,1.),(0.,1.),.PIECEWISE_BEZIER_KNOTS.);
#49=B_SPLINE_SURFACE_WITH_KNOTS('',3,1,((#12172,#12173),(#12174,#12175),
(#12176,#12177),(#12178,#12179)),.SURF_OF_LINEAR_EXTRUSION.,.F.,.F.,.F.,
(4,4),(2,2),(0.,1.),(0.,1.),.PIECEWISE_BEZIER_KNOTS.);
#50=B_SPLINE_SURFACE_WITH_KNOTS('',3,1,((#12185,#12186),(#12187,#12188),
(#12189,#12190),(#12191,#12192)),.SURF_OF_LINEAR_EXTRUSION.,.F.,.F.,.F.,
(4,4),(2,2),(0.,1.),(0.,1.),.PIECEWISE_BEZIER_KNOTS.);
#51=B_SPLINE_SURFACE_WITH_KNOTS('',3,1,((#12198,#12199),(#12200,#12201),
(#12202,#12203),(#12204,#12205)),.SURF_OF_LINEAR_EXTRUSION.,.F.,.F.,.F.,
(4,4),(2,2),(0.,1.),(0.,1.),.PIECEWISE_BEZIER_KNOTS.);
#52=B_SPLINE_SURFACE_WITH_KNOTS('',3,1,((#12211,#12212),(#12213,#12214),
(#12215,#12216),(#12217,#12218)),.SURF_OF_LINEAR_EXTRUSION.,.F.,.F.,.F.,
(4,4),(2,2),(0.,1.),(0.,1.),.PIECEWISE_BEZIER_KNOTS.);
#53=B_SPLINE_SURFACE_WITH_KNOTS('',3,1,((#12248,#12249),(#12250,#12251),
(#12252,#12253),(#12254,#12255)),.SURF_OF_LINEAR_EXTRUSION.,.F.,.F.,.F.,
(4,4),(2,2),(0.,1.),(0.,1.),.PIECEWISE_BEZIER_KNOTS.);
#54=B_SPLINE_SURFACE_WITH_KNOTS('',3,1,((#12261,#12262),(#12263,#12264),
(#12265,#12266),(#12267,#12268)),.SURF_OF_LINEAR_EXTRUSION.,.F.,.F.,.F.,
(4,4),(2,2),(0.,1.),(0.,1.),.PIECEWISE_BEZIER_KNOTS.);
#55=B_SPLINE_SURFACE_WITH_KNOTS('',3,1,((#12278,#12279),(#12280,#12281),
(#12282,#12283),(#12284,#12285)),.SURF_OF_LINEAR_EXTRUSION.,.F.,.F.,.F.,
(4,4),(2,2),(0.,1.),(0.,1.),.PIECEWISE_BEZIER_KNOTS.);
#56=B_SPLINE_SURFACE_WITH_KNOTS('',3,1,((#12289,#12290),(#12291,#12292),
(#12293,#12294),(#12295,#12296)),.SURF_OF_LINEAR_EXTRUSION.,.F.,.F.,.F.,
(4,4),(2,2),(0.,1.),(0.,1.),.PIECEWISE_BEZIER_KNOTS.);
#57=B_SPLINE_SURFACE_WITH_KNOTS('',3,1,((#12320,#12321),(#12322,#12323),
(#12324,#12325),(#12326,#12327)),.SURF_OF_LINEAR_EXTRUSION.,.F.,.F.,.F.,
(4,4),(2,2),(0.,1.),(0.,1.),.PIECEWISE_BEZIER_KNOTS.);
#58=B_SPLINE_SURFACE_WITH_KNOTS('',3,1,((#12343,#12344),(#12345,#12346),
(#12347,#12348),(#12349,#12350)),.SURF_OF_LINEAR_EXTRUSION.,.F.,.F.,.F.,
(4,4),(2,2),(0.,1.),(0.,1.),.PIECEWISE_BEZIER_KNOTS.);
#59=B_SPLINE_SURFACE_WITH_KNOTS('',3,1,((#12360,#12361),(#12362,#12363),
(#12364,#12365),(#12366,#12367)),.SURF_OF_LINEAR_EXTRUSION.,.F.,.F.,.F.,
(4,4),(2,2),(0.,1.),(0.,1.),.PIECEWISE_BEZIER_KNOTS.);
#60=B_SPLINE_SURFACE_WITH_KNOTS('',3,1,((#12375,#12376),(#12377,#12378),
(#12379,#12380),(#12381,#12382)),.SURF_OF_LINEAR_EXTRUSION.,.F.,.F.,.F.,
(4,4),(2,2),(0.,1.),(0.,1.),.PIECEWISE_BEZIER_KNOTS.);
#61=B_SPLINE_SURFACE_WITH_KNOTS('',3,1,((#12392,#12393),(#12394,#12395),
(#12396,#12397),(#12398,#12399)),.SURF_OF_LINEAR_EXTRUSION.,.F.,.F.,.F.,
(4,4),(2,2),(0.,1.),(0.,1.),.PIECEWISE_BEZIER_KNOTS.);
#62=B_SPLINE_SURFACE_WITH_KNOTS('',3,1,((#12409,#12410),(#12411,#12412),
(#12413,#12414),(#12415,#12416)),.SURF_OF_LINEAR_EXTRUSION.,.F.,.F.,.F.,
(4,4),(2,2),(0.,1.),(0.,1.),.PIECEWISE_BEZIER_KNOTS.);
#63=B_SPLINE_SURFACE_WITH_KNOTS('',3,1,((#12422,#12423),(#12424,#12425),
(#12426,#12427),(#12428,#12429)),.SURF_OF_LINEAR_EXTRUSION.,.F.,.F.,.F.,
(4,4),(2,2),(0.,1.),(0.,1.),.PIECEWISE_BEZIER_KNOTS.);
#64=B_SPLINE_SURFACE_WITH_KNOTS('',3,1,((#12435,#12436),(#12437,#12438),
(#12439,#12440),(#12441,#12442)),.SURF_OF_LINEAR_EXTRUSION.,.F.,.F.,.F.,
(4,4),(2,2),(0.,1.),(0.,1.),.PIECEWISE_BEZIER_KNOTS.);
#65=B_SPLINE_SURFACE_WITH_KNOTS('',3,1,((#12448,#12449),(#12450,#12451),
(#12452,#12453),(#12454,#12455)),.SURF_OF_LINEAR_EXTRUSION.,.F.,.F.,.F.,
(4,4),(2,2),(0.,1.),(0.,1.),.PIECEWISE_BEZIER_KNOTS.);
#66=B_SPLINE_SURFACE_WITH_KNOTS('',3,1,((#12465,#12466),(#12467,#12468),
(#12469,#12470),(#12471,#12472)),.SURF_OF_LINEAR_EXTRUSION.,.F.,.F.,.F.,
(4,4),(2,2),(0.,1.),(0.,1.),.PIECEWISE_BEZIER_KNOTS.);
#67=B_SPLINE_SURFACE_WITH_KNOTS('',3,1,((#12478,#12479),(#12480,#12481),
(#12482,#12483),(#12484,#12485)),.SURF_OF_LINEAR_EXTRUSION.,.F.,.F.,.F.,
(4,4),(2,2),(0.,1.),(0.,1.),.PIECEWISE_BEZIER_KNOTS.);
#68=B_SPLINE_SURFACE_WITH_KNOTS('',3,1,((#12491,#12492),(#12493,#12494),
(#12495,#12496),(#12497,#12498)),.SURF_OF_LINEAR_EXTRUSION.,.F.,.F.,.F.,
(4,4),(2,2),(0.,1.),(0.,1.),.PIECEWISE_BEZIER_KNOTS.);
#69=B_SPLINE_SURFACE_WITH_KNOTS('',3,1,((#12520,#12521),(#12522,#12523),
(#12524,#12525),(#12526,#12527)),.SURF_OF_LINEAR_EXTRUSION.,.F.,.F.,.F.,
(4,4),(2,2),(0.,1.),(0.,1.),.PIECEWISE_BEZIER_KNOTS.);
#70=B_SPLINE_SURFACE_WITH_KNOTS('',3,1,((#12531,#12532),(#12533,#12534),
(#12535,#12536),(#12537,#12538)),.SURF_OF_LINEAR_EXTRUSION.,.F.,.F.,.F.,
(4,4),(2,2),(0.,1.),(0.,1.),.PIECEWISE_BEZIER_KNOTS.);
#71=B_SPLINE_SURFACE_WITH_KNOTS('',3,1,((#12547,#12548),(#12549,#12550),
(#12551,#12552),(#12553,#12554)),.SURF_OF_LINEAR_EXTRUSION.,.F.,.F.,.F.,
(4,4),(2,2),(0.,1.),(0.,1.),.PIECEWISE_BEZIER_KNOTS.);
#72=B_SPLINE_SURFACE_WITH_KNOTS('',3,1,((#12570,#12571),(#12572,#12573),
(#12574,#12575),(#12576,#12577)),.SURF_OF_LINEAR_EXTRUSION.,.F.,.F.,.F.,
(4,4),(2,2),(0.,1.),(0.,1.),.PIECEWISE_BEZIER_KNOTS.);
#73=B_SPLINE_SURFACE_WITH_KNOTS('',3,1,((#12583,#12584),(#12585,#12586),
(#12587,#12588),(#12589,#12590)),.SURF_OF_LINEAR_EXTRUSION.,.F.,.F.,.F.,
(4,4),(2,2),(0.,1.),(0.,1.),.PIECEWISE_BEZIER_KNOTS.);
#74=B_SPLINE_SURFACE_WITH_KNOTS('',3,1,((#12640,#12641),(#12642,#12643),
(#12644,#12645),(#12646,#12647)),.SURF_OF_LINEAR_EXTRUSION.,.F.,.F.,.F.,
(4,4),(2,2),(0.,1.),(0.,1.),.PIECEWISE_BEZIER_KNOTS.);
#75=B_SPLINE_SURFACE_WITH_KNOTS('',3,1,((#12661,#12662),(#12663,#12664),
(#12665,#12666),(#12667,#12668)),.SURF_OF_LINEAR_EXTRUSION.,.F.,.F.,.F.,
(4,4),(2,2),(0.,1.),(0.,1.),.PIECEWISE_BEZIER_KNOTS.);
#76=B_SPLINE_SURFACE_WITH_KNOTS('',3,1,((#12678,#12679),(#12680,#12681),
(#12682,#12683),(#12684,#12685)),.SURF_OF_LINEAR_EXTRUSION.,.F.,.F.,.F.,
(4,4),(2,2),(0.,1.),(0.,1.),.PIECEWISE_BEZIER_KNOTS.);
#77=B_SPLINE_SURFACE_WITH_KNOTS('',3,1,((#12701,#12702),(#12703,#12704),
(#12705,#12706),(#12707,#12708)),.SURF_OF_LINEAR_EXTRUSION.,.F.,.F.,.F.,
(4,4),(2,2),(0.,1.),(0.,1.),.PIECEWISE_BEZIER_KNOTS.);
#78=B_SPLINE_SURFACE_WITH_KNOTS('',3,1,((#12718,#12719),(#12720,#12721),
(#12722,#12723),(#12724,#12725)),.SURF_OF_LINEAR_EXTRUSION.,.F.,.F.,.F.,
(4,4),(2,2),(0.,1.),(0.,1.),.PIECEWISE_BEZIER_KNOTS.);
#79=B_SPLINE_SURFACE_WITH_KNOTS('',3,1,((#12735,#12736),(#12737,#12738),
(#12739,#12740),(#12741,#12742)),.SURF_OF_LINEAR_EXTRUSION.,.F.,.F.,.F.,
(4,4),(2,2),(0.,1.),(0.,1.),.PIECEWISE_BEZIER_KNOTS.);
#80=B_SPLINE_SURFACE_WITH_KNOTS('',3,1,((#12752,#12753),(#12754,#12755),
(#12756,#12757),(#12758,#12759)),.SURF_OF_LINEAR_EXTRUSION.,.F.,.F.,.F.,
(4,4),(2,2),(0.,1.),(0.,1.),.PIECEWISE_BEZIER_KNOTS.);
#81=B_SPLINE_SURFACE_WITH_KNOTS('',3,1,((#12775,#12776),(#12777,#12778),
(#12779,#12780),(#12781,#12782)),.SURF_OF_LINEAR_EXTRUSION.,.F.,.F.,.F.,
(4,4),(2,2),(0.,1.),(0.,1.),.PIECEWISE_BEZIER_KNOTS.);
#82=B_SPLINE_SURFACE_WITH_KNOTS('',3,1,((#12790,#12791),(#12792,#12793),
(#12794,#12795),(#12796,#12797)),.SURF_OF_LINEAR_EXTRUSION.,.F.,.F.,.F.,
(4,4),(2,2),(0.,1.),(0.,1.),.PIECEWISE_BEZIER_KNOTS.);
#83=B_SPLINE_SURFACE_WITH_KNOTS('',3,1,((#12807,#12808),(#12809,#12810),
(#12811,#12812),(#12813,#12814)),.SURF_OF_LINEAR_EXTRUSION.,.F.,.F.,.F.,
(4,4),(2,2),(0.,1.),(0.,1.),.PIECEWISE_BEZIER_KNOTS.);
#84=B_SPLINE_SURFACE_WITH_KNOTS('',3,1,((#12820,#12821),(#12822,#12823),
(#12824,#12825),(#12826,#12827)),.SURF_OF_LINEAR_EXTRUSION.,.F.,.F.,.F.,
(4,4),(2,2),(0.,1.),(0.,1.),.PIECEWISE_BEZIER_KNOTS.);
#85=B_SPLINE_SURFACE_WITH_KNOTS('',3,1,((#12833,#12834),(#12835,#12836),
(#12837,#12838),(#12839,#12840)),.SURF_OF_LINEAR_EXTRUSION.,.F.,.F.,.F.,
(4,4),(2,2),(0.,1.),(0.,1.),.PIECEWISE_BEZIER_KNOTS.);
#86=B_SPLINE_SURFACE_WITH_KNOTS('',3,1,((#12846,#12847),(#12848,#12849),
(#12850,#12851),(#12852,#12853)),.SURF_OF_LINEAR_EXTRUSION.,.F.,.F.,.F.,
(4,4),(2,2),(0.,1.),(0.,1.),.PIECEWISE_BEZIER_KNOTS.);
#87=B_SPLINE_SURFACE_WITH_KNOTS('',3,1,((#12859,#12860),(#12861,#12862),
(#12863,#12864),(#12865,#12866)),.SURF_OF_LINEAR_EXTRUSION.,.F.,.F.,.F.,
(4,4),(2,2),(0.,1.),(0.,1.),.PIECEWISE_BEZIER_KNOTS.);
#88=B_SPLINE_SURFACE_WITH_KNOTS('',3,1,((#12876,#12877),(#12878,#12879),
(#12880,#12881),(#12882,#12883)),.SURF_OF_LINEAR_EXTRUSION.,.F.,.F.,.F.,
(4,4),(2,2),(0.,1.),(0.,1.),.PIECEWISE_BEZIER_KNOTS.);
#89=B_SPLINE_SURFACE_WITH_KNOTS('',3,1,((#12889,#12890),(#12891,#12892),
(#12893,#12894),(#12895,#12896)),.SURF_OF_LINEAR_EXTRUSION.,.F.,.F.,.F.,
(4,4),(2,2),(0.,1.),(0.,1.),.PIECEWISE_BEZIER_KNOTS.);
#90=B_SPLINE_SURFACE_WITH_KNOTS('',3,1,((#12909,#12910),(#12911,#12912),
(#12913,#12914),(#12915,#12916)),.SURF_OF_LINEAR_EXTRUSION.,.F.,.F.,.F.,
(4,4),(2,2),(0.,1.),(0.,1.),.PIECEWISE_BEZIER_KNOTS.);
#91=B_SPLINE_SURFACE_WITH_KNOTS('',3,1,((#12944,#12945),(#12946,#12947),
(#12948,#12949),(#12950,#12951)),.SURF_OF_LINEAR_EXTRUSION.,.F.,.F.,.F.,
(4,4),(2,2),(0.,1.),(0.,1.),.PIECEWISE_BEZIER_KNOTS.);
#92=B_SPLINE_SURFACE_WITH_KNOTS('',3,1,((#12957,#12958),(#12959,#12960),
(#12961,#12962),(#12963,#12964)),.SURF_OF_LINEAR_EXTRUSION.,.F.,.F.,.F.,
(4,4),(2,2),(0.,1.),(0.,1.),.PIECEWISE_BEZIER_KNOTS.);
#93=B_SPLINE_SURFACE_WITH_KNOTS('',3,1,((#12978,#12979),(#12980,#12981),
(#12982,#12983),(#12984,#12985)),.SURF_OF_LINEAR_EXTRUSION.,.F.,.F.,.F.,
(4,4),(2,2),(0.,1.),(0.,1.),.PIECEWISE_BEZIER_KNOTS.);
#94=B_SPLINE_SURFACE_WITH_KNOTS('',3,1,((#13048,#13049),(#13050,#13051),
(#13052,#13053),(#13054,#13055)),.SURF_OF_LINEAR_EXTRUSION.,.F.,.F.,.F.,
(4,4),(2,2),(0.,1.),(0.,1.),.PIECEWISE_BEZIER_KNOTS.);
#95=B_SPLINE_SURFACE_WITH_KNOTS('',3,1,((#13065,#13066),(#13067,#13068),
(#13069,#13070),(#13071,#13072)),.SURF_OF_LINEAR_EXTRUSION.,.F.,.F.,.F.,
(4,4),(2,2),(0.,1.),(0.,1.),.PIECEWISE_BEZIER_KNOTS.);
#96=B_SPLINE_SURFACE_WITH_KNOTS('',3,1,((#13082,#13083),(#13084,#13085),
(#13086,#13087),(#13088,#13089)),.SURF_OF_LINEAR_EXTRUSION.,.F.,.F.,.F.,
(4,4),(2,2),(0.,1.),(0.,1.),.PIECEWISE_BEZIER_KNOTS.);
#97=B_SPLINE_SURFACE_WITH_KNOTS('',3,1,((#13099,#13100),(#13101,#13102),
(#13103,#13104),(#13105,#13106)),.SURF_OF_LINEAR_EXTRUSION.,.F.,.F.,.F.,
(4,4),(2,2),(0.,1.),(0.,1.),.PIECEWISE_BEZIER_KNOTS.);
#98=B_SPLINE_SURFACE_WITH_KNOTS('',3,1,((#13122,#13123),(#13124,#13125),
(#13126,#13127),(#13128,#13129)),.SURF_OF_LINEAR_EXTRUSION.,.F.,.F.,.F.,
(4,4),(2,2),(0.,1.),(0.,1.),.PIECEWISE_BEZIER_KNOTS.);
#99=B_SPLINE_SURFACE_WITH_KNOTS('',3,1,((#13139,#13140),(#13141,#13142),
(#13143,#13144),(#13145,#13146)),.SURF_OF_LINEAR_EXTRUSION.,.F.,.F.,.F.,
(4,4),(2,2),(0.,1.),(0.,1.),.PIECEWISE_BEZIER_KNOTS.);
#100=B_SPLINE_SURFACE_WITH_KNOTS('',3,1,((#13156,#13157),(#13158,#13159),
(#13160,#13161),(#13162,#13163)),.SURF_OF_LINEAR_EXTRUSION.,.F.,.F.,.F.,
(4,4),(2,2),(0.,1.),(0.,1.),.PIECEWISE_BEZIER_KNOTS.);
#101=B_SPLINE_SURFACE_WITH_KNOTS('',3,1,((#13173,#13174),(#13175,#13176),
(#13177,#13178),(#13179,#13180)),.SURF_OF_LINEAR_EXTRUSION.,.F.,.F.,.F.,
(4,4),(2,2),(0.,1.),(0.,1.),.PIECEWISE_BEZIER_KNOTS.);
#102=B_SPLINE_SURFACE_WITH_KNOTS('',3,1,((#13192,#13193),(#13194,#13195),
(#13196,#13197),(#13198,#13199)),.SURF_OF_LINEAR_EXTRUSION.,.F.,.F.,.F.,
(4,4),(2,2),(0.,1.),(0.,1.),.PIECEWISE_BEZIER_KNOTS.);
#103=B_SPLINE_SURFACE_WITH_KNOTS('',3,1,((#13205,#13206),(#13207,#13208),
(#13209,#13210),(#13211,#13212)),.SURF_OF_LINEAR_EXTRUSION.,.F.,.F.,.F.,
(4,4),(2,2),(0.,1.),(0.,1.),.PIECEWISE_BEZIER_KNOTS.);
#104=B_SPLINE_SURFACE_WITH_KNOTS('',3,1,((#13218,#13219),(#13220,#13221),
(#13222,#13223),(#13224,#13225)),.SURF_OF_LINEAR_EXTRUSION.,.F.,.F.,.F.,
(4,4),(2,2),(0.,1.),(0.,1.),.PIECEWISE_BEZIER_KNOTS.);
#105=B_SPLINE_SURFACE_WITH_KNOTS('',3,1,((#13231,#13232),(#13233,#13234),
(#13235,#13236),(#13237,#13238)),.SURF_OF_LINEAR_EXTRUSION.,.F.,.F.,.F.,
(4,4),(2,2),(0.,1.),(0.,1.),.PIECEWISE_BEZIER_KNOTS.);
#106=B_SPLINE_SURFACE_WITH_KNOTS('',3,1,((#13244,#13245),(#13246,#13247),
(#13248,#13249),(#13250,#13251)),.SURF_OF_LINEAR_EXTRUSION.,.F.,.F.,.F.,
(4,4),(2,2),(0.,1.),(0.,1.),.PIECEWISE_BEZIER_KNOTS.);
#107=B_SPLINE_SURFACE_WITH_KNOTS('',3,1,((#13277,#13278),(#13279,#13280),
(#13281,#13282),(#13283,#13284)),.SURF_OF_LINEAR_EXTRUSION.,.F.,.F.,.F.,
(4,4),(2,2),(0.,1.),(0.,1.),.PIECEWISE_BEZIER_KNOTS.);
#108=B_SPLINE_SURFACE_WITH_KNOTS('',3,1,((#13290,#13291),(#13292,#13293),
(#13294,#13295),(#13296,#13297)),.SURF_OF_LINEAR_EXTRUSION.,.F.,.F.,.F.,
(4,4),(2,2),(0.,1.),(0.,1.),.PIECEWISE_BEZIER_KNOTS.);
#109=B_SPLINE_SURFACE_WITH_KNOTS('',3,1,((#13307,#13308),(#13309,#13310),
(#13311,#13312),(#13313,#13314)),.SURF_OF_LINEAR_EXTRUSION.,.F.,.F.,.F.,
(4,4),(2,2),(0.,1.),(0.,1.),.PIECEWISE_BEZIER_KNOTS.);
#110=B_SPLINE_SURFACE_WITH_KNOTS('',3,1,((#13318,#13319),(#13320,#13321),
(#13322,#13323),(#13324,#13325)),.SURF_OF_LINEAR_EXTRUSION.,.F.,.F.,.F.,
(4,4),(2,2),(0.,1.),(0.,1.),.PIECEWISE_BEZIER_KNOTS.);
#111=B_SPLINE_SURFACE_WITH_KNOTS('',3,1,((#13334,#13335),(#13336,#13337),
(#13338,#13339),(#13340,#13341)),.SURF_OF_LINEAR_EXTRUSION.,.F.,.F.,.F.,
(4,4),(2,2),(0.,1.),(0.,1.),.PIECEWISE_BEZIER_KNOTS.);
#112=B_SPLINE_SURFACE_WITH_KNOTS('',3,1,((#13353,#13354),(#13355,#13356),
(#13357,#13358),(#13359,#13360)),.SURF_OF_LINEAR_EXTRUSION.,.F.,.F.,.F.,
(4,4),(2,2),(0.,1.),(0.,1.),.PIECEWISE_BEZIER_KNOTS.);
#113=B_SPLINE_SURFACE_WITH_KNOTS('',3,1,((#13366,#13367),(#13368,#13369),
(#13370,#13371),(#13372,#13373)),.SURF_OF_LINEAR_EXTRUSION.,.F.,.F.,.F.,
(4,4),(2,2),(0.,1.),(0.,1.),.PIECEWISE_BEZIER_KNOTS.);
#114=B_SPLINE_SURFACE_WITH_KNOTS('',3,1,((#13379,#13380),(#13381,#13382),
(#13383,#13384),(#13385,#13386)),.SURF_OF_LINEAR_EXTRUSION.,.F.,.F.,.F.,
(4,4),(2,2),(0.,1.),(0.,1.),.PIECEWISE_BEZIER_KNOTS.);
#115=B_SPLINE_SURFACE_WITH_KNOTS('',3,1,((#13392,#13393),(#13394,#13395),
(#13396,#13397),(#13398,#13399)),.SURF_OF_LINEAR_EXTRUSION.,.F.,.F.,.F.,
(4,4),(2,2),(0.,1.),(0.,1.),.PIECEWISE_BEZIER_KNOTS.);
#116=B_SPLINE_SURFACE_WITH_KNOTS('',3,1,((#13409,#13410),(#13411,#13412),
(#13413,#13414),(#13415,#13416)),.SURF_OF_LINEAR_EXTRUSION.,.F.,.F.,.F.,
(4,4),(2,2),(0.,1.),(0.,1.),.PIECEWISE_BEZIER_KNOTS.);
#117=B_SPLINE_SURFACE_WITH_KNOTS('',3,1,((#13422,#13423),(#13424,#13425),
(#13426,#13427),(#13428,#13429)),.SURF_OF_LINEAR_EXTRUSION.,.F.,.F.,.F.,
(4,4),(2,2),(0.,1.),(0.,1.),.PIECEWISE_BEZIER_KNOTS.);
#118=B_SPLINE_SURFACE_WITH_KNOTS('',3,1,((#13435,#13436),(#13437,#13438),
(#13439,#13440),(#13441,#13442)),.SURF_OF_LINEAR_EXTRUSION.,.F.,.F.,.F.,
(4,4),(2,2),(0.,1.),(0.,1.),.PIECEWISE_BEZIER_KNOTS.);
#119=B_SPLINE_SURFACE_WITH_KNOTS('',3,1,((#13452,#13453),(#13454,#13455),
(#13456,#13457),(#13458,#13459)),.SURF_OF_LINEAR_EXTRUSION.,.F.,.F.,.F.,
(4,4),(2,2),(0.,1.),(0.,1.),.PIECEWISE_BEZIER_KNOTS.);
#120=B_SPLINE_SURFACE_WITH_KNOTS('',3,1,((#13465,#13466),(#13467,#13468),
(#13469,#13470),(#13471,#13472)),.SURF_OF_LINEAR_EXTRUSION.,.F.,.F.,.F.,
(4,4),(2,2),(0.,1.),(0.,1.),.PIECEWISE_BEZIER_KNOTS.);
#121=B_SPLINE_SURFACE_WITH_KNOTS('',3,1,((#13478,#13479),(#13480,#13481),
(#13482,#13483),(#13484,#13485)),.SURF_OF_LINEAR_EXTRUSION.,.F.,.F.,.F.,
(4,4),(2,2),(0.,1.),(0.,1.),.PIECEWISE_BEZIER_KNOTS.);
#122=B_SPLINE_SURFACE_WITH_KNOTS('',3,1,((#13495,#13496),(#13497,#13498),
(#13499,#13500),(#13501,#13502)),.SURF_OF_LINEAR_EXTRUSION.,.F.,.F.,.F.,
(4,4),(2,2),(0.,1.),(0.,1.),.PIECEWISE_BEZIER_KNOTS.);
#123=B_SPLINE_SURFACE_WITH_KNOTS('',3,1,((#13508,#13509),(#13510,#13511),
(#13512,#13513),(#13514,#13515)),.SURF_OF_LINEAR_EXTRUSION.,.F.,.F.,.F.,
(4,4),(2,2),(0.,1.),(0.,1.),.PIECEWISE_BEZIER_KNOTS.);
#124=B_SPLINE_SURFACE_WITH_KNOTS('',3,1,((#13521,#13522),(#13523,#13524),
(#13525,#13526),(#13527,#13528)),.SURF_OF_LINEAR_EXTRUSION.,.F.,.F.,.F.,
(4,4),(2,2),(0.,1.),(0.,1.),.PIECEWISE_BEZIER_KNOTS.);
#125=B_SPLINE_SURFACE_WITH_KNOTS('',3,1,((#13582,#13583),(#13584,#13585),
(#13586,#13587),(#13588,#13589)),.SURF_OF_LINEAR_EXTRUSION.,.F.,.F.,.F.,
(4,4),(2,2),(0.,1.),(0.,1.),.PIECEWISE_BEZIER_KNOTS.);
#126=B_SPLINE_SURFACE_WITH_KNOTS('',3,1,((#13601,#13602),(#13603,#13604),
(#13605,#13606),(#13607,#13608)),.SURF_OF_LINEAR_EXTRUSION.,.F.,.F.,.F.,
(4,4),(2,2),(0.,1.),(0.,1.),.PIECEWISE_BEZIER_KNOTS.);
#127=B_SPLINE_SURFACE_WITH_KNOTS('',3,1,((#13614,#13615),(#13616,#13617),
(#13618,#13619),(#13620,#13621)),.SURF_OF_LINEAR_EXTRUSION.,.F.,.F.,.F.,
(4,4),(2,2),(0.,1.),(0.,1.),.PIECEWISE_BEZIER_KNOTS.);
#128=B_SPLINE_SURFACE_WITH_KNOTS('',3,1,((#13627,#13628),(#13629,#13630),
(#13631,#13632),(#13633,#13634)),.SURF_OF_LINEAR_EXTRUSION.,.F.,.F.,.F.,
(4,4),(2,2),(0.,1.),(0.,1.),.PIECEWISE_BEZIER_KNOTS.);
#129=B_SPLINE_SURFACE_WITH_KNOTS('',3,1,((#13640,#13641),(#13642,#13643),
(#13644,#13645),(#13646,#13647)),.SURF_OF_LINEAR_EXTRUSION.,.F.,.F.,.F.,
(4,4),(2,2),(0.,1.),(0.,1.),.PIECEWISE_BEZIER_KNOTS.);
#130=B_SPLINE_SURFACE_WITH_KNOTS('',3,1,((#13653,#13654),(#13655,#13656),
(#13657,#13658),(#13659,#13660)),.SURF_OF_LINEAR_EXTRUSION.,.F.,.F.,.F.,
(4,4),(2,2),(0.,1.),(0.,1.),.PIECEWISE_BEZIER_KNOTS.);
#131=B_SPLINE_SURFACE_WITH_KNOTS('',3,1,((#13670,#13671),(#13672,#13673),
(#13674,#13675),(#13676,#13677)),.SURF_OF_LINEAR_EXTRUSION.,.F.,.F.,.F.,
(4,4),(2,2),(0.,1.),(0.,1.),.PIECEWISE_BEZIER_KNOTS.);
#132=B_SPLINE_SURFACE_WITH_KNOTS('',3,1,((#13687,#13688),(#13689,#13690),
(#13691,#13692),(#13693,#13694)),.SURF_OF_LINEAR_EXTRUSION.,.F.,.F.,.F.,
(4,4),(2,2),(0.,1.),(0.,1.),.PIECEWISE_BEZIER_KNOTS.);
#133=B_SPLINE_SURFACE_WITH_KNOTS('',3,1,((#13700,#13701),(#13702,#13703),
(#13704,#13705),(#13706,#13707)),.SURF_OF_LINEAR_EXTRUSION.,.F.,.F.,.F.,
(4,4),(2,2),(0.,1.),(0.,1.),.PIECEWISE_BEZIER_KNOTS.);
#134=B_SPLINE_SURFACE_WITH_KNOTS('',3,1,((#13717,#13718),(#13719,#13720),
(#13721,#13722),(#13723,#13724)),.SURF_OF_LINEAR_EXTRUSION.,.F.,.F.,.F.,
(4,4),(2,2),(0.,1.),(0.,1.),.PIECEWISE_BEZIER_KNOTS.);
#135=B_SPLINE_SURFACE_WITH_KNOTS('',3,1,((#13730,#13731),(#13732,#13733),
(#13734,#13735),(#13736,#13737)),.SURF_OF_LINEAR_EXTRUSION.,.F.,.F.,.F.,
(4,4),(2,2),(0.,1.),(0.,1.),.PIECEWISE_BEZIER_KNOTS.);
#136=B_SPLINE_SURFACE_WITH_KNOTS('',3,1,((#13743,#13744),(#13745,#13746),
(#13747,#13748),(#13749,#13750)),.SURF_OF_LINEAR_EXTRUSION.,.F.,.F.,.F.,
(4,4),(2,2),(0.,1.),(0.,1.),.PIECEWISE_BEZIER_KNOTS.);
#137=B_SPLINE_SURFACE_WITH_KNOTS('',3,1,((#13756,#13757),(#13758,#13759),
(#13760,#13761),(#13762,#13763)),.SURF_OF_LINEAR_EXTRUSION.,.F.,.F.,.F.,
(4,4),(2,2),(0.,1.),(0.,1.),.PIECEWISE_BEZIER_KNOTS.);
#138=B_SPLINE_SURFACE_WITH_KNOTS('',3,1,((#13773,#13774),(#13775,#13776),
(#13777,#13778),(#13779,#13780)),.SURF_OF_LINEAR_EXTRUSION.,.F.,.F.,.F.,
(4,4),(2,2),(0.,1.),(0.,1.),.PIECEWISE_BEZIER_KNOTS.);
#139=B_SPLINE_SURFACE_WITH_KNOTS('',3,1,((#13786,#13787),(#13788,#13789),
(#13790,#13791),(#13792,#13793)),.SURF_OF_LINEAR_EXTRUSION.,.F.,.F.,.F.,
(4,4),(2,2),(0.,1.),(0.,1.),.PIECEWISE_BEZIER_KNOTS.);
#140=B_SPLINE_SURFACE_WITH_KNOTS('',3,1,((#13799,#13800),(#13801,#13802),
(#13803,#13804),(#13805,#13806)),.SURF_OF_LINEAR_EXTRUSION.,.F.,.F.,.F.,
(4,4),(2,2),(0.,1.),(0.,1.),.PIECEWISE_BEZIER_KNOTS.);
#141=B_SPLINE_SURFACE_WITH_KNOTS('',3,1,((#13846,#13847),(#13848,#13849),
(#13850,#13851),(#13852,#13853)),.SURF_OF_LINEAR_EXTRUSION.,.F.,.F.,.F.,
(4,4),(2,2),(0.,1.),(0.,1.),.PIECEWISE_BEZIER_KNOTS.);
#142=B_SPLINE_SURFACE_WITH_KNOTS('',3,1,((#13859,#13860),(#13861,#13862),
(#13863,#13864),(#13865,#13866)),.SURF_OF_LINEAR_EXTRUSION.,.F.,.F.,.F.,
(4,4),(2,2),(0.,1.),(0.,1.),.PIECEWISE_BEZIER_KNOTS.);
#143=B_SPLINE_SURFACE_WITH_KNOTS('',3,1,((#13872,#13873),(#13874,#13875),
(#13876,#13877),(#13878,#13879)),.SURF_OF_LINEAR_EXTRUSION.,.F.,.F.,.F.,
(4,4),(2,2),(0.,1.),(0.,1.),.PIECEWISE_BEZIER_KNOTS.);
#144=B_SPLINE_SURFACE_WITH_KNOTS('',3,1,((#13885,#13886),(#13887,#13888),
(#13889,#13890),(#13891,#13892)),.SURF_OF_LINEAR_EXTRUSION.,.F.,.F.,.F.,
(4,4),(2,2),(0.,1.),(0.,1.),.PIECEWISE_BEZIER_KNOTS.);
#145=B_SPLINE_SURFACE_WITH_KNOTS('',3,1,((#13918,#13919),(#13920,#13921),
(#13922,#13923),(#13924,#13925)),.SURF_OF_LINEAR_EXTRUSION.,.F.,.F.,.F.,
(4,4),(2,2),(0.,1.),(0.,1.),.PIECEWISE_BEZIER_KNOTS.);
#146=B_SPLINE_SURFACE_WITH_KNOTS('',3,1,((#13931,#13932),(#13933,#13934),
(#13935,#13936),(#13937,#13938)),.SURF_OF_LINEAR_EXTRUSION.,.F.,.F.,.F.,
(4,4),(2,2),(0.,1.),(0.,1.),.PIECEWISE_BEZIER_KNOTS.);
#147=B_SPLINE_SURFACE_WITH_KNOTS('',3,1,((#13968,#13969),(#13970,#13971),
(#13972,#13973),(#13974,#13975)),.SURF_OF_LINEAR_EXTRUSION.,.F.,.F.,.F.,
(4,4),(2,2),(0.,1.),(0.,1.),.PIECEWISE_BEZIER_KNOTS.);
#148=B_SPLINE_SURFACE_WITH_KNOTS('',3,1,((#13985,#13986),(#13987,#13988),
(#13989,#13990),(#13991,#13992)),.SURF_OF_LINEAR_EXTRUSION.,.F.,.F.,.F.,
(4,4),(2,2),(0.,1.),(0.,1.),.PIECEWISE_BEZIER_KNOTS.);
#149=B_SPLINE_SURFACE_WITH_KNOTS('',3,1,((#14002,#14003),(#14004,#14005),
(#14006,#14007),(#14008,#14009)),.SURF_OF_LINEAR_EXTRUSION.,.F.,.F.,.F.,
(4,4),(2,2),(0.,1.),(0.,1.),.PIECEWISE_BEZIER_KNOTS.);
#150=B_SPLINE_SURFACE_WITH_KNOTS('',3,1,((#14019,#14020),(#14021,#14022),
(#14023,#14024),(#14025,#14026)),.SURF_OF_LINEAR_EXTRUSION.,.F.,.F.,.F.,
(4,4),(2,2),(0.,1.),(0.,1.),.PIECEWISE_BEZIER_KNOTS.);
#151=B_SPLINE_SURFACE_WITH_KNOTS('',3,1,((#14042,#14043),(#14044,#14045),
(#14046,#14047),(#14048,#14049)),.SURF_OF_LINEAR_EXTRUSION.,.F.,.F.,.F.,
(4,4),(2,2),(0.,1.),(0.,1.),.PIECEWISE_BEZIER_KNOTS.);
#152=B_SPLINE_SURFACE_WITH_KNOTS('',3,1,((#14059,#14060),(#14061,#14062),
(#14063,#14064),(#14065,#14066)),.SURF_OF_LINEAR_EXTRUSION.,.F.,.F.,.F.,
(4,4),(2,2),(0.,1.),(0.,1.),.PIECEWISE_BEZIER_KNOTS.);
#153=B_SPLINE_SURFACE_WITH_KNOTS('',3,1,((#14076,#14077),(#14078,#14079),
(#14080,#14081),(#14082,#14083)),.SURF_OF_LINEAR_EXTRUSION.,.F.,.F.,.F.,
(4,4),(2,2),(0.,1.),(0.,1.),.PIECEWISE_BEZIER_KNOTS.);
#154=B_SPLINE_SURFACE_WITH_KNOTS('',3,1,((#14093,#14094),(#14095,#14096),
(#14097,#14098),(#14099,#14100)),.SURF_OF_LINEAR_EXTRUSION.,.F.,.F.,.F.,
(4,4),(2,2),(0.,1.),(0.,1.),.PIECEWISE_BEZIER_KNOTS.);
#155=B_SPLINE_SURFACE_WITH_KNOTS('',3,1,((#14128,#14129),(#14130,#14131),
(#14132,#14133),(#14134,#14135)),.SURF_OF_LINEAR_EXTRUSION.,.F.,.F.,.F.,
(4,4),(2,2),(0.,1.),(0.,1.),.PIECEWISE_BEZIER_KNOTS.);
#156=B_SPLINE_SURFACE_WITH_KNOTS('',3,1,((#14141,#14142),(#14143,#14144),
(#14145,#14146),(#14147,#14148)),.SURF_OF_LINEAR_EXTRUSION.,.F.,.F.,.F.,
(4,4),(2,2),(0.,1.),(0.,1.),.PIECEWISE_BEZIER_KNOTS.);
#157=B_SPLINE_SURFACE_WITH_KNOTS('',3,1,((#14158,#14159),(#14160,#14161),
(#14162,#14163),(#14164,#14165)),.SURF_OF_LINEAR_EXTRUSION.,.F.,.F.,.F.,
(4,4),(2,2),(0.,1.),(0.,1.),.PIECEWISE_BEZIER_KNOTS.);
#158=B_SPLINE_SURFACE_WITH_KNOTS('',3,1,((#14171,#14172),(#14173,#14174),
(#14175,#14176),(#14177,#14178)),.SURF_OF_LINEAR_EXTRUSION.,.F.,.F.,.F.,
(4,4),(2,2),(0.,1.),(0.,1.),.PIECEWISE_BEZIER_KNOTS.);
#159=B_SPLINE_SURFACE_WITH_KNOTS('',3,1,((#14188,#14189),(#14190,#14191),
(#14192,#14193),(#14194,#14195)),.SURF_OF_LINEAR_EXTRUSION.,.F.,.F.,.F.,
(4,4),(2,2),(0.,1.),(0.,1.),.PIECEWISE_BEZIER_KNOTS.);
#160=B_SPLINE_SURFACE_WITH_KNOTS('',3,1,((#14201,#14202),(#14203,#14204),
(#14205,#14206),(#14207,#14208)),.SURF_OF_LINEAR_EXTRUSION.,.F.,.F.,.F.,
(4,4),(2,2),(0.,1.),(0.,1.),.PIECEWISE_BEZIER_KNOTS.);
#161=B_SPLINE_SURFACE_WITH_KNOTS('',3,1,((#14214,#14215),(#14216,#14217),
(#14218,#14219),(#14220,#14221)),.SURF_OF_LINEAR_EXTRUSION.,.F.,.F.,.F.,
(4,4),(2,2),(0.,1.),(0.,1.),.PIECEWISE_BEZIER_KNOTS.);
#162=B_SPLINE_SURFACE_WITH_KNOTS('',3,1,((#14225,#14226),(#14227,#14228),
(#14229,#14230),(#14231,#14232)),.SURF_OF_LINEAR_EXTRUSION.,.F.,.F.,.F.,
(4,4),(2,2),(0.,1.),(0.,1.),.PIECEWISE_BEZIER_KNOTS.);
#163=B_SPLINE_SURFACE_WITH_KNOTS('',3,1,((#14250,#14251),(#14252,#14253),
(#14254,#14255),(#14256,#14257)),.SURF_OF_LINEAR_EXTRUSION.,.F.,.F.,.F.,
(4,4),(2,2),(0.,1.),(0.,1.),.PIECEWISE_BEZIER_KNOTS.);
#164=B_SPLINE_SURFACE_WITH_KNOTS('',3,1,((#14267,#14268),(#14269,#14270),
(#14271,#14272),(#14273,#14274)),.SURF_OF_LINEAR_EXTRUSION.,.F.,.F.,.F.,
(4,4),(2,2),(0.,1.),(0.,1.),.PIECEWISE_BEZIER_KNOTS.);
#165=B_SPLINE_SURFACE_WITH_KNOTS('',3,1,((#14302,#14303),(#14304,#14305),
(#14306,#14307),(#14308,#14309)),.SURF_OF_LINEAR_EXTRUSION.,.F.,.F.,.F.,
(4,4),(2,2),(0.,1.),(0.,1.),.PIECEWISE_BEZIER_KNOTS.);
#166=B_SPLINE_SURFACE_WITH_KNOTS('',3,1,((#14319,#14320),(#14321,#14322),
(#14323,#14324),(#14325,#14326)),.SURF_OF_LINEAR_EXTRUSION.,.F.,.F.,.F.,
(4,4),(2,2),(0.,1.),(0.,1.),.PIECEWISE_BEZIER_KNOTS.);
#167=B_SPLINE_SURFACE_WITH_KNOTS('',3,1,((#14366,#14367),(#14368,#14369),
(#14370,#14371),(#14372,#14373)),.SURF_OF_LINEAR_EXTRUSION.,.F.,.F.,.F.,
(4,4),(2,2),(0.,1.),(0.,1.),.PIECEWISE_BEZIER_KNOTS.);
#168=B_SPLINE_SURFACE_WITH_KNOTS('',3,1,((#14379,#14380),(#14381,#14382),
(#14383,#14384),(#14385,#14386)),.SURF_OF_LINEAR_EXTRUSION.,.F.,.F.,.F.,
(4,4),(2,2),(0.,1.),(0.,1.),.PIECEWISE_BEZIER_KNOTS.);
#169=B_SPLINE_SURFACE_WITH_KNOTS('',3,1,((#14396,#14397),(#14398,#14399),
(#14400,#14401),(#14402,#14403)),.SURF_OF_LINEAR_EXTRUSION.,.F.,.F.,.F.,
(4,4),(2,2),(0.,1.),(0.,1.),.PIECEWISE_BEZIER_KNOTS.);
#170=B_SPLINE_SURFACE_WITH_KNOTS('',3,1,((#14407,#14408),(#14409,#14410),
(#14411,#14412),(#14413,#14414)),.SURF_OF_LINEAR_EXTRUSION.,.F.,.F.,.F.,
(4,4),(2,2),(0.,1.),(0.,1.),.PIECEWISE_BEZIER_KNOTS.);
#171=B_SPLINE_SURFACE_WITH_KNOTS('',3,1,((#14423,#14424),(#14425,#14426),
(#14427,#14428),(#14429,#14430)),.SURF_OF_LINEAR_EXTRUSION.,.F.,.F.,.F.,
(4,4),(2,2),(0.,1.),(0.,1.),.PIECEWISE_BEZIER_KNOTS.);
#172=B_SPLINE_SURFACE_WITH_KNOTS('',3,1,((#14442,#14443),(#14444,#14445),
(#14446,#14447),(#14448,#14449)),.SURF_OF_LINEAR_EXTRUSION.,.F.,.F.,.F.,
(4,4),(2,2),(0.,1.),(0.,1.),.PIECEWISE_BEZIER_KNOTS.);
#173=B_SPLINE_SURFACE_WITH_KNOTS('',3,1,((#14455,#14456),(#14457,#14458),
(#14459,#14460),(#14461,#14462)),.SURF_OF_LINEAR_EXTRUSION.,.F.,.F.,.F.,
(4,4),(2,2),(0.,1.),(0.,1.),.PIECEWISE_BEZIER_KNOTS.);
#174=B_SPLINE_SURFACE_WITH_KNOTS('',3,1,((#14468,#14469),(#14470,#14471),
(#14472,#14473),(#14474,#14475)),.SURF_OF_LINEAR_EXTRUSION.,.F.,.F.,.F.,
(4,4),(2,2),(0.,1.),(0.,1.),.PIECEWISE_BEZIER_KNOTS.);
#175=B_SPLINE_SURFACE_WITH_KNOTS('',3,1,((#14481,#14482),(#14483,#14484),
(#14485,#14486),(#14487,#14488)),.SURF_OF_LINEAR_EXTRUSION.,.F.,.F.,.F.,
(4,4),(2,2),(0.,1.),(0.,1.),.PIECEWISE_BEZIER_KNOTS.);
#176=B_SPLINE_SURFACE_WITH_KNOTS('',3,1,((#14494,#14495),(#14496,#14497),
(#14498,#14499),(#14500,#14501)),.SURF_OF_LINEAR_EXTRUSION.,.F.,.F.,.F.,
(4,4),(2,2),(0.,1.),(0.,1.),.PIECEWISE_BEZIER_KNOTS.);
#177=B_SPLINE_SURFACE_WITH_KNOTS('',3,1,((#14511,#14512),(#14513,#14514),
(#14515,#14516),(#14517,#14518)),.SURF_OF_LINEAR_EXTRUSION.,.F.,.F.,.F.,
(4,4),(2,2),(0.,1.),(0.,1.),.PIECEWISE_BEZIER_KNOTS.);
#178=B_SPLINE_SURFACE_WITH_KNOTS('',3,1,((#14528,#14529),(#14530,#14531),
(#14532,#14533),(#14534,#14535)),.SURF_OF_LINEAR_EXTRUSION.,.F.,.F.,.F.,
(4,4),(2,2),(0.,1.),(0.,1.),.PIECEWISE_BEZIER_KNOTS.);
#179=B_SPLINE_SURFACE_WITH_KNOTS('',3,1,((#14541,#14542),(#14543,#14544),
(#14545,#14546),(#14547,#14548)),.SURF_OF_LINEAR_EXTRUSION.,.F.,.F.,.F.,
(4,4),(2,2),(0.,1.),(0.,1.),.PIECEWISE_BEZIER_KNOTS.);
#180=B_SPLINE_SURFACE_WITH_KNOTS('',3,1,((#14558,#14559),(#14560,#14561),
(#14562,#14563),(#14564,#14565)),.SURF_OF_LINEAR_EXTRUSION.,.F.,.F.,.F.,
(4,4),(2,2),(0.,1.),(0.,1.),.PIECEWISE_BEZIER_KNOTS.);
#181=B_SPLINE_SURFACE_WITH_KNOTS('',3,1,((#14571,#14572),(#14573,#14574),
(#14575,#14576),(#14577,#14578)),.SURF_OF_LINEAR_EXTRUSION.,.F.,.F.,.F.,
(4,4),(2,2),(0.,1.),(0.,1.),.PIECEWISE_BEZIER_KNOTS.);
#182=B_SPLINE_SURFACE_WITH_KNOTS('',3,1,((#14584,#14585),(#14586,#14587),
(#14588,#14589),(#14590,#14591)),.SURF_OF_LINEAR_EXTRUSION.,.F.,.F.,.F.,
(4,4),(2,2),(0.,1.),(0.,1.),.PIECEWISE_BEZIER_KNOTS.);
#183=B_SPLINE_SURFACE_WITH_KNOTS('',3,1,((#14597,#14598),(#14599,#14600),
(#14601,#14602),(#14603,#14604)),.SURF_OF_LINEAR_EXTRUSION.,.F.,.F.,.F.,
(4,4),(2,2),(0.,1.),(0.,1.),.PIECEWISE_BEZIER_KNOTS.);
#184=B_SPLINE_SURFACE_WITH_KNOTS('',3,1,((#14614,#14615),(#14616,#14617),
(#14618,#14619),(#14620,#14621)),.SURF_OF_LINEAR_EXTRUSION.,.F.,.F.,.F.,
(4,4),(2,2),(0.,1.),(0.,1.),.PIECEWISE_BEZIER_KNOTS.);
#185=B_SPLINE_SURFACE_WITH_KNOTS('',3,1,((#14627,#14628),(#14629,#14630),
(#14631,#14632),(#14633,#14634)),.SURF_OF_LINEAR_EXTRUSION.,.F.,.F.,.F.,
(4,4),(2,2),(0.,1.),(0.,1.),.PIECEWISE_BEZIER_KNOTS.);
#186=B_SPLINE_SURFACE_WITH_KNOTS('',3,1,((#14640,#14641),(#14642,#14643),
(#14644,#14645),(#14646,#14647)),.SURF_OF_LINEAR_EXTRUSION.,.F.,.F.,.F.,
(4,4),(2,2),(0.,1.),(0.,1.),.PIECEWISE_BEZIER_KNOTS.);
#187=B_SPLINE_SURFACE_WITH_KNOTS('',3,1,((#14682,#14683),(#14684,#14685),
(#14686,#14687),(#14688,#14689)),.SURF_OF_LINEAR_EXTRUSION.,.F.,.F.,.F.,
(4,4),(2,2),(0.,1.),(0.,1.),.PIECEWISE_BEZIER_KNOTS.);
#188=B_SPLINE_SURFACE_WITH_KNOTS('',3,1,((#14699,#14700),(#14701,#14702),
(#14703,#14704),(#14705,#14706)),.SURF_OF_LINEAR_EXTRUSION.,.F.,.F.,.F.,
(4,4),(2,2),(0.,1.),(0.,1.),.PIECEWISE_BEZIER_KNOTS.);
#189=B_SPLINE_SURFACE_WITH_KNOTS('',3,1,((#14734,#14735),(#14736,#14737),
(#14738,#14739),(#14740,#14741)),.SURF_OF_LINEAR_EXTRUSION.,.F.,.F.,.F.,
(4,4),(2,2),(0.,1.),(0.,1.),.PIECEWISE_BEZIER_KNOTS.);
#190=B_SPLINE_SURFACE_WITH_KNOTS('',3,1,((#14751,#14752),(#14753,#14754),
(#14755,#14756),(#14757,#14758)),.SURF_OF_LINEAR_EXTRUSION.,.F.,.F.,.F.,
(4,4),(2,2),(0.,1.),(0.,1.),.PIECEWISE_BEZIER_KNOTS.);
#191=B_SPLINE_SURFACE_WITH_KNOTS('',3,1,((#14789,#14790),(#14791,#14792),
(#14793,#14794),(#14795,#14796)),.SURF_OF_LINEAR_EXTRUSION.,.F.,.F.,.F.,
(4,4),(2,2),(0.,1.),(0.,1.),.PIECEWISE_BEZIER_KNOTS.);
#192=B_SPLINE_SURFACE_WITH_KNOTS('',3,1,((#14806,#14807),(#14808,#14809),
(#14810,#14811),(#14812,#14813)),.SURF_OF_LINEAR_EXTRUSION.,.F.,.F.,.F.,
(4,4),(2,2),(0.,1.),(0.,1.),.PIECEWISE_BEZIER_KNOTS.);
#193=B_SPLINE_SURFACE_WITH_KNOTS('',3,1,((#14829,#14830),(#14831,#14832),
(#14833,#14834),(#14835,#14836)),.SURF_OF_LINEAR_EXTRUSION.,.F.,.F.,.F.,
(4,4),(2,2),(0.,1.),(0.,1.),.PIECEWISE_BEZIER_KNOTS.);
#194=B_SPLINE_SURFACE_WITH_KNOTS('',3,1,((#14848,#14849),(#14850,#14851),
(#14852,#14853),(#14854,#14855)),.SURF_OF_LINEAR_EXTRUSION.,.F.,.F.,.F.,
(4,4),(2,2),(0.,1.),(0.,1.),.PIECEWISE_BEZIER_KNOTS.);
#195=B_SPLINE_SURFACE_WITH_KNOTS('',3,1,((#14861,#14862),(#14863,#14864),
(#14865,#14866),(#14867,#14868)),.SURF_OF_LINEAR_EXTRUSION.,.F.,.F.,.F.,
(4,4),(2,2),(0.,1.),(0.,1.),.PIECEWISE_BEZIER_KNOTS.);
#196=B_SPLINE_SURFACE_WITH_KNOTS('',3,1,((#14886,#14887),(#14888,#14889),
(#14890,#14891),(#14892,#14893)),.SURF_OF_LINEAR_EXTRUSION.,.F.,.F.,.F.,
(4,4),(2,2),(0.,1.),(0.,1.),.PIECEWISE_BEZIER_KNOTS.);
#197=B_SPLINE_SURFACE_WITH_KNOTS('',3,1,((#14899,#14900),(#14901,#14902),
(#14903,#14904),(#14905,#14906)),.SURF_OF_LINEAR_EXTRUSION.,.F.,.F.,.F.,
(4,4),(2,2),(0.,1.),(0.,1.),.PIECEWISE_BEZIER_KNOTS.);
#198=B_SPLINE_SURFACE_WITH_KNOTS('',3,1,((#14916,#14917),(#14918,#14919),
(#14920,#14921),(#14922,#14923)),.SURF_OF_LINEAR_EXTRUSION.,.F.,.F.,.F.,
(4,4),(2,2),(0.,1.),(0.,1.),.PIECEWISE_BEZIER_KNOTS.);
#199=B_SPLINE_SURFACE_WITH_KNOTS('',3,1,((#14929,#14930),(#14931,#14932),
(#14933,#14934),(#14935,#14936)),.SURF_OF_LINEAR_EXTRUSION.,.F.,.F.,.F.,
(4,4),(2,2),(0.,1.),(0.,1.),.PIECEWISE_BEZIER_KNOTS.);
#200=B_SPLINE_SURFACE_WITH_KNOTS('',3,1,((#14942,#14943),(#14944,#14945),
(#14946,#14947),(#14948,#14949)),.SURF_OF_LINEAR_EXTRUSION.,.F.,.F.,.F.,
(4,4),(2,2),(0.,1.),(0.,1.),.PIECEWISE_BEZIER_KNOTS.);
#201=B_SPLINE_SURFACE_WITH_KNOTS('',3,1,((#14958,#14959),(#14960,#14961),
(#14962,#14963),(#14964,#14965)),.SURF_OF_LINEAR_EXTRUSION.,.F.,.F.,.F.,
(4,4),(2,2),(0.,1.),(0.,1.),.PIECEWISE_BEZIER_KNOTS.);
#202=B_SPLINE_SURFACE_WITH_KNOTS('',3,1,((#14975,#14976),(#14977,#14978),
(#14979,#14980),(#14981,#14982)),.SURF_OF_LINEAR_EXTRUSION.,.F.,.F.,.F.,
(4,4),(2,2),(0.,1.),(0.,1.),.PIECEWISE_BEZIER_KNOTS.);
#203=B_SPLINE_SURFACE_WITH_KNOTS('',3,1,((#14995,#14996),(#14997,#14998),
(#14999,#15000),(#15001,#15002)),.SURF_OF_LINEAR_EXTRUSION.,.F.,.F.,.F.,
(4,4),(2,2),(0.,1.),(0.,1.),.PIECEWISE_BEZIER_KNOTS.);
#204=B_SPLINE_SURFACE_WITH_KNOTS('',3,1,((#15012,#15013),(#15014,#15015),
(#15016,#15017),(#15018,#15019)),.SURF_OF_LINEAR_EXTRUSION.,.F.,.F.,.F.,
(4,4),(2,2),(0.,1.),(0.,1.),.PIECEWISE_BEZIER_KNOTS.);
#205=B_SPLINE_SURFACE_WITH_KNOTS('',3,1,((#15029,#15030),(#15031,#15032),
(#15033,#15034),(#15035,#15036)),.SURF_OF_LINEAR_EXTRUSION.,.F.,.F.,.F.,
(4,4),(2,2),(0.,1.),(0.,1.),.PIECEWISE_BEZIER_KNOTS.);
#206=B_SPLINE_SURFACE_WITH_KNOTS('',3,1,((#15052,#15053),(#15054,#15055),
(#15056,#15057),(#15058,#15059)),.SURF_OF_LINEAR_EXTRUSION.,.F.,.F.,.F.,
(4,4),(2,2),(0.,1.),(0.,1.),.PIECEWISE_BEZIER_KNOTS.);
#207=B_SPLINE_SURFACE_WITH_KNOTS('',3,1,((#15069,#15070),(#15071,#15072),
(#15073,#15074),(#15075,#15076)),.SURF_OF_LINEAR_EXTRUSION.,.F.,.F.,.F.,
(4,4),(2,2),(0.,1.),(0.,1.),.PIECEWISE_BEZIER_KNOTS.);
#208=B_SPLINE_SURFACE_WITH_KNOTS('',3,1,((#15086,#15087),(#15088,#15089),
(#15090,#15091),(#15092,#15093)),.SURF_OF_LINEAR_EXTRUSION.,.F.,.F.,.F.,
(4,4),(2,2),(0.,1.),(0.,1.),.PIECEWISE_BEZIER_KNOTS.);
#209=B_SPLINE_SURFACE_WITH_KNOTS('',3,1,((#15109,#15110),(#15111,#15112),
(#15113,#15114),(#15115,#15116)),.SURF_OF_LINEAR_EXTRUSION.,.F.,.F.,.F.,
(4,4),(2,2),(0.,1.),(0.,1.),.PIECEWISE_BEZIER_KNOTS.);
#210=B_SPLINE_SURFACE_WITH_KNOTS('',3,1,((#15124,#15125),(#15126,#15127),
(#15128,#15129),(#15130,#15131)),.SURF_OF_LINEAR_EXTRUSION.,.F.,.F.,.F.,
(4,4),(2,2),(0.,1.),(0.,1.),.PIECEWISE_BEZIER_KNOTS.);
#211=B_SPLINE_SURFACE_WITH_KNOTS('',3,1,((#15137,#15138),(#15139,#15140),
(#15141,#15142),(#15143,#15144)),.SURF_OF_LINEAR_EXTRUSION.,.F.,.F.,.F.,
(4,4),(2,2),(0.,1.),(0.,1.),.PIECEWISE_BEZIER_KNOTS.);
#212=B_SPLINE_SURFACE_WITH_KNOTS('',3,1,((#15150,#15151),(#15152,#15153),
(#15154,#15155),(#15156,#15157)),.SURF_OF_LINEAR_EXTRUSION.,.F.,.F.,.F.,
(4,4),(2,2),(0.,1.),(0.,1.),.PIECEWISE_BEZIER_KNOTS.);
#213=B_SPLINE_SURFACE_WITH_KNOTS('',3,1,((#15163,#15164),(#15165,#15166),
(#15167,#15168),(#15169,#15170)),.SURF_OF_LINEAR_EXTRUSION.,.F.,.F.,.F.,
(4,4),(2,2),(0.,1.),(0.,1.),.PIECEWISE_BEZIER_KNOTS.);
#214=B_SPLINE_SURFACE_WITH_KNOTS('',3,1,((#15180,#15181),(#15182,#15183),
(#15184,#15185),(#15186,#15187)),.SURF_OF_LINEAR_EXTRUSION.,.F.,.F.,.F.,
(4,4),(2,2),(0.,1.),(0.,1.),.PIECEWISE_BEZIER_KNOTS.);
#215=B_SPLINE_SURFACE_WITH_KNOTS('',3,1,((#15193,#15194),(#15195,#15196),
(#15197,#15198),(#15199,#15200)),.SURF_OF_LINEAR_EXTRUSION.,.F.,.F.,.F.,
(4,4),(2,2),(0.,1.),(0.,1.),.PIECEWISE_BEZIER_KNOTS.);
#216=B_SPLINE_SURFACE_WITH_KNOTS('',3,1,((#15210,#15211),(#15212,#15213),
(#15214,#15215),(#15216,#15217)),.SURF_OF_LINEAR_EXTRUSION.,.F.,.F.,.F.,
(4,4),(2,2),(0.,1.),(0.,1.),.PIECEWISE_BEZIER_KNOTS.);
#217=B_SPLINE_SURFACE_WITH_KNOTS('',3,1,((#15223,#15224),(#15225,#15226),
(#15227,#15228),(#15229,#15230)),.SURF_OF_LINEAR_EXTRUSION.,.F.,.F.,.F.,
(4,4),(2,2),(0.,1.),(0.,1.),.PIECEWISE_BEZIER_KNOTS.);
#218=B_SPLINE_SURFACE_WITH_KNOTS('',3,1,((#15238,#15239),(#15240,#15241),
(#15242,#15243),(#15244,#15245)),.SURF_OF_LINEAR_EXTRUSION.,.F.,.F.,.F.,
(4,4),(2,2),(0.,1.),(0.,1.),.PIECEWISE_BEZIER_KNOTS.);
#219=ELLIPSE('',#8689,69.3592584418199,0.1524);
#220=ELLIPSE('',#8691,69.3592584418199,0.1524);
#221=CYLINDRICAL_SURFACE('',#8688,0.1524);
#222=CYLINDRICAL_SURFACE('',#8690,0.1524);
#223=CYLINDRICAL_SURFACE('',#8697,0.14605);
#224=CYLINDRICAL_SURFACE('',#8698,0.14605);
#225=CYLINDRICAL_SURFACE('',#8704,0.0108314977475694);
#226=CYLINDRICAL_SURFACE('',#8706,0.0209442271520739);
#227=CYLINDRICAL_SURFACE('',#8723,0.00257232766249988);
#228=CYLINDRICAL_SURFACE('',#8726,0.0025723276624925);
#229=CYLINDRICAL_SURFACE('',#8729,0.00513729483971549);
#230=CYLINDRICAL_SURFACE('',#8736,0.0033022290474829);
#231=CYLINDRICAL_SURFACE('',#8740,0.00257232766249858);
#232=CYLINDRICAL_SURFACE('',#8743,0.00257232766249614);
#233=CYLINDRICAL_SURFACE('',#8746,0.0050798732893749);
#234=CYLINDRICAL_SURFACE('',#8748,0.00297202033020539);
#235=CYLINDRICAL_SURFACE('',#8755,0.00330222904748285);
#236=CYLINDRICAL_SURFACE('',#8759,0.0022267793964309);
#237=CYLINDRICAL_SURFACE('',#8763,0.00152495058557611);
#238=CYLINDRICAL_SURFACE('',#8766,0.00400158859268646);
#239=CYLINDRICAL_SURFACE('',#8768,0.00445963223179919);
#240=CYLINDRICAL_SURFACE('',#8771,0.00182743551498004);
#241=CYLINDRICAL_SURFACE('',#8774,0.00515211389625287);
#242=CYLINDRICAL_SURFACE('',#8776,0.00396253565586463);
#243=CYLINDRICAL_SURFACE('',#8781,0.00318467366212744);
#244=CYLINDRICAL_SURFACE('',#8795,0.00152958098849817);
#245=CYLINDRICAL_SURFACE('',#8798,0.00266853607784439);
#246=CYLINDRICAL_SURFACE('',#8801,0.00253706554016942);
#247=CYLINDRICAL_SURFACE('',#8804,0.00407426627467597);
#248=CYLINDRICAL_SURFACE('',#8806,0.00407098765914954);
#249=CYLINDRICAL_SURFACE('',#8808,0.00261282710505855);
#250=CYLINDRICAL_SURFACE('',#8810,0.00213134840017596);
#251=CYLINDRICAL_SURFACE('',#8836,0.00257232766249644);
#252=CYLINDRICAL_SURFACE('',#8839,0.00257232766249628);
#253=CYLINDRICAL_SURFACE('',#8842,0.00513729483971692);
#254=CYLINDRICAL_SURFACE('',#8849,0.00330222904747696);
#255=CYLINDRICAL_SURFACE('',#8853,0.00465713763405366);
#256=CYLINDRICAL_SURFACE('',#8856,0.0030434094108707);
#257=CYLINDRICAL_SURFACE('',#8859,0.00401537941552028);
#258=CYLINDRICAL_SURFACE('',#8874,0.00486575682797732);
#259=CYLINDRICAL_SURFACE('',#8877,0.0023785630560857);
#260=CYLINDRICAL_SURFACE('',#8879,0.00360063361212369);
#261=CYLINDRICAL_SURFACE('',#8882,0.00526439745003904);
#262=CYLINDRICAL_SURFACE('',#8893,0.00212691037681984);
#263=CYLINDRICAL_SURFACE('',#8898,0.00390440714339683);
#264=CYLINDRICAL_SURFACE('',#8900,0.00294312968661885);
#265=CYLINDRICAL_SURFACE('',#8902,0.00317049849031042);
#266=CYLINDRICAL_SURFACE('',#8907,0.00218669854725424);
#267=CYLINDRICAL_SURFACE('',#8910,0.00260910032338593);
#268=CYLINDRICAL_SURFACE('',#8918,0.00326675643053353);
#269=CYLINDRICAL_SURFACE('',#8920,0.00526881650189674);
#270=CYLINDRICAL_SURFACE('',#8924,0.00304442972558145);
#271=CYLINDRICAL_SURFACE('',#8938,0.00273150503393066);
#272=CYLINDRICAL_SURFACE('',#8942,0.00486575683207804);
#273=CYLINDRICAL_SURFACE('',#8945,0.0023785630560846);
#274=CYLINDRICAL_SURFACE('',#8947,0.00360063361211376);
#275=CYLINDRICAL_SURFACE('',#8950,0.00526439745003985);
#276=CYLINDRICAL_SURFACE('',#8958,0.00153657565953022);
#277=CYLINDRICAL_SURFACE('',#8967,0.00122250866951292);
#278=CYLINDRICAL_SURFACE('',#8970,0.00270289339067801);
#279=CYLINDRICAL_SURFACE('',#8975,0.00201247294045584);
#280=CYLINDRICAL_SURFACE('',#8977,0.00268234845138432);
#281=CYLINDRICAL_SURFACE('',#8982,0.00284319914640524);
#282=CYLINDRICAL_SURFACE('',#8985,0.00358051694782696);
#283=CYLINDRICAL_SURFACE('',#8988,0.00322234101795774);
#284=CYLINDRICAL_SURFACE('',#8990,0.00478885601253134);
#285=CYLINDRICAL_SURFACE('',#8992,0.00326156639160216);
#286=CYLINDRICAL_SURFACE('',#9033,0.15494);
#287=CYLINDRICAL_SURFACE('',#9034,0.15494);
#288=CYLINDRICAL_SURFACE('',#9037,0.00254);
#289=CYLINDRICAL_SURFACE('',#9038,0.00254);
#290=CYLINDRICAL_SURFACE('',#9039,0.001905);
#291=CYLINDRICAL_SURFACE('',#9049,0.00635);
#292=CIRCLE('',#8643,0.00326156639160216);
#293=CIRCLE('',#8644,0.00478885601253134);
#294=CIRCLE('',#8645,0.00322234101795774);
#295=CIRCLE('',#8646,0.00268234845138432);
#296=CIRCLE('',#8647,0.00201247294045584);
#297=CIRCLE('',#8648,0.00270289339067801);
#298=CIRCLE('',#8649,0.00526439745003985);
#299=CIRCLE('',#8650,0.00360063361211376);
#300=CIRCLE('',#8651,0.0023785630560846);
#301=CIRCLE('',#8652,0.00486575683207804);
#302=CIRCLE('',#8653,0.00273150503393066);
#303=CIRCLE('',#8654,0.00526881650189674);
#304=CIRCLE('',#8655,0.00326675643053353);
#305=CIRCLE('',#8656,0.00317049849031042);
#306=CIRCLE('',#8657,0.00294312968661885);
#307=CIRCLE('',#8658,0.00390440714339683);
#308=CIRCLE('',#8659,0.00212691037681984);
#309=CIRCLE('',#8660,0.00526439745003904);
#310=CIRCLE('',#8661,0.00360063361212369);
#311=CIRCLE('',#8662,0.0023785630560857);
#312=CIRCLE('',#8663,0.00486575682797732);
#313=CIRCLE('',#8664,0.00401537941552028);
#314=CIRCLE('',#8665,0.0030434094108707);
#315=CIRCLE('',#8666,0.00465713763405366);
#316=CIRCLE('',#8667,0.00330222904747696);
#317=CIRCLE('',#8668,0.00513729483971692);
#318=CIRCLE('',#8669,0.00261282710505855);
#319=CIRCLE('',#8670,0.00407098765914954);
#320=CIRCLE('',#8671,0.00407426627467597);
#321=CIRCLE('',#8672,0.00318467366212744);
#322=CIRCLE('',#8673,0.00396253565586463);
#323=CIRCLE('',#8674,0.00515211389625287);
#324=CIRCLE('',#8675,0.00182743551498004);
#325=CIRCLE('',#8676,0.00445963223179919);
#326=CIRCLE('',#8677,0.00400158859268646);
#327=CIRCLE('',#8678,0.00330222904748285);
#328=CIRCLE('',#8679,0.00297202033020539);
#329=CIRCLE('',#8680,0.0050798732893749);
#330=CIRCLE('',#8681,0.0033022290474829);
#331=CIRCLE('',#8682,0.00513729483971549);
#332=CIRCLE('',#8684,0.1524);
#333=CIRCLE('',#8685,0.1524);
#334=CIRCLE('',#8686,0.14605);
#335=CIRCLE('',#8687,0.14605);
#336=CIRCLE('',#8693,0.0209442271520739);
#337=CIRCLE('',#8700,0.0108314977475694);
#338=CIRCLE('',#8705,0.0108314977475694);
#339=CIRCLE('',#8707,0.0209442271520739);
#340=CIRCLE('',#8724,0.00257232766249988);
#341=CIRCLE('',#8725,0.00257232766249988);
#342=CIRCLE('',#8727,0.0025723276624925);
#343=CIRCLE('',#8728,0.0025723276624925);
#344=CIRCLE('',#8730,0.00513729483971549);
#345=CIRCLE('',#8737,0.0033022290474829);
#346=CIRCLE('',#8741,0.00257232766249858);
#347=CIRCLE('',#8742,0.00257232766249858);
#348=CIRCLE('',#8744,0.00257232766249614);
#349=CIRCLE('',#8745,0.00257232766249614);
#350=CIRCLE('',#8747,0.0050798732893749);
#351=CIRCLE('',#8749,0.00297202033020539);
#352=CIRCLE('',#8756,0.00330222904748285);
#353=CIRCLE('',#8760,0.0022267793964309);
#354=CIRCLE('',#8761,0.0022267793964309);
#355=CIRCLE('',#8764,0.00152495058557611);
#356=CIRCLE('',#8765,0.00152495058557611);
#357=CIRCLE('',#8767,0.00400158859268646);
#358=CIRCLE('',#8769,0.00445963223179919);
#359=CIRCLE('',#8772,0.00182743551498004);
#360=CIRCLE('',#8775,0.00515211389625287);
#361=CIRCLE('',#8777,0.00396253565586463);
#362=CIRCLE('',#8782,0.00318467366212744);
#363=CIRCLE('',#8796,0.00152958098849817);
#364=CIRCLE('',#8797,0.00152958098849817);
#365=CIRCLE('',#8799,0.00266853607784439);
#366=CIRCLE('',#8800,0.00266853607784439);
#367=CIRCLE('',#8802,0.00253706554016942);
#368=CIRCLE('',#8803,0.00253706554016942);
#369=CIRCLE('',#8805,0.00407426627467597);
#370=CIRCLE('',#8807,0.00407098765914954);
#371=CIRCLE('',#8809,0.00261282710505855);
#372=CIRCLE('',#8811,0.00213134840017596);
#373=CIRCLE('',#8812,0.00213134840017596);
#374=CIRCLE('',#8837,0.00257232766249644);
#375=CIRCLE('',#8838,0.00257232766249644);
#376=CIRCLE('',#8840,0.00257232766249628);
#377=CIRCLE('',#8841,0.00257232766249628);
#378=CIRCLE('',#8843,0.00513729483971692);
#379=CIRCLE('',#8850,0.00330222904747696);
#380=CIRCLE('',#8854,0.00465713763405366);
#381=CIRCLE('',#8857,0.0030434094108707);
#382=CIRCLE('',#8860,0.00401537941552028);
#383=CIRCLE('',#8875,0.00486575682797732);
#384=CIRCLE('',#8878,0.0023785630560857);
#385=CIRCLE('',#8880,0.00360063361212369);
#386=CIRCLE('',#8883,0.00526439745003904);
#387=CIRCLE('',#8894,0.00212691037681984);
#388=CIRCLE('',#8899,0.00390440714339683);
#389=CIRCLE('',#8901,0.00294312968661885);
#390=CIRCLE('',#8903,0.00317049849031042);
#391=CIRCLE('',#8908,0.00218669854725424);
#392=CIRCLE('',#8909,0.00218669854725424);
#393=CIRCLE('',#8911,0.00260910032338593);
#394=CIRCLE('',#8912,0.00260910032338593);
#395=CIRCLE('',#8919,0.00326675643053353);
#396=CIRCLE('',#8921,0.00526881650189674);
#397=CIRCLE('',#8925,0.00304442972558145);
#398=CIRCLE('',#8926,0.00304442972558145);
#399=CIRCLE('',#8939,0.00273150503393066);
#400=CIRCLE('',#8943,0.00486575683207804);
#401=CIRCLE('',#8946,0.0023785630560846);
#402=CIRCLE('',#8948,0.00360063361211376);
#403=CIRCLE('',#8951,0.00526439745003985);
#404=CIRCLE('',#8959,0.00153657565953022);
#405=CIRCLE('',#8960,0.00153657565953022);
#406=CIRCLE('',#8968,0.00122250866951292);
#407=CIRCLE('',#8969,0.00122250866951292);
#408=CIRCLE('',#8971,0.00270289339067801);
#409=CIRCLE('',#8976,0.00201247294045584);
#410=CIRCLE('',#8978,0.00268234845138432);
#411=CIRCLE('',#8983,0.00284319914640524);
#412=CIRCLE('',#8984,0.00284319914640524);
#413=CIRCLE('',#8986,0.00358051694782696);
#414=CIRCLE('',#8987,0.00358051694782696);
#415=CIRCLE('',#8989,0.00322234101795774);
#416=CIRCLE('',#8991,0.00478885601253134);
#417=CIRCLE('',#8993,0.00326156639160216);
#418=CIRCLE('',#9020,0.00635);
#419=CIRCLE('',#9021,0.001905);
#420=CIRCLE('',#9022,0.00254);
#421=CIRCLE('',#9023,0.00254);
#422=CIRCLE('',#9024,0.15494);
#423=CIRCLE('',#9025,0.15494);
#424=CIRCLE('',#9027,0.00635);
#425=CIRCLE('',#9028,0.15494);
#426=CIRCLE('',#9029,0.15494);
#427=CIRCLE('',#9030,0.00254);
#428=CIRCLE('',#9031,0.00254);
#429=CIRCLE('',#9032,0.001905);
#430=B_SPLINE_CURVE_WITH_KNOTS('',2,(#10635,#10636,#10637),
 .UNSPECIFIED.,.F.,.F.,(3,3),(0.,1.),.PIECEWISE_BEZIER_KNOTS.);
#431=B_SPLINE_CURVE_WITH_KNOTS('',2,(#10642,#10643,#10644),
 .UNSPECIFIED.,.F.,.F.,(3,3),(0.,1.),.PIECEWISE_BEZIER_KNOTS.);
#432=B_SPLINE_CURVE_WITH_KNOTS('',2,(#10646,#10647,#10648),
 .UNSPECIFIED.,.F.,.F.,(3,3),(0.,1.),.PIECEWISE_BEZIER_KNOTS.);
#433=B_SPLINE_CURVE_WITH_KNOTS('',2,(#10652,#10653,#10654),
 .UNSPECIFIED.,.F.,.F.,(3,3),(0.,1.),.PIECEWISE_BEZIER_KNOTS.);
#434=B_SPLINE_CURVE_WITH_KNOTS('',2,(#10656,#10657,#10658),
 .UNSPECIFIED.,.F.,.F.,(3,3),(0.,1.),.PIECEWISE_BEZIER_KNOTS.);
#435=B_SPLINE_CURVE_WITH_KNOTS('',2,(#10662,#10663,#10664),
 .UNSPECIFIED.,.F.,.F.,(3,3),(0.,1.),.PIECEWISE_BEZIER_KNOTS.);
#436=B_SPLINE_CURVE_WITH_KNOTS('',2,(#10666,#10667,#10668),
 .UNSPECIFIED.,.F.,.F.,(3,3),(0.,1.),.PIECEWISE_BEZIER_KNOTS.);
#437=B_SPLINE_CURVE_WITH_KNOTS('',2,(#10670,#10671,#10672),
 .UNSPECIFIED.,.F.,.F.,(3,3),(0.,1.),.PIECEWISE_BEZIER_KNOTS.);
#438=B_SPLINE_CURVE_WITH_KNOTS('',2,(#10674,#10675,#10676),
 .UNSPECIFIED.,.F.,.F.,(3,3),(0.,1.),.PIECEWISE_BEZIER_KNOTS.);
#439=B_SPLINE_CURVE_WITH_KNOTS('',2,(#10677,#10678,#10679),
 .UNSPECIFIED.,.F.,.F.,(3,3),(0.,1.),.PIECEWISE_BEZIER_KNOTS.);
#440=B_SPLINE_CURVE_WITH_KNOTS('',2,(#10684,#10685,#10686),
 .UNSPECIFIED.,.F.,.F.,(3,3),(0.,1.),.PIECEWISE_BEZIER_KNOTS.);
#441=B_SPLINE_CURVE_WITH_KNOTS('',2,(#10688,#10689,#10690),
 .UNSPECIFIED.,.F.,.F.,(3,3),(0.,1.),.PIECEWISE_BEZIER_KNOTS.);
#442=B_SPLINE_CURVE_WITH_KNOTS('',2,(#10694,#10695,#10696),
 .UNSPECIFIED.,.F.,.F.,(3,3),(0.,1.),.PIECEWISE_BEZIER_KNOTS.);
#443=B_SPLINE_CURVE_WITH_KNOTS('',2,(#10698,#10699,#10700),
 .UNSPECIFIED.,.F.,.F.,(3,3),(0.,1.),.PIECEWISE_BEZIER_KNOTS.);
#444=B_SPLINE_CURVE_WITH_KNOTS('',2,(#10708,#10709,#10710),
 .UNSPECIFIED.,.F.,.F.,(3,3),(0.,1.),.PIECEWISE_BEZIER_KNOTS.);
#445=B_SPLINE_CURVE_WITH_KNOTS('',2,(#10712,#10713,#10714),
 .UNSPECIFIED.,.F.,.F.,(3,3),(0.,1.),.PIECEWISE_BEZIER_KNOTS.);
#446=B_SPLINE_CURVE_WITH_KNOTS('',2,(#10725,#10726,#10727),
 .UNSPECIFIED.,.F.,.F.,(3,3),(0.,1.),.PIECEWISE_BEZIER_KNOTS.);
#447=B_SPLINE_CURVE_WITH_KNOTS('',2,(#10732,#10733,#10734),
 .UNSPECIFIED.,.F.,.F.,(3,3),(0.,1.),.PIECEWISE_BEZIER_KNOTS.);
#448=B_SPLINE_CURVE_WITH_KNOTS('',2,(#10736,#10737,#10738),
 .UNSPECIFIED.,.F.,.F.,(3,3),(0.,1.),.PIECEWISE_BEZIER_KNOTS.);
#449=B_SPLINE_CURVE_WITH_KNOTS('',2,(#10740,#10741,#10742),
 .UNSPECIFIED.,.F.,.F.,(3,3),(0.,1.),.PIECEWISE_BEZIER_KNOTS.);
#450=B_SPLINE_CURVE_WITH_KNOTS('',2,(#10746,#10747,#10748),
 .UNSPECIFIED.,.F.,.F.,(3,3),(0.,1.),.PIECEWISE_BEZIER_KNOTS.);
#451=B_SPLINE_CURVE_WITH_KNOTS('',2,(#10750,#10751,#10752),
 .UNSPECIFIED.,.F.,.F.,(3,3),(0.,1.),.PIECEWISE_BEZIER_KNOTS.);
#452=B_SPLINE_CURVE_WITH_KNOTS('',2,(#10754,#10755,#10756),
 .UNSPECIFIED.,.F.,.F.,(3,3),(0.,1.),.PIECEWISE_BEZIER_KNOTS.);
#453=B_SPLINE_CURVE_WITH_KNOTS('',2,(#10758,#10759,#10760),
 .UNSPECIFIED.,.F.,.F.,(3,3),(0.,1.),.PIECEWISE_BEZIER_KNOTS.);
#454=B_SPLINE_CURVE_WITH_KNOTS('',2,(#10764,#10765,#10766),
 .UNSPECIFIED.,.F.,.F.,(3,3),(0.,1.),.PIECEWISE_BEZIER_KNOTS.);
#455=B_SPLINE_CURVE_WITH_KNOTS('',2,(#10768,#10769,#10770),
 .UNSPECIFIED.,.F.,.F.,(3,3),(0.,1.),.PIECEWISE_BEZIER_KNOTS.);
#456=B_SPLINE_CURVE_WITH_KNOTS('',2,(#10774,#10775,#10776),
 .UNSPECIFIED.,.F.,.F.,(3,3),(0.,1.),.PIECEWISE_BEZIER_KNOTS.);
#457=B_SPLINE_CURVE_WITH_KNOTS('',2,(#10780,#10781,#10782),
 .UNSPECIFIED.,.F.,.F.,(3,3),(0.,1.),.PIECEWISE_BEZIER_KNOTS.);
#458=B_SPLINE_CURVE_WITH_KNOTS('',2,(#10784,#10785,#10786),
 .UNSPECIFIED.,.F.,.F.,(3,3),(0.,1.),.PIECEWISE_BEZIER_KNOTS.);
#459=B_SPLINE_CURVE_WITH_KNOTS('',2,(#10788,#10789,#10790),
 .UNSPECIFIED.,.F.,.F.,(3,3),(0.,1.),.PIECEWISE_BEZIER_KNOTS.);
#460=B_SPLINE_CURVE_WITH_KNOTS('',2,(#10792,#10793,#10794),
 .UNSPECIFIED.,.F.,.F.,(3,3),(0.,1.),.PIECEWISE_BEZIER_KNOTS.);
#461=B_SPLINE_CURVE_WITH_KNOTS('',2,(#10796,#10797,#10798),
 .UNSPECIFIED.,.F.,.F.,(3,3),(0.,1.),.PIECEWISE_BEZIER_KNOTS.);
#462=B_SPLINE_CURVE_WITH_KNOTS('',2,(#10801,#10802,#10803),
 .UNSPECIFIED.,.F.,.F.,(3,3),(0.,1.),.PIECEWISE_BEZIER_KNOTS.);
#463=B_SPLINE_CURVE_WITH_KNOTS('',2,(#10806,#10807,#10808),
 .UNSPECIFIED.,.F.,.F.,(3,3),(0.,1.),.PIECEWISE_BEZIER_KNOTS.);
#464=B_SPLINE_CURVE_WITH_KNOTS('',2,(#10812,#10813,#10814),
 .UNSPECIFIED.,.F.,.F.,(3,3),(0.,1.),.PIECEWISE_BEZIER_KNOTS.);
#465=B_SPLINE_CURVE_WITH_KNOTS('',2,(#10816,#10817,#10818),
 .UNSPECIFIED.,.F.,.F.,(3,3),(0.,1.),.PIECEWISE_BEZIER_KNOTS.);
#466=B_SPLINE_CURVE_WITH_KNOTS('',2,(#10835,#10836,#10837),
 .UNSPECIFIED.,.F.,.F.,(3,3),(0.,1.),.PIECEWISE_BEZIER_KNOTS.);
#467=B_SPLINE_CURVE_WITH_KNOTS('',2,(#10840,#10841,#10842),
 .UNSPECIFIED.,.F.,.F.,(3,3),(0.,1.),.PIECEWISE_BEZIER_KNOTS.);
#468=B_SPLINE_CURVE_WITH_KNOTS('',2,(#10844,#10845,#10846),
 .UNSPECIFIED.,.F.,.F.,(3,3),(0.,1.),.PIECEWISE_BEZIER_KNOTS.);
#469=B_SPLINE_CURVE_WITH_KNOTS('',2,(#10848,#10849,#10850),
 .UNSPECIFIED.,.F.,.F.,(3,3),(0.,1.),.PIECEWISE_BEZIER_KNOTS.);
#470=B_SPLINE_CURVE_WITH_KNOTS('',2,(#10854,#10855,#10856),
 .UNSPECIFIED.,.F.,.F.,(3,3),(0.,1.),.PIECEWISE_BEZIER_KNOTS.);
#471=B_SPLINE_CURVE_WITH_KNOTS('',2,(#10858,#10859,#10860),
 .UNSPECIFIED.,.F.,.F.,(3,3),(0.,1.),.PIECEWISE_BEZIER_KNOTS.);
#472=B_SPLINE_CURVE_WITH_KNOTS('',2,(#10864,#10865,#10866),
 .UNSPECIFIED.,.F.,.F.,(3,3),(0.,1.),.PIECEWISE_BEZIER_KNOTS.);
#473=B_SPLINE_CURVE_WITH_KNOTS('',2,(#10868,#10869,#10870),
 .UNSPECIFIED.,.F.,.F.,(3,3),(0.,1.),.PIECEWISE_BEZIER_KNOTS.);
#474=B_SPLINE_CURVE_WITH_KNOTS('',2,(#10892,#10893,#10894),
 .UNSPECIFIED.,.F.,.F.,(3,3),(0.,1.),.PIECEWISE_BEZIER_KNOTS.);
#475=B_SPLINE_CURVE_WITH_KNOTS('',2,(#10896,#10897,#10898),
 .UNSPECIFIED.,.F.,.F.,(3,3),(0.,1.),.PIECEWISE_BEZIER_KNOTS.);
#476=B_SPLINE_CURVE_WITH_KNOTS('',2,(#10910,#10911,#10912),
 .UNSPECIFIED.,.F.,.F.,(3,3),(0.,1.),.PIECEWISE_BEZIER_KNOTS.);
#477=B_SPLINE_CURVE_WITH_KNOTS('',2,(#10914,#10915,#10916),
 .UNSPECIFIED.,.F.,.F.,(3,3),(0.,1.),.PIECEWISE_BEZIER_KNOTS.);
#478=B_SPLINE_CURVE_WITH_KNOTS('',2,(#10918,#10919,#10920),
 .UNSPECIFIED.,.F.,.F.,(3,3),(0.,1.),.PIECEWISE_BEZIER_KNOTS.);
#479=B_SPLINE_CURVE_WITH_KNOTS('',2,(#10922,#10923,#10924),
 .UNSPECIFIED.,.F.,.F.,(3,3),(0.,1.),.PIECEWISE_BEZIER_KNOTS.);
#480=B_SPLINE_CURVE_WITH_KNOTS('',2,(#10937,#10938,#10939),
 .UNSPECIFIED.,.F.,.F.,(3,3),(0.,1.),.PIECEWISE_BEZIER_KNOTS.);
#481=B_SPLINE_CURVE_WITH_KNOTS('',2,(#10944,#10945,#10946),
 .UNSPECIFIED.,.F.,.F.,(3,3),(0.,1.),.PIECEWISE_BEZIER_KNOTS.);
#482=B_SPLINE_CURVE_WITH_KNOTS('',2,(#10948,#10949,#10950),
 .UNSPECIFIED.,.F.,.F.,(3,3),(0.,1.),.PIECEWISE_BEZIER_KNOTS.);
#483=B_SPLINE_CURVE_WITH_KNOTS('',2,(#10952,#10953,#10954),
 .UNSPECIFIED.,.F.,.F.,(3,3),(0.,1.),.PIECEWISE_BEZIER_KNOTS.);
#484=B_SPLINE_CURVE_WITH_KNOTS('',2,(#10958,#10959,#10960),
 .UNSPECIFIED.,.F.,.F.,(3,3),(0.,1.),.PIECEWISE_BEZIER_KNOTS.);
#485=B_SPLINE_CURVE_WITH_KNOTS('',2,(#10962,#10963,#10964),
 .UNSPECIFIED.,.F.,.F.,(3,3),(0.,1.),.PIECEWISE_BEZIER_KNOTS.);
#486=B_SPLINE_CURVE_WITH_KNOTS('',2,(#10966,#10967,#10968),
 .UNSPECIFIED.,.F.,.F.,(3,3),(0.,1.),.PIECEWISE_BEZIER_KNOTS.);
#487=B_SPLINE_CURVE_WITH_KNOTS('',2,(#10970,#10971,#10972),
 .UNSPECIFIED.,.F.,.F.,(3,3),(0.,1.),.PIECEWISE_BEZIER_KNOTS.);
#488=B_SPLINE_CURVE_WITH_KNOTS('',2,(#10976,#10977,#10978),
 .UNSPECIFIED.,.F.,.F.,(3,3),(0.,1.),.PIECEWISE_BEZIER_KNOTS.);
#489=B_SPLINE_CURVE_WITH_KNOTS('',2,(#10980,#10981,#10982),
 .UNSPECIFIED.,.F.,.F.,(3,3),(0.,1.),.PIECEWISE_BEZIER_KNOTS.);
#490=B_SPLINE_CURVE_WITH_KNOTS('',2,(#10986,#10987,#10988),
 .UNSPECIFIED.,.F.,.F.,(3,3),(0.,1.),.PIECEWISE_BEZIER_KNOTS.);
#491=B_SPLINE_CURVE_WITH_KNOTS('',2,(#10992,#10993,#10994),
 .UNSPECIFIED.,.F.,.F.,(3,3),(0.,1.),.PIECEWISE_BEZIER_KNOTS.);
#492=B_SPLINE_CURVE_WITH_KNOTS('',2,(#10996,#10997,#10998),
 .UNSPECIFIED.,.F.,.F.,(3,3),(0.,1.),.PIECEWISE_BEZIER_KNOTS.);
#493=B_SPLINE_CURVE_WITH_KNOTS('',2,(#11000,#11001,#11002),
 .UNSPECIFIED.,.F.,.F.,(3,3),(0.,1.),.PIECEWISE_BEZIER_KNOTS.);
#494=B_SPLINE_CURVE_WITH_KNOTS('',2,(#11004,#11005,#11006),
 .UNSPECIFIED.,.F.,.F.,(3,3),(0.,1.),.PIECEWISE_BEZIER_KNOTS.);
#495=B_SPLINE_CURVE_WITH_KNOTS('',2,(#11008,#11009,#11010),
 .UNSPECIFIED.,.F.,.F.,(3,3),(0.,1.),.PIECEWISE_BEZIER_KNOTS.);
#496=B_SPLINE_CURVE_WITH_KNOTS('',2,(#11035,#11036,#11037),
 .UNSPECIFIED.,.F.,.F.,(3,3),(0.,1.),.PIECEWISE_BEZIER_KNOTS.);
#497=B_SPLINE_CURVE_WITH_KNOTS('',2,(#11042,#11043,#11044),
 .UNSPECIFIED.,.F.,.F.,(3,3),(0.,1.),.PIECEWISE_BEZIER_KNOTS.);
#498=B_SPLINE_CURVE_WITH_KNOTS('',2,(#11046,#11047,#11048),
 .UNSPECIFIED.,.F.,.F.,(3,3),(0.,1.),.PIECEWISE_BEZIER_KNOTS.);
#499=B_SPLINE_CURVE_WITH_KNOTS('',2,(#11050,#11051,#11052),
 .UNSPECIFIED.,.F.,.F.,(3,3),(0.,1.),.PIECEWISE_BEZIER_KNOTS.);
#500=B_SPLINE_CURVE_WITH_KNOTS('',2,(#11056,#11057,#11058),
 .UNSPECIFIED.,.F.,.F.,(3,3),(0.,1.),.PIECEWISE_BEZIER_KNOTS.);
#501=B_SPLINE_CURVE_WITH_KNOTS('',2,(#11060,#11061,#11062),
 .UNSPECIFIED.,.F.,.F.,(3,3),(0.,1.),.PIECEWISE_BEZIER_KNOTS.);
#502=B_SPLINE_CURVE_WITH_KNOTS('',2,(#11064,#11065,#11066),
 .UNSPECIFIED.,.F.,.F.,(3,3),(0.,1.),.PIECEWISE_BEZIER_KNOTS.);
#503=B_SPLINE_CURVE_WITH_KNOTS('',2,(#11070,#11071,#11072),
 .UNSPECIFIED.,.F.,.F.,(3,3),(0.,1.),.PIECEWISE_BEZIER_KNOTS.);
#504=B_SPLINE_CURVE_WITH_KNOTS('',2,(#11074,#11075,#11076),
 .UNSPECIFIED.,.F.,.F.,(3,3),(0.,1.),.PIECEWISE_BEZIER_KNOTS.);
#505=B_SPLINE_CURVE_WITH_KNOTS('',2,(#11078,#11079,#11080),
 .UNSPECIFIED.,.F.,.F.,(3,3),(0.,1.),.PIECEWISE_BEZIER_KNOTS.);
#506=B_SPLINE_CURVE_WITH_KNOTS('',2,(#11084,#11085,#11086),
 .UNSPECIFIED.,.F.,.F.,(3,3),(0.,1.),.PIECEWISE_BEZIER_KNOTS.);
#507=B_SPLINE_CURVE_WITH_KNOTS('',2,(#11088,#11089,#11090),
 .UNSPECIFIED.,.F.,.F.,(3,3),(0.,1.),.PIECEWISE_BEZIER_KNOTS.);
#508=B_SPLINE_CURVE_WITH_KNOTS('',2,(#11092,#11093,#11094),
 .UNSPECIFIED.,.F.,.F.,(3,3),(0.,1.),.PIECEWISE_BEZIER_KNOTS.);
#509=B_SPLINE_CURVE_WITH_KNOTS('',2,(#11096,#11097,#11098),
 .UNSPECIFIED.,.F.,.F.,(3,3),(0.,1.),.PIECEWISE_BEZIER_KNOTS.);
#510=B_SPLINE_CURVE_WITH_KNOTS('',2,(#11101,#11102,#11103),
 .UNSPECIFIED.,.F.,.F.,(3,3),(0.,1.),.PIECEWISE_BEZIER_KNOTS.);
#511=B_SPLINE_CURVE_WITH_KNOTS('',2,(#11106,#11107,#11108),
 .UNSPECIFIED.,.F.,.F.,(3,3),(0.,1.),.PIECEWISE_BEZIER_KNOTS.);
#512=B_SPLINE_CURVE_WITH_KNOTS('',2,(#11112,#11113,#11114),
 .UNSPECIFIED.,.F.,.F.,(3,3),(0.,1.),.PIECEWISE_BEZIER_KNOTS.);
#513=B_SPLINE_CURVE_WITH_KNOTS('',2,(#11116,#11117,#11118),
 .UNSPECIFIED.,.F.,.F.,(3,3),(0.,1.),.PIECEWISE_BEZIER_KNOTS.);
#514=B_SPLINE_CURVE_WITH_KNOTS('',2,(#11130,#11131,#11132),
 .UNSPECIFIED.,.F.,.F.,(3,3),(0.,1.),.PIECEWISE_BEZIER_KNOTS.);
#515=B_SPLINE_CURVE_WITH_KNOTS('',2,(#11134,#11135,#11136),
 .UNSPECIFIED.,.F.,.F.,(3,3),(0.,1.),.PIECEWISE_BEZIER_KNOTS.);
#516=B_SPLINE_CURVE_WITH_KNOTS('',2,(#11138,#11139,#11140),
 .UNSPECIFIED.,.F.,.F.,(3,3),(0.,1.),.PIECEWISE_BEZIER_KNOTS.);
#517=B_SPLINE_CURVE_WITH_KNOTS('',2,(#11142,#11143,#11144),
 .UNSPECIFIED.,.F.,.F.,(3,3),(0.,1.),.PIECEWISE_BEZIER_KNOTS.);
#518=B_SPLINE_CURVE_WITH_KNOTS('',2,(#11146,#11147,#11148),
 .UNSPECIFIED.,.F.,.F.,(3,3),(0.,1.),.PIECEWISE_BEZIER_KNOTS.);
#519=B_SPLINE_CURVE_WITH_KNOTS('',2,(#11175,#11176,#11177),
 .UNSPECIFIED.,.F.,.F.,(3,3),(0.,1.),.PIECEWISE_BEZIER_KNOTS.);
#520=B_SPLINE_CURVE_WITH_KNOTS('',2,(#11180,#11181,#11182),
 .UNSPECIFIED.,.F.,.F.,(3,3),(0.,1.),.PIECEWISE_BEZIER_KNOTS.);
#521=B_SPLINE_CURVE_WITH_KNOTS('',2,(#11188,#11189,#11190),
 .UNSPECIFIED.,.F.,.F.,(3,3),(0.,1.),.PIECEWISE_BEZIER_KNOTS.);
#522=B_SPLINE_CURVE_WITH_KNOTS('',2,(#11192,#11193,#11194),
 .UNSPECIFIED.,.F.,.F.,(3,3),(0.,1.),.PIECEWISE_BEZIER_KNOTS.);
#523=B_SPLINE_CURVE_WITH_KNOTS('',2,(#11205,#11206,#11207),
 .UNSPECIFIED.,.F.,.F.,(3,3),(0.,1.),.PIECEWISE_BEZIER_KNOTS.);
#524=B_SPLINE_CURVE_WITH_KNOTS('',2,(#11212,#11213,#11214),
 .UNSPECIFIED.,.F.,.F.,(3,3),(0.,1.),.PIECEWISE_BEZIER_KNOTS.);
#525=B_SPLINE_CURVE_WITH_KNOTS('',2,(#11216,#11217,#11218),
 .UNSPECIFIED.,.F.,.F.,(3,3),(0.,1.),.PIECEWISE_BEZIER_KNOTS.);
#526=B_SPLINE_CURVE_WITH_KNOTS('',2,(#11222,#11223,#11224),
 .UNSPECIFIED.,.F.,.F.,(3,3),(0.,1.),.PIECEWISE_BEZIER_KNOTS.);
#527=B_SPLINE_CURVE_WITH_KNOTS('',2,(#11226,#11227,#11228),
 .UNSPECIFIED.,.F.,.F.,(3,3),(0.,1.),.PIECEWISE_BEZIER_KNOTS.);
#528=B_SPLINE_CURVE_WITH_KNOTS('',2,(#11230,#11231,#11232),
 .UNSPECIFIED.,.F.,.F.,(3,3),(0.,1.),.PIECEWISE_BEZIER_KNOTS.);
#529=B_SPLINE_CURVE_WITH_KNOTS('',2,(#11234,#11235,#11236),
 .UNSPECIFIED.,.F.,.F.,(3,3),(0.,1.),.PIECEWISE_BEZIER_KNOTS.);
#530=B_SPLINE_CURVE_WITH_KNOTS('',2,(#11238,#11239,#11240),
 .UNSPECIFIED.,.F.,.F.,(3,3),(0.,1.),.PIECEWISE_BEZIER_KNOTS.);
#531=B_SPLINE_CURVE_WITH_KNOTS('',2,(#11244,#11245,#11246),
 .UNSPECIFIED.,.F.,.F.,(3,3),(0.,1.),.PIECEWISE_BEZIER_KNOTS.);
#532=B_SPLINE_CURVE_WITH_KNOTS('',2,(#11247,#11248,#11249),
 .UNSPECIFIED.,.F.,.F.,(3,3),(0.,1.),.PIECEWISE_BEZIER_KNOTS.);
#533=B_SPLINE_CURVE_WITH_KNOTS('',2,(#11252,#11253,#11254),
 .UNSPECIFIED.,.F.,.F.,(3,3),(0.,1.),.PIECEWISE_BEZIER_KNOTS.);
#534=B_SPLINE_CURVE_WITH_KNOTS('',2,(#11278,#11279,#11280),
 .UNSPECIFIED.,.F.,.F.,(3,3),(0.,1.),.PIECEWISE_BEZIER_KNOTS.);
#535=B_SPLINE_CURVE_WITH_KNOTS('',2,(#11282,#11283,#11284),
 .UNSPECIFIED.,.F.,.F.,(3,3),(0.,1.),.PIECEWISE_BEZIER_KNOTS.);
#536=B_SPLINE_CURVE_WITH_KNOTS('',2,(#11289,#11290,#11291),
 .UNSPECIFIED.,.F.,.F.,(3,3),(0.,1.),.PIECEWISE_BEZIER_KNOTS.);
#537=B_SPLINE_CURVE_WITH_KNOTS('',2,(#11294,#11295,#11296),
 .UNSPECIFIED.,.F.,.F.,(3,3),(0.,1.),.PIECEWISE_BEZIER_KNOTS.);
#538=B_SPLINE_CURVE_WITH_KNOTS('',2,(#11306,#11307,#11308),
 .UNSPECIFIED.,.F.,.F.,(3,3),(0.,1.),.PIECEWISE_BEZIER_KNOTS.);
#539=B_SPLINE_CURVE_WITH_KNOTS('',2,(#11310,#11311,#11312),
 .UNSPECIFIED.,.F.,.F.,(3,3),(0.,1.),.PIECEWISE_BEZIER_KNOTS.);
#540=B_SPLINE_CURVE_WITH_KNOTS('',2,(#11314,#11315,#11316),
 .UNSPECIFIED.,.F.,.F.,(3,3),(0.,1.),.PIECEWISE_BEZIER_KNOTS.);
#541=B_SPLINE_CURVE_WITH_KNOTS('',2,(#11320,#11321,#11322),
 .UNSPECIFIED.,.F.,.F.,(3,3),(0.,1.),.PIECEWISE_BEZIER_KNOTS.);
#542=B_SPLINE_CURVE_WITH_KNOTS('',2,(#11324,#11325,#11326),
 .UNSPECIFIED.,.F.,.F.,(3,3),(0.,1.),.PIECEWISE_BEZIER_KNOTS.);
#543=B_SPLINE_CURVE_WITH_KNOTS('',2,(#11328,#11329,#11330),
 .UNSPECIFIED.,.F.,.F.,(3,3),(0.,1.),.PIECEWISE_BEZIER_KNOTS.);
#544=B_SPLINE_CURVE_WITH_KNOTS('',2,(#11332,#11333,#11334),
 .UNSPECIFIED.,.F.,.F.,(3,3),(0.,1.),.PIECEWISE_BEZIER_KNOTS.);
#545=B_SPLINE_CURVE_WITH_KNOTS('',2,(#11338,#11339,#11340),
 .UNSPECIFIED.,.F.,.F.,(3,3),(0.,1.),.PIECEWISE_BEZIER_KNOTS.);
#546=B_SPLINE_CURVE_WITH_KNOTS('',2,(#11344,#11345,#11346),
 .UNSPECIFIED.,.F.,.F.,(3,3),(0.,1.),.PIECEWISE_BEZIER_KNOTS.);
#547=B_SPLINE_CURVE_WITH_KNOTS('',2,(#11347,#11348,#11349),
 .UNSPECIFIED.,.F.,.F.,(3,3),(0.,1.),.PIECEWISE_BEZIER_KNOTS.);
#548=B_SPLINE_CURVE_WITH_KNOTS('',2,(#11352,#11353,#11354),
 .UNSPECIFIED.,.F.,.F.,(3,3),(0.,1.),.PIECEWISE_BEZIER_KNOTS.);
#549=B_SPLINE_CURVE_WITH_KNOTS('',2,(#11358,#11359,#11360),
 .UNSPECIFIED.,.F.,.F.,(3,3),(0.,1.),.PIECEWISE_BEZIER_KNOTS.);
#550=B_SPLINE_CURVE_WITH_KNOTS('',2,(#11362,#11363,#11364),
 .UNSPECIFIED.,.F.,.F.,(3,3),(0.,1.),.PIECEWISE_BEZIER_KNOTS.);
#551=B_SPLINE_CURVE_WITH_KNOTS('',2,(#11378,#11379,#11380),
 .UNSPECIFIED.,.F.,.F.,(3,3),(0.,1.),.PIECEWISE_BEZIER_KNOTS.);
#552=B_SPLINE_CURVE_WITH_KNOTS('',2,(#11382,#11383,#11384),
 .UNSPECIFIED.,.F.,.F.,(3,3),(0.,1.),.PIECEWISE_BEZIER_KNOTS.);
#553=B_SPLINE_CURVE_WITH_KNOTS('',2,(#11386,#11387,#11388),
 .UNSPECIFIED.,.F.,.F.,(3,3),(0.,1.),.PIECEWISE_BEZIER_KNOTS.);
#554=B_SPLINE_CURVE_WITH_KNOTS('',2,(#11390,#11391,#11392),
 .UNSPECIFIED.,.F.,.F.,(3,3),(0.,1.),.PIECEWISE_BEZIER_KNOTS.);
#555=B_SPLINE_CURVE_WITH_KNOTS('',2,(#11395,#11396,#11397),
 .UNSPECIFIED.,.F.,.F.,(3,3),(0.,1.),.PIECEWISE_BEZIER_KNOTS.);
#556=B_SPLINE_CURVE_WITH_KNOTS('',2,(#11400,#11401,#11402),
 .UNSPECIFIED.,.F.,.F.,(3,3),(0.,1.),.PIECEWISE_BEZIER_KNOTS.);
#557=B_SPLINE_CURVE_WITH_KNOTS('',2,(#11406,#11407,#11408),
 .UNSPECIFIED.,.F.,.F.,(3,3),(0.,1.),.PIECEWISE_BEZIER_KNOTS.);
#558=B_SPLINE_CURVE_WITH_KNOTS('',2,(#11410,#11411,#11412),
 .UNSPECIFIED.,.F.,.F.,(3,3),(0.,1.),.PIECEWISE_BEZIER_KNOTS.);
#559=B_SPLINE_CURVE_WITH_KNOTS('',2,(#11424,#11425,#11426),
 .UNSPECIFIED.,.F.,.F.,(3,3),(0.,1.),.PIECEWISE_BEZIER_KNOTS.);
#560=B_SPLINE_CURVE_WITH_KNOTS('',2,(#11428,#11429,#11430),
 .UNSPECIFIED.,.F.,.F.,(3,3),(0.,1.),.PIECEWISE_BEZIER_KNOTS.);
#561=B_SPLINE_CURVE_WITH_KNOTS('',2,(#11432,#11433,#11434),
 .UNSPECIFIED.,.F.,.F.,(3,3),(0.,1.),.PIECEWISE_BEZIER_KNOTS.);
#562=B_SPLINE_CURVE_WITH_KNOTS('',2,(#11436,#11437,#11438),
 .UNSPECIFIED.,.F.,.F.,(3,3),(0.,1.),.PIECEWISE_BEZIER_KNOTS.);
#563=B_SPLINE_CURVE_WITH_KNOTS('',2,(#11440,#11441,#11442),
 .UNSPECIFIED.,.F.,.F.,(3,3),(0.,1.),.PIECEWISE_BEZIER_KNOTS.);
#564=B_SPLINE_CURVE_WITH_KNOTS('',3,(#11500,#11501,#11502,#11503,#11504,
#11505,#11506,#11507,#11508,#11509,#11510,#11511,#11512,#11513,#11514,#11515,
#11516,#11517,#11518,#11519,#11520,#11521,#11522,#11523),.UNSPECIFIED.,
 .F.,.F.,(4,1,1,1,1,1,1,1,1,1,1,1,1,1,1,1,1,1,1,1,1,4),(1.42320156596329E-10,
0.00269953338393201,0.00539906662554387,0.00809859986715572,0.0107981331087676,
0.0161971995919913,0.021596266075215,0.0269953325584387,0.0323943990416624,
0.0431925320081099,0.0539906649745573,0.0647887979410047,0.0755869309074521,
0.0863850638738995,0.097183196840347,0.107981329806794,0.129577595739689,
0.140375728706137,0.151173861672584,0.161971994639032,0.167371061122255,
0.172770127605479),.UNSPECIFIED.);
#565=B_SPLINE_CURVE_WITH_KNOTS('',3,(#11527,#11528,#11529,#11530,#11531,
#11532,#11533,#11534,#11535,#11536,#11537,#11538,#11539,#11540,#11541,#11542,
#11543,#11544,#11545,#11546,#11547,#11548,#11549,#11550,#11551),
 .UNSPECIFIED.,.F.,.F.,(4,1,1,1,1,1,1,1,1,1,1,1,1,1,1,1,1,1,1,1,1,1,4),
(0.,0.00531457254220965,0.0106291450844193,0.0212582901688386,0.0318874352532579,
0.0425165803376772,0.0531457254220965,0.0637748705065159,0.0744040155909352,
0.0850331606753545,0.0956623057597738,0.106291450844193,0.116920595928612,
0.127549741013032,0.138178886097451,0.143493458639661,0.14880803118187,
0.15412260372408,0.15943717626629,0.162094462537394,0.164751748808499,0.167409035079604,
0.170066321350709),.UNSPECIFIED.);
#566=B_SPLINE_CURVE_WITH_KNOTS('',3,(#11575,#11576,#11577,#11578,#11579,
#11580,#11581,#11582,#11583,#11584,#11585,#11586,#11587,#11588,#11589,#11590,
#11591,#11592,#11593,#11594,#11595),.UNSPECIFIED.,.F.,.F.,(4,1,1,1,1,1,
1,1,1,1,1,1,1,1,1,1,1,1,4),(0.301333686527363,0.306056334832588,0.310778983137813,
0.315501631443039,0.320224279748264,0.329669576358715,0.339114872969165,
0.348560169579616,0.358005466190067,0.367450762800517,0.376896059410968,
0.386341356021419,0.395786652631869,0.41467724585277,0.424122542463221,
0.433567839073672,0.443013135684122,0.447735783989348,0.452458432294573),
 .UNSPECIFIED.);
#567=B_SPLINE_CURVE_WITH_KNOTS('',3,(#11603,#11604,#11605,#11606,#11607,
#11608,#11609,#11610,#11611,#11612,#11613,#11614,#11615,#11616,#11617,#11618,
#11619,#11620,#11621,#11622,#11623),.UNSPECIFIED.,.F.,.F.,(4,1,1,1,1,1,
1,1,1,1,1,1,1,1,1,1,1,1,4),(0.308262832791064,0.313277039641163,0.318291246491263,
0.323305453341362,0.328319660191461,0.338348073891659,0.348376487591858,
0.358404901292056,0.368433314992254,0.378461728692452,0.388490142392651,
0.408546969793047,0.418575383493246,0.428603797193444,0.438632210893642,
0.448660624593841,0.458689038294039,0.463703245144138,0.468717451994237),
 .UNSPECIFIED.);
#568=B_SPLINE_CURVE_WITH_KNOTS('',2,(#11741,#11742,#11743),
 .UNSPECIFIED.,.F.,.F.,(3,3),(0.,1.),.PIECEWISE_BEZIER_KNOTS.);
#569=B_SPLINE_CURVE_WITH_KNOTS('',2,(#11747,#11748,#11749),
 .UNSPECIFIED.,.F.,.F.,(3,3),(0.,1.),.PIECEWISE_BEZIER_KNOTS.);
#570=B_SPLINE_CURVE_WITH_KNOTS('',2,(#11758,#11759,#11760),
 .UNSPECIFIED.,.F.,.F.,(3,3),(0.,1.),.PIECEWISE_BEZIER_KNOTS.);
#571=B_SPLINE_CURVE_WITH_KNOTS('',2,(#11764,#11765,#11766),
 .UNSPECIFIED.,.F.,.F.,(3,3),(0.,1.),.PIECEWISE_BEZIER_KNOTS.);
#572=B_SPLINE_CURVE_WITH_KNOTS('',2,(#11775,#11776,#11777),
 .UNSPECIFIED.,.F.,.F.,(3,3),(0.,1.),.PIECEWISE_BEZIER_KNOTS.);
#573=B_SPLINE_CURVE_WITH_KNOTS('',2,(#11781,#11782,#11783),
 .UNSPECIFIED.,.F.,.F.,(3,3),(0.,1.),.PIECEWISE_BEZIER_KNOTS.);
#574=B_SPLINE_CURVE_WITH_KNOTS('',2,(#11792,#11793,#11794),
 .UNSPECIFIED.,.F.,.F.,(3,3),(0.,1.),.PIECEWISE_BEZIER_KNOTS.);
#575=B_SPLINE_CURVE_WITH_KNOTS('',2,(#11798,#11799,#11800),
 .UNSPECIFIED.,.F.,.F.,(3,3),(0.,1.),.PIECEWISE_BEZIER_KNOTS.);
#576=B_SPLINE_CURVE_WITH_KNOTS('',2,(#11815,#11816,#11817),
 .UNSPECIFIED.,.F.,.F.,(3,3),(0.,1.),.PIECEWISE_BEZIER_KNOTS.);
#577=B_SPLINE_CURVE_WITH_KNOTS('',2,(#11821,#11822,#11823),
 .UNSPECIFIED.,.F.,.F.,(3,3),(0.,1.),.PIECEWISE_BEZIER_KNOTS.);
#578=B_SPLINE_CURVE_WITH_KNOTS('',2,(#11832,#11833,#11834),
 .UNSPECIFIED.,.F.,.F.,(3,3),(0.,1.),.PIECEWISE_BEZIER_KNOTS.);
#579=B_SPLINE_CURVE_WITH_KNOTS('',2,(#11838,#11839,#11840),
 .UNSPECIFIED.,.F.,.F.,(3,3),(0.,1.),.PIECEWISE_BEZIER_KNOTS.);
#580=B_SPLINE_CURVE_WITH_KNOTS('',2,(#11849,#11850,#11851),
 .UNSPECIFIED.,.F.,.F.,(3,3),(0.,1.),.PIECEWISE_BEZIER_KNOTS.);
#581=B_SPLINE_CURVE_WITH_KNOTS('',2,(#11855,#11856,#11857),
 .UNSPECIFIED.,.F.,.F.,(3,3),(0.,1.),.PIECEWISE_BEZIER_KNOTS.);
#582=B_SPLINE_CURVE_WITH_KNOTS('',2,(#11868,#11869,#11870),
 .UNSPECIFIED.,.F.,.F.,(3,3),(0.,1.),.PIECEWISE_BEZIER_KNOTS.);
#583=B_SPLINE_CURVE_WITH_KNOTS('',2,(#11887,#11888,#11889),
 .UNSPECIFIED.,.F.,.F.,(3,3),(0.,1.),.PIECEWISE_BEZIER_KNOTS.);
#584=B_SPLINE_CURVE_WITH_KNOTS('',2,(#11900,#11901,#11902),
 .UNSPECIFIED.,.F.,.F.,(3,3),(0.,1.),.PIECEWISE_BEZIER_KNOTS.);
#585=B_SPLINE_CURVE_WITH_KNOTS('',2,(#11913,#11914,#11915),
 .UNSPECIFIED.,.F.,.F.,(3,3),(0.,1.),.PIECEWISE_BEZIER_KNOTS.);
#586=B_SPLINE_CURVE_WITH_KNOTS('',2,(#11926,#11927,#11928),
 .UNSPECIFIED.,.F.,.F.,(3,3),(0.,1.),.PIECEWISE_BEZIER_KNOTS.);
#587=B_SPLINE_CURVE_WITH_KNOTS('',2,(#11939,#11940,#11941),
 .UNSPECIFIED.,.F.,.F.,(3,3),(0.,1.),.PIECEWISE_BEZIER_KNOTS.);
#588=B_SPLINE_CURVE_WITH_KNOTS('',2,(#11972,#11973,#11974),
 .UNSPECIFIED.,.F.,.F.,(3,3),(0.,1.),.PIECEWISE_BEZIER_KNOTS.);
#589=B_SPLINE_CURVE_WITH_KNOTS('',2,(#11985,#11986,#11987),
 .UNSPECIFIED.,.F.,.F.,(3,3),(0.,1.),.PIECEWISE_BEZIER_KNOTS.);
#590=B_SPLINE_CURVE_WITH_KNOTS('',2,(#12000,#12001,#12002),
 .UNSPECIFIED.,.F.,.F.,(3,3),(0.,1.),.PIECEWISE_BEZIER_KNOTS.);
#591=B_SPLINE_CURVE_WITH_KNOTS('',2,(#12011,#12012,#12013),
 .UNSPECIFIED.,.F.,.F.,(3,3),(0.,1.),.PIECEWISE_BEZIER_KNOTS.);
#592=B_SPLINE_CURVE_WITH_KNOTS('',2,(#12014,#12015,#12016),
 .UNSPECIFIED.,.F.,.F.,(3,3),(0.,1.),.PIECEWISE_BEZIER_KNOTS.);
#593=B_SPLINE_CURVE_WITH_KNOTS('',2,(#12036,#12037,#12038),
 .UNSPECIFIED.,.F.,.F.,(3,3),(0.,1.),.PIECEWISE_BEZIER_KNOTS.);
#594=B_SPLINE_CURVE_WITH_KNOTS('',2,(#12042,#12043,#12044),
 .UNSPECIFIED.,.F.,.F.,(3,3),(0.,1.),.PIECEWISE_BEZIER_KNOTS.);
#595=B_SPLINE_CURVE_WITH_KNOTS('',2,(#12053,#12054,#12055),
 .UNSPECIFIED.,.F.,.F.,(3,3),(0.,1.),.PIECEWISE_BEZIER_KNOTS.);
#596=B_SPLINE_CURVE_WITH_KNOTS('',2,(#12059,#12060,#12061),
 .UNSPECIFIED.,.F.,.F.,(3,3),(0.,1.),.PIECEWISE_BEZIER_KNOTS.);
#597=B_SPLINE_CURVE_WITH_KNOTS('',2,(#12070,#12071,#12072),
 .UNSPECIFIED.,.F.,.F.,(3,3),(0.,1.),.PIECEWISE_BEZIER_KNOTS.);
#598=B_SPLINE_CURVE_WITH_KNOTS('',2,(#12076,#12077,#12078),
 .UNSPECIFIED.,.F.,.F.,(3,3),(0.,1.),.PIECEWISE_BEZIER_KNOTS.);
#599=B_SPLINE_CURVE_WITH_KNOTS('',2,(#12087,#12088,#12089),
 .UNSPECIFIED.,.F.,.F.,(3,3),(0.,1.),.PIECEWISE_BEZIER_KNOTS.);
#600=B_SPLINE_CURVE_WITH_KNOTS('',2,(#12093,#12094,#12095),
 .UNSPECIFIED.,.F.,.F.,(3,3),(0.,1.),.PIECEWISE_BEZIER_KNOTS.);
#601=B_SPLINE_CURVE_WITH_KNOTS('',2,(#12110,#12111,#12112),
 .UNSPECIFIED.,.F.,.F.,(3,3),(0.,1.),.PIECEWISE_BEZIER_KNOTS.);
#602=B_SPLINE_CURVE_WITH_KNOTS('',2,(#12116,#12117,#12118),
 .UNSPECIFIED.,.F.,.F.,(3,3),(0.,1.),.PIECEWISE_BEZIER_KNOTS.);
#603=B_SPLINE_CURVE_WITH_KNOTS('',2,(#12127,#12128,#12129),
 .UNSPECIFIED.,.F.,.F.,(3,3),(0.,1.),.PIECEWISE_BEZIER_KNOTS.);
#604=B_SPLINE_CURVE_WITH_KNOTS('',2,(#12133,#12134,#12135),
 .UNSPECIFIED.,.F.,.F.,(3,3),(0.,1.),.PIECEWISE_BEZIER_KNOTS.);
#605=B_SPLINE_CURVE_WITH_KNOTS('',2,(#12144,#12145,#12146),
 .UNSPECIFIED.,.F.,.F.,(3,3),(0.,1.),.PIECEWISE_BEZIER_KNOTS.);
#606=B_SPLINE_CURVE_WITH_KNOTS('',2,(#12150,#12151,#12152),
 .UNSPECIFIED.,.F.,.F.,(3,3),(0.,1.),.PIECEWISE_BEZIER_KNOTS.);
#607=B_SPLINE_CURVE_WITH_KNOTS('',2,(#12163,#12164,#12165),
 .UNSPECIFIED.,.F.,.F.,(3,3),(0.,1.),.PIECEWISE_BEZIER_KNOTS.);
#608=B_SPLINE_CURVE_WITH_KNOTS('',2,(#12182,#12183,#12184),
 .UNSPECIFIED.,.F.,.F.,(3,3),(0.,1.),.PIECEWISE_BEZIER_KNOTS.);
#609=B_SPLINE_CURVE_WITH_KNOTS('',2,(#12195,#12196,#12197),
 .UNSPECIFIED.,.F.,.F.,(3,3),(0.,1.),.PIECEWISE_BEZIER_KNOTS.);
#610=B_SPLINE_CURVE_WITH_KNOTS('',2,(#12208,#12209,#12210),
 .UNSPECIFIED.,.F.,.F.,(3,3),(0.,1.),.PIECEWISE_BEZIER_KNOTS.);
#611=B_SPLINE_CURVE_WITH_KNOTS('',2,(#12221,#12222,#12223),
 .UNSPECIFIED.,.F.,.F.,(3,3),(0.,1.),.PIECEWISE_BEZIER_KNOTS.);
#612=B_SPLINE_CURVE_WITH_KNOTS('',2,(#12258,#12259,#12260),
 .UNSPECIFIED.,.F.,.F.,(3,3),(0.,1.),.PIECEWISE_BEZIER_KNOTS.);
#613=B_SPLINE_CURVE_WITH_KNOTS('',2,(#12271,#12272,#12273),
 .UNSPECIFIED.,.F.,.F.,(3,3),(0.,1.),.PIECEWISE_BEZIER_KNOTS.);
#614=B_SPLINE_CURVE_WITH_KNOTS('',2,(#12286,#12287,#12288),
 .UNSPECIFIED.,.F.,.F.,(3,3),(0.,1.),.PIECEWISE_BEZIER_KNOTS.);
#615=B_SPLINE_CURVE_WITH_KNOTS('',2,(#12297,#12298,#12299),
 .UNSPECIFIED.,.F.,.F.,(3,3),(0.,1.),.PIECEWISE_BEZIER_KNOTS.);
#616=B_SPLINE_CURVE_WITH_KNOTS('',2,(#12300,#12301,#12302),
 .UNSPECIFIED.,.F.,.F.,(3,3),(0.,1.),.PIECEWISE_BEZIER_KNOTS.);
#617=B_SPLINE_CURVE_WITH_KNOTS('',2,(#12328,#12329,#12330),
 .UNSPECIFIED.,.F.,.F.,(3,3),(0.,1.),.PIECEWISE_BEZIER_KNOTS.);
#618=B_SPLINE_CURVE_WITH_KNOTS('',2,(#12334,#12335,#12336),
 .UNSPECIFIED.,.F.,.F.,(3,3),(0.,1.),.PIECEWISE_BEZIER_KNOTS.);
#619=B_SPLINE_CURVE_WITH_KNOTS('',2,(#12351,#12352,#12353),
 .UNSPECIFIED.,.F.,.F.,(3,3),(0.,1.),.PIECEWISE_BEZIER_KNOTS.);
#620=B_SPLINE_CURVE_WITH_KNOTS('',2,(#12357,#12358,#12359),
 .UNSPECIFIED.,.F.,.F.,(3,3),(0.,1.),.PIECEWISE_BEZIER_KNOTS.);
#621=B_SPLINE_CURVE_WITH_KNOTS('',2,(#12370,#12371,#12372),
 .UNSPECIFIED.,.F.,.F.,(3,3),(0.,1.),.PIECEWISE_BEZIER_KNOTS.);
#622=B_SPLINE_CURVE_WITH_KNOTS('',2,(#12385,#12386,#12387),
 .UNSPECIFIED.,.F.,.F.,(3,3),(0.,1.),.PIECEWISE_BEZIER_KNOTS.);
#623=B_SPLINE_CURVE_WITH_KNOTS('',2,(#12402,#12403,#12404),
 .UNSPECIFIED.,.F.,.F.,(3,3),(0.,1.),.PIECEWISE_BEZIER_KNOTS.);
#624=B_SPLINE_CURVE_WITH_KNOTS('',2,(#12419,#12420,#12421),
 .UNSPECIFIED.,.F.,.F.,(3,3),(0.,1.),.PIECEWISE_BEZIER_KNOTS.);
#625=B_SPLINE_CURVE_WITH_KNOTS('',2,(#12432,#12433,#12434),
 .UNSPECIFIED.,.F.,.F.,(3,3),(0.,1.),.PIECEWISE_BEZIER_KNOTS.);
#626=B_SPLINE_CURVE_WITH_KNOTS('',2,(#12445,#12446,#12447),
 .UNSPECIFIED.,.F.,.F.,(3,3),(0.,1.),.PIECEWISE_BEZIER_KNOTS.);
#627=B_SPLINE_CURVE_WITH_KNOTS('',2,(#12458,#12459,#12460),
 .UNSPECIFIED.,.F.,.F.,(3,3),(0.,1.),.PIECEWISE_BEZIER_KNOTS.);
#628=B_SPLINE_CURVE_WITH_KNOTS('',2,(#12475,#12476,#12477),
 .UNSPECIFIED.,.F.,.F.,(3,3),(0.,1.),.PIECEWISE_BEZIER_KNOTS.);
#629=B_SPLINE_CURVE_WITH_KNOTS('',2,(#12488,#12489,#12490),
 .UNSPECIFIED.,.F.,.F.,(3,3),(0.,1.),.PIECEWISE_BEZIER_KNOTS.);
#630=B_SPLINE_CURVE_WITH_KNOTS('',2,(#12501,#12502,#12503),
 .UNSPECIFIED.,.F.,.F.,(3,3),(0.,1.),.PIECEWISE_BEZIER_KNOTS.);
#631=B_SPLINE_CURVE_WITH_KNOTS('',2,(#12528,#12529,#12530),
 .UNSPECIFIED.,.F.,.F.,(3,3),(0.,1.),.PIECEWISE_BEZIER_KNOTS.);
#632=B_SPLINE_CURVE_WITH_KNOTS('',2,(#12539,#12540,#12541),
 .UNSPECIFIED.,.F.,.F.,(3,3),(0.,1.),.PIECEWISE_BEZIER_KNOTS.);
#633=B_SPLINE_CURVE_WITH_KNOTS('',2,(#12542,#12543,#12544),
 .UNSPECIFIED.,.F.,.F.,(3,3),(0.,1.),.PIECEWISE_BEZIER_KNOTS.);
#634=B_SPLINE_CURVE_WITH_KNOTS('',2,(#12557,#12558,#12559),
 .UNSPECIFIED.,.F.,.F.,(3,3),(0.,1.),.PIECEWISE_BEZIER_KNOTS.);
#635=B_SPLINE_CURVE_WITH_KNOTS('',2,(#12580,#12581,#12582),
 .UNSPECIFIED.,.F.,.F.,(3,3),(0.,1.),.PIECEWISE_BEZIER_KNOTS.);
#636=B_SPLINE_CURVE_WITH_KNOTS('',2,(#12593,#12594,#12595),
 .UNSPECIFIED.,.F.,.F.,(3,3),(0.,1.),.PIECEWISE_BEZIER_KNOTS.);
#637=B_SPLINE_CURVE_WITH_KNOTS('',2,(#12648,#12649,#12650),
 .UNSPECIFIED.,.F.,.F.,(3,3),(0.,1.),.PIECEWISE_BEZIER_KNOTS.);
#638=B_SPLINE_CURVE_WITH_KNOTS('',2,(#12669,#12670,#12671),
 .UNSPECIFIED.,.F.,.F.,(3,3),(0.,1.),.PIECEWISE_BEZIER_KNOTS.);
#639=B_SPLINE_CURVE_WITH_KNOTS('',2,(#12675,#12676,#12677),
 .UNSPECIFIED.,.F.,.F.,(3,3),(0.,1.),.PIECEWISE_BEZIER_KNOTS.);
#640=B_SPLINE_CURVE_WITH_KNOTS('',2,(#12686,#12687,#12688),
 .UNSPECIFIED.,.F.,.F.,(3,3),(0.,1.),.PIECEWISE_BEZIER_KNOTS.);
#641=B_SPLINE_CURVE_WITH_KNOTS('',2,(#12692,#12693,#12694),
 .UNSPECIFIED.,.F.,.F.,(3,3),(0.,1.),.PIECEWISE_BEZIER_KNOTS.);
#642=B_SPLINE_CURVE_WITH_KNOTS('',2,(#12709,#12710,#12711),
 .UNSPECIFIED.,.F.,.F.,(3,3),(0.,1.),.PIECEWISE_BEZIER_KNOTS.);
#643=B_SPLINE_CURVE_WITH_KNOTS('',2,(#12715,#12716,#12717),
 .UNSPECIFIED.,.F.,.F.,(3,3),(0.,1.),.PIECEWISE_BEZIER_KNOTS.);
#644=B_SPLINE_CURVE_WITH_KNOTS('',2,(#12726,#12727,#12728),
 .UNSPECIFIED.,.F.,.F.,(3,3),(0.,1.),.PIECEWISE_BEZIER_KNOTS.);
#645=B_SPLINE_CURVE_WITH_KNOTS('',2,(#12732,#12733,#12734),
 .UNSPECIFIED.,.F.,.F.,(3,3),(0.,1.),.PIECEWISE_BEZIER_KNOTS.);
#646=B_SPLINE_CURVE_WITH_KNOTS('',2,(#12743,#12744,#12745),
 .UNSPECIFIED.,.F.,.F.,(3,3),(0.,1.),.PIECEWISE_BEZIER_KNOTS.);
#647=B_SPLINE_CURVE_WITH_KNOTS('',2,(#12749,#12750,#12751),
 .UNSPECIFIED.,.F.,.F.,(3,3),(0.,1.),.PIECEWISE_BEZIER_KNOTS.);
#648=B_SPLINE_CURVE_WITH_KNOTS('',2,(#12760,#12761,#12762),
 .UNSPECIFIED.,.F.,.F.,(3,3),(0.,1.),.PIECEWISE_BEZIER_KNOTS.);
#649=B_SPLINE_CURVE_WITH_KNOTS('',2,(#12766,#12767,#12768),
 .UNSPECIFIED.,.F.,.F.,(3,3),(0.,1.),.PIECEWISE_BEZIER_KNOTS.);
#650=B_SPLINE_CURVE_WITH_KNOTS('',2,(#12785,#12786,#12787),
 .UNSPECIFIED.,.F.,.F.,(3,3),(0.,1.),.PIECEWISE_BEZIER_KNOTS.);
#651=B_SPLINE_CURVE_WITH_KNOTS('',2,(#12800,#12801,#12802),
 .UNSPECIFIED.,.F.,.F.,(3,3),(0.,1.),.PIECEWISE_BEZIER_KNOTS.);
#652=B_SPLINE_CURVE_WITH_KNOTS('',2,(#12817,#12818,#12819),
 .UNSPECIFIED.,.F.,.F.,(3,3),(0.,1.),.PIECEWISE_BEZIER_KNOTS.);
#653=B_SPLINE_CURVE_WITH_KNOTS('',2,(#12830,#12831,#12832),
 .UNSPECIFIED.,.F.,.F.,(3,3),(0.,1.),.PIECEWISE_BEZIER_KNOTS.);
#654=B_SPLINE_CURVE_WITH_KNOTS('',2,(#12843,#12844,#12845),
 .UNSPECIFIED.,.F.,.F.,(3,3),(0.,1.),.PIECEWISE_BEZIER_KNOTS.);
#655=B_SPLINE_CURVE_WITH_KNOTS('',2,(#12856,#12857,#12858),
 .UNSPECIFIED.,.F.,.F.,(3,3),(0.,1.),.PIECEWISE_BEZIER_KNOTS.);
#656=B_SPLINE_CURVE_WITH_KNOTS('',2,(#12869,#12870,#12871),
 .UNSPECIFIED.,.F.,.F.,(3,3),(0.,1.),.PIECEWISE_BEZIER_KNOTS.);
#657=B_SPLINE_CURVE_WITH_KNOTS('',2,(#12886,#12887,#12888),
 .UNSPECIFIED.,.F.,.F.,(3,3),(0.,1.),.PIECEWISE_BEZIER_KNOTS.);
#658=B_SPLINE_CURVE_WITH_KNOTS('',2,(#12899,#12900,#12901),
 .UNSPECIFIED.,.F.,.F.,(3,3),(0.,1.),.PIECEWISE_BEZIER_KNOTS.);
#659=B_SPLINE_CURVE_WITH_KNOTS('',2,(#12919,#12920,#12921),
 .UNSPECIFIED.,.F.,.F.,(3,3),(0.,1.),.PIECEWISE_BEZIER_KNOTS.);
#660=B_SPLINE_CURVE_WITH_KNOTS('',2,(#12954,#12955,#12956),
 .UNSPECIFIED.,.F.,.F.,(3,3),(0.,1.),.PIECEWISE_BEZIER_KNOTS.);
#661=B_SPLINE_CURVE_WITH_KNOTS('',2,(#12967,#12968,#12969),
 .UNSPECIFIED.,.F.,.F.,(3,3),(0.,1.),.PIECEWISE_BEZIER_KNOTS.);
#662=B_SPLINE_CURVE_WITH_KNOTS('',2,(#12986,#12987,#12988),
 .UNSPECIFIED.,.F.,.F.,(3,3),(0.,1.),.PIECEWISE_BEZIER_KNOTS.);
#663=B_SPLINE_CURVE_WITH_KNOTS('',2,(#13056,#13057,#13058),
 .UNSPECIFIED.,.F.,.F.,(3,3),(0.,1.),.PIECEWISE_BEZIER_KNOTS.);
#664=B_SPLINE_CURVE_WITH_KNOTS('',2,(#13062,#13063,#13064),
 .UNSPECIFIED.,.F.,.F.,(3,3),(0.,1.),.PIECEWISE_BEZIER_KNOTS.);
#665=B_SPLINE_CURVE_WITH_KNOTS('',2,(#13073,#13074,#13075),
 .UNSPECIFIED.,.F.,.F.,(3,3),(0.,1.),.PIECEWISE_BEZIER_KNOTS.);
#666=B_SPLINE_CURVE_WITH_KNOTS('',2,(#13079,#13080,#13081),
 .UNSPECIFIED.,.F.,.F.,(3,3),(0.,1.),.PIECEWISE_BEZIER_KNOTS.);
#667=B_SPLINE_CURVE_WITH_KNOTS('',2,(#13090,#13091,#13092),
 .UNSPECIFIED.,.F.,.F.,(3,3),(0.,1.),.PIECEWISE_BEZIER_KNOTS.);
#668=B_SPLINE_CURVE_WITH_KNOTS('',2,(#13096,#13097,#13098),
 .UNSPECIFIED.,.F.,.F.,(3,3),(0.,1.),.PIECEWISE_BEZIER_KNOTS.);
#669=B_SPLINE_CURVE_WITH_KNOTS('',2,(#13107,#13108,#13109),
 .UNSPECIFIED.,.F.,.F.,(3,3),(0.,1.),.PIECEWISE_BEZIER_KNOTS.);
#670=B_SPLINE_CURVE_WITH_KNOTS('',2,(#13113,#13114,#13115),
 .UNSPECIFIED.,.F.,.F.,(3,3),(0.,1.),.PIECEWISE_BEZIER_KNOTS.);
#671=B_SPLINE_CURVE_WITH_KNOTS('',2,(#13130,#13131,#13132),
 .UNSPECIFIED.,.F.,.F.,(3,3),(0.,1.),.PIECEWISE_BEZIER_KNOTS.);
#672=B_SPLINE_CURVE_WITH_KNOTS('',2,(#13136,#13137,#13138),
 .UNSPECIFIED.,.F.,.F.,(3,3),(0.,1.),.PIECEWISE_BEZIER_KNOTS.);
#673=B_SPLINE_CURVE_WITH_KNOTS('',2,(#13147,#13148,#13149),
 .UNSPECIFIED.,.F.,.F.,(3,3),(0.,1.),.PIECEWISE_BEZIER_KNOTS.);
#674=B_SPLINE_CURVE_WITH_KNOTS('',2,(#13153,#13154,#13155),
 .UNSPECIFIED.,.F.,.F.,(3,3),(0.,1.),.PIECEWISE_BEZIER_KNOTS.);
#675=B_SPLINE_CURVE_WITH_KNOTS('',2,(#13164,#13165,#13166),
 .UNSPECIFIED.,.F.,.F.,(3,3),(0.,1.),.PIECEWISE_BEZIER_KNOTS.);
#676=B_SPLINE_CURVE_WITH_KNOTS('',2,(#13170,#13171,#13172),
 .UNSPECIFIED.,.F.,.F.,(3,3),(0.,1.),.PIECEWISE_BEZIER_KNOTS.);
#677=B_SPLINE_CURVE_WITH_KNOTS('',2,(#13183,#13184,#13185),
 .UNSPECIFIED.,.F.,.F.,(3,3),(0.,1.),.PIECEWISE_BEZIER_KNOTS.);
#678=B_SPLINE_CURVE_WITH_KNOTS('',2,(#13202,#13203,#13204),
 .UNSPECIFIED.,.F.,.F.,(3,3),(0.,1.),.PIECEWISE_BEZIER_KNOTS.);
#679=B_SPLINE_CURVE_WITH_KNOTS('',2,(#13215,#13216,#13217),
 .UNSPECIFIED.,.F.,.F.,(3,3),(0.,1.),.PIECEWISE_BEZIER_KNOTS.);
#680=B_SPLINE_CURVE_WITH_KNOTS('',2,(#13228,#13229,#13230),
 .UNSPECIFIED.,.F.,.F.,(3,3),(0.,1.),.PIECEWISE_BEZIER_KNOTS.);
#681=B_SPLINE_CURVE_WITH_KNOTS('',2,(#13241,#13242,#13243),
 .UNSPECIFIED.,.F.,.F.,(3,3),(0.,1.),.PIECEWISE_BEZIER_KNOTS.);
#682=B_SPLINE_CURVE_WITH_KNOTS('',2,(#13254,#13255,#13256),
 .UNSPECIFIED.,.F.,.F.,(3,3),(0.,1.),.PIECEWISE_BEZIER_KNOTS.);
#683=B_SPLINE_CURVE_WITH_KNOTS('',2,(#13287,#13288,#13289),
 .UNSPECIFIED.,.F.,.F.,(3,3),(0.,1.),.PIECEWISE_BEZIER_KNOTS.);
#684=B_SPLINE_CURVE_WITH_KNOTS('',2,(#13300,#13301,#13302),
 .UNSPECIFIED.,.F.,.F.,(3,3),(0.,1.),.PIECEWISE_BEZIER_KNOTS.);
#685=B_SPLINE_CURVE_WITH_KNOTS('',2,(#13315,#13316,#13317),
 .UNSPECIFIED.,.F.,.F.,(3,3),(0.,1.),.PIECEWISE_BEZIER_KNOTS.);
#686=B_SPLINE_CURVE_WITH_KNOTS('',2,(#13326,#13327,#13328),
 .UNSPECIFIED.,.F.,.F.,(3,3),(0.,1.),.PIECEWISE_BEZIER_KNOTS.);
#687=B_SPLINE_CURVE_WITH_KNOTS('',2,(#13329,#13330,#13331),
 .UNSPECIFIED.,.F.,.F.,(3,3),(0.,1.),.PIECEWISE_BEZIER_KNOTS.);
#688=B_SPLINE_CURVE_WITH_KNOTS('',2,(#13344,#13345,#13346),
 .UNSPECIFIED.,.F.,.F.,(3,3),(0.,1.),.PIECEWISE_BEZIER_KNOTS.);
#689=B_SPLINE_CURVE_WITH_KNOTS('',2,(#13363,#13364,#13365),
 .UNSPECIFIED.,.F.,.F.,(3,3),(0.,1.),.PIECEWISE_BEZIER_KNOTS.);
#690=B_SPLINE_CURVE_WITH_KNOTS('',2,(#13376,#13377,#13378),
 .UNSPECIFIED.,.F.,.F.,(3,3),(0.,1.),.PIECEWISE_BEZIER_KNOTS.);
#691=B_SPLINE_CURVE_WITH_KNOTS('',2,(#13389,#13390,#13391),
 .UNSPECIFIED.,.F.,.F.,(3,3),(0.,1.),.PIECEWISE_BEZIER_KNOTS.);
#692=B_SPLINE_CURVE_WITH_KNOTS('',2,(#13402,#13403,#13404),
 .UNSPECIFIED.,.F.,.F.,(3,3),(0.,1.),.PIECEWISE_BEZIER_KNOTS.);
#693=B_SPLINE_CURVE_WITH_KNOTS('',2,(#13419,#13420,#13421),
 .UNSPECIFIED.,.F.,.F.,(3,3),(0.,1.),.PIECEWISE_BEZIER_KNOTS.);
#694=B_SPLINE_CURVE_WITH_KNOTS('',2,(#13432,#13433,#13434),
 .UNSPECIFIED.,.F.,.F.,(3,3),(0.,1.),.PIECEWISE_BEZIER_KNOTS.);
#695=B_SPLINE_CURVE_WITH_KNOTS('',2,(#13445,#13446,#13447),
 .UNSPECIFIED.,.F.,.F.,(3,3),(0.,1.),.PIECEWISE_BEZIER_KNOTS.);
#696=B_SPLINE_CURVE_WITH_KNOTS('',2,(#13462,#13463,#13464),
 .UNSPECIFIED.,.F.,.F.,(3,3),(0.,1.),.PIECEWISE_BEZIER_KNOTS.);
#697=B_SPLINE_CURVE_WITH_KNOTS('',2,(#13475,#13476,#13477),
 .UNSPECIFIED.,.F.,.F.,(3,3),(0.,1.),.PIECEWISE_BEZIER_KNOTS.);
#698=B_SPLINE_CURVE_WITH_KNOTS('',2,(#13488,#13489,#13490),
 .UNSPECIFIED.,.F.,.F.,(3,3),(0.,1.),.PIECEWISE_BEZIER_KNOTS.);
#699=B_SPLINE_CURVE_WITH_KNOTS('',2,(#13505,#13506,#13507),
 .UNSPECIFIED.,.F.,.F.,(3,3),(0.,1.),.PIECEWISE_BEZIER_KNOTS.);
#700=B_SPLINE_CURVE_WITH_KNOTS('',2,(#13518,#13519,#13520),
 .UNSPECIFIED.,.F.,.F.,(3,3),(0.,1.),.PIECEWISE_BEZIER_KNOTS.);
#701=B_SPLINE_CURVE_WITH_KNOTS('',2,(#13531,#13532,#13533),
 .UNSPECIFIED.,.F.,.F.,(3,3),(0.,1.),.PIECEWISE_BEZIER_KNOTS.);
#702=B_SPLINE_CURVE_WITH_KNOTS('',2,(#13592,#13593,#13594),
 .UNSPECIFIED.,.F.,.F.,(3,3),(0.,1.),.PIECEWISE_BEZIER_KNOTS.);
#703=B_SPLINE_CURVE_WITH_KNOTS('',2,(#13611,#13612,#13613),
 .UNSPECIFIED.,.F.,.F.,(3,3),(0.,1.),.PIECEWISE_BEZIER_KNOTS.);
#704=B_SPLINE_CURVE_WITH_KNOTS('',2,(#13624,#13625,#13626),
 .UNSPECIFIED.,.F.,.F.,(3,3),(0.,1.),.PIECEWISE_BEZIER_KNOTS.);
#705=B_SPLINE_CURVE_WITH_KNOTS('',2,(#13637,#13638,#13639),
 .UNSPECIFIED.,.F.,.F.,(3,3),(0.,1.),.PIECEWISE_BEZIER_KNOTS.);
#706=B_SPLINE_CURVE_WITH_KNOTS('',2,(#13650,#13651,#13652),
 .UNSPECIFIED.,.F.,.F.,(3,3),(0.,1.),.PIECEWISE_BEZIER_KNOTS.);
#707=B_SPLINE_CURVE_WITH_KNOTS('',2,(#13663,#13664,#13665),
 .UNSPECIFIED.,.F.,.F.,(3,3),(0.,1.),.PIECEWISE_BEZIER_KNOTS.);
#708=B_SPLINE_CURVE_WITH_KNOTS('',2,(#13680,#13681,#13682),
 .UNSPECIFIED.,.F.,.F.,(3,3),(0.,1.),.PIECEWISE_BEZIER_KNOTS.);
#709=B_SPLINE_CURVE_WITH_KNOTS('',2,(#13697,#13698,#13699),
 .UNSPECIFIED.,.F.,.F.,(3,3),(0.,1.),.PIECEWISE_BEZIER_KNOTS.);
#710=B_SPLINE_CURVE_WITH_KNOTS('',2,(#13710,#13711,#13712),
 .UNSPECIFIED.,.F.,.F.,(3,3),(0.,1.),.PIECEWISE_BEZIER_KNOTS.);
#711=B_SPLINE_CURVE_WITH_KNOTS('',2,(#13727,#13728,#13729),
 .UNSPECIFIED.,.F.,.F.,(3,3),(0.,1.),.PIECEWISE_BEZIER_KNOTS.);
#712=B_SPLINE_CURVE_WITH_KNOTS('',2,(#13740,#13741,#13742),
 .UNSPECIFIED.,.F.,.F.,(3,3),(0.,1.),.PIECEWISE_BEZIER_KNOTS.);
#713=B_SPLINE_CURVE_WITH_KNOTS('',2,(#13753,#13754,#13755),
 .UNSPECIFIED.,.F.,.F.,(3,3),(0.,1.),.PIECEWISE_BEZIER_KNOTS.);
#714=B_SPLINE_CURVE_WITH_KNOTS('',2,(#13766,#13767,#13768),
 .UNSPECIFIED.,.F.,.F.,(3,3),(0.,1.),.PIECEWISE_BEZIER_KNOTS.);
#715=B_SPLINE_CURVE_WITH_KNOTS('',2,(#13783,#13784,#13785),
 .UNSPECIFIED.,.F.,.F.,(3,3),(0.,1.),.PIECEWISE_BEZIER_KNOTS.);
#716=B_SPLINE_CURVE_WITH_KNOTS('',2,(#13796,#13797,#13798),
 .UNSPECIFIED.,.F.,.F.,(3,3),(0.,1.),.PIECEWISE_BEZIER_KNOTS.);
#717=B_SPLINE_CURVE_WITH_KNOTS('',2,(#13809,#13810,#13811),
 .UNSPECIFIED.,.F.,.F.,(3,3),(0.,1.),.PIECEWISE_BEZIER_KNOTS.);
#718=B_SPLINE_CURVE_WITH_KNOTS('',2,(#13856,#13857,#13858),
 .UNSPECIFIED.,.F.,.F.,(3,3),(0.,1.),.PIECEWISE_BEZIER_KNOTS.);
#719=B_SPLINE_CURVE_WITH_KNOTS('',2,(#13869,#13870,#13871),
 .UNSPECIFIED.,.F.,.F.,(3,3),(0.,1.),.PIECEWISE_BEZIER_KNOTS.);
#720=B_SPLINE_CURVE_WITH_KNOTS('',2,(#13882,#13883,#13884),
 .UNSPECIFIED.,.F.,.F.,(3,3),(0.,1.),.PIECEWISE_BEZIER_KNOTS.);
#721=B_SPLINE_CURVE_WITH_KNOTS('',2,(#13895,#13896,#13897),
 .UNSPECIFIED.,.F.,.F.,(3,3),(0.,1.),.PIECEWISE_BEZIER_KNOTS.);
#722=B_SPLINE_CURVE_WITH_KNOTS('',2,(#13928,#13929,#13930),
 .UNSPECIFIED.,.F.,.F.,(3,3),(0.,1.),.PIECEWISE_BEZIER_KNOTS.);
#723=B_SPLINE_CURVE_WITH_KNOTS('',2,(#13941,#13942,#13943),
 .UNSPECIFIED.,.F.,.F.,(3,3),(0.,1.),.PIECEWISE_BEZIER_KNOTS.);
#724=B_SPLINE_CURVE_WITH_KNOTS('',2,(#13976,#13977,#13978),
 .UNSPECIFIED.,.F.,.F.,(3,3),(0.,1.),.PIECEWISE_BEZIER_KNOTS.);
#725=B_SPLINE_CURVE_WITH_KNOTS('',2,(#13982,#13983,#13984),
 .UNSPECIFIED.,.F.,.F.,(3,3),(0.,1.),.PIECEWISE_BEZIER_KNOTS.);
#726=B_SPLINE_CURVE_WITH_KNOTS('',2,(#13993,#13994,#13995),
 .UNSPECIFIED.,.F.,.F.,(3,3),(0.,1.),.PIECEWISE_BEZIER_KNOTS.);
#727=B_SPLINE_CURVE_WITH_KNOTS('',2,(#13999,#14000,#14001),
 .UNSPECIFIED.,.F.,.F.,(3,3),(0.,1.),.PIECEWISE_BEZIER_KNOTS.);
#728=B_SPLINE_CURVE_WITH_KNOTS('',2,(#14010,#14011,#14012),
 .UNSPECIFIED.,.F.,.F.,(3,3),(0.,1.),.PIECEWISE_BEZIER_KNOTS.);
#729=B_SPLINE_CURVE_WITH_KNOTS('',2,(#14016,#14017,#14018),
 .UNSPECIFIED.,.F.,.F.,(3,3),(0.,1.),.PIECEWISE_BEZIER_KNOTS.);
#730=B_SPLINE_CURVE_WITH_KNOTS('',2,(#14027,#14028,#14029),
 .UNSPECIFIED.,.F.,.F.,(3,3),(0.,1.),.PIECEWISE_BEZIER_KNOTS.);
#731=B_SPLINE_CURVE_WITH_KNOTS('',2,(#14033,#14034,#14035),
 .UNSPECIFIED.,.F.,.F.,(3,3),(0.,1.),.PIECEWISE_BEZIER_KNOTS.);
#732=B_SPLINE_CURVE_WITH_KNOTS('',2,(#14050,#14051,#14052),
 .UNSPECIFIED.,.F.,.F.,(3,3),(0.,1.),.PIECEWISE_BEZIER_KNOTS.);
#733=B_SPLINE_CURVE_WITH_KNOTS('',2,(#14056,#14057,#14058),
 .UNSPECIFIED.,.F.,.F.,(3,3),(0.,1.),.PIECEWISE_BEZIER_KNOTS.);
#734=B_SPLINE_CURVE_WITH_KNOTS('',2,(#14067,#14068,#14069),
 .UNSPECIFIED.,.F.,.F.,(3,3),(0.,1.),.PIECEWISE_BEZIER_KNOTS.);
#735=B_SPLINE_CURVE_WITH_KNOTS('',2,(#14073,#14074,#14075),
 .UNSPECIFIED.,.F.,.F.,(3,3),(0.,1.),.PIECEWISE_BEZIER_KNOTS.);
#736=B_SPLINE_CURVE_WITH_KNOTS('',2,(#14084,#14085,#14086),
 .UNSPECIFIED.,.F.,.F.,(3,3),(0.,1.),.PIECEWISE_BEZIER_KNOTS.);
#737=B_SPLINE_CURVE_WITH_KNOTS('',2,(#14090,#14091,#14092),
 .UNSPECIFIED.,.F.,.F.,(3,3),(0.,1.),.PIECEWISE_BEZIER_KNOTS.);
#738=B_SPLINE_CURVE_WITH_KNOTS('',2,(#14103,#14104,#14105),
 .UNSPECIFIED.,.F.,.F.,(3,3),(0.,1.),.PIECEWISE_BEZIER_KNOTS.);
#739=B_SPLINE_CURVE_WITH_KNOTS('',2,(#14138,#14139,#14140),
 .UNSPECIFIED.,.F.,.F.,(3,3),(0.,1.),.PIECEWISE_BEZIER_KNOTS.);
#740=B_SPLINE_CURVE_WITH_KNOTS('',2,(#14151,#14152,#14153),
 .UNSPECIFIED.,.F.,.F.,(3,3),(0.,1.),.PIECEWISE_BEZIER_KNOTS.);
#741=B_SPLINE_CURVE_WITH_KNOTS('',2,(#14168,#14169,#14170),
 .UNSPECIFIED.,.F.,.F.,(3,3),(0.,1.),.PIECEWISE_BEZIER_KNOTS.);
#742=B_SPLINE_CURVE_WITH_KNOTS('',2,(#14181,#14182,#14183),
 .UNSPECIFIED.,.F.,.F.,(3,3),(0.,1.),.PIECEWISE_BEZIER_KNOTS.);
#743=B_SPLINE_CURVE_WITH_KNOTS('',2,(#14198,#14199,#14200),
 .UNSPECIFIED.,.F.,.F.,(3,3),(0.,1.),.PIECEWISE_BEZIER_KNOTS.);
#744=B_SPLINE_CURVE_WITH_KNOTS('',2,(#14211,#14212,#14213),
 .UNSPECIFIED.,.F.,.F.,(3,3),(0.,1.),.PIECEWISE_BEZIER_KNOTS.);
#745=B_SPLINE_CURVE_WITH_KNOTS('',2,(#14222,#14223,#14224),
 .UNSPECIFIED.,.F.,.F.,(3,3),(0.,1.),.PIECEWISE_BEZIER_KNOTS.);
#746=B_SPLINE_CURVE_WITH_KNOTS('',2,(#14233,#14234,#14235),
 .UNSPECIFIED.,.F.,.F.,(3,3),(0.,1.),.PIECEWISE_BEZIER_KNOTS.);
#747=B_SPLINE_CURVE_WITH_KNOTS('',2,(#14236,#14237,#14238),
 .UNSPECIFIED.,.F.,.F.,(3,3),(0.,1.),.PIECEWISE_BEZIER_KNOTS.);
#748=B_SPLINE_CURVE_WITH_KNOTS('',2,(#14258,#14259,#14260),
 .UNSPECIFIED.,.F.,.F.,(3,3),(0.,1.),.PIECEWISE_BEZIER_KNOTS.);
#749=B_SPLINE_CURVE_WITH_KNOTS('',2,(#14264,#14265,#14266),
 .UNSPECIFIED.,.F.,.F.,(3,3),(0.,1.),.PIECEWISE_BEZIER_KNOTS.);
#750=B_SPLINE_CURVE_WITH_KNOTS('',2,(#14275,#14276,#14277),
 .UNSPECIFIED.,.F.,.F.,(3,3),(0.,1.),.PIECEWISE_BEZIER_KNOTS.);
#751=B_SPLINE_CURVE_WITH_KNOTS('',2,(#14281,#14282,#14283),
 .UNSPECIFIED.,.F.,.F.,(3,3),(0.,1.),.PIECEWISE_BEZIER_KNOTS.);
#752=B_SPLINE_CURVE_WITH_KNOTS('',2,(#14310,#14311,#14312),
 .UNSPECIFIED.,.F.,.F.,(3,3),(0.,1.),.PIECEWISE_BEZIER_KNOTS.);
#753=B_SPLINE_CURVE_WITH_KNOTS('',2,(#14316,#14317,#14318),
 .UNSPECIFIED.,.F.,.F.,(3,3),(0.,1.),.PIECEWISE_BEZIER_KNOTS.);
#754=B_SPLINE_CURVE_WITH_KNOTS('',2,(#14329,#14330,#14331),
 .UNSPECIFIED.,.F.,.F.,(3,3),(0.,1.),.PIECEWISE_BEZIER_KNOTS.);
#755=B_SPLINE_CURVE_WITH_KNOTS('',2,(#14376,#14377,#14378),
 .UNSPECIFIED.,.F.,.F.,(3,3),(0.,1.),.PIECEWISE_BEZIER_KNOTS.);
#756=B_SPLINE_CURVE_WITH_KNOTS('',2,(#14389,#14390,#14391),
 .UNSPECIFIED.,.F.,.F.,(3,3),(0.,1.),.PIECEWISE_BEZIER_KNOTS.);
#757=B_SPLINE_CURVE_WITH_KNOTS('',2,(#14404,#14405,#14406),
 .UNSPECIFIED.,.F.,.F.,(3,3),(0.,1.),.PIECEWISE_BEZIER_KNOTS.);
#758=B_SPLINE_CURVE_WITH_KNOTS('',2,(#14415,#14416,#14417),
 .UNSPECIFIED.,.F.,.F.,(3,3),(0.,1.),.PIECEWISE_BEZIER_KNOTS.);
#759=B_SPLINE_CURVE_WITH_KNOTS('',2,(#14418,#14419,#14420),
 .UNSPECIFIED.,.F.,.F.,(3,3),(0.,1.),.PIECEWISE_BEZIER_KNOTS.);
#760=B_SPLINE_CURVE_WITH_KNOTS('',2,(#14433,#14434,#14435),
 .UNSPECIFIED.,.F.,.F.,(3,3),(0.,1.),.PIECEWISE_BEZIER_KNOTS.);
#761=B_SPLINE_CURVE_WITH_KNOTS('',2,(#14452,#14453,#14454),
 .UNSPECIFIED.,.F.,.F.,(3,3),(0.,1.),.PIECEWISE_BEZIER_KNOTS.);
#762=B_SPLINE_CURVE_WITH_KNOTS('',2,(#14465,#14466,#14467),
 .UNSPECIFIED.,.F.,.F.,(3,3),(0.,1.),.PIECEWISE_BEZIER_KNOTS.);
#763=B_SPLINE_CURVE_WITH_KNOTS('',2,(#14478,#14479,#14480),
 .UNSPECIFIED.,.F.,.F.,(3,3),(0.,1.),.PIECEWISE_BEZIER_KNOTS.);
#764=B_SPLINE_CURVE_WITH_KNOTS('',2,(#14491,#14492,#14493),
 .UNSPECIFIED.,.F.,.F.,(3,3),(0.,1.),.PIECEWISE_BEZIER_KNOTS.);
#765=B_SPLINE_CURVE_WITH_KNOTS('',2,(#14504,#14505,#14506),
 .UNSPECIFIED.,.F.,.F.,(3,3),(0.,1.),.PIECEWISE_BEZIER_KNOTS.);
#766=B_SPLINE_CURVE_WITH_KNOTS('',2,(#14521,#14522,#14523),
 .UNSPECIFIED.,.F.,.F.,(3,3),(0.,1.),.PIECEWISE_BEZIER_KNOTS.);
#767=B_SPLINE_CURVE_WITH_KNOTS('',2,(#14538,#14539,#14540),
 .UNSPECIFIED.,.F.,.F.,(3,3),(0.,1.),.PIECEWISE_BEZIER_KNOTS.);
#768=B_SPLINE_CURVE_WITH_KNOTS('',2,(#14551,#14552,#14553),
 .UNSPECIFIED.,.F.,.F.,(3,3),(0.,1.),.PIECEWISE_BEZIER_KNOTS.);
#769=B_SPLINE_CURVE_WITH_KNOTS('',2,(#14568,#14569,#14570),
 .UNSPECIFIED.,.F.,.F.,(3,3),(0.,1.),.PIECEWISE_BEZIER_KNOTS.);
#770=B_SPLINE_CURVE_WITH_KNOTS('',2,(#14581,#14582,#14583),
 .UNSPECIFIED.,.F.,.F.,(3,3),(0.,1.),.PIECEWISE_BEZIER_KNOTS.);
#771=B_SPLINE_CURVE_WITH_KNOTS('',2,(#14594,#14595,#14596),
 .UNSPECIFIED.,.F.,.F.,(3,3),(0.,1.),.PIECEWISE_BEZIER_KNOTS.);
#772=B_SPLINE_CURVE_WITH_KNOTS('',2,(#14607,#14608,#14609),
 .UNSPECIFIED.,.F.,.F.,(3,3),(0.,1.),.PIECEWISE_BEZIER_KNOTS.);
#773=B_SPLINE_CURVE_WITH_KNOTS('',2,(#14624,#14625,#14626),
 .UNSPECIFIED.,.F.,.F.,(3,3),(0.,1.),.PIECEWISE_BEZIER_KNOTS.);
#774=B_SPLINE_CURVE_WITH_KNOTS('',2,(#14637,#14638,#14639),
 .UNSPECIFIED.,.F.,.F.,(3,3),(0.,1.),.PIECEWISE_BEZIER_KNOTS.);
#775=B_SPLINE_CURVE_WITH_KNOTS('',2,(#14650,#14651,#14652),
 .UNSPECIFIED.,.F.,.F.,(3,3),(0.,1.),.PIECEWISE_BEZIER_KNOTS.);
#776=B_SPLINE_CURVE_WITH_KNOTS('',2,(#14690,#14691,#14692),
 .UNSPECIFIED.,.F.,.F.,(3,3),(0.,1.),.PIECEWISE_BEZIER_KNOTS.);
#777=B_SPLINE_CURVE_WITH_KNOTS('',2,(#14696,#14697,#14698),
 .UNSPECIFIED.,.F.,.F.,(3,3),(0.,1.),.PIECEWISE_BEZIER_KNOTS.);
#778=B_SPLINE_CURVE_WITH_KNOTS('',2,(#14707,#14708,#14709),
 .UNSPECIFIED.,.F.,.F.,(3,3),(0.,1.),.PIECEWISE_BEZIER_KNOTS.);
#779=B_SPLINE_CURVE_WITH_KNOTS('',2,(#14713,#14714,#14715),
 .UNSPECIFIED.,.F.,.F.,(3,3),(0.,1.),.PIECEWISE_BEZIER_KNOTS.);
#780=B_SPLINE_CURVE_WITH_KNOTS('',2,(#14742,#14743,#14744),
 .UNSPECIFIED.,.F.,.F.,(3,3),(0.,1.),.PIECEWISE_BEZIER_KNOTS.);
#781=B_SPLINE_CURVE_WITH_KNOTS('',2,(#14748,#14749,#14750),
 .UNSPECIFIED.,.F.,.F.,(3,3),(0.,1.),.PIECEWISE_BEZIER_KNOTS.);
#782=B_SPLINE_CURVE_WITH_KNOTS('',2,(#14759,#14760,#14761),
 .UNSPECIFIED.,.F.,.F.,(3,3),(0.,1.),.PIECEWISE_BEZIER_KNOTS.);
#783=B_SPLINE_CURVE_WITH_KNOTS('',2,(#14766,#14767,#14768),
 .UNSPECIFIED.,.F.,.F.,(3,3),(0.,1.),.PIECEWISE_BEZIER_KNOTS.);
#784=B_SPLINE_CURVE_WITH_KNOTS('',2,(#14797,#14798,#14799),
 .UNSPECIFIED.,.F.,.F.,(3,3),(0.,1.),.PIECEWISE_BEZIER_KNOTS.);
#785=B_SPLINE_CURVE_WITH_KNOTS('',2,(#14803,#14804,#14805),
 .UNSPECIFIED.,.F.,.F.,(3,3),(0.,1.),.PIECEWISE_BEZIER_KNOTS.);
#786=B_SPLINE_CURVE_WITH_KNOTS('',2,(#14814,#14815,#14816),
 .UNSPECIFIED.,.F.,.F.,(3,3),(0.,1.),.PIECEWISE_BEZIER_KNOTS.);
#787=B_SPLINE_CURVE_WITH_KNOTS('',2,(#14820,#14821,#14822),
 .UNSPECIFIED.,.F.,.F.,(3,3),(0.,1.),.PIECEWISE_BEZIER_KNOTS.);
#788=B_SPLINE_CURVE_WITH_KNOTS('',2,(#14839,#14840,#14841),
 .UNSPECIFIED.,.F.,.F.,(3,3),(0.,1.),.PIECEWISE_BEZIER_KNOTS.);
#789=B_SPLINE_CURVE_WITH_KNOTS('',2,(#14858,#14859,#14860),
 .UNSPECIFIED.,.F.,.F.,(3,3),(0.,1.),.PIECEWISE_BEZIER_KNOTS.);
#790=B_SPLINE_CURVE_WITH_KNOTS('',2,(#14871,#14872,#14873),
 .UNSPECIFIED.,.F.,.F.,(3,3),(0.,1.),.PIECEWISE_BEZIER_KNOTS.);
#791=B_SPLINE_CURVE_WITH_KNOTS('',2,(#14896,#14897,#14898),
 .UNSPECIFIED.,.F.,.F.,(3,3),(0.,1.),.PIECEWISE_BEZIER_KNOTS.);
#792=B_SPLINE_CURVE_WITH_KNOTS('',2,(#14909,#14910,#14911),
 .UNSPECIFIED.,.F.,.F.,(3,3),(0.,1.),.PIECEWISE_BEZIER_KNOTS.);
#793=B_SPLINE_CURVE_WITH_KNOTS('',2,(#14926,#14927,#14928),
 .UNSPECIFIED.,.F.,.F.,(3,3),(0.,1.),.PIECEWISE_BEZIER_KNOTS.);
#794=B_SPLINE_CURVE_WITH_KNOTS('',2,(#14939,#14940,#14941),
 .UNSPECIFIED.,.F.,.F.,(3,3),(0.,1.),.PIECEWISE_BEZIER_KNOTS.);
#795=B_SPLINE_CURVE_WITH_KNOTS('',2,(#14950,#14951,#14952),
 .UNSPECIFIED.,.F.,.F.,(3,3),(0.,1.),.PIECEWISE_BEZIER_KNOTS.);
#796=B_SPLINE_CURVE_WITH_KNOTS('',2,(#14953,#14954,#14955),
 .UNSPECIFIED.,.F.,.F.,(3,3),(0.,1.),.PIECEWISE_BEZIER_KNOTS.);
#797=B_SPLINE_CURVE_WITH_KNOTS('',2,(#14966,#14967,#14968),
 .UNSPECIFIED.,.F.,.F.,(3,3),(0.,1.),.PIECEWISE_BEZIER_KNOTS.);
#798=B_SPLINE_CURVE_WITH_KNOTS('',2,(#14969,#14970,#14971),
 .UNSPECIFIED.,.F.,.F.,(3,3),(0.,1.),.PIECEWISE_BEZIER_KNOTS.);
#799=B_SPLINE_CURVE_WITH_KNOTS('',2,(#14983,#14984,#14985),
 .UNSPECIFIED.,.F.,.F.,(3,3),(0.,1.),.PIECEWISE_BEZIER_KNOTS.);
#800=B_SPLINE_CURVE_WITH_KNOTS('',2,(#14990,#14991,#14992),
 .UNSPECIFIED.,.F.,.F.,(3,3),(0.,1.),.PIECEWISE_BEZIER_KNOTS.);
#801=B_SPLINE_CURVE_WITH_KNOTS('',2,(#15003,#15004,#15005),
 .UNSPECIFIED.,.F.,.F.,(3,3),(0.,1.),.PIECEWISE_BEZIER_KNOTS.);
#802=B_SPLINE_CURVE_WITH_KNOTS('',2,(#15009,#15010,#15011),
 .UNSPECIFIED.,.F.,.F.,(3,3),(0.,1.),.PIECEWISE_BEZIER_KNOTS.);
#803=B_SPLINE_CURVE_WITH_KNOTS('',2,(#15020,#15021,#15022),
 .UNSPECIFIED.,.F.,.F.,(3,3),(0.,1.),.PIECEWISE_BEZIER_KNOTS.);
#804=B_SPLINE_CURVE_WITH_KNOTS('',2,(#15026,#15027,#15028),
 .UNSPECIFIED.,.F.,.F.,(3,3),(0.,1.),.PIECEWISE_BEZIER_KNOTS.);
#805=B_SPLINE_CURVE_WITH_KNOTS('',2,(#15037,#15038,#15039),
 .UNSPECIFIED.,.F.,.F.,(3,3),(0.,1.),.PIECEWISE_BEZIER_KNOTS.);
#806=B_SPLINE_CURVE_WITH_KNOTS('',2,(#15043,#15044,#15045),
 .UNSPECIFIED.,.F.,.F.,(3,3),(0.,1.),.PIECEWISE_BEZIER_KNOTS.);
#807=B_SPLINE_CURVE_WITH_KNOTS('',2,(#15060,#15061,#15062),
 .UNSPECIFIED.,.F.,.F.,(3,3),(0.,1.),.PIECEWISE_BEZIER_KNOTS.);
#808=B_SPLINE_CURVE_WITH_KNOTS('',2,(#15066,#15067,#15068),
 .UNSPECIFIED.,.F.,.F.,(3,3),(0.,1.),.PIECEWISE_BEZIER_KNOTS.);
#809=B_SPLINE_CURVE_WITH_KNOTS('',2,(#15077,#15078,#15079),
 .UNSPECIFIED.,.F.,.F.,(3,3),(0.,1.),.PIECEWISE_BEZIER_KNOTS.);
#810=B_SPLINE_CURVE_WITH_KNOTS('',2,(#15083,#15084,#15085),
 .UNSPECIFIED.,.F.,.F.,(3,3),(0.,1.),.PIECEWISE_BEZIER_KNOTS.);
#811=B_SPLINE_CURVE_WITH_KNOTS('',2,(#15094,#15095,#15096),
 .UNSPECIFIED.,.F.,.F.,(3,3),(0.,1.),.PIECEWISE_BEZIER_KNOTS.);
#812=B_SPLINE_CURVE_WITH_KNOTS('',2,(#15100,#15101,#15102),
 .UNSPECIFIED.,.F.,.F.,(3,3),(0.,1.),.PIECEWISE_BEZIER_KNOTS.);
#813=B_SPLINE_CURVE_WITH_KNOTS('',2,(#15119,#15120,#15121),
 .UNSPECIFIED.,.F.,.F.,(3,3),(0.,1.),.PIECEWISE_BEZIER_KNOTS.);
#814=B_SPLINE_CURVE_WITH_KNOTS('',2,(#15134,#15135,#15136),
 .UNSPECIFIED.,.F.,.F.,(3,3),(0.,1.),.PIECEWISE_BEZIER_KNOTS.);
#815=B_SPLINE_CURVE_WITH_KNOTS('',2,(#15147,#15148,#15149),
 .UNSPECIFIED.,.F.,.F.,(3,3),(0.,1.),.PIECEWISE_BEZIER_KNOTS.);
#816=B_SPLINE_CURVE_WITH_KNOTS('',2,(#15160,#15161,#15162),
 .UNSPECIFIED.,.F.,.F.,(3,3),(0.,1.),.PIECEWISE_BEZIER_KNOTS.);
#817=B_SPLINE_CURVE_WITH_KNOTS('',2,(#15173,#15174,#15175),
 .UNSPECIFIED.,.F.,.F.,(3,3),(0.,1.),.PIECEWISE_BEZIER_KNOTS.);
#818=B_SPLINE_CURVE_WITH_KNOTS('',2,(#15190,#15191,#15192),
 .UNSPECIFIED.,.F.,.F.,(3,3),(0.,1.),.PIECEWISE_BEZIER_KNOTS.);
#819=B_SPLINE_CURVE_WITH_KNOTS('',2,(#15203,#15204,#15205),
 .UNSPECIFIED.,.F.,.F.,(3,3),(0.,1.),.PIECEWISE_BEZIER_KNOTS.);
#820=B_SPLINE_CURVE_WITH_KNOTS('',2,(#15220,#15221,#15222),
 .UNSPECIFIED.,.F.,.F.,(3,3),(0.,1.),.PIECEWISE_BEZIER_KNOTS.);
#821=B_SPLINE_CURVE_WITH_KNOTS('',2,(#15233,#15234,#15235),
 .UNSPECIFIED.,.F.,.F.,(3,3),(0.,1.),.PIECEWISE_BEZIER_KNOTS.);
#822=B_SPLINE_CURVE_WITH_KNOTS('',2,(#15246,#15247,#15248),
 .UNSPECIFIED.,.F.,.F.,(3,3),(0.,1.),.PIECEWISE_BEZIER_KNOTS.);
#823=B_SPLINE_CURVE_WITH_KNOTS('',2,(#15249,#15250,#15251),
 .UNSPECIFIED.,.F.,.F.,(3,3),(0.,1.),.PIECEWISE_BEZIER_KNOTS.);
#824=ORIENTED_EDGE('',*,*,#3352,.T.);
#825=ORIENTED_EDGE('',*,*,#3353,.T.);
#826=ORIENTED_EDGE('',*,*,#3354,.T.);
#827=ORIENTED_EDGE('',*,*,#3355,.T.);
#828=ORIENTED_EDGE('',*,*,#3356,.T.);
#829=ORIENTED_EDGE('',*,*,#3357,.T.);
#830=ORIENTED_EDGE('',*,*,#3358,.T.);
#831=ORIENTED_EDGE('',*,*,#3359,.T.);
#832=ORIENTED_EDGE('',*,*,#3360,.T.);
#833=ORIENTED_EDGE('',*,*,#3361,.T.);
#834=ORIENTED_EDGE('',*,*,#3362,.T.);
#835=ORIENTED_EDGE('',*,*,#3363,.T.);
#836=ORIENTED_EDGE('',*,*,#3364,.T.);
#837=ORIENTED_EDGE('',*,*,#3365,.T.);
#838=ORIENTED_EDGE('',*,*,#3366,.T.);
#839=ORIENTED_EDGE('',*,*,#3367,.T.);
#840=ORIENTED_EDGE('',*,*,#3368,.T.);
#841=ORIENTED_EDGE('',*,*,#3369,.T.);
#842=ORIENTED_EDGE('',*,*,#3370,.T.);
#843=ORIENTED_EDGE('',*,*,#3371,.T.);
#844=ORIENTED_EDGE('',*,*,#3372,.T.);
#845=ORIENTED_EDGE('',*,*,#3373,.T.);
#846=ORIENTED_EDGE('',*,*,#3374,.T.);
#847=ORIENTED_EDGE('',*,*,#3375,.T.);
#848=ORIENTED_EDGE('',*,*,#3376,.T.);
#849=ORIENTED_EDGE('',*,*,#3377,.T.);
#850=ORIENTED_EDGE('',*,*,#3378,.T.);
#851=ORIENTED_EDGE('',*,*,#3379,.T.);
#852=ORIENTED_EDGE('',*,*,#3380,.T.);
#853=ORIENTED_EDGE('',*,*,#3381,.T.);
#854=ORIENTED_EDGE('',*,*,#3382,.T.);
#855=ORIENTED_EDGE('',*,*,#3383,.T.);
#856=ORIENTED_EDGE('',*,*,#3384,.T.);
#857=ORIENTED_EDGE('',*,*,#3385,.T.);
#858=ORIENTED_EDGE('',*,*,#3386,.T.);
#859=ORIENTED_EDGE('',*,*,#3387,.T.);
#860=ORIENTED_EDGE('',*,*,#3388,.T.);
#861=ORIENTED_EDGE('',*,*,#3389,.T.);
#862=ORIENTED_EDGE('',*,*,#3390,.T.);
#863=ORIENTED_EDGE('',*,*,#3391,.T.);
#864=ORIENTED_EDGE('',*,*,#3392,.T.);
#865=ORIENTED_EDGE('',*,*,#3393,.T.);
#866=ORIENTED_EDGE('',*,*,#3394,.T.);
#867=ORIENTED_EDGE('',*,*,#3395,.T.);
#868=ORIENTED_EDGE('',*,*,#3396,.T.);
#869=ORIENTED_EDGE('',*,*,#3397,.T.);
#870=ORIENTED_EDGE('',*,*,#3398,.T.);
#871=ORIENTED_EDGE('',*,*,#3399,.T.);
#872=ORIENTED_EDGE('',*,*,#3400,.T.);
#873=ORIENTED_EDGE('',*,*,#3401,.T.);
#874=ORIENTED_EDGE('',*,*,#3402,.T.);
#875=ORIENTED_EDGE('',*,*,#3403,.T.);
#876=ORIENTED_EDGE('',*,*,#3404,.T.);
#877=ORIENTED_EDGE('',*,*,#3405,.T.);
#878=ORIENTED_EDGE('',*,*,#3406,.T.);
#879=ORIENTED_EDGE('',*,*,#3407,.T.);
#880=ORIENTED_EDGE('',*,*,#3408,.T.);
#881=ORIENTED_EDGE('',*,*,#3409,.T.);
#882=ORIENTED_EDGE('',*,*,#3410,.T.);
#883=ORIENTED_EDGE('',*,*,#3411,.T.);
#884=ORIENTED_EDGE('',*,*,#3412,.T.);
#885=ORIENTED_EDGE('',*,*,#3413,.T.);
#886=ORIENTED_EDGE('',*,*,#3414,.T.);
#887=ORIENTED_EDGE('',*,*,#3415,.T.);
#888=ORIENTED_EDGE('',*,*,#3416,.T.);
#889=ORIENTED_EDGE('',*,*,#3417,.T.);
#890=ORIENTED_EDGE('',*,*,#3418,.T.);
#891=ORIENTED_EDGE('',*,*,#3419,.T.);
#892=ORIENTED_EDGE('',*,*,#3420,.T.);
#893=ORIENTED_EDGE('',*,*,#3421,.T.);
#894=ORIENTED_EDGE('',*,*,#3422,.T.);
#895=ORIENTED_EDGE('',*,*,#3423,.T.);
#896=ORIENTED_EDGE('',*,*,#3424,.T.);
#897=ORIENTED_EDGE('',*,*,#3425,.T.);
#898=ORIENTED_EDGE('',*,*,#3426,.T.);
#899=ORIENTED_EDGE('',*,*,#3427,.T.);
#900=ORIENTED_EDGE('',*,*,#3428,.T.);
#901=ORIENTED_EDGE('',*,*,#3429,.T.);
#902=ORIENTED_EDGE('',*,*,#3430,.T.);
#903=ORIENTED_EDGE('',*,*,#3431,.T.);
#904=ORIENTED_EDGE('',*,*,#3432,.T.);
#905=ORIENTED_EDGE('',*,*,#3433,.T.);
#906=ORIENTED_EDGE('',*,*,#3434,.T.);
#907=ORIENTED_EDGE('',*,*,#3435,.T.);
#908=ORIENTED_EDGE('',*,*,#3436,.T.);
#909=ORIENTED_EDGE('',*,*,#3437,.T.);
#910=ORIENTED_EDGE('',*,*,#3438,.T.);
#911=ORIENTED_EDGE('',*,*,#3439,.T.);
#912=ORIENTED_EDGE('',*,*,#3440,.T.);
#913=ORIENTED_EDGE('',*,*,#3441,.T.);
#914=ORIENTED_EDGE('',*,*,#3442,.T.);
#915=ORIENTED_EDGE('',*,*,#3443,.T.);
#916=ORIENTED_EDGE('',*,*,#3444,.T.);
#917=ORIENTED_EDGE('',*,*,#3445,.T.);
#918=ORIENTED_EDGE('',*,*,#3446,.T.);
#919=ORIENTED_EDGE('',*,*,#3447,.T.);
#920=ORIENTED_EDGE('',*,*,#3448,.T.);
#921=ORIENTED_EDGE('',*,*,#3449,.T.);
#922=ORIENTED_EDGE('',*,*,#3450,.T.);
#923=ORIENTED_EDGE('',*,*,#3451,.T.);
#924=ORIENTED_EDGE('',*,*,#3452,.T.);
#925=ORIENTED_EDGE('',*,*,#3453,.T.);
#926=ORIENTED_EDGE('',*,*,#3454,.T.);
#927=ORIENTED_EDGE('',*,*,#3455,.T.);
#928=ORIENTED_EDGE('',*,*,#3456,.T.);
#929=ORIENTED_EDGE('',*,*,#3457,.T.);
#930=ORIENTED_EDGE('',*,*,#3458,.T.);
#931=ORIENTED_EDGE('',*,*,#3459,.T.);
#932=ORIENTED_EDGE('',*,*,#3460,.T.);
#933=ORIENTED_EDGE('',*,*,#3461,.T.);
#934=ORIENTED_EDGE('',*,*,#3462,.T.);
#935=ORIENTED_EDGE('',*,*,#3463,.T.);
#936=ORIENTED_EDGE('',*,*,#3464,.T.);
#937=ORIENTED_EDGE('',*,*,#3465,.T.);
#938=ORIENTED_EDGE('',*,*,#3466,.T.);
#939=ORIENTED_EDGE('',*,*,#3467,.T.);
#940=ORIENTED_EDGE('',*,*,#3468,.T.);
#941=ORIENTED_EDGE('',*,*,#3469,.T.);
#942=ORIENTED_EDGE('',*,*,#3470,.T.);
#943=ORIENTED_EDGE('',*,*,#3471,.T.);
#944=ORIENTED_EDGE('',*,*,#3472,.T.);
#945=ORIENTED_EDGE('',*,*,#3473,.T.);
#946=ORIENTED_EDGE('',*,*,#3474,.T.);
#947=ORIENTED_EDGE('',*,*,#3475,.T.);
#948=ORIENTED_EDGE('',*,*,#3476,.T.);
#949=ORIENTED_EDGE('',*,*,#3477,.T.);
#950=ORIENTED_EDGE('',*,*,#3478,.T.);
#951=ORIENTED_EDGE('',*,*,#3479,.T.);
#952=ORIENTED_EDGE('',*,*,#3480,.T.);
#953=ORIENTED_EDGE('',*,*,#3481,.T.);
#954=ORIENTED_EDGE('',*,*,#3482,.T.);
#955=ORIENTED_EDGE('',*,*,#3483,.T.);
#956=ORIENTED_EDGE('',*,*,#3484,.T.);
#957=ORIENTED_EDGE('',*,*,#3485,.T.);
#958=ORIENTED_EDGE('',*,*,#3486,.T.);
#959=ORIENTED_EDGE('',*,*,#3487,.T.);
#960=ORIENTED_EDGE('',*,*,#3488,.T.);
#961=ORIENTED_EDGE('',*,*,#3489,.T.);
#962=ORIENTED_EDGE('',*,*,#3490,.T.);
#963=ORIENTED_EDGE('',*,*,#3491,.T.);
#964=ORIENTED_EDGE('',*,*,#3492,.T.);
#965=ORIENTED_EDGE('',*,*,#3493,.T.);
#966=ORIENTED_EDGE('',*,*,#3494,.T.);
#967=ORIENTED_EDGE('',*,*,#3495,.T.);
#968=ORIENTED_EDGE('',*,*,#3496,.T.);
#969=ORIENTED_EDGE('',*,*,#3497,.T.);
#970=ORIENTED_EDGE('',*,*,#3498,.T.);
#971=ORIENTED_EDGE('',*,*,#3499,.T.);
#972=ORIENTED_EDGE('',*,*,#3500,.T.);
#973=ORIENTED_EDGE('',*,*,#3501,.T.);
#974=ORIENTED_EDGE('',*,*,#3502,.T.);
#975=ORIENTED_EDGE('',*,*,#3503,.T.);
#976=ORIENTED_EDGE('',*,*,#3504,.T.);
#977=ORIENTED_EDGE('',*,*,#3505,.T.);
#978=ORIENTED_EDGE('',*,*,#3506,.T.);
#979=ORIENTED_EDGE('',*,*,#3507,.T.);
#980=ORIENTED_EDGE('',*,*,#3508,.T.);
#981=ORIENTED_EDGE('',*,*,#3509,.T.);
#982=ORIENTED_EDGE('',*,*,#3510,.T.);
#983=ORIENTED_EDGE('',*,*,#3511,.T.);
#984=ORIENTED_EDGE('',*,*,#3512,.T.);
#985=ORIENTED_EDGE('',*,*,#3513,.T.);
#986=ORIENTED_EDGE('',*,*,#3514,.T.);
#987=ORIENTED_EDGE('',*,*,#3515,.T.);
#988=ORIENTED_EDGE('',*,*,#3516,.T.);
#989=ORIENTED_EDGE('',*,*,#3517,.T.);
#990=ORIENTED_EDGE('',*,*,#3518,.T.);
#991=ORIENTED_EDGE('',*,*,#3519,.T.);
#992=ORIENTED_EDGE('',*,*,#3520,.T.);
#993=ORIENTED_EDGE('',*,*,#3521,.T.);
#994=ORIENTED_EDGE('',*,*,#3522,.T.);
#995=ORIENTED_EDGE('',*,*,#3523,.T.);
#996=ORIENTED_EDGE('',*,*,#3524,.T.);
#997=ORIENTED_EDGE('',*,*,#3525,.T.);
#998=ORIENTED_EDGE('',*,*,#3526,.T.);
#999=ORIENTED_EDGE('',*,*,#3527,.T.);
#1000=ORIENTED_EDGE('',*,*,#3528,.T.);
#1001=ORIENTED_EDGE('',*,*,#3529,.T.);
#1002=ORIENTED_EDGE('',*,*,#3530,.T.);
#1003=ORIENTED_EDGE('',*,*,#3531,.T.);
#1004=ORIENTED_EDGE('',*,*,#3532,.T.);
#1005=ORIENTED_EDGE('',*,*,#3533,.T.);
#1006=ORIENTED_EDGE('',*,*,#3534,.T.);
#1007=ORIENTED_EDGE('',*,*,#3535,.T.);
#1008=ORIENTED_EDGE('',*,*,#3536,.T.);
#1009=ORIENTED_EDGE('',*,*,#3537,.T.);
#1010=ORIENTED_EDGE('',*,*,#3538,.T.);
#1011=ORIENTED_EDGE('',*,*,#3539,.T.);
#1012=ORIENTED_EDGE('',*,*,#3540,.T.);
#1013=ORIENTED_EDGE('',*,*,#3541,.T.);
#1014=ORIENTED_EDGE('',*,*,#3542,.T.);
#1015=ORIENTED_EDGE('',*,*,#3543,.T.);
#1016=ORIENTED_EDGE('',*,*,#3544,.T.);
#1017=ORIENTED_EDGE('',*,*,#3545,.T.);
#1018=ORIENTED_EDGE('',*,*,#3546,.T.);
#1019=ORIENTED_EDGE('',*,*,#3547,.T.);
#1020=ORIENTED_EDGE('',*,*,#3548,.T.);
#1021=ORIENTED_EDGE('',*,*,#3549,.T.);
#1022=ORIENTED_EDGE('',*,*,#3550,.T.);
#1023=ORIENTED_EDGE('',*,*,#3551,.T.);
#1024=ORIENTED_EDGE('',*,*,#3552,.T.);
#1025=ORIENTED_EDGE('',*,*,#3553,.T.);
#1026=ORIENTED_EDGE('',*,*,#3554,.T.);
#1027=ORIENTED_EDGE('',*,*,#3555,.T.);
#1028=ORIENTED_EDGE('',*,*,#3556,.T.);
#1029=ORIENTED_EDGE('',*,*,#3557,.T.);
#1030=ORIENTED_EDGE('',*,*,#3558,.T.);
#1031=ORIENTED_EDGE('',*,*,#3559,.T.);
#1032=ORIENTED_EDGE('',*,*,#3560,.T.);
#1033=ORIENTED_EDGE('',*,*,#3561,.T.);
#1034=ORIENTED_EDGE('',*,*,#3562,.T.);
#1035=ORIENTED_EDGE('',*,*,#3563,.T.);
#1036=ORIENTED_EDGE('',*,*,#3564,.T.);
#1037=ORIENTED_EDGE('',*,*,#3565,.T.);
#1038=ORIENTED_EDGE('',*,*,#3566,.T.);
#1039=ORIENTED_EDGE('',*,*,#3567,.T.);
#1040=ORIENTED_EDGE('',*,*,#3568,.T.);
#1041=ORIENTED_EDGE('',*,*,#3569,.T.);
#1042=ORIENTED_EDGE('',*,*,#3570,.T.);
#1043=ORIENTED_EDGE('',*,*,#3571,.T.);
#1044=ORIENTED_EDGE('',*,*,#3572,.T.);
#1045=ORIENTED_EDGE('',*,*,#3573,.T.);
#1046=ORIENTED_EDGE('',*,*,#3574,.T.);
#1047=ORIENTED_EDGE('',*,*,#3575,.T.);
#1048=ORIENTED_EDGE('',*,*,#3576,.T.);
#1049=ORIENTED_EDGE('',*,*,#3577,.T.);
#1050=ORIENTED_EDGE('',*,*,#3578,.T.);
#1051=ORIENTED_EDGE('',*,*,#3579,.T.);
#1052=ORIENTED_EDGE('',*,*,#3580,.T.);
#1053=ORIENTED_EDGE('',*,*,#3581,.T.);
#1054=ORIENTED_EDGE('',*,*,#3582,.T.);
#1055=ORIENTED_EDGE('',*,*,#3583,.T.);
#1056=ORIENTED_EDGE('',*,*,#3584,.T.);
#1057=ORIENTED_EDGE('',*,*,#3585,.T.);
#1058=ORIENTED_EDGE('',*,*,#3586,.T.);
#1059=ORIENTED_EDGE('',*,*,#3587,.T.);
#1060=ORIENTED_EDGE('',*,*,#3588,.T.);
#1061=ORIENTED_EDGE('',*,*,#3589,.T.);
#1062=ORIENTED_EDGE('',*,*,#3590,.T.);
#1063=ORIENTED_EDGE('',*,*,#3591,.T.);
#1064=ORIENTED_EDGE('',*,*,#3592,.T.);
#1065=ORIENTED_EDGE('',*,*,#3593,.T.);
#1066=ORIENTED_EDGE('',*,*,#3594,.T.);
#1067=ORIENTED_EDGE('',*,*,#3595,.T.);
#1068=ORIENTED_EDGE('',*,*,#3596,.T.);
#1069=ORIENTED_EDGE('',*,*,#3597,.T.);
#1070=ORIENTED_EDGE('',*,*,#3598,.T.);
#1071=ORIENTED_EDGE('',*,*,#3599,.T.);
#1072=ORIENTED_EDGE('',*,*,#3600,.T.);
#1073=ORIENTED_EDGE('',*,*,#3601,.T.);
#1074=ORIENTED_EDGE('',*,*,#3602,.T.);
#1075=ORIENTED_EDGE('',*,*,#3603,.T.);
#1076=ORIENTED_EDGE('',*,*,#3604,.T.);
#1077=ORIENTED_EDGE('',*,*,#3605,.T.);
#1078=ORIENTED_EDGE('',*,*,#3606,.T.);
#1079=ORIENTED_EDGE('',*,*,#3607,.T.);
#1080=ORIENTED_EDGE('',*,*,#3608,.T.);
#1081=ORIENTED_EDGE('',*,*,#3609,.T.);
#1082=ORIENTED_EDGE('',*,*,#3610,.T.);
#1083=ORIENTED_EDGE('',*,*,#3611,.T.);
#1084=ORIENTED_EDGE('',*,*,#3612,.T.);
#1085=ORIENTED_EDGE('',*,*,#3613,.T.);
#1086=ORIENTED_EDGE('',*,*,#3614,.T.);
#1087=ORIENTED_EDGE('',*,*,#3615,.T.);
#1088=ORIENTED_EDGE('',*,*,#3616,.T.);
#1089=ORIENTED_EDGE('',*,*,#3617,.T.);
#1090=ORIENTED_EDGE('',*,*,#3618,.T.);
#1091=ORIENTED_EDGE('',*,*,#3619,.T.);
#1092=ORIENTED_EDGE('',*,*,#3620,.T.);
#1093=ORIENTED_EDGE('',*,*,#3621,.T.);
#1094=ORIENTED_EDGE('',*,*,#3622,.T.);
#1095=ORIENTED_EDGE('',*,*,#3623,.T.);
#1096=ORIENTED_EDGE('',*,*,#3624,.T.);
#1097=ORIENTED_EDGE('',*,*,#3625,.T.);
#1098=ORIENTED_EDGE('',*,*,#3626,.T.);
#1099=ORIENTED_EDGE('',*,*,#3627,.T.);
#1100=ORIENTED_EDGE('',*,*,#3628,.T.);
#1101=ORIENTED_EDGE('',*,*,#3629,.T.);
#1102=ORIENTED_EDGE('',*,*,#3630,.T.);
#1103=ORIENTED_EDGE('',*,*,#3631,.T.);
#1104=ORIENTED_EDGE('',*,*,#3632,.T.);
#1105=ORIENTED_EDGE('',*,*,#3633,.T.);
#1106=ORIENTED_EDGE('',*,*,#3634,.T.);
#1107=ORIENTED_EDGE('',*,*,#3635,.T.);
#1108=ORIENTED_EDGE('',*,*,#3636,.T.);
#1109=ORIENTED_EDGE('',*,*,#3637,.T.);
#1110=ORIENTED_EDGE('',*,*,#3638,.T.);
#1111=ORIENTED_EDGE('',*,*,#3639,.T.);
#1112=ORIENTED_EDGE('',*,*,#3640,.T.);
#1113=ORIENTED_EDGE('',*,*,#3641,.T.);
#1114=ORIENTED_EDGE('',*,*,#3642,.T.);
#1115=ORIENTED_EDGE('',*,*,#3643,.T.);
#1116=ORIENTED_EDGE('',*,*,#3644,.T.);
#1117=ORIENTED_EDGE('',*,*,#3645,.T.);
#1118=ORIENTED_EDGE('',*,*,#3646,.T.);
#1119=ORIENTED_EDGE('',*,*,#3647,.T.);
#1120=ORIENTED_EDGE('',*,*,#3648,.T.);
#1121=ORIENTED_EDGE('',*,*,#3649,.T.);
#1122=ORIENTED_EDGE('',*,*,#3650,.T.);
#1123=ORIENTED_EDGE('',*,*,#3651,.T.);
#1124=ORIENTED_EDGE('',*,*,#3652,.F.);
#1125=ORIENTED_EDGE('',*,*,#3653,.F.);
#1126=ORIENTED_EDGE('',*,*,#3654,.T.);
#1127=ORIENTED_EDGE('',*,*,#3655,.T.);
#1128=ORIENTED_EDGE('',*,*,#3656,.F.);
#1129=ORIENTED_EDGE('',*,*,#3654,.F.);
#1130=ORIENTED_EDGE('',*,*,#3657,.T.);
#1131=ORIENTED_EDGE('',*,*,#3658,.T.);
#1132=ORIENTED_EDGE('',*,*,#3659,.T.);
#1133=ORIENTED_EDGE('',*,*,#3660,.T.);
#1134=ORIENTED_EDGE('',*,*,#3661,.T.);
#1135=ORIENTED_EDGE('',*,*,#3662,.F.);
#1136=ORIENTED_EDGE('',*,*,#3663,.F.);
#1137=ORIENTED_EDGE('',*,*,#3664,.F.);
#1138=ORIENTED_EDGE('',*,*,#3665,.F.);
#1139=ORIENTED_EDGE('',*,*,#3657,.F.);
#1140=ORIENTED_EDGE('',*,*,#3653,.T.);
#1141=ORIENTED_EDGE('',*,*,#3666,.F.);
#1142=ORIENTED_EDGE('',*,*,#3667,.F.);
#1143=ORIENTED_EDGE('',*,*,#3668,.F.);
#1144=ORIENTED_EDGE('',*,*,#3669,.F.);
#1145=ORIENTED_EDGE('',*,*,#3658,.F.);
#1146=ORIENTED_EDGE('',*,*,#3670,.F.);
#1147=ORIENTED_EDGE('',*,*,#3671,.F.);
#1148=ORIENTED_EDGE('',*,*,#3655,.F.);
#1149=ORIENTED_EDGE('',*,*,#3656,.T.);
#1150=ORIENTED_EDGE('',*,*,#3672,.T.);
#1151=ORIENTED_EDGE('',*,*,#3673,.T.);
#1152=ORIENTED_EDGE('',*,*,#3672,.F.);
#1153=ORIENTED_EDGE('',*,*,#3659,.F.);
#1154=ORIENTED_EDGE('',*,*,#3669,.T.);
#1155=ORIENTED_EDGE('',*,*,#3673,.F.);
#1156=ORIENTED_EDGE('',*,*,#3674,.T.);
#1157=ORIENTED_EDGE('',*,*,#3652,.T.);
#1158=ORIENTED_EDGE('',*,*,#3671,.T.);
#1159=ORIENTED_EDGE('',*,*,#3666,.T.);
#1160=ORIENTED_EDGE('',*,*,#3674,.F.);
#1161=ORIENTED_EDGE('',*,*,#3668,.T.);
#1162=ORIENTED_EDGE('',*,*,#3675,.T.);
#1163=ORIENTED_EDGE('',*,*,#3665,.T.);
#1164=ORIENTED_EDGE('',*,*,#3675,.F.);
#1165=ORIENTED_EDGE('',*,*,#3667,.T.);
#1166=ORIENTED_EDGE('',*,*,#3676,.T.);
#1167=ORIENTED_EDGE('',*,*,#3677,.F.);
#1168=ORIENTED_EDGE('',*,*,#3664,.T.);
#1169=ORIENTED_EDGE('',*,*,#3678,.T.);
#1170=ORIENTED_EDGE('',*,*,#3678,.F.);
#1171=ORIENTED_EDGE('',*,*,#3663,.T.);
#1172=ORIENTED_EDGE('',*,*,#3679,.T.);
#1173=ORIENTED_EDGE('',*,*,#3680,.T.);
#1174=ORIENTED_EDGE('',*,*,#3681,.T.);
#1175=ORIENTED_EDGE('',*,*,#3682,.T.);
#1176=ORIENTED_EDGE('',*,*,#3683,.F.);
#1177=ORIENTED_EDGE('',*,*,#3661,.F.);
#1178=ORIENTED_EDGE('',*,*,#3684,.T.);
#1179=ORIENTED_EDGE('',*,*,#3685,.T.);
#1180=ORIENTED_EDGE('',*,*,#3684,.F.);
#1181=ORIENTED_EDGE('',*,*,#3660,.F.);
#1182=ORIENTED_EDGE('',*,*,#3677,.T.);
#1183=ORIENTED_EDGE('',*,*,#3686,.F.);
#1184=ORIENTED_EDGE('',*,*,#3679,.F.);
#1185=ORIENTED_EDGE('',*,*,#3662,.T.);
#1186=ORIENTED_EDGE('',*,*,#3683,.T.);
#1187=ORIENTED_EDGE('',*,*,#3686,.T.);
#1188=ORIENTED_EDGE('',*,*,#3682,.F.);
#1189=ORIENTED_EDGE('',*,*,#3685,.F.);
#1190=ORIENTED_EDGE('',*,*,#3687,.F.);
#1191=ORIENTED_EDGE('',*,*,#3676,.F.);
#1192=ORIENTED_EDGE('',*,*,#3680,.F.);
#1193=ORIENTED_EDGE('',*,*,#3687,.T.);
#1194=ORIENTED_EDGE('',*,*,#3688,.T.);
#1195=ORIENTED_EDGE('',*,*,#3681,.F.);
#1196=ORIENTED_EDGE('',*,*,#3689,.F.);
#1197=ORIENTED_EDGE('',*,*,#3670,.T.);
#1198=ORIENTED_EDGE('',*,*,#3688,.F.);
#1199=ORIENTED_EDGE('',*,*,#3689,.T.);
#1200=ORIENTED_EDGE('',*,*,#3639,.F.);
#1201=ORIENTED_EDGE('',*,*,#3690,.F.);
#1202=ORIENTED_EDGE('',*,*,#3691,.T.);
#1203=ORIENTED_EDGE('',*,*,#3692,.T.);
#1204=ORIENTED_EDGE('',*,*,#3651,.F.);
#1205=ORIENTED_EDGE('',*,*,#3693,.F.);
#1206=ORIENTED_EDGE('',*,*,#3694,.T.);
#1207=ORIENTED_EDGE('',*,*,#3690,.T.);
#1208=ORIENTED_EDGE('',*,*,#3650,.F.);
#1209=ORIENTED_EDGE('',*,*,#3695,.F.);
#1210=ORIENTED_EDGE('',*,*,#3696,.T.);
#1211=ORIENTED_EDGE('',*,*,#3693,.T.);
#1212=ORIENTED_EDGE('',*,*,#3649,.F.);
#1213=ORIENTED_EDGE('',*,*,#3697,.F.);
#1214=ORIENTED_EDGE('',*,*,#3698,.T.);
#1215=ORIENTED_EDGE('',*,*,#3695,.T.);
#1216=ORIENTED_EDGE('',*,*,#3648,.F.);
#1217=ORIENTED_EDGE('',*,*,#3699,.F.);
#1218=ORIENTED_EDGE('',*,*,#3700,.T.);
#1219=ORIENTED_EDGE('',*,*,#3697,.T.);
#1220=ORIENTED_EDGE('',*,*,#3647,.F.);
#1221=ORIENTED_EDGE('',*,*,#3701,.F.);
#1222=ORIENTED_EDGE('',*,*,#3702,.T.);
#1223=ORIENTED_EDGE('',*,*,#3699,.T.);
#1224=ORIENTED_EDGE('',*,*,#3646,.F.);
#1225=ORIENTED_EDGE('',*,*,#3703,.F.);
#1226=ORIENTED_EDGE('',*,*,#3704,.T.);
#1227=ORIENTED_EDGE('',*,*,#3701,.T.);
#1228=ORIENTED_EDGE('',*,*,#3645,.F.);
#1229=ORIENTED_EDGE('',*,*,#3705,.F.);
#1230=ORIENTED_EDGE('',*,*,#3706,.T.);
#1231=ORIENTED_EDGE('',*,*,#3703,.T.);
#1232=ORIENTED_EDGE('',*,*,#3644,.F.);
#1233=ORIENTED_EDGE('',*,*,#3707,.F.);
#1234=ORIENTED_EDGE('',*,*,#3708,.T.);
#1235=ORIENTED_EDGE('',*,*,#3705,.T.);
#1236=ORIENTED_EDGE('',*,*,#3643,.F.);
#1237=ORIENTED_EDGE('',*,*,#3709,.F.);
#1238=ORIENTED_EDGE('',*,*,#3710,.T.);
#1239=ORIENTED_EDGE('',*,*,#3707,.T.);
#1240=ORIENTED_EDGE('',*,*,#3642,.F.);
#1241=ORIENTED_EDGE('',*,*,#3711,.F.);
#1242=ORIENTED_EDGE('',*,*,#3712,.T.);
#1243=ORIENTED_EDGE('',*,*,#3709,.T.);
#1244=ORIENTED_EDGE('',*,*,#3641,.F.);
#1245=ORIENTED_EDGE('',*,*,#3713,.F.);
#1246=ORIENTED_EDGE('',*,*,#3714,.T.);
#1247=ORIENTED_EDGE('',*,*,#3711,.T.);
#1248=ORIENTED_EDGE('',*,*,#3640,.F.);
#1249=ORIENTED_EDGE('',*,*,#3692,.F.);
#1250=ORIENTED_EDGE('',*,*,#3715,.T.);
#1251=ORIENTED_EDGE('',*,*,#3713,.T.);
#1252=ORIENTED_EDGE('',*,*,#3691,.F.);
#1253=ORIENTED_EDGE('',*,*,#3694,.F.);
#1254=ORIENTED_EDGE('',*,*,#3696,.F.);
#1255=ORIENTED_EDGE('',*,*,#3698,.F.);
#1256=ORIENTED_EDGE('',*,*,#3700,.F.);
#1257=ORIENTED_EDGE('',*,*,#3702,.F.);
#1258=ORIENTED_EDGE('',*,*,#3704,.F.);
#1259=ORIENTED_EDGE('',*,*,#3706,.F.);
#1260=ORIENTED_EDGE('',*,*,#3708,.F.);
#1261=ORIENTED_EDGE('',*,*,#3710,.F.);
#1262=ORIENTED_EDGE('',*,*,#3712,.F.);
#1263=ORIENTED_EDGE('',*,*,#3714,.F.);
#1264=ORIENTED_EDGE('',*,*,#3715,.F.);
#1265=ORIENTED_EDGE('',*,*,#3716,.F.);
#1266=ORIENTED_EDGE('',*,*,#3717,.F.);
#1267=ORIENTED_EDGE('',*,*,#3718,.T.);
#1268=ORIENTED_EDGE('',*,*,#3719,.T.);
#1269=ORIENTED_EDGE('',*,*,#3720,.F.);
#1270=ORIENTED_EDGE('',*,*,#3721,.F.);
#1271=ORIENTED_EDGE('',*,*,#3722,.T.);
#1272=ORIENTED_EDGE('',*,*,#3717,.T.);
#1273=ORIENTED_EDGE('',*,*,#3723,.F.);
#1274=ORIENTED_EDGE('',*,*,#3724,.F.);
#1275=ORIENTED_EDGE('',*,*,#3725,.T.);
#1276=ORIENTED_EDGE('',*,*,#3721,.T.);
#1277=ORIENTED_EDGE('',*,*,#3726,.F.);
#1278=ORIENTED_EDGE('',*,*,#3727,.F.);
#1279=ORIENTED_EDGE('',*,*,#3728,.T.);
#1280=ORIENTED_EDGE('',*,*,#3724,.T.);
#1281=ORIENTED_EDGE('',*,*,#3729,.F.);
#1282=ORIENTED_EDGE('',*,*,#3730,.F.);
#1283=ORIENTED_EDGE('',*,*,#3731,.T.);
#1284=ORIENTED_EDGE('',*,*,#3727,.T.);
#1285=ORIENTED_EDGE('',*,*,#3732,.F.);
#1286=ORIENTED_EDGE('',*,*,#3733,.F.);
#1287=ORIENTED_EDGE('',*,*,#3734,.T.);
#1288=ORIENTED_EDGE('',*,*,#3730,.T.);
#1289=ORIENTED_EDGE('',*,*,#3735,.F.);
#1290=ORIENTED_EDGE('',*,*,#3736,.F.);
#1291=ORIENTED_EDGE('',*,*,#3737,.T.);
#1292=ORIENTED_EDGE('',*,*,#3733,.T.);
#1293=ORIENTED_EDGE('',*,*,#3738,.F.);
#1294=ORIENTED_EDGE('',*,*,#3739,.F.);
#1295=ORIENTED_EDGE('',*,*,#3740,.T.);
#1296=ORIENTED_EDGE('',*,*,#3736,.T.);
#1297=ORIENTED_EDGE('',*,*,#3741,.F.);
#1298=ORIENTED_EDGE('',*,*,#3742,.F.);
#1299=ORIENTED_EDGE('',*,*,#3743,.T.);
#1300=ORIENTED_EDGE('',*,*,#3739,.T.);
#1301=ORIENTED_EDGE('',*,*,#3623,.F.);
#1302=ORIENTED_EDGE('',*,*,#3744,.F.);
#1303=ORIENTED_EDGE('',*,*,#3745,.T.);
#1304=ORIENTED_EDGE('',*,*,#3746,.T.);
#1305=ORIENTED_EDGE('',*,*,#3638,.F.);
#1306=ORIENTED_EDGE('',*,*,#3747,.F.);
#1307=ORIENTED_EDGE('',*,*,#3748,.T.);
#1308=ORIENTED_EDGE('',*,*,#3744,.T.);
#1309=ORIENTED_EDGE('',*,*,#3637,.F.);
#1310=ORIENTED_EDGE('',*,*,#3749,.F.);
#1311=ORIENTED_EDGE('',*,*,#3750,.T.);
#1312=ORIENTED_EDGE('',*,*,#3747,.T.);
#1313=ORIENTED_EDGE('',*,*,#3636,.F.);
#1314=ORIENTED_EDGE('',*,*,#3751,.F.);
#1315=ORIENTED_EDGE('',*,*,#3752,.T.);
#1316=ORIENTED_EDGE('',*,*,#3749,.T.);
#1317=ORIENTED_EDGE('',*,*,#3635,.F.);
#1318=ORIENTED_EDGE('',*,*,#3753,.F.);
#1319=ORIENTED_EDGE('',*,*,#3754,.T.);
#1320=ORIENTED_EDGE('',*,*,#3751,.T.);
#1321=ORIENTED_EDGE('',*,*,#3634,.F.);
#1322=ORIENTED_EDGE('',*,*,#3755,.F.);
#1323=ORIENTED_EDGE('',*,*,#3756,.T.);
#1324=ORIENTED_EDGE('',*,*,#3753,.T.);
#1325=ORIENTED_EDGE('',*,*,#3633,.F.);
#1326=ORIENTED_EDGE('',*,*,#3757,.F.);
#1327=ORIENTED_EDGE('',*,*,#3758,.T.);
#1328=ORIENTED_EDGE('',*,*,#3755,.T.);
#1329=ORIENTED_EDGE('',*,*,#3632,.F.);
#1330=ORIENTED_EDGE('',*,*,#3759,.F.);
#1331=ORIENTED_EDGE('',*,*,#3760,.T.);
#1332=ORIENTED_EDGE('',*,*,#3757,.T.);
#1333=ORIENTED_EDGE('',*,*,#3631,.F.);
#1334=ORIENTED_EDGE('',*,*,#3761,.F.);
#1335=ORIENTED_EDGE('',*,*,#3762,.T.);
#1336=ORIENTED_EDGE('',*,*,#3759,.T.);
#1337=ORIENTED_EDGE('',*,*,#3630,.F.);
#1338=ORIENTED_EDGE('',*,*,#3763,.F.);
#1339=ORIENTED_EDGE('',*,*,#3764,.T.);
#1340=ORIENTED_EDGE('',*,*,#3761,.T.);
#1341=ORIENTED_EDGE('',*,*,#3629,.F.);
#1342=ORIENTED_EDGE('',*,*,#3765,.F.);
#1343=ORIENTED_EDGE('',*,*,#3766,.T.);
#1344=ORIENTED_EDGE('',*,*,#3763,.T.);
#1345=ORIENTED_EDGE('',*,*,#3628,.F.);
#1346=ORIENTED_EDGE('',*,*,#3767,.F.);
#1347=ORIENTED_EDGE('',*,*,#3768,.T.);
#1348=ORIENTED_EDGE('',*,*,#3765,.T.);
#1349=ORIENTED_EDGE('',*,*,#3627,.F.);
#1350=ORIENTED_EDGE('',*,*,#3769,.F.);
#1351=ORIENTED_EDGE('',*,*,#3770,.T.);
#1352=ORIENTED_EDGE('',*,*,#3767,.T.);
#1353=ORIENTED_EDGE('',*,*,#3626,.F.);
#1354=ORIENTED_EDGE('',*,*,#3771,.F.);
#1355=ORIENTED_EDGE('',*,*,#3772,.T.);
#1356=ORIENTED_EDGE('',*,*,#3769,.T.);
#1357=ORIENTED_EDGE('',*,*,#3625,.F.);
#1358=ORIENTED_EDGE('',*,*,#3773,.F.);
#1359=ORIENTED_EDGE('',*,*,#3774,.T.);
#1360=ORIENTED_EDGE('',*,*,#3771,.T.);
#1361=ORIENTED_EDGE('',*,*,#3624,.F.);
#1362=ORIENTED_EDGE('',*,*,#3746,.F.);
#1363=ORIENTED_EDGE('',*,*,#3775,.T.);
#1364=ORIENTED_EDGE('',*,*,#3773,.T.);
#1365=ORIENTED_EDGE('',*,*,#3776,.F.);
#1366=ORIENTED_EDGE('',*,*,#3719,.F.);
#1367=ORIENTED_EDGE('',*,*,#3777,.T.);
#1368=ORIENTED_EDGE('',*,*,#3742,.T.);
#1369=ORIENTED_EDGE('',*,*,#3745,.F.);
#1370=ORIENTED_EDGE('',*,*,#3748,.F.);
#1371=ORIENTED_EDGE('',*,*,#3750,.F.);
#1372=ORIENTED_EDGE('',*,*,#3752,.F.);
#1373=ORIENTED_EDGE('',*,*,#3754,.F.);
#1374=ORIENTED_EDGE('',*,*,#3756,.F.);
#1375=ORIENTED_EDGE('',*,*,#3758,.F.);
#1376=ORIENTED_EDGE('',*,*,#3760,.F.);
#1377=ORIENTED_EDGE('',*,*,#3762,.F.);
#1378=ORIENTED_EDGE('',*,*,#3764,.F.);
#1379=ORIENTED_EDGE('',*,*,#3766,.F.);
#1380=ORIENTED_EDGE('',*,*,#3768,.F.);
#1381=ORIENTED_EDGE('',*,*,#3770,.F.);
#1382=ORIENTED_EDGE('',*,*,#3772,.F.);
#1383=ORIENTED_EDGE('',*,*,#3774,.F.);
#1384=ORIENTED_EDGE('',*,*,#3775,.F.);
#1385=ORIENTED_EDGE('',*,*,#3718,.F.);
#1386=ORIENTED_EDGE('',*,*,#3722,.F.);
#1387=ORIENTED_EDGE('',*,*,#3725,.F.);
#1388=ORIENTED_EDGE('',*,*,#3728,.F.);
#1389=ORIENTED_EDGE('',*,*,#3731,.F.);
#1390=ORIENTED_EDGE('',*,*,#3734,.F.);
#1391=ORIENTED_EDGE('',*,*,#3737,.F.);
#1392=ORIENTED_EDGE('',*,*,#3740,.F.);
#1393=ORIENTED_EDGE('',*,*,#3743,.F.);
#1394=ORIENTED_EDGE('',*,*,#3777,.F.);
#1395=ORIENTED_EDGE('',*,*,#3716,.T.);
#1396=ORIENTED_EDGE('',*,*,#3776,.T.);
#1397=ORIENTED_EDGE('',*,*,#3741,.T.);
#1398=ORIENTED_EDGE('',*,*,#3738,.T.);
#1399=ORIENTED_EDGE('',*,*,#3735,.T.);
#1400=ORIENTED_EDGE('',*,*,#3732,.T.);
#1401=ORIENTED_EDGE('',*,*,#3729,.T.);
#1402=ORIENTED_EDGE('',*,*,#3726,.T.);
#1403=ORIENTED_EDGE('',*,*,#3723,.T.);
#1404=ORIENTED_EDGE('',*,*,#3720,.T.);
#1405=ORIENTED_EDGE('',*,*,#3778,.F.);
#1406=ORIENTED_EDGE('',*,*,#3779,.F.);
#1407=ORIENTED_EDGE('',*,*,#3780,.T.);
#1408=ORIENTED_EDGE('',*,*,#3781,.T.);
#1409=ORIENTED_EDGE('',*,*,#3782,.F.);
#1410=ORIENTED_EDGE('',*,*,#3783,.F.);
#1411=ORIENTED_EDGE('',*,*,#3784,.T.);
#1412=ORIENTED_EDGE('',*,*,#3779,.T.);
#1413=ORIENTED_EDGE('',*,*,#3785,.F.);
#1414=ORIENTED_EDGE('',*,*,#3786,.F.);
#1415=ORIENTED_EDGE('',*,*,#3787,.T.);
#1416=ORIENTED_EDGE('',*,*,#3783,.T.);
#1417=ORIENTED_EDGE('',*,*,#3788,.F.);
#1418=ORIENTED_EDGE('',*,*,#3789,.F.);
#1419=ORIENTED_EDGE('',*,*,#3790,.T.);
#1420=ORIENTED_EDGE('',*,*,#3786,.T.);
#1421=ORIENTED_EDGE('',*,*,#3791,.F.);
#1422=ORIENTED_EDGE('',*,*,#3792,.F.);
#1423=ORIENTED_EDGE('',*,*,#3793,.T.);
#1424=ORIENTED_EDGE('',*,*,#3789,.T.);
#1425=ORIENTED_EDGE('',*,*,#3794,.F.);
#1426=ORIENTED_EDGE('',*,*,#3795,.F.);
#1427=ORIENTED_EDGE('',*,*,#3796,.T.);
#1428=ORIENTED_EDGE('',*,*,#3792,.T.);
#1429=ORIENTED_EDGE('',*,*,#3797,.F.);
#1430=ORIENTED_EDGE('',*,*,#3798,.F.);
#1431=ORIENTED_EDGE('',*,*,#3799,.T.);
#1432=ORIENTED_EDGE('',*,*,#3795,.T.);
#1433=ORIENTED_EDGE('',*,*,#3800,.F.);
#1434=ORIENTED_EDGE('',*,*,#3801,.F.);
#1435=ORIENTED_EDGE('',*,*,#3802,.T.);
#1436=ORIENTED_EDGE('',*,*,#3798,.T.);
#1437=ORIENTED_EDGE('',*,*,#3803,.F.);
#1438=ORIENTED_EDGE('',*,*,#3804,.F.);
#1439=ORIENTED_EDGE('',*,*,#3805,.T.);
#1440=ORIENTED_EDGE('',*,*,#3801,.T.);
#1441=ORIENTED_EDGE('',*,*,#3607,.F.);
#1442=ORIENTED_EDGE('',*,*,#3806,.F.);
#1443=ORIENTED_EDGE('',*,*,#3807,.T.);
#1444=ORIENTED_EDGE('',*,*,#3808,.T.);
#1445=ORIENTED_EDGE('',*,*,#3622,.F.);
#1446=ORIENTED_EDGE('',*,*,#3809,.F.);
#1447=ORIENTED_EDGE('',*,*,#3810,.T.);
#1448=ORIENTED_EDGE('',*,*,#3806,.T.);
#1449=ORIENTED_EDGE('',*,*,#3621,.F.);
#1450=ORIENTED_EDGE('',*,*,#3811,.F.);
#1451=ORIENTED_EDGE('',*,*,#3812,.T.);
#1452=ORIENTED_EDGE('',*,*,#3809,.T.);
#1453=ORIENTED_EDGE('',*,*,#3620,.F.);
#1454=ORIENTED_EDGE('',*,*,#3813,.F.);
#1455=ORIENTED_EDGE('',*,*,#3814,.T.);
#1456=ORIENTED_EDGE('',*,*,#3811,.T.);
#1457=ORIENTED_EDGE('',*,*,#3619,.F.);
#1458=ORIENTED_EDGE('',*,*,#3815,.F.);
#1459=ORIENTED_EDGE('',*,*,#3816,.T.);
#1460=ORIENTED_EDGE('',*,*,#3813,.T.);
#1461=ORIENTED_EDGE('',*,*,#3618,.F.);
#1462=ORIENTED_EDGE('',*,*,#3817,.F.);
#1463=ORIENTED_EDGE('',*,*,#3818,.T.);
#1464=ORIENTED_EDGE('',*,*,#3815,.T.);
#1465=ORIENTED_EDGE('',*,*,#3617,.F.);
#1466=ORIENTED_EDGE('',*,*,#3819,.F.);
#1467=ORIENTED_EDGE('',*,*,#3820,.T.);
#1468=ORIENTED_EDGE('',*,*,#3817,.T.);
#1469=ORIENTED_EDGE('',*,*,#3616,.F.);
#1470=ORIENTED_EDGE('',*,*,#3821,.F.);
#1471=ORIENTED_EDGE('',*,*,#3822,.T.);
#1472=ORIENTED_EDGE('',*,*,#3819,.T.);
#1473=ORIENTED_EDGE('',*,*,#3615,.F.);
#1474=ORIENTED_EDGE('',*,*,#3823,.F.);
#1475=ORIENTED_EDGE('',*,*,#3824,.T.);
#1476=ORIENTED_EDGE('',*,*,#3821,.T.);
#1477=ORIENTED_EDGE('',*,*,#3614,.F.);
#1478=ORIENTED_EDGE('',*,*,#3825,.F.);
#1479=ORIENTED_EDGE('',*,*,#3826,.T.);
#1480=ORIENTED_EDGE('',*,*,#3823,.T.);
#1481=ORIENTED_EDGE('',*,*,#3613,.F.);
#1482=ORIENTED_EDGE('',*,*,#3827,.F.);
#1483=ORIENTED_EDGE('',*,*,#3828,.T.);
#1484=ORIENTED_EDGE('',*,*,#3825,.T.);
#1485=ORIENTED_EDGE('',*,*,#3612,.F.);
#1486=ORIENTED_EDGE('',*,*,#3829,.F.);
#1487=ORIENTED_EDGE('',*,*,#3830,.T.);
#1488=ORIENTED_EDGE('',*,*,#3827,.T.);
#1489=ORIENTED_EDGE('',*,*,#3611,.F.);
#1490=ORIENTED_EDGE('',*,*,#3831,.F.);
#1491=ORIENTED_EDGE('',*,*,#3832,.T.);
#1492=ORIENTED_EDGE('',*,*,#3829,.T.);
#1493=ORIENTED_EDGE('',*,*,#3610,.F.);
#1494=ORIENTED_EDGE('',*,*,#3833,.F.);
#1495=ORIENTED_EDGE('',*,*,#3834,.T.);
#1496=ORIENTED_EDGE('',*,*,#3831,.T.);
#1497=ORIENTED_EDGE('',*,*,#3609,.F.);
#1498=ORIENTED_EDGE('',*,*,#3835,.F.);
#1499=ORIENTED_EDGE('',*,*,#3836,.T.);
#1500=ORIENTED_EDGE('',*,*,#3833,.T.);
#1501=ORIENTED_EDGE('',*,*,#3608,.F.);
#1502=ORIENTED_EDGE('',*,*,#3808,.F.);
#1503=ORIENTED_EDGE('',*,*,#3837,.T.);
#1504=ORIENTED_EDGE('',*,*,#3835,.T.);
#1505=ORIENTED_EDGE('',*,*,#3838,.F.);
#1506=ORIENTED_EDGE('',*,*,#3781,.F.);
#1507=ORIENTED_EDGE('',*,*,#3839,.T.);
#1508=ORIENTED_EDGE('',*,*,#3804,.T.);
#1509=ORIENTED_EDGE('',*,*,#3807,.F.);
#1510=ORIENTED_EDGE('',*,*,#3810,.F.);
#1511=ORIENTED_EDGE('',*,*,#3812,.F.);
#1512=ORIENTED_EDGE('',*,*,#3814,.F.);
#1513=ORIENTED_EDGE('',*,*,#3816,.F.);
#1514=ORIENTED_EDGE('',*,*,#3818,.F.);
#1515=ORIENTED_EDGE('',*,*,#3820,.F.);
#1516=ORIENTED_EDGE('',*,*,#3822,.F.);
#1517=ORIENTED_EDGE('',*,*,#3824,.F.);
#1518=ORIENTED_EDGE('',*,*,#3826,.F.);
#1519=ORIENTED_EDGE('',*,*,#3828,.F.);
#1520=ORIENTED_EDGE('',*,*,#3830,.F.);
#1521=ORIENTED_EDGE('',*,*,#3832,.F.);
#1522=ORIENTED_EDGE('',*,*,#3834,.F.);
#1523=ORIENTED_EDGE('',*,*,#3836,.F.);
#1524=ORIENTED_EDGE('',*,*,#3837,.F.);
#1525=ORIENTED_EDGE('',*,*,#3780,.F.);
#1526=ORIENTED_EDGE('',*,*,#3784,.F.);
#1527=ORIENTED_EDGE('',*,*,#3787,.F.);
#1528=ORIENTED_EDGE('',*,*,#3790,.F.);
#1529=ORIENTED_EDGE('',*,*,#3793,.F.);
#1530=ORIENTED_EDGE('',*,*,#3796,.F.);
#1531=ORIENTED_EDGE('',*,*,#3799,.F.);
#1532=ORIENTED_EDGE('',*,*,#3802,.F.);
#1533=ORIENTED_EDGE('',*,*,#3805,.F.);
#1534=ORIENTED_EDGE('',*,*,#3839,.F.);
#1535=ORIENTED_EDGE('',*,*,#3778,.T.);
#1536=ORIENTED_EDGE('',*,*,#3838,.T.);
#1537=ORIENTED_EDGE('',*,*,#3803,.T.);
#1538=ORIENTED_EDGE('',*,*,#3800,.T.);
#1539=ORIENTED_EDGE('',*,*,#3797,.T.);
#1540=ORIENTED_EDGE('',*,*,#3794,.T.);
#1541=ORIENTED_EDGE('',*,*,#3791,.T.);
#1542=ORIENTED_EDGE('',*,*,#3788,.T.);
#1543=ORIENTED_EDGE('',*,*,#3785,.T.);
#1544=ORIENTED_EDGE('',*,*,#3782,.T.);
#1545=ORIENTED_EDGE('',*,*,#3840,.F.);
#1546=ORIENTED_EDGE('',*,*,#3841,.F.);
#1547=ORIENTED_EDGE('',*,*,#3842,.T.);
#1548=ORIENTED_EDGE('',*,*,#3843,.T.);
#1549=ORIENTED_EDGE('',*,*,#3844,.F.);
#1550=ORIENTED_EDGE('',*,*,#3845,.F.);
#1551=ORIENTED_EDGE('',*,*,#3846,.T.);
#1552=ORIENTED_EDGE('',*,*,#3841,.T.);
#1553=ORIENTED_EDGE('',*,*,#3847,.F.);
#1554=ORIENTED_EDGE('',*,*,#3848,.F.);
#1555=ORIENTED_EDGE('',*,*,#3849,.T.);
#1556=ORIENTED_EDGE('',*,*,#3845,.T.);
#1557=ORIENTED_EDGE('',*,*,#3850,.F.);
#1558=ORIENTED_EDGE('',*,*,#3851,.F.);
#1559=ORIENTED_EDGE('',*,*,#3852,.T.);
#1560=ORIENTED_EDGE('',*,*,#3848,.T.);
#1561=ORIENTED_EDGE('',*,*,#3853,.F.);
#1562=ORIENTED_EDGE('',*,*,#3854,.F.);
#1563=ORIENTED_EDGE('',*,*,#3855,.T.);
#1564=ORIENTED_EDGE('',*,*,#3851,.T.);
#1565=ORIENTED_EDGE('',*,*,#3589,.F.);
#1566=ORIENTED_EDGE('',*,*,#3856,.F.);
#1567=ORIENTED_EDGE('',*,*,#3857,.T.);
#1568=ORIENTED_EDGE('',*,*,#3858,.T.);
#1569=ORIENTED_EDGE('',*,*,#3606,.F.);
#1570=ORIENTED_EDGE('',*,*,#3859,.F.);
#1571=ORIENTED_EDGE('',*,*,#3860,.T.);
#1572=ORIENTED_EDGE('',*,*,#3856,.T.);
#1573=ORIENTED_EDGE('',*,*,#3605,.F.);
#1574=ORIENTED_EDGE('',*,*,#3861,.F.);
#1575=ORIENTED_EDGE('',*,*,#3862,.T.);
#1576=ORIENTED_EDGE('',*,*,#3859,.T.);
#1577=ORIENTED_EDGE('',*,*,#3604,.F.);
#1578=ORIENTED_EDGE('',*,*,#3863,.F.);
#1579=ORIENTED_EDGE('',*,*,#3864,.T.);
#1580=ORIENTED_EDGE('',*,*,#3861,.T.);
#1581=ORIENTED_EDGE('',*,*,#3603,.F.);
#1582=ORIENTED_EDGE('',*,*,#3865,.F.);
#1583=ORIENTED_EDGE('',*,*,#3866,.T.);
#1584=ORIENTED_EDGE('',*,*,#3863,.T.);
#1585=ORIENTED_EDGE('',*,*,#3602,.F.);
#1586=ORIENTED_EDGE('',*,*,#3867,.F.);
#1587=ORIENTED_EDGE('',*,*,#3868,.T.);
#1588=ORIENTED_EDGE('',*,*,#3865,.T.);
#1589=ORIENTED_EDGE('',*,*,#3601,.F.);
#1590=ORIENTED_EDGE('',*,*,#3869,.F.);
#1591=ORIENTED_EDGE('',*,*,#3870,.T.);
#1592=ORIENTED_EDGE('',*,*,#3867,.T.);
#1593=ORIENTED_EDGE('',*,*,#3600,.F.);
#1594=ORIENTED_EDGE('',*,*,#3871,.F.);
#1595=ORIENTED_EDGE('',*,*,#3872,.T.);
#1596=ORIENTED_EDGE('',*,*,#3869,.T.);
#1597=ORIENTED_EDGE('',*,*,#3599,.F.);
#1598=ORIENTED_EDGE('',*,*,#3873,.F.);
#1599=ORIENTED_EDGE('',*,*,#3874,.T.);
#1600=ORIENTED_EDGE('',*,*,#3871,.T.);
#1601=ORIENTED_EDGE('',*,*,#3598,.F.);
#1602=ORIENTED_EDGE('',*,*,#3875,.F.);
#1603=ORIENTED_EDGE('',*,*,#3876,.T.);
#1604=ORIENTED_EDGE('',*,*,#3873,.T.);
#1605=ORIENTED_EDGE('',*,*,#3597,.F.);
#1606=ORIENTED_EDGE('',*,*,#3877,.F.);
#1607=ORIENTED_EDGE('',*,*,#3878,.T.);
#1608=ORIENTED_EDGE('',*,*,#3875,.T.);
#1609=ORIENTED_EDGE('',*,*,#3596,.F.);
#1610=ORIENTED_EDGE('',*,*,#3879,.F.);
#1611=ORIENTED_EDGE('',*,*,#3880,.T.);
#1612=ORIENTED_EDGE('',*,*,#3877,.T.);
#1613=ORIENTED_EDGE('',*,*,#3595,.F.);
#1614=ORIENTED_EDGE('',*,*,#3881,.F.);
#1615=ORIENTED_EDGE('',*,*,#3882,.T.);
#1616=ORIENTED_EDGE('',*,*,#3879,.T.);
#1617=ORIENTED_EDGE('',*,*,#3594,.F.);
#1618=ORIENTED_EDGE('',*,*,#3883,.F.);
#1619=ORIENTED_EDGE('',*,*,#3884,.T.);
#1620=ORIENTED_EDGE('',*,*,#3881,.T.);
#1621=ORIENTED_EDGE('',*,*,#3593,.F.);
#1622=ORIENTED_EDGE('',*,*,#3885,.F.);
#1623=ORIENTED_EDGE('',*,*,#3886,.T.);
#1624=ORIENTED_EDGE('',*,*,#3883,.T.);
#1625=ORIENTED_EDGE('',*,*,#3592,.F.);
#1626=ORIENTED_EDGE('',*,*,#3887,.F.);
#1627=ORIENTED_EDGE('',*,*,#3888,.T.);
#1628=ORIENTED_EDGE('',*,*,#3885,.T.);
#1629=ORIENTED_EDGE('',*,*,#3591,.F.);
#1630=ORIENTED_EDGE('',*,*,#3889,.F.);
#1631=ORIENTED_EDGE('',*,*,#3890,.T.);
#1632=ORIENTED_EDGE('',*,*,#3887,.T.);
#1633=ORIENTED_EDGE('',*,*,#3590,.F.);
#1634=ORIENTED_EDGE('',*,*,#3858,.F.);
#1635=ORIENTED_EDGE('',*,*,#3891,.T.);
#1636=ORIENTED_EDGE('',*,*,#3889,.T.);
#1637=ORIENTED_EDGE('',*,*,#3892,.F.);
#1638=ORIENTED_EDGE('',*,*,#3843,.F.);
#1639=ORIENTED_EDGE('',*,*,#3893,.T.);
#1640=ORIENTED_EDGE('',*,*,#3854,.T.);
#1641=ORIENTED_EDGE('',*,*,#3857,.F.);
#1642=ORIENTED_EDGE('',*,*,#3860,.F.);
#1643=ORIENTED_EDGE('',*,*,#3862,.F.);
#1644=ORIENTED_EDGE('',*,*,#3864,.F.);
#1645=ORIENTED_EDGE('',*,*,#3866,.F.);
#1646=ORIENTED_EDGE('',*,*,#3868,.F.);
#1647=ORIENTED_EDGE('',*,*,#3870,.F.);
#1648=ORIENTED_EDGE('',*,*,#3872,.F.);
#1649=ORIENTED_EDGE('',*,*,#3874,.F.);
#1650=ORIENTED_EDGE('',*,*,#3876,.F.);
#1651=ORIENTED_EDGE('',*,*,#3878,.F.);
#1652=ORIENTED_EDGE('',*,*,#3880,.F.);
#1653=ORIENTED_EDGE('',*,*,#3882,.F.);
#1654=ORIENTED_EDGE('',*,*,#3884,.F.);
#1655=ORIENTED_EDGE('',*,*,#3886,.F.);
#1656=ORIENTED_EDGE('',*,*,#3888,.F.);
#1657=ORIENTED_EDGE('',*,*,#3890,.F.);
#1658=ORIENTED_EDGE('',*,*,#3891,.F.);
#1659=ORIENTED_EDGE('',*,*,#3842,.F.);
#1660=ORIENTED_EDGE('',*,*,#3846,.F.);
#1661=ORIENTED_EDGE('',*,*,#3849,.F.);
#1662=ORIENTED_EDGE('',*,*,#3852,.F.);
#1663=ORIENTED_EDGE('',*,*,#3855,.F.);
#1664=ORIENTED_EDGE('',*,*,#3893,.F.);
#1665=ORIENTED_EDGE('',*,*,#3840,.T.);
#1666=ORIENTED_EDGE('',*,*,#3892,.T.);
#1667=ORIENTED_EDGE('',*,*,#3853,.T.);
#1668=ORIENTED_EDGE('',*,*,#3850,.T.);
#1669=ORIENTED_EDGE('',*,*,#3847,.T.);
#1670=ORIENTED_EDGE('',*,*,#3844,.T.);
#1671=ORIENTED_EDGE('',*,*,#3572,.F.);
#1672=ORIENTED_EDGE('',*,*,#3894,.F.);
#1673=ORIENTED_EDGE('',*,*,#3895,.T.);
#1674=ORIENTED_EDGE('',*,*,#3896,.T.);
#1675=ORIENTED_EDGE('',*,*,#3588,.F.);
#1676=ORIENTED_EDGE('',*,*,#3897,.F.);
#1677=ORIENTED_EDGE('',*,*,#3898,.T.);
#1678=ORIENTED_EDGE('',*,*,#3894,.T.);
#1679=ORIENTED_EDGE('',*,*,#3587,.F.);
#1680=ORIENTED_EDGE('',*,*,#3899,.F.);
#1681=ORIENTED_EDGE('',*,*,#3900,.T.);
#1682=ORIENTED_EDGE('',*,*,#3897,.T.);
#1683=ORIENTED_EDGE('',*,*,#3586,.F.);
#1684=ORIENTED_EDGE('',*,*,#3901,.F.);
#1685=ORIENTED_EDGE('',*,*,#3902,.T.);
#1686=ORIENTED_EDGE('',*,*,#3899,.T.);
#1687=ORIENTED_EDGE('',*,*,#3585,.F.);
#1688=ORIENTED_EDGE('',*,*,#3903,.F.);
#1689=ORIENTED_EDGE('',*,*,#3904,.T.);
#1690=ORIENTED_EDGE('',*,*,#3901,.T.);
#1691=ORIENTED_EDGE('',*,*,#3584,.F.);
#1692=ORIENTED_EDGE('',*,*,#3905,.F.);
#1693=ORIENTED_EDGE('',*,*,#3906,.T.);
#1694=ORIENTED_EDGE('',*,*,#3903,.T.);
#1695=ORIENTED_EDGE('',*,*,#3583,.F.);
#1696=ORIENTED_EDGE('',*,*,#3907,.F.);
#1697=ORIENTED_EDGE('',*,*,#3908,.T.);
#1698=ORIENTED_EDGE('',*,*,#3905,.T.);
#1699=ORIENTED_EDGE('',*,*,#3582,.F.);
#1700=ORIENTED_EDGE('',*,*,#3909,.F.);
#1701=ORIENTED_EDGE('',*,*,#3910,.T.);
#1702=ORIENTED_EDGE('',*,*,#3907,.T.);
#1703=ORIENTED_EDGE('',*,*,#3581,.F.);
#1704=ORIENTED_EDGE('',*,*,#3911,.F.);
#1705=ORIENTED_EDGE('',*,*,#3912,.T.);
#1706=ORIENTED_EDGE('',*,*,#3909,.T.);
#1707=ORIENTED_EDGE('',*,*,#3580,.F.);
#1708=ORIENTED_EDGE('',*,*,#3913,.F.);
#1709=ORIENTED_EDGE('',*,*,#3914,.T.);
#1710=ORIENTED_EDGE('',*,*,#3911,.T.);
#1711=ORIENTED_EDGE('',*,*,#3579,.F.);
#1712=ORIENTED_EDGE('',*,*,#3915,.F.);
#1713=ORIENTED_EDGE('',*,*,#3916,.T.);
#1714=ORIENTED_EDGE('',*,*,#3913,.T.);
#1715=ORIENTED_EDGE('',*,*,#3578,.F.);
#1716=ORIENTED_EDGE('',*,*,#3917,.F.);
#1717=ORIENTED_EDGE('',*,*,#3918,.T.);
#1718=ORIENTED_EDGE('',*,*,#3915,.T.);
#1719=ORIENTED_EDGE('',*,*,#3577,.F.);
#1720=ORIENTED_EDGE('',*,*,#3919,.F.);
#1721=ORIENTED_EDGE('',*,*,#3920,.T.);
#1722=ORIENTED_EDGE('',*,*,#3917,.T.);
#1723=ORIENTED_EDGE('',*,*,#3576,.F.);
#1724=ORIENTED_EDGE('',*,*,#3921,.F.);
#1725=ORIENTED_EDGE('',*,*,#3922,.T.);
#1726=ORIENTED_EDGE('',*,*,#3919,.T.);
#1727=ORIENTED_EDGE('',*,*,#3575,.F.);
#1728=ORIENTED_EDGE('',*,*,#3923,.F.);
#1729=ORIENTED_EDGE('',*,*,#3924,.T.);
#1730=ORIENTED_EDGE('',*,*,#3921,.T.);
#1731=ORIENTED_EDGE('',*,*,#3574,.F.);
#1732=ORIENTED_EDGE('',*,*,#3925,.F.);
#1733=ORIENTED_EDGE('',*,*,#3926,.T.);
#1734=ORIENTED_EDGE('',*,*,#3923,.T.);
#1735=ORIENTED_EDGE('',*,*,#3573,.F.);
#1736=ORIENTED_EDGE('',*,*,#3896,.F.);
#1737=ORIENTED_EDGE('',*,*,#3927,.T.);
#1738=ORIENTED_EDGE('',*,*,#3925,.T.);
#1739=ORIENTED_EDGE('',*,*,#3895,.F.);
#1740=ORIENTED_EDGE('',*,*,#3898,.F.);
#1741=ORIENTED_EDGE('',*,*,#3900,.F.);
#1742=ORIENTED_EDGE('',*,*,#3902,.F.);
#1743=ORIENTED_EDGE('',*,*,#3904,.F.);
#1744=ORIENTED_EDGE('',*,*,#3906,.F.);
#1745=ORIENTED_EDGE('',*,*,#3908,.F.);
#1746=ORIENTED_EDGE('',*,*,#3910,.F.);
#1747=ORIENTED_EDGE('',*,*,#3912,.F.);
#1748=ORIENTED_EDGE('',*,*,#3914,.F.);
#1749=ORIENTED_EDGE('',*,*,#3916,.F.);
#1750=ORIENTED_EDGE('',*,*,#3918,.F.);
#1751=ORIENTED_EDGE('',*,*,#3920,.F.);
#1752=ORIENTED_EDGE('',*,*,#3922,.F.);
#1753=ORIENTED_EDGE('',*,*,#3924,.F.);
#1754=ORIENTED_EDGE('',*,*,#3926,.F.);
#1755=ORIENTED_EDGE('',*,*,#3927,.F.);
#1756=ORIENTED_EDGE('',*,*,#3928,.F.);
#1757=ORIENTED_EDGE('',*,*,#3929,.F.);
#1758=ORIENTED_EDGE('',*,*,#3930,.T.);
#1759=ORIENTED_EDGE('',*,*,#3931,.T.);
#1760=ORIENTED_EDGE('',*,*,#3932,.F.);
#1761=ORIENTED_EDGE('',*,*,#3933,.F.);
#1762=ORIENTED_EDGE('',*,*,#3934,.T.);
#1763=ORIENTED_EDGE('',*,*,#3929,.T.);
#1764=ORIENTED_EDGE('',*,*,#3935,.F.);
#1765=ORIENTED_EDGE('',*,*,#3936,.F.);
#1766=ORIENTED_EDGE('',*,*,#3937,.T.);
#1767=ORIENTED_EDGE('',*,*,#3933,.T.);
#1768=ORIENTED_EDGE('',*,*,#3938,.F.);
#1769=ORIENTED_EDGE('',*,*,#3939,.F.);
#1770=ORIENTED_EDGE('',*,*,#3940,.T.);
#1771=ORIENTED_EDGE('',*,*,#3936,.T.);
#1772=ORIENTED_EDGE('',*,*,#3941,.F.);
#1773=ORIENTED_EDGE('',*,*,#3942,.F.);
#1774=ORIENTED_EDGE('',*,*,#3943,.T.);
#1775=ORIENTED_EDGE('',*,*,#3939,.T.);
#1776=ORIENTED_EDGE('',*,*,#3944,.F.);
#1777=ORIENTED_EDGE('',*,*,#3945,.F.);
#1778=ORIENTED_EDGE('',*,*,#3946,.T.);
#1779=ORIENTED_EDGE('',*,*,#3942,.T.);
#1780=ORIENTED_EDGE('',*,*,#3947,.F.);
#1781=ORIENTED_EDGE('',*,*,#3948,.F.);
#1782=ORIENTED_EDGE('',*,*,#3949,.T.);
#1783=ORIENTED_EDGE('',*,*,#3945,.T.);
#1784=ORIENTED_EDGE('',*,*,#3950,.F.);
#1785=ORIENTED_EDGE('',*,*,#3951,.F.);
#1786=ORIENTED_EDGE('',*,*,#3952,.T.);
#1787=ORIENTED_EDGE('',*,*,#3948,.T.);
#1788=ORIENTED_EDGE('',*,*,#3953,.F.);
#1789=ORIENTED_EDGE('',*,*,#3954,.F.);
#1790=ORIENTED_EDGE('',*,*,#3955,.T.);
#1791=ORIENTED_EDGE('',*,*,#3951,.T.);
#1792=ORIENTED_EDGE('',*,*,#3560,.F.);
#1793=ORIENTED_EDGE('',*,*,#3956,.F.);
#1794=ORIENTED_EDGE('',*,*,#3957,.T.);
#1795=ORIENTED_EDGE('',*,*,#3958,.T.);
#1796=ORIENTED_EDGE('',*,*,#3571,.F.);
#1797=ORIENTED_EDGE('',*,*,#3959,.F.);
#1798=ORIENTED_EDGE('',*,*,#3960,.T.);
#1799=ORIENTED_EDGE('',*,*,#3956,.T.);
#1800=ORIENTED_EDGE('',*,*,#3570,.F.);
#1801=ORIENTED_EDGE('',*,*,#3961,.F.);
#1802=ORIENTED_EDGE('',*,*,#3962,.T.);
#1803=ORIENTED_EDGE('',*,*,#3959,.T.);
#1804=ORIENTED_EDGE('',*,*,#3569,.F.);
#1805=ORIENTED_EDGE('',*,*,#3963,.F.);
#1806=ORIENTED_EDGE('',*,*,#3964,.T.);
#1807=ORIENTED_EDGE('',*,*,#3961,.T.);
#1808=ORIENTED_EDGE('',*,*,#3568,.F.);
#1809=ORIENTED_EDGE('',*,*,#3965,.F.);
#1810=ORIENTED_EDGE('',*,*,#3966,.T.);
#1811=ORIENTED_EDGE('',*,*,#3963,.T.);
#1812=ORIENTED_EDGE('',*,*,#3567,.F.);
#1813=ORIENTED_EDGE('',*,*,#3967,.F.);
#1814=ORIENTED_EDGE('',*,*,#3968,.T.);
#1815=ORIENTED_EDGE('',*,*,#3965,.T.);
#1816=ORIENTED_EDGE('',*,*,#3566,.F.);
#1817=ORIENTED_EDGE('',*,*,#3969,.F.);
#1818=ORIENTED_EDGE('',*,*,#3970,.T.);
#1819=ORIENTED_EDGE('',*,*,#3967,.T.);
#1820=ORIENTED_EDGE('',*,*,#3565,.F.);
#1821=ORIENTED_EDGE('',*,*,#3971,.F.);
#1822=ORIENTED_EDGE('',*,*,#3972,.T.);
#1823=ORIENTED_EDGE('',*,*,#3969,.T.);
#1824=ORIENTED_EDGE('',*,*,#3564,.F.);
#1825=ORIENTED_EDGE('',*,*,#3973,.F.);
#1826=ORIENTED_EDGE('',*,*,#3974,.T.);
#1827=ORIENTED_EDGE('',*,*,#3971,.T.);
#1828=ORIENTED_EDGE('',*,*,#3563,.F.);
#1829=ORIENTED_EDGE('',*,*,#3975,.F.);
#1830=ORIENTED_EDGE('',*,*,#3976,.T.);
#1831=ORIENTED_EDGE('',*,*,#3973,.T.);
#1832=ORIENTED_EDGE('',*,*,#3562,.F.);
#1833=ORIENTED_EDGE('',*,*,#3977,.F.);
#1834=ORIENTED_EDGE('',*,*,#3978,.T.);
#1835=ORIENTED_EDGE('',*,*,#3975,.T.);
#1836=ORIENTED_EDGE('',*,*,#3561,.F.);
#1837=ORIENTED_EDGE('',*,*,#3958,.F.);
#1838=ORIENTED_EDGE('',*,*,#3979,.T.);
#1839=ORIENTED_EDGE('',*,*,#3977,.T.);
#1840=ORIENTED_EDGE('',*,*,#3980,.F.);
#1841=ORIENTED_EDGE('',*,*,#3931,.F.);
#1842=ORIENTED_EDGE('',*,*,#3981,.T.);
#1843=ORIENTED_EDGE('',*,*,#3954,.T.);
#1844=ORIENTED_EDGE('',*,*,#3957,.F.);
#1845=ORIENTED_EDGE('',*,*,#3960,.F.);
#1846=ORIENTED_EDGE('',*,*,#3962,.F.);
#1847=ORIENTED_EDGE('',*,*,#3964,.F.);
#1848=ORIENTED_EDGE('',*,*,#3966,.F.);
#1849=ORIENTED_EDGE('',*,*,#3968,.F.);
#1850=ORIENTED_EDGE('',*,*,#3970,.F.);
#1851=ORIENTED_EDGE('',*,*,#3972,.F.);
#1852=ORIENTED_EDGE('',*,*,#3974,.F.);
#1853=ORIENTED_EDGE('',*,*,#3976,.F.);
#1854=ORIENTED_EDGE('',*,*,#3978,.F.);
#1855=ORIENTED_EDGE('',*,*,#3979,.F.);
#1856=ORIENTED_EDGE('',*,*,#3930,.F.);
#1857=ORIENTED_EDGE('',*,*,#3934,.F.);
#1858=ORIENTED_EDGE('',*,*,#3937,.F.);
#1859=ORIENTED_EDGE('',*,*,#3940,.F.);
#1860=ORIENTED_EDGE('',*,*,#3943,.F.);
#1861=ORIENTED_EDGE('',*,*,#3946,.F.);
#1862=ORIENTED_EDGE('',*,*,#3949,.F.);
#1863=ORIENTED_EDGE('',*,*,#3952,.F.);
#1864=ORIENTED_EDGE('',*,*,#3955,.F.);
#1865=ORIENTED_EDGE('',*,*,#3981,.F.);
#1866=ORIENTED_EDGE('',*,*,#3928,.T.);
#1867=ORIENTED_EDGE('',*,*,#3980,.T.);
#1868=ORIENTED_EDGE('',*,*,#3953,.T.);
#1869=ORIENTED_EDGE('',*,*,#3950,.T.);
#1870=ORIENTED_EDGE('',*,*,#3947,.T.);
#1871=ORIENTED_EDGE('',*,*,#3944,.T.);
#1872=ORIENTED_EDGE('',*,*,#3941,.T.);
#1873=ORIENTED_EDGE('',*,*,#3938,.T.);
#1874=ORIENTED_EDGE('',*,*,#3935,.T.);
#1875=ORIENTED_EDGE('',*,*,#3932,.T.);
#1876=ORIENTED_EDGE('',*,*,#3549,.F.);
#1877=ORIENTED_EDGE('',*,*,#3982,.F.);
#1878=ORIENTED_EDGE('',*,*,#3983,.T.);
#1879=ORIENTED_EDGE('',*,*,#3984,.T.);
#1880=ORIENTED_EDGE('',*,*,#3559,.F.);
#1881=ORIENTED_EDGE('',*,*,#3985,.F.);
#1882=ORIENTED_EDGE('',*,*,#3986,.T.);
#1883=ORIENTED_EDGE('',*,*,#3982,.T.);
#1884=ORIENTED_EDGE('',*,*,#3558,.F.);
#1885=ORIENTED_EDGE('',*,*,#3987,.F.);
#1886=ORIENTED_EDGE('',*,*,#3988,.T.);
#1887=ORIENTED_EDGE('',*,*,#3985,.T.);
#1888=ORIENTED_EDGE('',*,*,#3557,.F.);
#1889=ORIENTED_EDGE('',*,*,#3989,.F.);
#1890=ORIENTED_EDGE('',*,*,#3990,.T.);
#1891=ORIENTED_EDGE('',*,*,#3987,.T.);
#1892=ORIENTED_EDGE('',*,*,#3556,.F.);
#1893=ORIENTED_EDGE('',*,*,#3991,.F.);
#1894=ORIENTED_EDGE('',*,*,#3992,.T.);
#1895=ORIENTED_EDGE('',*,*,#3989,.T.);
#1896=ORIENTED_EDGE('',*,*,#3555,.F.);
#1897=ORIENTED_EDGE('',*,*,#3993,.F.);
#1898=ORIENTED_EDGE('',*,*,#3994,.T.);
#1899=ORIENTED_EDGE('',*,*,#3991,.T.);
#1900=ORIENTED_EDGE('',*,*,#3554,.F.);
#1901=ORIENTED_EDGE('',*,*,#3995,.F.);
#1902=ORIENTED_EDGE('',*,*,#3996,.T.);
#1903=ORIENTED_EDGE('',*,*,#3993,.T.);
#1904=ORIENTED_EDGE('',*,*,#3553,.F.);
#1905=ORIENTED_EDGE('',*,*,#3997,.F.);
#1906=ORIENTED_EDGE('',*,*,#3998,.T.);
#1907=ORIENTED_EDGE('',*,*,#3995,.T.);
#1908=ORIENTED_EDGE('',*,*,#3552,.F.);
#1909=ORIENTED_EDGE('',*,*,#3999,.F.);
#1910=ORIENTED_EDGE('',*,*,#4000,.T.);
#1911=ORIENTED_EDGE('',*,*,#3997,.T.);
#1912=ORIENTED_EDGE('',*,*,#3551,.F.);
#1913=ORIENTED_EDGE('',*,*,#4001,.F.);
#1914=ORIENTED_EDGE('',*,*,#4002,.T.);
#1915=ORIENTED_EDGE('',*,*,#3999,.T.);
#1916=ORIENTED_EDGE('',*,*,#3550,.F.);
#1917=ORIENTED_EDGE('',*,*,#3984,.F.);
#1918=ORIENTED_EDGE('',*,*,#4003,.T.);
#1919=ORIENTED_EDGE('',*,*,#4001,.T.);
#1920=ORIENTED_EDGE('',*,*,#3983,.F.);
#1921=ORIENTED_EDGE('',*,*,#3986,.F.);
#1922=ORIENTED_EDGE('',*,*,#3988,.F.);
#1923=ORIENTED_EDGE('',*,*,#3990,.F.);
#1924=ORIENTED_EDGE('',*,*,#3992,.F.);
#1925=ORIENTED_EDGE('',*,*,#3994,.F.);
#1926=ORIENTED_EDGE('',*,*,#3996,.F.);
#1927=ORIENTED_EDGE('',*,*,#3998,.F.);
#1928=ORIENTED_EDGE('',*,*,#4000,.F.);
#1929=ORIENTED_EDGE('',*,*,#4002,.F.);
#1930=ORIENTED_EDGE('',*,*,#4003,.F.);
#1931=ORIENTED_EDGE('',*,*,#3537,.F.);
#1932=ORIENTED_EDGE('',*,*,#4004,.F.);
#1933=ORIENTED_EDGE('',*,*,#4005,.T.);
#1934=ORIENTED_EDGE('',*,*,#4006,.T.);
#1935=ORIENTED_EDGE('',*,*,#3548,.F.);
#1936=ORIENTED_EDGE('',*,*,#4007,.F.);
#1937=ORIENTED_EDGE('',*,*,#4008,.T.);
#1938=ORIENTED_EDGE('',*,*,#4004,.T.);
#1939=ORIENTED_EDGE('',*,*,#3547,.F.);
#1940=ORIENTED_EDGE('',*,*,#4009,.F.);
#1941=ORIENTED_EDGE('',*,*,#4010,.T.);
#1942=ORIENTED_EDGE('',*,*,#4007,.T.);
#1943=ORIENTED_EDGE('',*,*,#3546,.F.);
#1944=ORIENTED_EDGE('',*,*,#4011,.F.);
#1945=ORIENTED_EDGE('',*,*,#4012,.T.);
#1946=ORIENTED_EDGE('',*,*,#4009,.T.);
#1947=ORIENTED_EDGE('',*,*,#3545,.F.);
#1948=ORIENTED_EDGE('',*,*,#4013,.F.);
#1949=ORIENTED_EDGE('',*,*,#4014,.T.);
#1950=ORIENTED_EDGE('',*,*,#4011,.T.);
#1951=ORIENTED_EDGE('',*,*,#3544,.F.);
#1952=ORIENTED_EDGE('',*,*,#4015,.F.);
#1953=ORIENTED_EDGE('',*,*,#4016,.T.);
#1954=ORIENTED_EDGE('',*,*,#4013,.T.);
#1955=ORIENTED_EDGE('',*,*,#3543,.F.);
#1956=ORIENTED_EDGE('',*,*,#4017,.F.);
#1957=ORIENTED_EDGE('',*,*,#4018,.T.);
#1958=ORIENTED_EDGE('',*,*,#4015,.T.);
#1959=ORIENTED_EDGE('',*,*,#3542,.F.);
#1960=ORIENTED_EDGE('',*,*,#4019,.F.);
#1961=ORIENTED_EDGE('',*,*,#4020,.T.);
#1962=ORIENTED_EDGE('',*,*,#4017,.T.);
#1963=ORIENTED_EDGE('',*,*,#3541,.F.);
#1964=ORIENTED_EDGE('',*,*,#4021,.F.);
#1965=ORIENTED_EDGE('',*,*,#4022,.T.);
#1966=ORIENTED_EDGE('',*,*,#4019,.T.);
#1967=ORIENTED_EDGE('',*,*,#3540,.F.);
#1968=ORIENTED_EDGE('',*,*,#4023,.F.);
#1969=ORIENTED_EDGE('',*,*,#4024,.T.);
#1970=ORIENTED_EDGE('',*,*,#4021,.T.);
#1971=ORIENTED_EDGE('',*,*,#3539,.F.);
#1972=ORIENTED_EDGE('',*,*,#4025,.F.);
#1973=ORIENTED_EDGE('',*,*,#4026,.T.);
#1974=ORIENTED_EDGE('',*,*,#4023,.T.);
#1975=ORIENTED_EDGE('',*,*,#3538,.F.);
#1976=ORIENTED_EDGE('',*,*,#4006,.F.);
#1977=ORIENTED_EDGE('',*,*,#4027,.T.);
#1978=ORIENTED_EDGE('',*,*,#4025,.T.);
#1979=ORIENTED_EDGE('',*,*,#4005,.F.);
#1980=ORIENTED_EDGE('',*,*,#4008,.F.);
#1981=ORIENTED_EDGE('',*,*,#4010,.F.);
#1982=ORIENTED_EDGE('',*,*,#4012,.F.);
#1983=ORIENTED_EDGE('',*,*,#4014,.F.);
#1984=ORIENTED_EDGE('',*,*,#4016,.F.);
#1985=ORIENTED_EDGE('',*,*,#4018,.F.);
#1986=ORIENTED_EDGE('',*,*,#4020,.F.);
#1987=ORIENTED_EDGE('',*,*,#4022,.F.);
#1988=ORIENTED_EDGE('',*,*,#4024,.F.);
#1989=ORIENTED_EDGE('',*,*,#4026,.F.);
#1990=ORIENTED_EDGE('',*,*,#4027,.F.);
#1991=ORIENTED_EDGE('',*,*,#4028,.F.);
#1992=ORIENTED_EDGE('',*,*,#4029,.F.);
#1993=ORIENTED_EDGE('',*,*,#4030,.T.);
#1994=ORIENTED_EDGE('',*,*,#4031,.T.);
#1995=ORIENTED_EDGE('',*,*,#4032,.F.);
#1996=ORIENTED_EDGE('',*,*,#4033,.F.);
#1997=ORIENTED_EDGE('',*,*,#4034,.T.);
#1998=ORIENTED_EDGE('',*,*,#4029,.T.);
#1999=ORIENTED_EDGE('',*,*,#4035,.F.);
#2000=ORIENTED_EDGE('',*,*,#4036,.F.);
#2001=ORIENTED_EDGE('',*,*,#4037,.T.);
#2002=ORIENTED_EDGE('',*,*,#4033,.T.);
#2003=ORIENTED_EDGE('',*,*,#4038,.F.);
#2004=ORIENTED_EDGE('',*,*,#4039,.F.);
#2005=ORIENTED_EDGE('',*,*,#4040,.T.);
#2006=ORIENTED_EDGE('',*,*,#4036,.T.);
#2007=ORIENTED_EDGE('',*,*,#4041,.F.);
#2008=ORIENTED_EDGE('',*,*,#4042,.F.);
#2009=ORIENTED_EDGE('',*,*,#4043,.T.);
#2010=ORIENTED_EDGE('',*,*,#4039,.T.);
#2011=ORIENTED_EDGE('',*,*,#4044,.F.);
#2012=ORIENTED_EDGE('',*,*,#4045,.F.);
#2013=ORIENTED_EDGE('',*,*,#4046,.T.);
#2014=ORIENTED_EDGE('',*,*,#4042,.T.);
#2015=ORIENTED_EDGE('',*,*,#4047,.F.);
#2016=ORIENTED_EDGE('',*,*,#4048,.F.);
#2017=ORIENTED_EDGE('',*,*,#4049,.T.);
#2018=ORIENTED_EDGE('',*,*,#4045,.T.);
#2019=ORIENTED_EDGE('',*,*,#4050,.F.);
#2020=ORIENTED_EDGE('',*,*,#4051,.F.);
#2021=ORIENTED_EDGE('',*,*,#4052,.T.);
#2022=ORIENTED_EDGE('',*,*,#4048,.T.);
#2023=ORIENTED_EDGE('',*,*,#4053,.F.);
#2024=ORIENTED_EDGE('',*,*,#4054,.F.);
#2025=ORIENTED_EDGE('',*,*,#4055,.T.);
#2026=ORIENTED_EDGE('',*,*,#4051,.T.);
#2027=ORIENTED_EDGE('',*,*,#3521,.F.);
#2028=ORIENTED_EDGE('',*,*,#4056,.F.);
#2029=ORIENTED_EDGE('',*,*,#4057,.T.);
#2030=ORIENTED_EDGE('',*,*,#4058,.T.);
#2031=ORIENTED_EDGE('',*,*,#3536,.F.);
#2032=ORIENTED_EDGE('',*,*,#4059,.F.);
#2033=ORIENTED_EDGE('',*,*,#4060,.T.);
#2034=ORIENTED_EDGE('',*,*,#4056,.T.);
#2035=ORIENTED_EDGE('',*,*,#3535,.F.);
#2036=ORIENTED_EDGE('',*,*,#4061,.F.);
#2037=ORIENTED_EDGE('',*,*,#4062,.T.);
#2038=ORIENTED_EDGE('',*,*,#4059,.T.);
#2039=ORIENTED_EDGE('',*,*,#3534,.F.);
#2040=ORIENTED_EDGE('',*,*,#4063,.F.);
#2041=ORIENTED_EDGE('',*,*,#4064,.T.);
#2042=ORIENTED_EDGE('',*,*,#4061,.T.);
#2043=ORIENTED_EDGE('',*,*,#3533,.F.);
#2044=ORIENTED_EDGE('',*,*,#4065,.F.);
#2045=ORIENTED_EDGE('',*,*,#4066,.T.);
#2046=ORIENTED_EDGE('',*,*,#4063,.T.);
#2047=ORIENTED_EDGE('',*,*,#3532,.F.);
#2048=ORIENTED_EDGE('',*,*,#4067,.F.);
#2049=ORIENTED_EDGE('',*,*,#4068,.T.);
#2050=ORIENTED_EDGE('',*,*,#4065,.T.);
#2051=ORIENTED_EDGE('',*,*,#3531,.F.);
#2052=ORIENTED_EDGE('',*,*,#4069,.F.);
#2053=ORIENTED_EDGE('',*,*,#4070,.T.);
#2054=ORIENTED_EDGE('',*,*,#4067,.T.);
#2055=ORIENTED_EDGE('',*,*,#3530,.F.);
#2056=ORIENTED_EDGE('',*,*,#4071,.F.);
#2057=ORIENTED_EDGE('',*,*,#4072,.T.);
#2058=ORIENTED_EDGE('',*,*,#4069,.T.);
#2059=ORIENTED_EDGE('',*,*,#3529,.F.);
#2060=ORIENTED_EDGE('',*,*,#4073,.F.);
#2061=ORIENTED_EDGE('',*,*,#4074,.T.);
#2062=ORIENTED_EDGE('',*,*,#4071,.T.);
#2063=ORIENTED_EDGE('',*,*,#3528,.F.);
#2064=ORIENTED_EDGE('',*,*,#4075,.F.);
#2065=ORIENTED_EDGE('',*,*,#4076,.T.);
#2066=ORIENTED_EDGE('',*,*,#4073,.T.);
#2067=ORIENTED_EDGE('',*,*,#3527,.F.);
#2068=ORIENTED_EDGE('',*,*,#4077,.F.);
#2069=ORIENTED_EDGE('',*,*,#4078,.T.);
#2070=ORIENTED_EDGE('',*,*,#4075,.T.);
#2071=ORIENTED_EDGE('',*,*,#3526,.F.);
#2072=ORIENTED_EDGE('',*,*,#4079,.F.);
#2073=ORIENTED_EDGE('',*,*,#4080,.T.);
#2074=ORIENTED_EDGE('',*,*,#4077,.T.);
#2075=ORIENTED_EDGE('',*,*,#3525,.F.);
#2076=ORIENTED_EDGE('',*,*,#4081,.F.);
#2077=ORIENTED_EDGE('',*,*,#4082,.T.);
#2078=ORIENTED_EDGE('',*,*,#4079,.T.);
#2079=ORIENTED_EDGE('',*,*,#3524,.F.);
#2080=ORIENTED_EDGE('',*,*,#4083,.F.);
#2081=ORIENTED_EDGE('',*,*,#4084,.T.);
#2082=ORIENTED_EDGE('',*,*,#4081,.T.);
#2083=ORIENTED_EDGE('',*,*,#3523,.F.);
#2084=ORIENTED_EDGE('',*,*,#4085,.F.);
#2085=ORIENTED_EDGE('',*,*,#4086,.T.);
#2086=ORIENTED_EDGE('',*,*,#4083,.T.);
#2087=ORIENTED_EDGE('',*,*,#3522,.F.);
#2088=ORIENTED_EDGE('',*,*,#4058,.F.);
#2089=ORIENTED_EDGE('',*,*,#4087,.T.);
#2090=ORIENTED_EDGE('',*,*,#4085,.T.);
#2091=ORIENTED_EDGE('',*,*,#4088,.F.);
#2092=ORIENTED_EDGE('',*,*,#4031,.F.);
#2093=ORIENTED_EDGE('',*,*,#4089,.T.);
#2094=ORIENTED_EDGE('',*,*,#4054,.T.);
#2095=ORIENTED_EDGE('',*,*,#4057,.F.);
#2096=ORIENTED_EDGE('',*,*,#4060,.F.);
#2097=ORIENTED_EDGE('',*,*,#4062,.F.);
#2098=ORIENTED_EDGE('',*,*,#4064,.F.);
#2099=ORIENTED_EDGE('',*,*,#4066,.F.);
#2100=ORIENTED_EDGE('',*,*,#4068,.F.);
#2101=ORIENTED_EDGE('',*,*,#4070,.F.);
#2102=ORIENTED_EDGE('',*,*,#4072,.F.);
#2103=ORIENTED_EDGE('',*,*,#4074,.F.);
#2104=ORIENTED_EDGE('',*,*,#4076,.F.);
#2105=ORIENTED_EDGE('',*,*,#4078,.F.);
#2106=ORIENTED_EDGE('',*,*,#4080,.F.);
#2107=ORIENTED_EDGE('',*,*,#4082,.F.);
#2108=ORIENTED_EDGE('',*,*,#4084,.F.);
#2109=ORIENTED_EDGE('',*,*,#4086,.F.);
#2110=ORIENTED_EDGE('',*,*,#4087,.F.);
#2111=ORIENTED_EDGE('',*,*,#4030,.F.);
#2112=ORIENTED_EDGE('',*,*,#4034,.F.);
#2113=ORIENTED_EDGE('',*,*,#4037,.F.);
#2114=ORIENTED_EDGE('',*,*,#4040,.F.);
#2115=ORIENTED_EDGE('',*,*,#4043,.F.);
#2116=ORIENTED_EDGE('',*,*,#4046,.F.);
#2117=ORIENTED_EDGE('',*,*,#4049,.F.);
#2118=ORIENTED_EDGE('',*,*,#4052,.F.);
#2119=ORIENTED_EDGE('',*,*,#4055,.F.);
#2120=ORIENTED_EDGE('',*,*,#4089,.F.);
#2121=ORIENTED_EDGE('',*,*,#4028,.T.);
#2122=ORIENTED_EDGE('',*,*,#4088,.T.);
#2123=ORIENTED_EDGE('',*,*,#4053,.T.);
#2124=ORIENTED_EDGE('',*,*,#4050,.T.);
#2125=ORIENTED_EDGE('',*,*,#4047,.T.);
#2126=ORIENTED_EDGE('',*,*,#4044,.T.);
#2127=ORIENTED_EDGE('',*,*,#4041,.T.);
#2128=ORIENTED_EDGE('',*,*,#4038,.T.);
#2129=ORIENTED_EDGE('',*,*,#4035,.T.);
#2130=ORIENTED_EDGE('',*,*,#4032,.T.);
#2131=ORIENTED_EDGE('',*,*,#3502,.F.);
#2132=ORIENTED_EDGE('',*,*,#4090,.F.);
#2133=ORIENTED_EDGE('',*,*,#4091,.T.);
#2134=ORIENTED_EDGE('',*,*,#4092,.T.);
#2135=ORIENTED_EDGE('',*,*,#3520,.F.);
#2136=ORIENTED_EDGE('',*,*,#4093,.F.);
#2137=ORIENTED_EDGE('',*,*,#4094,.T.);
#2138=ORIENTED_EDGE('',*,*,#4090,.T.);
#2139=ORIENTED_EDGE('',*,*,#3519,.F.);
#2140=ORIENTED_EDGE('',*,*,#4095,.F.);
#2141=ORIENTED_EDGE('',*,*,#4096,.T.);
#2142=ORIENTED_EDGE('',*,*,#4093,.T.);
#2143=ORIENTED_EDGE('',*,*,#3518,.F.);
#2144=ORIENTED_EDGE('',*,*,#4097,.F.);
#2145=ORIENTED_EDGE('',*,*,#4098,.T.);
#2146=ORIENTED_EDGE('',*,*,#4095,.T.);
#2147=ORIENTED_EDGE('',*,*,#3517,.F.);
#2148=ORIENTED_EDGE('',*,*,#4099,.F.);
#2149=ORIENTED_EDGE('',*,*,#4100,.T.);
#2150=ORIENTED_EDGE('',*,*,#4097,.T.);
#2151=ORIENTED_EDGE('',*,*,#3516,.F.);
#2152=ORIENTED_EDGE('',*,*,#4101,.F.);
#2153=ORIENTED_EDGE('',*,*,#4102,.T.);
#2154=ORIENTED_EDGE('',*,*,#4099,.T.);
#2155=ORIENTED_EDGE('',*,*,#3515,.F.);
#2156=ORIENTED_EDGE('',*,*,#4103,.F.);
#2157=ORIENTED_EDGE('',*,*,#4104,.T.);
#2158=ORIENTED_EDGE('',*,*,#4101,.T.);
#2159=ORIENTED_EDGE('',*,*,#3514,.F.);
#2160=ORIENTED_EDGE('',*,*,#4105,.F.);
#2161=ORIENTED_EDGE('',*,*,#4106,.T.);
#2162=ORIENTED_EDGE('',*,*,#4103,.T.);
#2163=ORIENTED_EDGE('',*,*,#3513,.F.);
#2164=ORIENTED_EDGE('',*,*,#4107,.F.);
#2165=ORIENTED_EDGE('',*,*,#4108,.T.);
#2166=ORIENTED_EDGE('',*,*,#4105,.T.);
#2167=ORIENTED_EDGE('',*,*,#3512,.F.);
#2168=ORIENTED_EDGE('',*,*,#4109,.F.);
#2169=ORIENTED_EDGE('',*,*,#4110,.T.);
#2170=ORIENTED_EDGE('',*,*,#4107,.T.);
#2171=ORIENTED_EDGE('',*,*,#3511,.F.);
#2172=ORIENTED_EDGE('',*,*,#4111,.F.);
#2173=ORIENTED_EDGE('',*,*,#4112,.T.);
#2174=ORIENTED_EDGE('',*,*,#4109,.T.);
#2175=ORIENTED_EDGE('',*,*,#3510,.F.);
#2176=ORIENTED_EDGE('',*,*,#4113,.F.);
#2177=ORIENTED_EDGE('',*,*,#4114,.T.);
#2178=ORIENTED_EDGE('',*,*,#4111,.T.);
#2179=ORIENTED_EDGE('',*,*,#3509,.F.);
#2180=ORIENTED_EDGE('',*,*,#4115,.F.);
#2181=ORIENTED_EDGE('',*,*,#4116,.T.);
#2182=ORIENTED_EDGE('',*,*,#4113,.T.);
#2183=ORIENTED_EDGE('',*,*,#3508,.F.);
#2184=ORIENTED_EDGE('',*,*,#4117,.F.);
#2185=ORIENTED_EDGE('',*,*,#4118,.T.);
#2186=ORIENTED_EDGE('',*,*,#4115,.T.);
#2187=ORIENTED_EDGE('',*,*,#3507,.F.);
#2188=ORIENTED_EDGE('',*,*,#4119,.F.);
#2189=ORIENTED_EDGE('',*,*,#4120,.T.);
#2190=ORIENTED_EDGE('',*,*,#4117,.T.);
#2191=ORIENTED_EDGE('',*,*,#3506,.F.);
#2192=ORIENTED_EDGE('',*,*,#4121,.F.);
#2193=ORIENTED_EDGE('',*,*,#4122,.T.);
#2194=ORIENTED_EDGE('',*,*,#4119,.T.);
#2195=ORIENTED_EDGE('',*,*,#3505,.F.);
#2196=ORIENTED_EDGE('',*,*,#4123,.F.);
#2197=ORIENTED_EDGE('',*,*,#4124,.T.);
#2198=ORIENTED_EDGE('',*,*,#4121,.T.);
#2199=ORIENTED_EDGE('',*,*,#3504,.F.);
#2200=ORIENTED_EDGE('',*,*,#4125,.F.);
#2201=ORIENTED_EDGE('',*,*,#4126,.T.);
#2202=ORIENTED_EDGE('',*,*,#4123,.T.);
#2203=ORIENTED_EDGE('',*,*,#3503,.F.);
#2204=ORIENTED_EDGE('',*,*,#4092,.F.);
#2205=ORIENTED_EDGE('',*,*,#4127,.T.);
#2206=ORIENTED_EDGE('',*,*,#4125,.T.);
#2207=ORIENTED_EDGE('',*,*,#4091,.F.);
#2208=ORIENTED_EDGE('',*,*,#4094,.F.);
#2209=ORIENTED_EDGE('',*,*,#4096,.F.);
#2210=ORIENTED_EDGE('',*,*,#4098,.F.);
#2211=ORIENTED_EDGE('',*,*,#4100,.F.);
#2212=ORIENTED_EDGE('',*,*,#4102,.F.);
#2213=ORIENTED_EDGE('',*,*,#4104,.F.);
#2214=ORIENTED_EDGE('',*,*,#4106,.F.);
#2215=ORIENTED_EDGE('',*,*,#4108,.F.);
#2216=ORIENTED_EDGE('',*,*,#4110,.F.);
#2217=ORIENTED_EDGE('',*,*,#4112,.F.);
#2218=ORIENTED_EDGE('',*,*,#4114,.F.);
#2219=ORIENTED_EDGE('',*,*,#4116,.F.);
#2220=ORIENTED_EDGE('',*,*,#4118,.F.);
#2221=ORIENTED_EDGE('',*,*,#4120,.F.);
#2222=ORIENTED_EDGE('',*,*,#4122,.F.);
#2223=ORIENTED_EDGE('',*,*,#4124,.F.);
#2224=ORIENTED_EDGE('',*,*,#4126,.F.);
#2225=ORIENTED_EDGE('',*,*,#4127,.F.);
#2226=ORIENTED_EDGE('',*,*,#3491,.F.);
#2227=ORIENTED_EDGE('',*,*,#4128,.F.);
#2228=ORIENTED_EDGE('',*,*,#4129,.T.);
#2229=ORIENTED_EDGE('',*,*,#4130,.T.);
#2230=ORIENTED_EDGE('',*,*,#3501,.F.);
#2231=ORIENTED_EDGE('',*,*,#4131,.F.);
#2232=ORIENTED_EDGE('',*,*,#4132,.T.);
#2233=ORIENTED_EDGE('',*,*,#4128,.T.);
#2234=ORIENTED_EDGE('',*,*,#3500,.F.);
#2235=ORIENTED_EDGE('',*,*,#4133,.F.);
#2236=ORIENTED_EDGE('',*,*,#4134,.T.);
#2237=ORIENTED_EDGE('',*,*,#4131,.T.);
#2238=ORIENTED_EDGE('',*,*,#3499,.F.);
#2239=ORIENTED_EDGE('',*,*,#4135,.F.);
#2240=ORIENTED_EDGE('',*,*,#4136,.T.);
#2241=ORIENTED_EDGE('',*,*,#4133,.T.);
#2242=ORIENTED_EDGE('',*,*,#3498,.F.);
#2243=ORIENTED_EDGE('',*,*,#4137,.F.);
#2244=ORIENTED_EDGE('',*,*,#4138,.T.);
#2245=ORIENTED_EDGE('',*,*,#4135,.T.);
#2246=ORIENTED_EDGE('',*,*,#3497,.F.);
#2247=ORIENTED_EDGE('',*,*,#4139,.F.);
#2248=ORIENTED_EDGE('',*,*,#4140,.T.);
#2249=ORIENTED_EDGE('',*,*,#4137,.T.);
#2250=ORIENTED_EDGE('',*,*,#3496,.F.);
#2251=ORIENTED_EDGE('',*,*,#4141,.F.);
#2252=ORIENTED_EDGE('',*,*,#4142,.T.);
#2253=ORIENTED_EDGE('',*,*,#4139,.T.);
#2254=ORIENTED_EDGE('',*,*,#3495,.F.);
#2255=ORIENTED_EDGE('',*,*,#4143,.F.);
#2256=ORIENTED_EDGE('',*,*,#4144,.T.);
#2257=ORIENTED_EDGE('',*,*,#4141,.T.);
#2258=ORIENTED_EDGE('',*,*,#3494,.F.);
#2259=ORIENTED_EDGE('',*,*,#4145,.F.);
#2260=ORIENTED_EDGE('',*,*,#4146,.T.);
#2261=ORIENTED_EDGE('',*,*,#4143,.T.);
#2262=ORIENTED_EDGE('',*,*,#3493,.F.);
#2263=ORIENTED_EDGE('',*,*,#4147,.F.);
#2264=ORIENTED_EDGE('',*,*,#4148,.T.);
#2265=ORIENTED_EDGE('',*,*,#4145,.T.);
#2266=ORIENTED_EDGE('',*,*,#3492,.F.);
#2267=ORIENTED_EDGE('',*,*,#4130,.F.);
#2268=ORIENTED_EDGE('',*,*,#4149,.T.);
#2269=ORIENTED_EDGE('',*,*,#4147,.T.);
#2270=ORIENTED_EDGE('',*,*,#4129,.F.);
#2271=ORIENTED_EDGE('',*,*,#4132,.F.);
#2272=ORIENTED_EDGE('',*,*,#4134,.F.);
#2273=ORIENTED_EDGE('',*,*,#4136,.F.);
#2274=ORIENTED_EDGE('',*,*,#4138,.F.);
#2275=ORIENTED_EDGE('',*,*,#4140,.F.);
#2276=ORIENTED_EDGE('',*,*,#4142,.F.);
#2277=ORIENTED_EDGE('',*,*,#4144,.F.);
#2278=ORIENTED_EDGE('',*,*,#4146,.F.);
#2279=ORIENTED_EDGE('',*,*,#4148,.F.);
#2280=ORIENTED_EDGE('',*,*,#4149,.F.);
#2281=ORIENTED_EDGE('',*,*,#3469,.F.);
#2282=ORIENTED_EDGE('',*,*,#4150,.F.);
#2283=ORIENTED_EDGE('',*,*,#4151,.T.);
#2284=ORIENTED_EDGE('',*,*,#4152,.T.);
#2285=ORIENTED_EDGE('',*,*,#3490,.F.);
#2286=ORIENTED_EDGE('',*,*,#4153,.F.);
#2287=ORIENTED_EDGE('',*,*,#4154,.T.);
#2288=ORIENTED_EDGE('',*,*,#4150,.T.);
#2289=ORIENTED_EDGE('',*,*,#3489,.F.);
#2290=ORIENTED_EDGE('',*,*,#4155,.F.);
#2291=ORIENTED_EDGE('',*,*,#4156,.T.);
#2292=ORIENTED_EDGE('',*,*,#4153,.T.);
#2293=ORIENTED_EDGE('',*,*,#3488,.F.);
#2294=ORIENTED_EDGE('',*,*,#4157,.F.);
#2295=ORIENTED_EDGE('',*,*,#4158,.T.);
#2296=ORIENTED_EDGE('',*,*,#4155,.T.);
#2297=ORIENTED_EDGE('',*,*,#3487,.F.);
#2298=ORIENTED_EDGE('',*,*,#4159,.F.);
#2299=ORIENTED_EDGE('',*,*,#4160,.T.);
#2300=ORIENTED_EDGE('',*,*,#4157,.T.);
#2301=ORIENTED_EDGE('',*,*,#3486,.F.);
#2302=ORIENTED_EDGE('',*,*,#4161,.F.);
#2303=ORIENTED_EDGE('',*,*,#4162,.T.);
#2304=ORIENTED_EDGE('',*,*,#4159,.T.);
#2305=ORIENTED_EDGE('',*,*,#3485,.F.);
#2306=ORIENTED_EDGE('',*,*,#4163,.F.);
#2307=ORIENTED_EDGE('',*,*,#4164,.T.);
#2308=ORIENTED_EDGE('',*,*,#4161,.T.);
#2309=ORIENTED_EDGE('',*,*,#3484,.F.);
#2310=ORIENTED_EDGE('',*,*,#4165,.F.);
#2311=ORIENTED_EDGE('',*,*,#4166,.T.);
#2312=ORIENTED_EDGE('',*,*,#4163,.T.);
#2313=ORIENTED_EDGE('',*,*,#3483,.F.);
#2314=ORIENTED_EDGE('',*,*,#4167,.F.);
#2315=ORIENTED_EDGE('',*,*,#4168,.T.);
#2316=ORIENTED_EDGE('',*,*,#4165,.T.);
#2317=ORIENTED_EDGE('',*,*,#3482,.F.);
#2318=ORIENTED_EDGE('',*,*,#4169,.F.);
#2319=ORIENTED_EDGE('',*,*,#4170,.T.);
#2320=ORIENTED_EDGE('',*,*,#4167,.T.);
#2321=ORIENTED_EDGE('',*,*,#3481,.F.);
#2322=ORIENTED_EDGE('',*,*,#4171,.F.);
#2323=ORIENTED_EDGE('',*,*,#4172,.T.);
#2324=ORIENTED_EDGE('',*,*,#4169,.T.);
#2325=ORIENTED_EDGE('',*,*,#3480,.F.);
#2326=ORIENTED_EDGE('',*,*,#4173,.F.);
#2327=ORIENTED_EDGE('',*,*,#4174,.T.);
#2328=ORIENTED_EDGE('',*,*,#4171,.T.);
#2329=ORIENTED_EDGE('',*,*,#3479,.F.);
#2330=ORIENTED_EDGE('',*,*,#4175,.F.);
#2331=ORIENTED_EDGE('',*,*,#4176,.T.);
#2332=ORIENTED_EDGE('',*,*,#4173,.T.);
#2333=ORIENTED_EDGE('',*,*,#3478,.F.);
#2334=ORIENTED_EDGE('',*,*,#4177,.F.);
#2335=ORIENTED_EDGE('',*,*,#4178,.T.);
#2336=ORIENTED_EDGE('',*,*,#4175,.T.);
#2337=ORIENTED_EDGE('',*,*,#3477,.F.);
#2338=ORIENTED_EDGE('',*,*,#4179,.F.);
#2339=ORIENTED_EDGE('',*,*,#4180,.T.);
#2340=ORIENTED_EDGE('',*,*,#4177,.T.);
#2341=ORIENTED_EDGE('',*,*,#3476,.F.);
#2342=ORIENTED_EDGE('',*,*,#4181,.F.);
#2343=ORIENTED_EDGE('',*,*,#4182,.T.);
#2344=ORIENTED_EDGE('',*,*,#4179,.T.);
#2345=ORIENTED_EDGE('',*,*,#3475,.F.);
#2346=ORIENTED_EDGE('',*,*,#4183,.F.);
#2347=ORIENTED_EDGE('',*,*,#4184,.T.);
#2348=ORIENTED_EDGE('',*,*,#4181,.T.);
#2349=ORIENTED_EDGE('',*,*,#3474,.F.);
#2350=ORIENTED_EDGE('',*,*,#4185,.F.);
#2351=ORIENTED_EDGE('',*,*,#4186,.T.);
#2352=ORIENTED_EDGE('',*,*,#4183,.T.);
#2353=ORIENTED_EDGE('',*,*,#3473,.F.);
#2354=ORIENTED_EDGE('',*,*,#4187,.F.);
#2355=ORIENTED_EDGE('',*,*,#4188,.T.);
#2356=ORIENTED_EDGE('',*,*,#4185,.T.);
#2357=ORIENTED_EDGE('',*,*,#3472,.F.);
#2358=ORIENTED_EDGE('',*,*,#4189,.F.);
#2359=ORIENTED_EDGE('',*,*,#4190,.T.);
#2360=ORIENTED_EDGE('',*,*,#4187,.T.);
#2361=ORIENTED_EDGE('',*,*,#3471,.F.);
#2362=ORIENTED_EDGE('',*,*,#4191,.F.);
#2363=ORIENTED_EDGE('',*,*,#4192,.T.);
#2364=ORIENTED_EDGE('',*,*,#4189,.T.);
#2365=ORIENTED_EDGE('',*,*,#3470,.F.);
#2366=ORIENTED_EDGE('',*,*,#4152,.F.);
#2367=ORIENTED_EDGE('',*,*,#4193,.T.);
#2368=ORIENTED_EDGE('',*,*,#4191,.T.);
#2369=ORIENTED_EDGE('',*,*,#4151,.F.);
#2370=ORIENTED_EDGE('',*,*,#4154,.F.);
#2371=ORIENTED_EDGE('',*,*,#4156,.F.);
#2372=ORIENTED_EDGE('',*,*,#4158,.F.);
#2373=ORIENTED_EDGE('',*,*,#4160,.F.);
#2374=ORIENTED_EDGE('',*,*,#4162,.F.);
#2375=ORIENTED_EDGE('',*,*,#4164,.F.);
#2376=ORIENTED_EDGE('',*,*,#4166,.F.);
#2377=ORIENTED_EDGE('',*,*,#4168,.F.);
#2378=ORIENTED_EDGE('',*,*,#4170,.F.);
#2379=ORIENTED_EDGE('',*,*,#4172,.F.);
#2380=ORIENTED_EDGE('',*,*,#4174,.F.);
#2381=ORIENTED_EDGE('',*,*,#4176,.F.);
#2382=ORIENTED_EDGE('',*,*,#4178,.F.);
#2383=ORIENTED_EDGE('',*,*,#4180,.F.);
#2384=ORIENTED_EDGE('',*,*,#4182,.F.);
#2385=ORIENTED_EDGE('',*,*,#4184,.F.);
#2386=ORIENTED_EDGE('',*,*,#4186,.F.);
#2387=ORIENTED_EDGE('',*,*,#4188,.F.);
#2388=ORIENTED_EDGE('',*,*,#4190,.F.);
#2389=ORIENTED_EDGE('',*,*,#4192,.F.);
#2390=ORIENTED_EDGE('',*,*,#4193,.F.);
#2391=ORIENTED_EDGE('',*,*,#3465,.F.);
#2392=ORIENTED_EDGE('',*,*,#4194,.F.);
#2393=ORIENTED_EDGE('',*,*,#4195,.T.);
#2394=ORIENTED_EDGE('',*,*,#4196,.T.);
#2395=ORIENTED_EDGE('',*,*,#3468,.F.);
#2396=ORIENTED_EDGE('',*,*,#4197,.F.);
#2397=ORIENTED_EDGE('',*,*,#4198,.T.);
#2398=ORIENTED_EDGE('',*,*,#4194,.T.);
#2399=ORIENTED_EDGE('',*,*,#3467,.F.);
#2400=ORIENTED_EDGE('',*,*,#4199,.F.);
#2401=ORIENTED_EDGE('',*,*,#4200,.T.);
#2402=ORIENTED_EDGE('',*,*,#4197,.T.);
#2403=ORIENTED_EDGE('',*,*,#3466,.F.);
#2404=ORIENTED_EDGE('',*,*,#4196,.F.);
#2405=ORIENTED_EDGE('',*,*,#4201,.T.);
#2406=ORIENTED_EDGE('',*,*,#4199,.T.);
#2407=ORIENTED_EDGE('',*,*,#4195,.F.);
#2408=ORIENTED_EDGE('',*,*,#4198,.F.);
#2409=ORIENTED_EDGE('',*,*,#4200,.F.);
#2410=ORIENTED_EDGE('',*,*,#4201,.F.);
#2411=ORIENTED_EDGE('',*,*,#3447,.F.);
#2412=ORIENTED_EDGE('',*,*,#4202,.F.);
#2413=ORIENTED_EDGE('',*,*,#4203,.T.);
#2414=ORIENTED_EDGE('',*,*,#4204,.T.);
#2415=ORIENTED_EDGE('',*,*,#3464,.F.);
#2416=ORIENTED_EDGE('',*,*,#4205,.F.);
#2417=ORIENTED_EDGE('',*,*,#4206,.T.);
#2418=ORIENTED_EDGE('',*,*,#4202,.T.);
#2419=ORIENTED_EDGE('',*,*,#3463,.F.);
#2420=ORIENTED_EDGE('',*,*,#4207,.F.);
#2421=ORIENTED_EDGE('',*,*,#4208,.T.);
#2422=ORIENTED_EDGE('',*,*,#4205,.T.);
#2423=ORIENTED_EDGE('',*,*,#3462,.F.);
#2424=ORIENTED_EDGE('',*,*,#4209,.F.);
#2425=ORIENTED_EDGE('',*,*,#4210,.T.);
#2426=ORIENTED_EDGE('',*,*,#4207,.T.);
#2427=ORIENTED_EDGE('',*,*,#3461,.F.);
#2428=ORIENTED_EDGE('',*,*,#4211,.F.);
#2429=ORIENTED_EDGE('',*,*,#4212,.T.);
#2430=ORIENTED_EDGE('',*,*,#4209,.T.);
#2431=ORIENTED_EDGE('',*,*,#3460,.F.);
#2432=ORIENTED_EDGE('',*,*,#4213,.F.);
#2433=ORIENTED_EDGE('',*,*,#4214,.T.);
#2434=ORIENTED_EDGE('',*,*,#4211,.T.);
#2435=ORIENTED_EDGE('',*,*,#3459,.F.);
#2436=ORIENTED_EDGE('',*,*,#4215,.F.);
#2437=ORIENTED_EDGE('',*,*,#4216,.T.);
#2438=ORIENTED_EDGE('',*,*,#4213,.T.);
#2439=ORIENTED_EDGE('',*,*,#3458,.F.);
#2440=ORIENTED_EDGE('',*,*,#4217,.F.);
#2441=ORIENTED_EDGE('',*,*,#4218,.T.);
#2442=ORIENTED_EDGE('',*,*,#4215,.T.);
#2443=ORIENTED_EDGE('',*,*,#3457,.F.);
#2444=ORIENTED_EDGE('',*,*,#4219,.F.);
#2445=ORIENTED_EDGE('',*,*,#4220,.T.);
#2446=ORIENTED_EDGE('',*,*,#4217,.T.);
#2447=ORIENTED_EDGE('',*,*,#3456,.F.);
#2448=ORIENTED_EDGE('',*,*,#4221,.F.);
#2449=ORIENTED_EDGE('',*,*,#4222,.T.);
#2450=ORIENTED_EDGE('',*,*,#4219,.T.);
#2451=ORIENTED_EDGE('',*,*,#3455,.F.);
#2452=ORIENTED_EDGE('',*,*,#4223,.F.);
#2453=ORIENTED_EDGE('',*,*,#4224,.T.);
#2454=ORIENTED_EDGE('',*,*,#4221,.T.);
#2455=ORIENTED_EDGE('',*,*,#3454,.F.);
#2456=ORIENTED_EDGE('',*,*,#4225,.F.);
#2457=ORIENTED_EDGE('',*,*,#4226,.T.);
#2458=ORIENTED_EDGE('',*,*,#4223,.T.);
#2459=ORIENTED_EDGE('',*,*,#3453,.F.);
#2460=ORIENTED_EDGE('',*,*,#4227,.F.);
#2461=ORIENTED_EDGE('',*,*,#4228,.T.);
#2462=ORIENTED_EDGE('',*,*,#4225,.T.);
#2463=ORIENTED_EDGE('',*,*,#3452,.F.);
#2464=ORIENTED_EDGE('',*,*,#4229,.F.);
#2465=ORIENTED_EDGE('',*,*,#4230,.T.);
#2466=ORIENTED_EDGE('',*,*,#4227,.T.);
#2467=ORIENTED_EDGE('',*,*,#3451,.F.);
#2468=ORIENTED_EDGE('',*,*,#4231,.F.);
#2469=ORIENTED_EDGE('',*,*,#4232,.T.);
#2470=ORIENTED_EDGE('',*,*,#4229,.T.);
#2471=ORIENTED_EDGE('',*,*,#3450,.F.);
#2472=ORIENTED_EDGE('',*,*,#4233,.F.);
#2473=ORIENTED_EDGE('',*,*,#4234,.T.);
#2474=ORIENTED_EDGE('',*,*,#4231,.T.);
#2475=ORIENTED_EDGE('',*,*,#3449,.F.);
#2476=ORIENTED_EDGE('',*,*,#4235,.F.);
#2477=ORIENTED_EDGE('',*,*,#4236,.T.);
#2478=ORIENTED_EDGE('',*,*,#4233,.T.);
#2479=ORIENTED_EDGE('',*,*,#3448,.F.);
#2480=ORIENTED_EDGE('',*,*,#4204,.F.);
#2481=ORIENTED_EDGE('',*,*,#4237,.T.);
#2482=ORIENTED_EDGE('',*,*,#4235,.T.);
#2483=ORIENTED_EDGE('',*,*,#4203,.F.);
#2484=ORIENTED_EDGE('',*,*,#4206,.F.);
#2485=ORIENTED_EDGE('',*,*,#4208,.F.);
#2486=ORIENTED_EDGE('',*,*,#4210,.F.);
#2487=ORIENTED_EDGE('',*,*,#4212,.F.);
#2488=ORIENTED_EDGE('',*,*,#4214,.F.);
#2489=ORIENTED_EDGE('',*,*,#4216,.F.);
#2490=ORIENTED_EDGE('',*,*,#4218,.F.);
#2491=ORIENTED_EDGE('',*,*,#4220,.F.);
#2492=ORIENTED_EDGE('',*,*,#4222,.F.);
#2493=ORIENTED_EDGE('',*,*,#4224,.F.);
#2494=ORIENTED_EDGE('',*,*,#4226,.F.);
#2495=ORIENTED_EDGE('',*,*,#4228,.F.);
#2496=ORIENTED_EDGE('',*,*,#4230,.F.);
#2497=ORIENTED_EDGE('',*,*,#4232,.F.);
#2498=ORIENTED_EDGE('',*,*,#4234,.F.);
#2499=ORIENTED_EDGE('',*,*,#4236,.F.);
#2500=ORIENTED_EDGE('',*,*,#4237,.F.);
#2501=ORIENTED_EDGE('',*,*,#4238,.F.);
#2502=ORIENTED_EDGE('',*,*,#4239,.F.);
#2503=ORIENTED_EDGE('',*,*,#4240,.T.);
#2504=ORIENTED_EDGE('',*,*,#4241,.T.);
#2505=ORIENTED_EDGE('',*,*,#4242,.F.);
#2506=ORIENTED_EDGE('',*,*,#4243,.F.);
#2507=ORIENTED_EDGE('',*,*,#4244,.T.);
#2508=ORIENTED_EDGE('',*,*,#4239,.T.);
#2509=ORIENTED_EDGE('',*,*,#4245,.F.);
#2510=ORIENTED_EDGE('',*,*,#4246,.F.);
#2511=ORIENTED_EDGE('',*,*,#4247,.T.);
#2512=ORIENTED_EDGE('',*,*,#4243,.T.);
#2513=ORIENTED_EDGE('',*,*,#4248,.F.);
#2514=ORIENTED_EDGE('',*,*,#4249,.F.);
#2515=ORIENTED_EDGE('',*,*,#4250,.T.);
#2516=ORIENTED_EDGE('',*,*,#4246,.T.);
#2517=ORIENTED_EDGE('',*,*,#4251,.F.);
#2518=ORIENTED_EDGE('',*,*,#4252,.F.);
#2519=ORIENTED_EDGE('',*,*,#4253,.T.);
#2520=ORIENTED_EDGE('',*,*,#4249,.T.);
#2521=ORIENTED_EDGE('',*,*,#4254,.F.);
#2522=ORIENTED_EDGE('',*,*,#4255,.F.);
#2523=ORIENTED_EDGE('',*,*,#4256,.T.);
#2524=ORIENTED_EDGE('',*,*,#4252,.T.);
#2525=ORIENTED_EDGE('',*,*,#4257,.F.);
#2526=ORIENTED_EDGE('',*,*,#4258,.F.);
#2527=ORIENTED_EDGE('',*,*,#4259,.T.);
#2528=ORIENTED_EDGE('',*,*,#4255,.T.);
#2529=ORIENTED_EDGE('',*,*,#4260,.F.);
#2530=ORIENTED_EDGE('',*,*,#4261,.F.);
#2531=ORIENTED_EDGE('',*,*,#4262,.T.);
#2532=ORIENTED_EDGE('',*,*,#4258,.T.);
#2533=ORIENTED_EDGE('',*,*,#4263,.F.);
#2534=ORIENTED_EDGE('',*,*,#4264,.F.);
#2535=ORIENTED_EDGE('',*,*,#4265,.T.);
#2536=ORIENTED_EDGE('',*,*,#4261,.T.);
#2537=ORIENTED_EDGE('',*,*,#3432,.F.);
#2538=ORIENTED_EDGE('',*,*,#4266,.F.);
#2539=ORIENTED_EDGE('',*,*,#4267,.T.);
#2540=ORIENTED_EDGE('',*,*,#4268,.T.);
#2541=ORIENTED_EDGE('',*,*,#3446,.F.);
#2542=ORIENTED_EDGE('',*,*,#4269,.F.);
#2543=ORIENTED_EDGE('',*,*,#4270,.T.);
#2544=ORIENTED_EDGE('',*,*,#4266,.T.);
#2545=ORIENTED_EDGE('',*,*,#3445,.F.);
#2546=ORIENTED_EDGE('',*,*,#4271,.F.);
#2547=ORIENTED_EDGE('',*,*,#4272,.T.);
#2548=ORIENTED_EDGE('',*,*,#4269,.T.);
#2549=ORIENTED_EDGE('',*,*,#3444,.F.);
#2550=ORIENTED_EDGE('',*,*,#4273,.F.);
#2551=ORIENTED_EDGE('',*,*,#4274,.T.);
#2552=ORIENTED_EDGE('',*,*,#4271,.T.);
#2553=ORIENTED_EDGE('',*,*,#3443,.F.);
#2554=ORIENTED_EDGE('',*,*,#4275,.F.);
#2555=ORIENTED_EDGE('',*,*,#4276,.T.);
#2556=ORIENTED_EDGE('',*,*,#4273,.T.);
#2557=ORIENTED_EDGE('',*,*,#3442,.F.);
#2558=ORIENTED_EDGE('',*,*,#4277,.F.);
#2559=ORIENTED_EDGE('',*,*,#4278,.T.);
#2560=ORIENTED_EDGE('',*,*,#4275,.T.);
#2561=ORIENTED_EDGE('',*,*,#3441,.F.);
#2562=ORIENTED_EDGE('',*,*,#4279,.F.);
#2563=ORIENTED_EDGE('',*,*,#4280,.T.);
#2564=ORIENTED_EDGE('',*,*,#4277,.T.);
#2565=ORIENTED_EDGE('',*,*,#3440,.F.);
#2566=ORIENTED_EDGE('',*,*,#4281,.F.);
#2567=ORIENTED_EDGE('',*,*,#4282,.T.);
#2568=ORIENTED_EDGE('',*,*,#4279,.T.);
#2569=ORIENTED_EDGE('',*,*,#3439,.F.);
#2570=ORIENTED_EDGE('',*,*,#4283,.F.);
#2571=ORIENTED_EDGE('',*,*,#4284,.T.);
#2572=ORIENTED_EDGE('',*,*,#4281,.T.);
#2573=ORIENTED_EDGE('',*,*,#3438,.F.);
#2574=ORIENTED_EDGE('',*,*,#4285,.F.);
#2575=ORIENTED_EDGE('',*,*,#4286,.T.);
#2576=ORIENTED_EDGE('',*,*,#4283,.T.);
#2577=ORIENTED_EDGE('',*,*,#3437,.F.);
#2578=ORIENTED_EDGE('',*,*,#4287,.F.);
#2579=ORIENTED_EDGE('',*,*,#4288,.T.);
#2580=ORIENTED_EDGE('',*,*,#4285,.T.);
#2581=ORIENTED_EDGE('',*,*,#3436,.F.);
#2582=ORIENTED_EDGE('',*,*,#4289,.F.);
#2583=ORIENTED_EDGE('',*,*,#4290,.T.);
#2584=ORIENTED_EDGE('',*,*,#4287,.T.);
#2585=ORIENTED_EDGE('',*,*,#3435,.F.);
#2586=ORIENTED_EDGE('',*,*,#4291,.F.);
#2587=ORIENTED_EDGE('',*,*,#4292,.T.);
#2588=ORIENTED_EDGE('',*,*,#4289,.T.);
#2589=ORIENTED_EDGE('',*,*,#3434,.F.);
#2590=ORIENTED_EDGE('',*,*,#4293,.F.);
#2591=ORIENTED_EDGE('',*,*,#4294,.T.);
#2592=ORIENTED_EDGE('',*,*,#4291,.T.);
#2593=ORIENTED_EDGE('',*,*,#3433,.F.);
#2594=ORIENTED_EDGE('',*,*,#4268,.F.);
#2595=ORIENTED_EDGE('',*,*,#4295,.T.);
#2596=ORIENTED_EDGE('',*,*,#4293,.T.);
#2597=ORIENTED_EDGE('',*,*,#4296,.F.);
#2598=ORIENTED_EDGE('',*,*,#4241,.F.);
#2599=ORIENTED_EDGE('',*,*,#4297,.T.);
#2600=ORIENTED_EDGE('',*,*,#4264,.T.);
#2601=ORIENTED_EDGE('',*,*,#4267,.F.);
#2602=ORIENTED_EDGE('',*,*,#4270,.F.);
#2603=ORIENTED_EDGE('',*,*,#4272,.F.);
#2604=ORIENTED_EDGE('',*,*,#4274,.F.);
#2605=ORIENTED_EDGE('',*,*,#4276,.F.);
#2606=ORIENTED_EDGE('',*,*,#4278,.F.);
#2607=ORIENTED_EDGE('',*,*,#4280,.F.);
#2608=ORIENTED_EDGE('',*,*,#4282,.F.);
#2609=ORIENTED_EDGE('',*,*,#4284,.F.);
#2610=ORIENTED_EDGE('',*,*,#4286,.F.);
#2611=ORIENTED_EDGE('',*,*,#4288,.F.);
#2612=ORIENTED_EDGE('',*,*,#4290,.F.);
#2613=ORIENTED_EDGE('',*,*,#4292,.F.);
#2614=ORIENTED_EDGE('',*,*,#4294,.F.);
#2615=ORIENTED_EDGE('',*,*,#4295,.F.);
#2616=ORIENTED_EDGE('',*,*,#4240,.F.);
#2617=ORIENTED_EDGE('',*,*,#4244,.F.);
#2618=ORIENTED_EDGE('',*,*,#4247,.F.);
#2619=ORIENTED_EDGE('',*,*,#4250,.F.);
#2620=ORIENTED_EDGE('',*,*,#4253,.F.);
#2621=ORIENTED_EDGE('',*,*,#4256,.F.);
#2622=ORIENTED_EDGE('',*,*,#4259,.F.);
#2623=ORIENTED_EDGE('',*,*,#4262,.F.);
#2624=ORIENTED_EDGE('',*,*,#4265,.F.);
#2625=ORIENTED_EDGE('',*,*,#4297,.F.);
#2626=ORIENTED_EDGE('',*,*,#4238,.T.);
#2627=ORIENTED_EDGE('',*,*,#4296,.T.);
#2628=ORIENTED_EDGE('',*,*,#4263,.T.);
#2629=ORIENTED_EDGE('',*,*,#4260,.T.);
#2630=ORIENTED_EDGE('',*,*,#4257,.T.);
#2631=ORIENTED_EDGE('',*,*,#4254,.T.);
#2632=ORIENTED_EDGE('',*,*,#4251,.T.);
#2633=ORIENTED_EDGE('',*,*,#4248,.T.);
#2634=ORIENTED_EDGE('',*,*,#4245,.T.);
#2635=ORIENTED_EDGE('',*,*,#4242,.T.);
#2636=ORIENTED_EDGE('',*,*,#4298,.F.);
#2637=ORIENTED_EDGE('',*,*,#4299,.F.);
#2638=ORIENTED_EDGE('',*,*,#4300,.T.);
#2639=ORIENTED_EDGE('',*,*,#4301,.T.);
#2640=ORIENTED_EDGE('',*,*,#4302,.F.);
#2641=ORIENTED_EDGE('',*,*,#4303,.F.);
#2642=ORIENTED_EDGE('',*,*,#4304,.T.);
#2643=ORIENTED_EDGE('',*,*,#4299,.T.);
#2644=ORIENTED_EDGE('',*,*,#4305,.F.);
#2645=ORIENTED_EDGE('',*,*,#4306,.F.);
#2646=ORIENTED_EDGE('',*,*,#4307,.T.);
#2647=ORIENTED_EDGE('',*,*,#4303,.T.);
#2648=ORIENTED_EDGE('',*,*,#4308,.F.);
#2649=ORIENTED_EDGE('',*,*,#4309,.F.);
#2650=ORIENTED_EDGE('',*,*,#4310,.T.);
#2651=ORIENTED_EDGE('',*,*,#4306,.T.);
#2652=ORIENTED_EDGE('',*,*,#4311,.F.);
#2653=ORIENTED_EDGE('',*,*,#4312,.F.);
#2654=ORIENTED_EDGE('',*,*,#4313,.T.);
#2655=ORIENTED_EDGE('',*,*,#4309,.T.);
#2656=ORIENTED_EDGE('',*,*,#4314,.F.);
#2657=ORIENTED_EDGE('',*,*,#4315,.F.);
#2658=ORIENTED_EDGE('',*,*,#4316,.T.);
#2659=ORIENTED_EDGE('',*,*,#4312,.T.);
#2660=ORIENTED_EDGE('',*,*,#4317,.F.);
#2661=ORIENTED_EDGE('',*,*,#4318,.F.);
#2662=ORIENTED_EDGE('',*,*,#4319,.T.);
#2663=ORIENTED_EDGE('',*,*,#4315,.T.);
#2664=ORIENTED_EDGE('',*,*,#3419,.F.);
#2665=ORIENTED_EDGE('',*,*,#4320,.F.);
#2666=ORIENTED_EDGE('',*,*,#4321,.T.);
#2667=ORIENTED_EDGE('',*,*,#4322,.T.);
#2668=ORIENTED_EDGE('',*,*,#3431,.F.);
#2669=ORIENTED_EDGE('',*,*,#4323,.F.);
#2670=ORIENTED_EDGE('',*,*,#4324,.T.);
#2671=ORIENTED_EDGE('',*,*,#4320,.T.);
#2672=ORIENTED_EDGE('',*,*,#3430,.F.);
#2673=ORIENTED_EDGE('',*,*,#4325,.F.);
#2674=ORIENTED_EDGE('',*,*,#4326,.T.);
#2675=ORIENTED_EDGE('',*,*,#4323,.T.);
#2676=ORIENTED_EDGE('',*,*,#3429,.F.);
#2677=ORIENTED_EDGE('',*,*,#4327,.F.);
#2678=ORIENTED_EDGE('',*,*,#4328,.T.);
#2679=ORIENTED_EDGE('',*,*,#4325,.T.);
#2680=ORIENTED_EDGE('',*,*,#3428,.F.);
#2681=ORIENTED_EDGE('',*,*,#4329,.F.);
#2682=ORIENTED_EDGE('',*,*,#4330,.T.);
#2683=ORIENTED_EDGE('',*,*,#4327,.T.);
#2684=ORIENTED_EDGE('',*,*,#3427,.F.);
#2685=ORIENTED_EDGE('',*,*,#4331,.F.);
#2686=ORIENTED_EDGE('',*,*,#4332,.T.);
#2687=ORIENTED_EDGE('',*,*,#4329,.T.);
#2688=ORIENTED_EDGE('',*,*,#3426,.F.);
#2689=ORIENTED_EDGE('',*,*,#4333,.F.);
#2690=ORIENTED_EDGE('',*,*,#4334,.T.);
#2691=ORIENTED_EDGE('',*,*,#4331,.T.);
#2692=ORIENTED_EDGE('',*,*,#3425,.F.);
#2693=ORIENTED_EDGE('',*,*,#4335,.F.);
#2694=ORIENTED_EDGE('',*,*,#4336,.T.);
#2695=ORIENTED_EDGE('',*,*,#4333,.T.);
#2696=ORIENTED_EDGE('',*,*,#3424,.F.);
#2697=ORIENTED_EDGE('',*,*,#4337,.F.);
#2698=ORIENTED_EDGE('',*,*,#4338,.T.);
#2699=ORIENTED_EDGE('',*,*,#4335,.T.);
#2700=ORIENTED_EDGE('',*,*,#3423,.F.);
#2701=ORIENTED_EDGE('',*,*,#4339,.F.);
#2702=ORIENTED_EDGE('',*,*,#4340,.T.);
#2703=ORIENTED_EDGE('',*,*,#4337,.T.);
#2704=ORIENTED_EDGE('',*,*,#3422,.F.);
#2705=ORIENTED_EDGE('',*,*,#4341,.F.);
#2706=ORIENTED_EDGE('',*,*,#4342,.T.);
#2707=ORIENTED_EDGE('',*,*,#4339,.T.);
#2708=ORIENTED_EDGE('',*,*,#3421,.F.);
#2709=ORIENTED_EDGE('',*,*,#4343,.F.);
#2710=ORIENTED_EDGE('',*,*,#4344,.T.);
#2711=ORIENTED_EDGE('',*,*,#4341,.T.);
#2712=ORIENTED_EDGE('',*,*,#3420,.F.);
#2713=ORIENTED_EDGE('',*,*,#4322,.F.);
#2714=ORIENTED_EDGE('',*,*,#4345,.T.);
#2715=ORIENTED_EDGE('',*,*,#4343,.T.);
#2716=ORIENTED_EDGE('',*,*,#4346,.F.);
#2717=ORIENTED_EDGE('',*,*,#4301,.F.);
#2718=ORIENTED_EDGE('',*,*,#4347,.T.);
#2719=ORIENTED_EDGE('',*,*,#4318,.T.);
#2720=ORIENTED_EDGE('',*,*,#4321,.F.);
#2721=ORIENTED_EDGE('',*,*,#4324,.F.);
#2722=ORIENTED_EDGE('',*,*,#4326,.F.);
#2723=ORIENTED_EDGE('',*,*,#4328,.F.);
#2724=ORIENTED_EDGE('',*,*,#4330,.F.);
#2725=ORIENTED_EDGE('',*,*,#4332,.F.);
#2726=ORIENTED_EDGE('',*,*,#4334,.F.);
#2727=ORIENTED_EDGE('',*,*,#4336,.F.);
#2728=ORIENTED_EDGE('',*,*,#4338,.F.);
#2729=ORIENTED_EDGE('',*,*,#4340,.F.);
#2730=ORIENTED_EDGE('',*,*,#4342,.F.);
#2731=ORIENTED_EDGE('',*,*,#4344,.F.);
#2732=ORIENTED_EDGE('',*,*,#4345,.F.);
#2733=ORIENTED_EDGE('',*,*,#4300,.F.);
#2734=ORIENTED_EDGE('',*,*,#4304,.F.);
#2735=ORIENTED_EDGE('',*,*,#4307,.F.);
#2736=ORIENTED_EDGE('',*,*,#4310,.F.);
#2737=ORIENTED_EDGE('',*,*,#4313,.F.);
#2738=ORIENTED_EDGE('',*,*,#4316,.F.);
#2739=ORIENTED_EDGE('',*,*,#4319,.F.);
#2740=ORIENTED_EDGE('',*,*,#4347,.F.);
#2741=ORIENTED_EDGE('',*,*,#4298,.T.);
#2742=ORIENTED_EDGE('',*,*,#4346,.T.);
#2743=ORIENTED_EDGE('',*,*,#4317,.T.);
#2744=ORIENTED_EDGE('',*,*,#4314,.T.);
#2745=ORIENTED_EDGE('',*,*,#4311,.T.);
#2746=ORIENTED_EDGE('',*,*,#4308,.T.);
#2747=ORIENTED_EDGE('',*,*,#4305,.T.);
#2748=ORIENTED_EDGE('',*,*,#4302,.T.);
#2749=ORIENTED_EDGE('',*,*,#3397,.F.);
#2750=ORIENTED_EDGE('',*,*,#4348,.F.);
#2751=ORIENTED_EDGE('',*,*,#4349,.T.);
#2752=ORIENTED_EDGE('',*,*,#4350,.T.);
#2753=ORIENTED_EDGE('',*,*,#3418,.F.);
#2754=ORIENTED_EDGE('',*,*,#4351,.F.);
#2755=ORIENTED_EDGE('',*,*,#4352,.T.);
#2756=ORIENTED_EDGE('',*,*,#4348,.T.);
#2757=ORIENTED_EDGE('',*,*,#3417,.F.);
#2758=ORIENTED_EDGE('',*,*,#4353,.F.);
#2759=ORIENTED_EDGE('',*,*,#4354,.T.);
#2760=ORIENTED_EDGE('',*,*,#4351,.T.);
#2761=ORIENTED_EDGE('',*,*,#3416,.F.);
#2762=ORIENTED_EDGE('',*,*,#4355,.F.);
#2763=ORIENTED_EDGE('',*,*,#4356,.T.);
#2764=ORIENTED_EDGE('',*,*,#4353,.T.);
#2765=ORIENTED_EDGE('',*,*,#3415,.F.);
#2766=ORIENTED_EDGE('',*,*,#4357,.F.);
#2767=ORIENTED_EDGE('',*,*,#4358,.T.);
#2768=ORIENTED_EDGE('',*,*,#4355,.T.);
#2769=ORIENTED_EDGE('',*,*,#3414,.F.);
#2770=ORIENTED_EDGE('',*,*,#4359,.F.);
#2771=ORIENTED_EDGE('',*,*,#4360,.T.);
#2772=ORIENTED_EDGE('',*,*,#4357,.T.);
#2773=ORIENTED_EDGE('',*,*,#3413,.F.);
#2774=ORIENTED_EDGE('',*,*,#4361,.F.);
#2775=ORIENTED_EDGE('',*,*,#4362,.T.);
#2776=ORIENTED_EDGE('',*,*,#4359,.T.);
#2777=ORIENTED_EDGE('',*,*,#3412,.F.);
#2778=ORIENTED_EDGE('',*,*,#4363,.F.);
#2779=ORIENTED_EDGE('',*,*,#4364,.T.);
#2780=ORIENTED_EDGE('',*,*,#4361,.T.);
#2781=ORIENTED_EDGE('',*,*,#3411,.F.);
#2782=ORIENTED_EDGE('',*,*,#4365,.F.);
#2783=ORIENTED_EDGE('',*,*,#4366,.T.);
#2784=ORIENTED_EDGE('',*,*,#4363,.T.);
#2785=ORIENTED_EDGE('',*,*,#3410,.F.);
#2786=ORIENTED_EDGE('',*,*,#4367,.F.);
#2787=ORIENTED_EDGE('',*,*,#4368,.T.);
#2788=ORIENTED_EDGE('',*,*,#4365,.T.);
#2789=ORIENTED_EDGE('',*,*,#3409,.F.);
#2790=ORIENTED_EDGE('',*,*,#4369,.F.);
#2791=ORIENTED_EDGE('',*,*,#4370,.T.);
#2792=ORIENTED_EDGE('',*,*,#4367,.T.);
#2793=ORIENTED_EDGE('',*,*,#3408,.F.);
#2794=ORIENTED_EDGE('',*,*,#4371,.F.);
#2795=ORIENTED_EDGE('',*,*,#4372,.T.);
#2796=ORIENTED_EDGE('',*,*,#4369,.T.);
#2797=ORIENTED_EDGE('',*,*,#3407,.F.);
#2798=ORIENTED_EDGE('',*,*,#4373,.F.);
#2799=ORIENTED_EDGE('',*,*,#4374,.T.);
#2800=ORIENTED_EDGE('',*,*,#4371,.T.);
#2801=ORIENTED_EDGE('',*,*,#3406,.F.);
#2802=ORIENTED_EDGE('',*,*,#4375,.F.);
#2803=ORIENTED_EDGE('',*,*,#4376,.T.);
#2804=ORIENTED_EDGE('',*,*,#4373,.T.);
#2805=ORIENTED_EDGE('',*,*,#3405,.F.);
#2806=ORIENTED_EDGE('',*,*,#4377,.F.);
#2807=ORIENTED_EDGE('',*,*,#4378,.T.);
#2808=ORIENTED_EDGE('',*,*,#4375,.T.);
#2809=ORIENTED_EDGE('',*,*,#3404,.F.);
#2810=ORIENTED_EDGE('',*,*,#4379,.F.);
#2811=ORIENTED_EDGE('',*,*,#4380,.T.);
#2812=ORIENTED_EDGE('',*,*,#4377,.T.);
#2813=ORIENTED_EDGE('',*,*,#3403,.F.);
#2814=ORIENTED_EDGE('',*,*,#4381,.F.);
#2815=ORIENTED_EDGE('',*,*,#4382,.T.);
#2816=ORIENTED_EDGE('',*,*,#4379,.T.);
#2817=ORIENTED_EDGE('',*,*,#3402,.F.);
#2818=ORIENTED_EDGE('',*,*,#4383,.F.);
#2819=ORIENTED_EDGE('',*,*,#4384,.T.);
#2820=ORIENTED_EDGE('',*,*,#4381,.T.);
#2821=ORIENTED_EDGE('',*,*,#3401,.F.);
#2822=ORIENTED_EDGE('',*,*,#4385,.F.);
#2823=ORIENTED_EDGE('',*,*,#4386,.T.);
#2824=ORIENTED_EDGE('',*,*,#4383,.T.);
#2825=ORIENTED_EDGE('',*,*,#3400,.F.);
#2826=ORIENTED_EDGE('',*,*,#4387,.F.);
#2827=ORIENTED_EDGE('',*,*,#4388,.T.);
#2828=ORIENTED_EDGE('',*,*,#4385,.T.);
#2829=ORIENTED_EDGE('',*,*,#3399,.F.);
#2830=ORIENTED_EDGE('',*,*,#4389,.F.);
#2831=ORIENTED_EDGE('',*,*,#4390,.T.);
#2832=ORIENTED_EDGE('',*,*,#4387,.T.);
#2833=ORIENTED_EDGE('',*,*,#3398,.F.);
#2834=ORIENTED_EDGE('',*,*,#4350,.F.);
#2835=ORIENTED_EDGE('',*,*,#4391,.T.);
#2836=ORIENTED_EDGE('',*,*,#4389,.T.);
#2837=ORIENTED_EDGE('',*,*,#4349,.F.);
#2838=ORIENTED_EDGE('',*,*,#4352,.F.);
#2839=ORIENTED_EDGE('',*,*,#4354,.F.);
#2840=ORIENTED_EDGE('',*,*,#4356,.F.);
#2841=ORIENTED_EDGE('',*,*,#4358,.F.);
#2842=ORIENTED_EDGE('',*,*,#4360,.F.);
#2843=ORIENTED_EDGE('',*,*,#4362,.F.);
#2844=ORIENTED_EDGE('',*,*,#4364,.F.);
#2845=ORIENTED_EDGE('',*,*,#4366,.F.);
#2846=ORIENTED_EDGE('',*,*,#4368,.F.);
#2847=ORIENTED_EDGE('',*,*,#4370,.F.);
#2848=ORIENTED_EDGE('',*,*,#4372,.F.);
#2849=ORIENTED_EDGE('',*,*,#4374,.F.);
#2850=ORIENTED_EDGE('',*,*,#4376,.F.);
#2851=ORIENTED_EDGE('',*,*,#4378,.F.);
#2852=ORIENTED_EDGE('',*,*,#4380,.F.);
#2853=ORIENTED_EDGE('',*,*,#4382,.F.);
#2854=ORIENTED_EDGE('',*,*,#4384,.F.);
#2855=ORIENTED_EDGE('',*,*,#4386,.F.);
#2856=ORIENTED_EDGE('',*,*,#4388,.F.);
#2857=ORIENTED_EDGE('',*,*,#4390,.F.);
#2858=ORIENTED_EDGE('',*,*,#4391,.F.);
#2859=ORIENTED_EDGE('',*,*,#3393,.F.);
#2860=ORIENTED_EDGE('',*,*,#4392,.F.);
#2861=ORIENTED_EDGE('',*,*,#4393,.T.);
#2862=ORIENTED_EDGE('',*,*,#4394,.T.);
#2863=ORIENTED_EDGE('',*,*,#3396,.F.);
#2864=ORIENTED_EDGE('',*,*,#4395,.F.);
#2865=ORIENTED_EDGE('',*,*,#4396,.T.);
#2866=ORIENTED_EDGE('',*,*,#4392,.T.);
#2867=ORIENTED_EDGE('',*,*,#3395,.F.);
#2868=ORIENTED_EDGE('',*,*,#4397,.F.);
#2869=ORIENTED_EDGE('',*,*,#4398,.T.);
#2870=ORIENTED_EDGE('',*,*,#4395,.T.);
#2871=ORIENTED_EDGE('',*,*,#3394,.F.);
#2872=ORIENTED_EDGE('',*,*,#4394,.F.);
#2873=ORIENTED_EDGE('',*,*,#4399,.T.);
#2874=ORIENTED_EDGE('',*,*,#4397,.T.);
#2875=ORIENTED_EDGE('',*,*,#4393,.F.);
#2876=ORIENTED_EDGE('',*,*,#4396,.F.);
#2877=ORIENTED_EDGE('',*,*,#4398,.F.);
#2878=ORIENTED_EDGE('',*,*,#4399,.F.);
#2879=ORIENTED_EDGE('',*,*,#4400,.F.);
#2880=ORIENTED_EDGE('',*,*,#4401,.F.);
#2881=ORIENTED_EDGE('',*,*,#4402,.T.);
#2882=ORIENTED_EDGE('',*,*,#4403,.T.);
#2883=ORIENTED_EDGE('',*,*,#4404,.F.);
#2884=ORIENTED_EDGE('',*,*,#4405,.F.);
#2885=ORIENTED_EDGE('',*,*,#4406,.T.);
#2886=ORIENTED_EDGE('',*,*,#4401,.T.);
#2887=ORIENTED_EDGE('',*,*,#4407,.F.);
#2888=ORIENTED_EDGE('',*,*,#4408,.F.);
#2889=ORIENTED_EDGE('',*,*,#4409,.T.);
#2890=ORIENTED_EDGE('',*,*,#4405,.T.);
#2891=ORIENTED_EDGE('',*,*,#4410,.F.);
#2892=ORIENTED_EDGE('',*,*,#4411,.F.);
#2893=ORIENTED_EDGE('',*,*,#4412,.T.);
#2894=ORIENTED_EDGE('',*,*,#4408,.T.);
#2895=ORIENTED_EDGE('',*,*,#4413,.F.);
#2896=ORIENTED_EDGE('',*,*,#4414,.F.);
#2897=ORIENTED_EDGE('',*,*,#4415,.T.);
#2898=ORIENTED_EDGE('',*,*,#4411,.T.);
#2899=ORIENTED_EDGE('',*,*,#4416,.F.);
#2900=ORIENTED_EDGE('',*,*,#4417,.F.);
#2901=ORIENTED_EDGE('',*,*,#4418,.T.);
#2902=ORIENTED_EDGE('',*,*,#4414,.T.);
#2903=ORIENTED_EDGE('',*,*,#4419,.F.);
#2904=ORIENTED_EDGE('',*,*,#4420,.F.);
#2905=ORIENTED_EDGE('',*,*,#4421,.T.);
#2906=ORIENTED_EDGE('',*,*,#4417,.T.);
#2907=ORIENTED_EDGE('',*,*,#4422,.F.);
#2908=ORIENTED_EDGE('',*,*,#4423,.F.);
#2909=ORIENTED_EDGE('',*,*,#4424,.T.);
#2910=ORIENTED_EDGE('',*,*,#4425,.T.);
#2911=ORIENTED_EDGE('',*,*,#4426,.F.);
#2912=ORIENTED_EDGE('',*,*,#4427,.F.);
#2913=ORIENTED_EDGE('',*,*,#4428,.T.);
#2914=ORIENTED_EDGE('',*,*,#4423,.T.);
#2915=ORIENTED_EDGE('',*,*,#4429,.F.);
#2916=ORIENTED_EDGE('',*,*,#4430,.F.);
#2917=ORIENTED_EDGE('',*,*,#4431,.T.);
#2918=ORIENTED_EDGE('',*,*,#4427,.T.);
#2919=ORIENTED_EDGE('',*,*,#4432,.F.);
#2920=ORIENTED_EDGE('',*,*,#4433,.F.);
#2921=ORIENTED_EDGE('',*,*,#4434,.T.);
#2922=ORIENTED_EDGE('',*,*,#4430,.T.);
#2923=ORIENTED_EDGE('',*,*,#4435,.F.);
#2924=ORIENTED_EDGE('',*,*,#4436,.F.);
#2925=ORIENTED_EDGE('',*,*,#4437,.T.);
#2926=ORIENTED_EDGE('',*,*,#4433,.T.);
#2927=ORIENTED_EDGE('',*,*,#4438,.F.);
#2928=ORIENTED_EDGE('',*,*,#4439,.F.);
#2929=ORIENTED_EDGE('',*,*,#4440,.T.);
#2930=ORIENTED_EDGE('',*,*,#4436,.T.);
#2931=ORIENTED_EDGE('',*,*,#4441,.F.);
#2932=ORIENTED_EDGE('',*,*,#4442,.F.);
#2933=ORIENTED_EDGE('',*,*,#4443,.T.);
#2934=ORIENTED_EDGE('',*,*,#4439,.T.);
#2935=ORIENTED_EDGE('',*,*,#3380,.F.);
#2936=ORIENTED_EDGE('',*,*,#4444,.F.);
#2937=ORIENTED_EDGE('',*,*,#4445,.T.);
#2938=ORIENTED_EDGE('',*,*,#4446,.T.);
#2939=ORIENTED_EDGE('',*,*,#3392,.F.);
#2940=ORIENTED_EDGE('',*,*,#4447,.F.);
#2941=ORIENTED_EDGE('',*,*,#4448,.T.);
#2942=ORIENTED_EDGE('',*,*,#4444,.T.);
#2943=ORIENTED_EDGE('',*,*,#3391,.F.);
#2944=ORIENTED_EDGE('',*,*,#4449,.F.);
#2945=ORIENTED_EDGE('',*,*,#4450,.T.);
#2946=ORIENTED_EDGE('',*,*,#4447,.T.);
#2947=ORIENTED_EDGE('',*,*,#3390,.F.);
#2948=ORIENTED_EDGE('',*,*,#4451,.F.);
#2949=ORIENTED_EDGE('',*,*,#4452,.T.);
#2950=ORIENTED_EDGE('',*,*,#4449,.T.);
#2951=ORIENTED_EDGE('',*,*,#3389,.F.);
#2952=ORIENTED_EDGE('',*,*,#4453,.F.);
#2953=ORIENTED_EDGE('',*,*,#4454,.T.);
#2954=ORIENTED_EDGE('',*,*,#4451,.T.);
#2955=ORIENTED_EDGE('',*,*,#3388,.F.);
#2956=ORIENTED_EDGE('',*,*,#4455,.F.);
#2957=ORIENTED_EDGE('',*,*,#4456,.T.);
#2958=ORIENTED_EDGE('',*,*,#4453,.T.);
#2959=ORIENTED_EDGE('',*,*,#3387,.F.);
#2960=ORIENTED_EDGE('',*,*,#4457,.F.);
#2961=ORIENTED_EDGE('',*,*,#4458,.T.);
#2962=ORIENTED_EDGE('',*,*,#4455,.T.);
#2963=ORIENTED_EDGE('',*,*,#3386,.F.);
#2964=ORIENTED_EDGE('',*,*,#4459,.F.);
#2965=ORIENTED_EDGE('',*,*,#4460,.T.);
#2966=ORIENTED_EDGE('',*,*,#4457,.T.);
#2967=ORIENTED_EDGE('',*,*,#3385,.F.);
#2968=ORIENTED_EDGE('',*,*,#4461,.F.);
#2969=ORIENTED_EDGE('',*,*,#4462,.T.);
#2970=ORIENTED_EDGE('',*,*,#4459,.T.);
#2971=ORIENTED_EDGE('',*,*,#3384,.F.);
#2972=ORIENTED_EDGE('',*,*,#4463,.F.);
#2973=ORIENTED_EDGE('',*,*,#4464,.T.);
#2974=ORIENTED_EDGE('',*,*,#4461,.T.);
#2975=ORIENTED_EDGE('',*,*,#3383,.F.);
#2976=ORIENTED_EDGE('',*,*,#4465,.F.);
#2977=ORIENTED_EDGE('',*,*,#4466,.T.);
#2978=ORIENTED_EDGE('',*,*,#4463,.T.);
#2979=ORIENTED_EDGE('',*,*,#3382,.F.);
#2980=ORIENTED_EDGE('',*,*,#4467,.F.);
#2981=ORIENTED_EDGE('',*,*,#4468,.T.);
#2982=ORIENTED_EDGE('',*,*,#4465,.T.);
#2983=ORIENTED_EDGE('',*,*,#4469,.F.);
#2984=ORIENTED_EDGE('',*,*,#4425,.F.);
#2985=ORIENTED_EDGE('',*,*,#4470,.T.);
#2986=ORIENTED_EDGE('',*,*,#4442,.T.);
#2987=ORIENTED_EDGE('',*,*,#3381,.F.);
#2988=ORIENTED_EDGE('',*,*,#4446,.F.);
#2989=ORIENTED_EDGE('',*,*,#4471,.T.);
#2990=ORIENTED_EDGE('',*,*,#4467,.T.);
#2991=ORIENTED_EDGE('',*,*,#4472,.F.);
#2992=ORIENTED_EDGE('',*,*,#4403,.F.);
#2993=ORIENTED_EDGE('',*,*,#4473,.T.);
#2994=ORIENTED_EDGE('',*,*,#4420,.T.);
#2995=ORIENTED_EDGE('',*,*,#4445,.F.);
#2996=ORIENTED_EDGE('',*,*,#4448,.F.);
#2997=ORIENTED_EDGE('',*,*,#4450,.F.);
#2998=ORIENTED_EDGE('',*,*,#4452,.F.);
#2999=ORIENTED_EDGE('',*,*,#4454,.F.);
#3000=ORIENTED_EDGE('',*,*,#4456,.F.);
#3001=ORIENTED_EDGE('',*,*,#4458,.F.);
#3002=ORIENTED_EDGE('',*,*,#4460,.F.);
#3003=ORIENTED_EDGE('',*,*,#4462,.F.);
#3004=ORIENTED_EDGE('',*,*,#4464,.F.);
#3005=ORIENTED_EDGE('',*,*,#4466,.F.);
#3006=ORIENTED_EDGE('',*,*,#4468,.F.);
#3007=ORIENTED_EDGE('',*,*,#4471,.F.);
#3008=ORIENTED_EDGE('',*,*,#4424,.F.);
#3009=ORIENTED_EDGE('',*,*,#4428,.F.);
#3010=ORIENTED_EDGE('',*,*,#4431,.F.);
#3011=ORIENTED_EDGE('',*,*,#4434,.F.);
#3012=ORIENTED_EDGE('',*,*,#4437,.F.);
#3013=ORIENTED_EDGE('',*,*,#4440,.F.);
#3014=ORIENTED_EDGE('',*,*,#4443,.F.);
#3015=ORIENTED_EDGE('',*,*,#4470,.F.);
#3016=ORIENTED_EDGE('',*,*,#4402,.F.);
#3017=ORIENTED_EDGE('',*,*,#4406,.F.);
#3018=ORIENTED_EDGE('',*,*,#4409,.F.);
#3019=ORIENTED_EDGE('',*,*,#4412,.F.);
#3020=ORIENTED_EDGE('',*,*,#4415,.F.);
#3021=ORIENTED_EDGE('',*,*,#4418,.F.);
#3022=ORIENTED_EDGE('',*,*,#4421,.F.);
#3023=ORIENTED_EDGE('',*,*,#4473,.F.);
#3024=ORIENTED_EDGE('',*,*,#4400,.T.);
#3025=ORIENTED_EDGE('',*,*,#4472,.T.);
#3026=ORIENTED_EDGE('',*,*,#4419,.T.);
#3027=ORIENTED_EDGE('',*,*,#4416,.T.);
#3028=ORIENTED_EDGE('',*,*,#4413,.T.);
#3029=ORIENTED_EDGE('',*,*,#4410,.T.);
#3030=ORIENTED_EDGE('',*,*,#4407,.T.);
#3031=ORIENTED_EDGE('',*,*,#4404,.T.);
#3032=ORIENTED_EDGE('',*,*,#4422,.T.);
#3033=ORIENTED_EDGE('',*,*,#4469,.T.);
#3034=ORIENTED_EDGE('',*,*,#4441,.T.);
#3035=ORIENTED_EDGE('',*,*,#4438,.T.);
#3036=ORIENTED_EDGE('',*,*,#4435,.T.);
#3037=ORIENTED_EDGE('',*,*,#4432,.T.);
#3038=ORIENTED_EDGE('',*,*,#4429,.T.);
#3039=ORIENTED_EDGE('',*,*,#4426,.T.);
#3040=ORIENTED_EDGE('',*,*,#4474,.F.);
#3041=ORIENTED_EDGE('',*,*,#4475,.F.);
#3042=ORIENTED_EDGE('',*,*,#4476,.T.);
#3043=ORIENTED_EDGE('',*,*,#4477,.T.);
#3044=ORIENTED_EDGE('',*,*,#4478,.F.);
#3045=ORIENTED_EDGE('',*,*,#4479,.F.);
#3046=ORIENTED_EDGE('',*,*,#4480,.T.);
#3047=ORIENTED_EDGE('',*,*,#4475,.T.);
#3048=ORIENTED_EDGE('',*,*,#4481,.F.);
#3049=ORIENTED_EDGE('',*,*,#4482,.F.);
#3050=ORIENTED_EDGE('',*,*,#4483,.T.);
#3051=ORIENTED_EDGE('',*,*,#4479,.T.);
#3052=ORIENTED_EDGE('',*,*,#4484,.F.);
#3053=ORIENTED_EDGE('',*,*,#4485,.F.);
#3054=ORIENTED_EDGE('',*,*,#4486,.T.);
#3055=ORIENTED_EDGE('',*,*,#4482,.T.);
#3056=ORIENTED_EDGE('',*,*,#4487,.F.);
#3057=ORIENTED_EDGE('',*,*,#4488,.F.);
#3058=ORIENTED_EDGE('',*,*,#4489,.T.);
#3059=ORIENTED_EDGE('',*,*,#4485,.T.);
#3060=ORIENTED_EDGE('',*,*,#4490,.F.);
#3061=ORIENTED_EDGE('',*,*,#4491,.F.);
#3062=ORIENTED_EDGE('',*,*,#4492,.T.);
#3063=ORIENTED_EDGE('',*,*,#4488,.T.);
#3064=ORIENTED_EDGE('',*,*,#4493,.F.);
#3065=ORIENTED_EDGE('',*,*,#4494,.F.);
#3066=ORIENTED_EDGE('',*,*,#4495,.T.);
#3067=ORIENTED_EDGE('',*,*,#4491,.T.);
#3068=ORIENTED_EDGE('',*,*,#4496,.F.);
#3069=ORIENTED_EDGE('',*,*,#4497,.F.);
#3070=ORIENTED_EDGE('',*,*,#4498,.T.);
#3071=ORIENTED_EDGE('',*,*,#4494,.T.);
#3072=ORIENTED_EDGE('',*,*,#4499,.F.);
#3073=ORIENTED_EDGE('',*,*,#4500,.F.);
#3074=ORIENTED_EDGE('',*,*,#4501,.T.);
#3075=ORIENTED_EDGE('',*,*,#4497,.T.);
#3076=ORIENTED_EDGE('',*,*,#3368,.F.);
#3077=ORIENTED_EDGE('',*,*,#4502,.F.);
#3078=ORIENTED_EDGE('',*,*,#4503,.T.);
#3079=ORIENTED_EDGE('',*,*,#4504,.T.);
#3080=ORIENTED_EDGE('',*,*,#3379,.F.);
#3081=ORIENTED_EDGE('',*,*,#4505,.F.);
#3082=ORIENTED_EDGE('',*,*,#4506,.T.);
#3083=ORIENTED_EDGE('',*,*,#4502,.T.);
#3084=ORIENTED_EDGE('',*,*,#3378,.F.);
#3085=ORIENTED_EDGE('',*,*,#4507,.F.);
#3086=ORIENTED_EDGE('',*,*,#4508,.T.);
#3087=ORIENTED_EDGE('',*,*,#4505,.T.);
#3088=ORIENTED_EDGE('',*,*,#3377,.F.);
#3089=ORIENTED_EDGE('',*,*,#4509,.F.);
#3090=ORIENTED_EDGE('',*,*,#4510,.T.);
#3091=ORIENTED_EDGE('',*,*,#4507,.T.);
#3092=ORIENTED_EDGE('',*,*,#3376,.F.);
#3093=ORIENTED_EDGE('',*,*,#4511,.F.);
#3094=ORIENTED_EDGE('',*,*,#4512,.T.);
#3095=ORIENTED_EDGE('',*,*,#4509,.T.);
#3096=ORIENTED_EDGE('',*,*,#3375,.F.);
#3097=ORIENTED_EDGE('',*,*,#4513,.F.);
#3098=ORIENTED_EDGE('',*,*,#4514,.T.);
#3099=ORIENTED_EDGE('',*,*,#4511,.T.);
#3100=ORIENTED_EDGE('',*,*,#3374,.F.);
#3101=ORIENTED_EDGE('',*,*,#4515,.F.);
#3102=ORIENTED_EDGE('',*,*,#4516,.T.);
#3103=ORIENTED_EDGE('',*,*,#4513,.T.);
#3104=ORIENTED_EDGE('',*,*,#3373,.F.);
#3105=ORIENTED_EDGE('',*,*,#4517,.F.);
#3106=ORIENTED_EDGE('',*,*,#4518,.T.);
#3107=ORIENTED_EDGE('',*,*,#4515,.T.);
#3108=ORIENTED_EDGE('',*,*,#3372,.F.);
#3109=ORIENTED_EDGE('',*,*,#4519,.F.);
#3110=ORIENTED_EDGE('',*,*,#4520,.T.);
#3111=ORIENTED_EDGE('',*,*,#4517,.T.);
#3112=ORIENTED_EDGE('',*,*,#3371,.F.);
#3113=ORIENTED_EDGE('',*,*,#4521,.F.);
#3114=ORIENTED_EDGE('',*,*,#4522,.T.);
#3115=ORIENTED_EDGE('',*,*,#4519,.T.);
#3116=ORIENTED_EDGE('',*,*,#3370,.F.);
#3117=ORIENTED_EDGE('',*,*,#4523,.F.);
#3118=ORIENTED_EDGE('',*,*,#4524,.T.);
#3119=ORIENTED_EDGE('',*,*,#4521,.T.);
#3120=ORIENTED_EDGE('',*,*,#3369,.F.);
#3121=ORIENTED_EDGE('',*,*,#4504,.F.);
#3122=ORIENTED_EDGE('',*,*,#4525,.T.);
#3123=ORIENTED_EDGE('',*,*,#4523,.T.);
#3124=ORIENTED_EDGE('',*,*,#4526,.F.);
#3125=ORIENTED_EDGE('',*,*,#4477,.F.);
#3126=ORIENTED_EDGE('',*,*,#4527,.T.);
#3127=ORIENTED_EDGE('',*,*,#4500,.T.);
#3128=ORIENTED_EDGE('',*,*,#4503,.F.);
#3129=ORIENTED_EDGE('',*,*,#4506,.F.);
#3130=ORIENTED_EDGE('',*,*,#4508,.F.);
#3131=ORIENTED_EDGE('',*,*,#4510,.F.);
#3132=ORIENTED_EDGE('',*,*,#4512,.F.);
#3133=ORIENTED_EDGE('',*,*,#4514,.F.);
#3134=ORIENTED_EDGE('',*,*,#4516,.F.);
#3135=ORIENTED_EDGE('',*,*,#4518,.F.);
#3136=ORIENTED_EDGE('',*,*,#4520,.F.);
#3137=ORIENTED_EDGE('',*,*,#4522,.F.);
#3138=ORIENTED_EDGE('',*,*,#4524,.F.);
#3139=ORIENTED_EDGE('',*,*,#4525,.F.);
#3140=ORIENTED_EDGE('',*,*,#4476,.F.);
#3141=ORIENTED_EDGE('',*,*,#4480,.F.);
#3142=ORIENTED_EDGE('',*,*,#4483,.F.);
#3143=ORIENTED_EDGE('',*,*,#4486,.F.);
#3144=ORIENTED_EDGE('',*,*,#4489,.F.);
#3145=ORIENTED_EDGE('',*,*,#4492,.F.);
#3146=ORIENTED_EDGE('',*,*,#4495,.F.);
#3147=ORIENTED_EDGE('',*,*,#4498,.F.);
#3148=ORIENTED_EDGE('',*,*,#4501,.F.);
#3149=ORIENTED_EDGE('',*,*,#4527,.F.);
#3150=ORIENTED_EDGE('',*,*,#4474,.T.);
#3151=ORIENTED_EDGE('',*,*,#4526,.T.);
#3152=ORIENTED_EDGE('',*,*,#4499,.T.);
#3153=ORIENTED_EDGE('',*,*,#4496,.T.);
#3154=ORIENTED_EDGE('',*,*,#4493,.T.);
#3155=ORIENTED_EDGE('',*,*,#4490,.T.);
#3156=ORIENTED_EDGE('',*,*,#4487,.T.);
#3157=ORIENTED_EDGE('',*,*,#4484,.T.);
#3158=ORIENTED_EDGE('',*,*,#4481,.T.);
#3159=ORIENTED_EDGE('',*,*,#4478,.T.);
#3160=ORIENTED_EDGE('',*,*,#4528,.F.);
#3161=ORIENTED_EDGE('',*,*,#4529,.F.);
#3162=ORIENTED_EDGE('',*,*,#4530,.T.);
#3163=ORIENTED_EDGE('',*,*,#4531,.T.);
#3164=ORIENTED_EDGE('',*,*,#4532,.F.);
#3165=ORIENTED_EDGE('',*,*,#4533,.F.);
#3166=ORIENTED_EDGE('',*,*,#4534,.T.);
#3167=ORIENTED_EDGE('',*,*,#4529,.T.);
#3168=ORIENTED_EDGE('',*,*,#3360,.F.);
#3169=ORIENTED_EDGE('',*,*,#4535,.F.);
#3170=ORIENTED_EDGE('',*,*,#4536,.T.);
#3171=ORIENTED_EDGE('',*,*,#4537,.T.);
#3172=ORIENTED_EDGE('',*,*,#3367,.F.);
#3173=ORIENTED_EDGE('',*,*,#4538,.F.);
#3174=ORIENTED_EDGE('',*,*,#4539,.T.);
#3175=ORIENTED_EDGE('',*,*,#4535,.T.);
#3176=ORIENTED_EDGE('',*,*,#3366,.F.);
#3177=ORIENTED_EDGE('',*,*,#4540,.F.);
#3178=ORIENTED_EDGE('',*,*,#4541,.T.);
#3179=ORIENTED_EDGE('',*,*,#4538,.T.);
#3180=ORIENTED_EDGE('',*,*,#3365,.F.);
#3181=ORIENTED_EDGE('',*,*,#4542,.F.);
#3182=ORIENTED_EDGE('',*,*,#4543,.T.);
#3183=ORIENTED_EDGE('',*,*,#4540,.T.);
#3184=ORIENTED_EDGE('',*,*,#3364,.F.);
#3185=ORIENTED_EDGE('',*,*,#4544,.F.);
#3186=ORIENTED_EDGE('',*,*,#4545,.T.);
#3187=ORIENTED_EDGE('',*,*,#4542,.T.);
#3188=ORIENTED_EDGE('',*,*,#3363,.F.);
#3189=ORIENTED_EDGE('',*,*,#4546,.F.);
#3190=ORIENTED_EDGE('',*,*,#4547,.T.);
#3191=ORIENTED_EDGE('',*,*,#4544,.T.);
#3192=ORIENTED_EDGE('',*,*,#3362,.F.);
#3193=ORIENTED_EDGE('',*,*,#4548,.F.);
#3194=ORIENTED_EDGE('',*,*,#4549,.T.);
#3195=ORIENTED_EDGE('',*,*,#4546,.T.);
#3196=ORIENTED_EDGE('',*,*,#3361,.F.);
#3197=ORIENTED_EDGE('',*,*,#4537,.F.);
#3198=ORIENTED_EDGE('',*,*,#4550,.T.);
#3199=ORIENTED_EDGE('',*,*,#4548,.T.);
#3200=ORIENTED_EDGE('',*,*,#4551,.F.);
#3201=ORIENTED_EDGE('',*,*,#4531,.F.);
#3202=ORIENTED_EDGE('',*,*,#4552,.T.);
#3203=ORIENTED_EDGE('',*,*,#4533,.T.);
#3204=ORIENTED_EDGE('',*,*,#4536,.F.);
#3205=ORIENTED_EDGE('',*,*,#4539,.F.);
#3206=ORIENTED_EDGE('',*,*,#4541,.F.);
#3207=ORIENTED_EDGE('',*,*,#4543,.F.);
#3208=ORIENTED_EDGE('',*,*,#4545,.F.);
#3209=ORIENTED_EDGE('',*,*,#4547,.F.);
#3210=ORIENTED_EDGE('',*,*,#4549,.F.);
#3211=ORIENTED_EDGE('',*,*,#4550,.F.);
#3212=ORIENTED_EDGE('',*,*,#4530,.F.);
#3213=ORIENTED_EDGE('',*,*,#4534,.F.);
#3214=ORIENTED_EDGE('',*,*,#4552,.F.);
#3215=ORIENTED_EDGE('',*,*,#4528,.T.);
#3216=ORIENTED_EDGE('',*,*,#4551,.T.);
#3217=ORIENTED_EDGE('',*,*,#4532,.T.);
#3218=ORIENTED_EDGE('',*,*,#3352,.F.);
#3219=ORIENTED_EDGE('',*,*,#4553,.F.);
#3220=ORIENTED_EDGE('',*,*,#4554,.T.);
#3221=ORIENTED_EDGE('',*,*,#4555,.T.);
#3222=ORIENTED_EDGE('',*,*,#3359,.F.);
#3223=ORIENTED_EDGE('',*,*,#4556,.F.);
#3224=ORIENTED_EDGE('',*,*,#4557,.T.);
#3225=ORIENTED_EDGE('',*,*,#4553,.T.);
#3226=ORIENTED_EDGE('',*,*,#3358,.F.);
#3227=ORIENTED_EDGE('',*,*,#4558,.F.);
#3228=ORIENTED_EDGE('',*,*,#4559,.T.);
#3229=ORIENTED_EDGE('',*,*,#4556,.T.);
#3230=ORIENTED_EDGE('',*,*,#3357,.F.);
#3231=ORIENTED_EDGE('',*,*,#4560,.F.);
#3232=ORIENTED_EDGE('',*,*,#4561,.T.);
#3233=ORIENTED_EDGE('',*,*,#4558,.T.);
#3234=ORIENTED_EDGE('',*,*,#3356,.F.);
#3235=ORIENTED_EDGE('',*,*,#4562,.F.);
#3236=ORIENTED_EDGE('',*,*,#4563,.T.);
#3237=ORIENTED_EDGE('',*,*,#4560,.T.);
#3238=ORIENTED_EDGE('',*,*,#3355,.F.);
#3239=ORIENTED_EDGE('',*,*,#4564,.F.);
#3240=ORIENTED_EDGE('',*,*,#4565,.T.);
#3241=ORIENTED_EDGE('',*,*,#4562,.T.);
#3242=ORIENTED_EDGE('',*,*,#3354,.F.);
#3243=ORIENTED_EDGE('',*,*,#4566,.F.);
#3244=ORIENTED_EDGE('',*,*,#4567,.T.);
#3245=ORIENTED_EDGE('',*,*,#4564,.T.);
#3246=ORIENTED_EDGE('',*,*,#3353,.F.);
#3247=ORIENTED_EDGE('',*,*,#4555,.F.);
#3248=ORIENTED_EDGE('',*,*,#4568,.T.);
#3249=ORIENTED_EDGE('',*,*,#4566,.T.);
#3250=ORIENTED_EDGE('',*,*,#4554,.F.);
#3251=ORIENTED_EDGE('',*,*,#4557,.F.);
#3252=ORIENTED_EDGE('',*,*,#4559,.F.);
#3253=ORIENTED_EDGE('',*,*,#4561,.F.);
#3254=ORIENTED_EDGE('',*,*,#4563,.F.);
#3255=ORIENTED_EDGE('',*,*,#4565,.F.);
#3256=ORIENTED_EDGE('',*,*,#4567,.F.);
#3257=ORIENTED_EDGE('',*,*,#4568,.F.);
#3258=ORIENTED_EDGE('',*,*,#4569,.F.);
#3259=ORIENTED_EDGE('',*,*,#4570,.F.);
#3260=ORIENTED_EDGE('',*,*,#4571,.F.);
#3261=ORIENTED_EDGE('',*,*,#4572,.F.);
#3262=ORIENTED_EDGE('',*,*,#4573,.F.);
#3263=ORIENTED_EDGE('',*,*,#4574,.T.);
#3264=ORIENTED_EDGE('',*,*,#4575,.F.);
#3265=ORIENTED_EDGE('',*,*,#4576,.F.);
#3266=ORIENTED_EDGE('',*,*,#4577,.F.);
#3267=ORIENTED_EDGE('',*,*,#4578,.F.);
#3268=ORIENTED_EDGE('',*,*,#4579,.T.);
#3269=ORIENTED_EDGE('',*,*,#4580,.T.);
#3270=ORIENTED_EDGE('',*,*,#4581,.T.);
#3271=ORIENTED_EDGE('',*,*,#4582,.F.);
#3272=ORIENTED_EDGE('',*,*,#4583,.T.);
#3273=ORIENTED_EDGE('',*,*,#4584,.T.);
#3274=ORIENTED_EDGE('',*,*,#4585,.F.);
#3275=ORIENTED_EDGE('',*,*,#4586,.T.);
#3276=ORIENTED_EDGE('',*,*,#4587,.F.);
#3277=ORIENTED_EDGE('',*,*,#4588,.T.);
#3278=ORIENTED_EDGE('',*,*,#4589,.T.);
#3279=ORIENTED_EDGE('',*,*,#4590,.F.);
#3280=ORIENTED_EDGE('',*,*,#4591,.F.);
#3281=ORIENTED_EDGE('',*,*,#4592,.T.);
#3282=ORIENTED_EDGE('',*,*,#4593,.T.);
#3283=ORIENTED_EDGE('',*,*,#4594,.T.);
#3284=ORIENTED_EDGE('',*,*,#4595,.F.);
#3285=ORIENTED_EDGE('',*,*,#4596,.T.);
#3286=ORIENTED_EDGE('',*,*,#4597,.T.);
#3287=ORIENTED_EDGE('',*,*,#4598,.F.);
#3288=ORIENTED_EDGE('',*,*,#4587,.T.);
#3289=ORIENTED_EDGE('',*,*,#4599,.F.);
#3290=ORIENTED_EDGE('',*,*,#4579,.F.);
#3291=ORIENTED_EDGE('',*,*,#4600,.T.);
#3292=ORIENTED_EDGE('',*,*,#4591,.T.);
#3293=ORIENTED_EDGE('',*,*,#4601,.F.);
#3294=ORIENTED_EDGE('',*,*,#4580,.F.);
#3295=ORIENTED_EDGE('',*,*,#4599,.T.);
#3296=ORIENTED_EDGE('',*,*,#4590,.T.);
#3297=ORIENTED_EDGE('',*,*,#4602,.F.);
#3298=ORIENTED_EDGE('',*,*,#4581,.F.);
#3299=ORIENTED_EDGE('',*,*,#4601,.T.);
#3300=ORIENTED_EDGE('',*,*,#4589,.F.);
#3301=ORIENTED_EDGE('',*,*,#4603,.F.);
#3302=ORIENTED_EDGE('',*,*,#4577,.T.);
#3303=ORIENTED_EDGE('',*,*,#4604,.F.);
#3304=ORIENTED_EDGE('',*,*,#4605,.T.);
#3305=ORIENTED_EDGE('',*,*,#4606,.T.);
#3306=ORIENTED_EDGE('',*,*,#4573,.T.);
#3307=ORIENTED_EDGE('',*,*,#4602,.T.);
#3308=ORIENTED_EDGE('',*,*,#4572,.T.);
#3309=ORIENTED_EDGE('',*,*,#4592,.F.);
#3310=ORIENTED_EDGE('',*,*,#4571,.T.);
#3311=ORIENTED_EDGE('',*,*,#4593,.F.);
#3312=ORIENTED_EDGE('',*,*,#4570,.T.);
#3313=ORIENTED_EDGE('',*,*,#4594,.F.);
#3314=ORIENTED_EDGE('',*,*,#4588,.F.);
#3315=ORIENTED_EDGE('',*,*,#4600,.F.);
#3316=ORIENTED_EDGE('',*,*,#4578,.T.);
#3317=ORIENTED_EDGE('',*,*,#4603,.T.);
#3318=ORIENTED_EDGE('',*,*,#4576,.T.);
#3319=ORIENTED_EDGE('',*,*,#4607,.F.);
#3320=ORIENTED_EDGE('',*,*,#4608,.F.);
#3321=ORIENTED_EDGE('',*,*,#4604,.T.);
#3322=ORIENTED_EDGE('',*,*,#4575,.T.);
#3323=ORIENTED_EDGE('',*,*,#4609,.F.);
#3324=ORIENTED_EDGE('',*,*,#4610,.F.);
#3325=ORIENTED_EDGE('',*,*,#4607,.T.);
#3326=ORIENTED_EDGE('',*,*,#4574,.F.);
#3327=ORIENTED_EDGE('',*,*,#4606,.F.);
#3328=ORIENTED_EDGE('',*,*,#4611,.T.);
#3329=ORIENTED_EDGE('',*,*,#4609,.T.);
#3330=ORIENTED_EDGE('',*,*,#4605,.F.);
#3331=ORIENTED_EDGE('',*,*,#4608,.T.);
#3332=ORIENTED_EDGE('',*,*,#4610,.T.);
#3333=ORIENTED_EDGE('',*,*,#4611,.F.);
#3334=ORIENTED_EDGE('',*,*,#4595,.T.);
#3335=ORIENTED_EDGE('',*,*,#4612,.T.);
#3336=ORIENTED_EDGE('',*,*,#4583,.F.);
#3337=ORIENTED_EDGE('',*,*,#4613,.F.);
#3338=ORIENTED_EDGE('',*,*,#4613,.T.);
#3339=ORIENTED_EDGE('',*,*,#4582,.T.);
#3340=ORIENTED_EDGE('',*,*,#4614,.F.);
#3341=ORIENTED_EDGE('',*,*,#4596,.F.);
#3342=ORIENTED_EDGE('',*,*,#4614,.T.);
#3343=ORIENTED_EDGE('',*,*,#4585,.T.);
#3344=ORIENTED_EDGE('',*,*,#4615,.F.);
#3345=ORIENTED_EDGE('',*,*,#4597,.F.);
#3346=ORIENTED_EDGE('',*,*,#4598,.T.);
#3347=ORIENTED_EDGE('',*,*,#4615,.T.);
#3348=ORIENTED_EDGE('',*,*,#4584,.F.);
#3349=ORIENTED_EDGE('',*,*,#4612,.F.);
#3350=ORIENTED_EDGE('',*,*,#4569,.T.);
#3351=ORIENTED_EDGE('',*,*,#4586,.F.);
#3352=EDGE_CURVE('',#4616,#4617,#5461,.T.);
#3353=EDGE_CURVE('',#4617,#4618,#5462,.T.);
#3354=EDGE_CURVE('',#4618,#4619,#5463,.T.);
#3355=EDGE_CURVE('',#4619,#4620,#5464,.T.);
#3356=EDGE_CURVE('',#4620,#4621,#5465,.T.);
#3357=EDGE_CURVE('',#4621,#4622,#5466,.T.);
#3358=EDGE_CURVE('',#4622,#4623,#5467,.T.);
#3359=EDGE_CURVE('',#4623,#4616,#5468,.T.);
#3360=EDGE_CURVE('',#4624,#4625,#5469,.T.);
#3361=EDGE_CURVE('',#4625,#4626,#5470,.T.);
#3362=EDGE_CURVE('',#4626,#4627,#5471,.T.);
#3363=EDGE_CURVE('',#4627,#4628,#5472,.T.);
#3364=EDGE_CURVE('',#4628,#4629,#5473,.T.);
#3365=EDGE_CURVE('',#4629,#4630,#5474,.T.);
#3366=EDGE_CURVE('',#4630,#4631,#5475,.T.);
#3367=EDGE_CURVE('',#4631,#4624,#5476,.T.);
#3368=EDGE_CURVE('',#4632,#4633,#430,.T.);
#3369=EDGE_CURVE('',#4633,#4634,#292,.T.);
#3370=EDGE_CURVE('',#4634,#4635,#431,.T.);
#3371=EDGE_CURVE('',#4635,#4636,#432,.T.);
#3372=EDGE_CURVE('',#4636,#4637,#293,.T.);
#3373=EDGE_CURVE('',#4637,#4638,#433,.T.);
#3374=EDGE_CURVE('',#4638,#4639,#434,.T.);
#3375=EDGE_CURVE('',#4639,#4640,#294,.T.);
#3376=EDGE_CURVE('',#4640,#4641,#435,.T.);
#3377=EDGE_CURVE('',#4641,#4642,#436,.T.);
#3378=EDGE_CURVE('',#4642,#4643,#437,.T.);
#3379=EDGE_CURVE('',#4643,#4632,#438,.T.);
#3380=EDGE_CURVE('',#4644,#4645,#439,.T.);
#3381=EDGE_CURVE('',#4645,#4646,#295,.T.);
#3382=EDGE_CURVE('',#4646,#4647,#440,.T.);
#3383=EDGE_CURVE('',#4647,#4648,#441,.T.);
#3384=EDGE_CURVE('',#4648,#4649,#296,.T.);
#3385=EDGE_CURVE('',#4649,#4650,#442,.T.);
#3386=EDGE_CURVE('',#4650,#4651,#443,.T.);
#3387=EDGE_CURVE('',#4651,#4652,#5477,.T.);
#3388=EDGE_CURVE('',#4652,#4653,#5478,.T.);
#3389=EDGE_CURVE('',#4653,#4654,#5479,.T.);
#3390=EDGE_CURVE('',#4654,#4655,#444,.T.);
#3391=EDGE_CURVE('',#4655,#4656,#445,.T.);
#3392=EDGE_CURVE('',#4656,#4644,#297,.T.);
#3393=EDGE_CURVE('',#4657,#4658,#5480,.T.);
#3394=EDGE_CURVE('',#4658,#4659,#5481,.T.);
#3395=EDGE_CURVE('',#4659,#4660,#5482,.T.);
#3396=EDGE_CURVE('',#4660,#4657,#5483,.T.);
#3397=EDGE_CURVE('',#4661,#4662,#446,.T.);
#3398=EDGE_CURVE('',#4662,#4663,#298,.T.);
#3399=EDGE_CURVE('',#4663,#4664,#447,.T.);
#3400=EDGE_CURVE('',#4664,#4665,#448,.T.);
#3401=EDGE_CURVE('',#4665,#4666,#449,.T.);
#3402=EDGE_CURVE('',#4666,#4667,#5484,.T.);
#3403=EDGE_CURVE('',#4667,#4668,#450,.T.);
#3404=EDGE_CURVE('',#4668,#4669,#451,.T.);
#3405=EDGE_CURVE('',#4669,#4670,#452,.T.);
#3406=EDGE_CURVE('',#4670,#4671,#453,.T.);
#3407=EDGE_CURVE('',#4671,#4672,#299,.F.);
#3408=EDGE_CURVE('',#4672,#4673,#454,.T.);
#3409=EDGE_CURVE('',#4673,#4674,#455,.T.);
#3410=EDGE_CURVE('',#4674,#4675,#300,.F.);
#3411=EDGE_CURVE('',#4675,#4676,#456,.T.);
#3412=EDGE_CURVE('',#4676,#4677,#5485,.T.);
#3413=EDGE_CURVE('',#4677,#4678,#457,.T.);
#3414=EDGE_CURVE('',#4678,#4679,#458,.T.);
#3415=EDGE_CURVE('',#4679,#4680,#459,.T.);
#3416=EDGE_CURVE('',#4680,#4681,#460,.T.);
#3417=EDGE_CURVE('',#4681,#4682,#461,.T.);
#3418=EDGE_CURVE('',#4682,#4661,#301,.T.);
#3419=EDGE_CURVE('',#4683,#4684,#462,.T.);
#3420=EDGE_CURVE('',#4684,#4685,#463,.T.);
#3421=EDGE_CURVE('',#4685,#4686,#302,.T.);
#3422=EDGE_CURVE('',#4686,#4687,#464,.T.);
#3423=EDGE_CURVE('',#4687,#4688,#465,.T.);
#3424=EDGE_CURVE('',#4688,#4689,#5486,.T.);
#3425=EDGE_CURVE('',#4689,#4690,#5487,.T.);
#3426=EDGE_CURVE('',#4690,#4691,#5488,.T.);
#3427=EDGE_CURVE('',#4691,#4692,#5489,.T.);
#3428=EDGE_CURVE('',#4692,#4693,#5490,.T.);
#3429=EDGE_CURVE('',#4693,#4694,#5491,.T.);
#3430=EDGE_CURVE('',#4694,#4695,#5492,.T.);
#3431=EDGE_CURVE('',#4695,#4683,#5493,.T.);
#3432=EDGE_CURVE('',#4696,#4697,#466,.T.);
#3433=EDGE_CURVE('',#4697,#4698,#467,.T.);
#3434=EDGE_CURVE('',#4698,#4699,#468,.T.);
#3435=EDGE_CURVE('',#4699,#4700,#469,.T.);
#3436=EDGE_CURVE('',#4700,#4701,#303,.T.);
#3437=EDGE_CURVE('',#4701,#4702,#470,.T.);
#3438=EDGE_CURVE('',#4702,#4703,#471,.T.);
#3439=EDGE_CURVE('',#4703,#4704,#304,.T.);
#3440=EDGE_CURVE('',#4704,#4705,#472,.T.);
#3441=EDGE_CURVE('',#4705,#4706,#473,.T.);
#3442=EDGE_CURVE('',#4706,#4707,#5494,.T.);
#3443=EDGE_CURVE('',#4707,#4708,#5495,.T.);
#3444=EDGE_CURVE('',#4708,#4709,#5496,.T.);
#3445=EDGE_CURVE('',#4709,#4710,#5497,.T.);
#3446=EDGE_CURVE('',#4710,#4696,#5498,.T.);
#3447=EDGE_CURVE('',#4711,#4712,#5499,.T.);
#3448=EDGE_CURVE('',#4712,#4713,#5500,.T.);
#3449=EDGE_CURVE('',#4713,#4714,#5501,.T.);
#3450=EDGE_CURVE('',#4714,#4715,#305,.T.);
#3451=EDGE_CURVE('',#4715,#4716,#306,.T.);
#3452=EDGE_CURVE('',#4716,#4717,#474,.T.);
#3453=EDGE_CURVE('',#4717,#4718,#475,.T.);
#3454=EDGE_CURVE('',#4718,#4719,#307,.T.);
#3455=EDGE_CURVE('',#4719,#4720,#5502,.T.);
#3456=EDGE_CURVE('',#4720,#4721,#5503,.T.);
#3457=EDGE_CURVE('',#4721,#4722,#5504,.T.);
#3458=EDGE_CURVE('',#4722,#4723,#308,.F.);
#3459=EDGE_CURVE('',#4723,#4724,#476,.T.);
#3460=EDGE_CURVE('',#4724,#4725,#477,.T.);
#3461=EDGE_CURVE('',#4725,#4726,#478,.T.);
#3462=EDGE_CURVE('',#4726,#4727,#479,.T.);
#3463=EDGE_CURVE('',#4727,#4728,#5505,.T.);
#3464=EDGE_CURVE('',#4728,#4711,#5506,.T.);
#3465=EDGE_CURVE('',#4729,#4730,#5507,.T.);
#3466=EDGE_CURVE('',#4730,#4731,#5508,.T.);
#3467=EDGE_CURVE('',#4731,#4732,#5509,.T.);
#3468=EDGE_CURVE('',#4732,#4729,#5510,.T.);
#3469=EDGE_CURVE('',#4733,#4734,#480,.T.);
#3470=EDGE_CURVE('',#4734,#4735,#309,.T.);
#3471=EDGE_CURVE('',#4735,#4736,#481,.T.);
#3472=EDGE_CURVE('',#4736,#4737,#482,.T.);
#3473=EDGE_CURVE('',#4737,#4738,#483,.T.);
#3474=EDGE_CURVE('',#4738,#4739,#5511,.T.);
#3475=EDGE_CURVE('',#4739,#4740,#484,.T.);
#3476=EDGE_CURVE('',#4740,#4741,#485,.T.);
#3477=EDGE_CURVE('',#4741,#4742,#486,.T.);
#3478=EDGE_CURVE('',#4742,#4743,#487,.T.);
#3479=EDGE_CURVE('',#4743,#4744,#310,.F.);
#3480=EDGE_CURVE('',#4744,#4745,#488,.T.);
#3481=EDGE_CURVE('',#4745,#4746,#489,.T.);
#3482=EDGE_CURVE('',#4746,#4747,#311,.F.);
#3483=EDGE_CURVE('',#4747,#4748,#490,.T.);
#3484=EDGE_CURVE('',#4748,#4749,#5512,.T.);
#3485=EDGE_CURVE('',#4749,#4750,#491,.T.);
#3486=EDGE_CURVE('',#4750,#4751,#492,.T.);
#3487=EDGE_CURVE('',#4751,#4752,#493,.T.);
#3488=EDGE_CURVE('',#4752,#4753,#494,.T.);
#3489=EDGE_CURVE('',#4753,#4754,#495,.T.);
#3490=EDGE_CURVE('',#4754,#4733,#312,.T.);
#3491=EDGE_CURVE('',#4755,#4756,#5513,.T.);
#3492=EDGE_CURVE('',#4756,#4757,#5514,.T.);
#3493=EDGE_CURVE('',#4757,#4758,#5515,.T.);
#3494=EDGE_CURVE('',#4758,#4759,#5516,.T.);
#3495=EDGE_CURVE('',#4759,#4760,#5517,.T.);
#3496=EDGE_CURVE('',#4760,#4761,#5518,.T.);
#3497=EDGE_CURVE('',#4761,#4762,#5519,.T.);
#3498=EDGE_CURVE('',#4762,#4763,#5520,.T.);
#3499=EDGE_CURVE('',#4763,#4764,#5521,.T.);
#3500=EDGE_CURVE('',#4764,#4765,#5522,.T.);
#3501=EDGE_CURVE('',#4765,#4755,#5523,.T.);
#3502=EDGE_CURVE('',#4766,#4767,#496,.T.);
#3503=EDGE_CURVE('',#4767,#4768,#313,.T.);
#3504=EDGE_CURVE('',#4768,#4769,#497,.T.);
#3505=EDGE_CURVE('',#4769,#4770,#498,.T.);
#3506=EDGE_CURVE('',#4770,#4771,#499,.T.);
#3507=EDGE_CURVE('',#4771,#4772,#5524,.T.);
#3508=EDGE_CURVE('',#4772,#4773,#500,.T.);
#3509=EDGE_CURVE('',#4773,#4774,#501,.T.);
#3510=EDGE_CURVE('',#4774,#4775,#502,.T.);
#3511=EDGE_CURVE('',#4775,#4776,#314,.F.);
#3512=EDGE_CURVE('',#4776,#4777,#503,.T.);
#3513=EDGE_CURVE('',#4777,#4778,#504,.T.);
#3514=EDGE_CURVE('',#4778,#4779,#505,.T.);
#3515=EDGE_CURVE('',#4779,#4780,#5525,.T.);
#3516=EDGE_CURVE('',#4780,#4781,#506,.T.);
#3517=EDGE_CURVE('',#4781,#4782,#507,.T.);
#3518=EDGE_CURVE('',#4782,#4783,#508,.T.);
#3519=EDGE_CURVE('',#4783,#4784,#509,.T.);
#3520=EDGE_CURVE('',#4784,#4766,#315,.T.);
#3521=EDGE_CURVE('',#4785,#4786,#510,.T.);
#3522=EDGE_CURVE('',#4786,#4787,#511,.T.);
#3523=EDGE_CURVE('',#4787,#4788,#316,.T.);
#3524=EDGE_CURVE('',#4788,#4789,#512,.T.);
#3525=EDGE_CURVE('',#4789,#4790,#513,.T.);
#3526=EDGE_CURVE('',#4790,#4791,#5526,.T.);
#3527=EDGE_CURVE('',#4791,#4792,#5527,.T.);
#3528=EDGE_CURVE('',#4792,#4793,#5528,.T.);
#3529=EDGE_CURVE('',#4793,#4794,#5529,.T.);
#3530=EDGE_CURVE('',#4794,#4795,#5530,.T.);
#3531=EDGE_CURVE('',#4795,#4796,#514,.T.);
#3532=EDGE_CURVE('',#4796,#4797,#515,.T.);
#3533=EDGE_CURVE('',#4797,#4798,#516,.T.);
#3534=EDGE_CURVE('',#4798,#4799,#517,.T.);
#3535=EDGE_CURVE('',#4799,#4800,#518,.T.);
#3536=EDGE_CURVE('',#4800,#4785,#317,.T.);
#3537=EDGE_CURVE('',#4801,#4802,#5531,.T.);
#3538=EDGE_CURVE('',#4802,#4803,#5532,.T.);
#3539=EDGE_CURVE('',#4803,#4804,#5533,.T.);
#3540=EDGE_CURVE('',#4804,#4805,#5534,.T.);
#3541=EDGE_CURVE('',#4805,#4806,#5535,.T.);
#3542=EDGE_CURVE('',#4806,#4807,#5536,.T.);
#3543=EDGE_CURVE('',#4807,#4808,#5537,.T.);
#3544=EDGE_CURVE('',#4808,#4809,#5538,.T.);
#3545=EDGE_CURVE('',#4809,#4810,#5539,.T.);
#3546=EDGE_CURVE('',#4810,#4811,#5540,.T.);
#3547=EDGE_CURVE('',#4811,#4812,#5541,.T.);
#3548=EDGE_CURVE('',#4812,#4801,#5542,.T.);
#3549=EDGE_CURVE('',#4813,#4814,#519,.T.);
#3550=EDGE_CURVE('',#4814,#4815,#520,.T.);
#3551=EDGE_CURVE('',#4815,#4816,#5543,.T.);
#3552=EDGE_CURVE('',#4816,#4817,#5544,.T.);
#3553=EDGE_CURVE('',#4817,#4818,#521,.T.);
#3554=EDGE_CURVE('',#4818,#4819,#522,.T.);
#3555=EDGE_CURVE('',#4819,#4820,#5545,.T.);
#3556=EDGE_CURVE('',#4820,#4821,#5546,.T.);
#3557=EDGE_CURVE('',#4821,#4822,#5547,.T.);
#3558=EDGE_CURVE('',#4822,#4823,#5548,.T.);
#3559=EDGE_CURVE('',#4823,#4813,#5549,.T.);
#3560=EDGE_CURVE('',#4824,#4825,#523,.T.);
#3561=EDGE_CURVE('',#4825,#4826,#318,.T.);
#3562=EDGE_CURVE('',#4826,#4827,#524,.T.);
#3563=EDGE_CURVE('',#4827,#4828,#525,.T.);
#3564=EDGE_CURVE('',#4828,#4829,#319,.T.);
#3565=EDGE_CURVE('',#4829,#4830,#526,.T.);
#3566=EDGE_CURVE('',#4830,#4831,#527,.T.);
#3567=EDGE_CURVE('',#4831,#4832,#528,.T.);
#3568=EDGE_CURVE('',#4832,#4833,#529,.T.);
#3569=EDGE_CURVE('',#4833,#4834,#530,.T.);
#3570=EDGE_CURVE('',#4834,#4835,#320,.T.);
#3571=EDGE_CURVE('',#4835,#4824,#531,.T.);
#3572=EDGE_CURVE('',#4836,#4837,#532,.T.);
#3573=EDGE_CURVE('',#4837,#4838,#533,.T.);
#3574=EDGE_CURVE('',#4838,#4839,#5550,.T.);
#3575=EDGE_CURVE('',#4839,#4840,#5551,.T.);
#3576=EDGE_CURVE('',#4840,#4841,#5552,.T.);
#3577=EDGE_CURVE('',#4841,#4842,#5553,.T.);
#3578=EDGE_CURVE('',#4842,#4843,#5554,.T.);
#3579=EDGE_CURVE('',#4843,#4844,#5555,.T.);
#3580=EDGE_CURVE('',#4844,#4845,#5556,.T.);
#3581=EDGE_CURVE('',#4845,#4846,#5557,.T.);
#3582=EDGE_CURVE('',#4846,#4847,#5558,.T.);
#3583=EDGE_CURVE('',#4847,#4848,#5559,.T.);
#3584=EDGE_CURVE('',#4848,#4849,#5560,.T.);
#3585=EDGE_CURVE('',#4849,#4850,#534,.T.);
#3586=EDGE_CURVE('',#4850,#4851,#535,.T.);
#3587=EDGE_CURVE('',#4851,#4852,#321,.T.);
#3588=EDGE_CURVE('',#4852,#4836,#5561,.T.);
#3589=EDGE_CURVE('',#4853,#4854,#536,.T.);
#3590=EDGE_CURVE('',#4854,#4855,#537,.T.);
#3591=EDGE_CURVE('',#4855,#4856,#322,.T.);
#3592=EDGE_CURVE('',#4856,#4857,#323,.T.);
#3593=EDGE_CURVE('',#4857,#4858,#5562,.T.);
#3594=EDGE_CURVE('',#4858,#4859,#324,.F.);
#3595=EDGE_CURVE('',#4859,#4860,#538,.T.);
#3596=EDGE_CURVE('',#4860,#4861,#539,.T.);
#3597=EDGE_CURVE('',#4861,#4862,#540,.T.);
#3598=EDGE_CURVE('',#4862,#4863,#5563,.T.);
#3599=EDGE_CURVE('',#4863,#4864,#541,.T.);
#3600=EDGE_CURVE('',#4864,#4865,#542,.T.);
#3601=EDGE_CURVE('',#4865,#4866,#543,.T.);
#3602=EDGE_CURVE('',#4866,#4867,#544,.T.);
#3603=EDGE_CURVE('',#4867,#4868,#325,.T.);
#3604=EDGE_CURVE('',#4868,#4869,#545,.T.);
#3605=EDGE_CURVE('',#4869,#4870,#326,.T.);
#3606=EDGE_CURVE('',#4870,#4853,#546,.T.);
#3607=EDGE_CURVE('',#4871,#4872,#547,.T.);
#3608=EDGE_CURVE('',#4872,#4873,#548,.T.);
#3609=EDGE_CURVE('',#4873,#4874,#327,.T.);
#3610=EDGE_CURVE('',#4874,#4875,#549,.T.);
#3611=EDGE_CURVE('',#4875,#4876,#550,.T.);
#3612=EDGE_CURVE('',#4876,#4877,#5564,.T.);
#3613=EDGE_CURVE('',#4877,#4878,#5565,.T.);
#3614=EDGE_CURVE('',#4878,#4879,#5566,.T.);
#3615=EDGE_CURVE('',#4879,#4880,#5567,.T.);
#3616=EDGE_CURVE('',#4880,#4881,#5568,.T.);
#3617=EDGE_CURVE('',#4881,#4882,#328,.T.);
#3618=EDGE_CURVE('',#4882,#4883,#551,.T.);
#3619=EDGE_CURVE('',#4883,#4884,#552,.T.);
#3620=EDGE_CURVE('',#4884,#4885,#553,.T.);
#3621=EDGE_CURVE('',#4885,#4886,#554,.T.);
#3622=EDGE_CURVE('',#4886,#4871,#329,.T.);
#3623=EDGE_CURVE('',#4887,#4888,#555,.T.);
#3624=EDGE_CURVE('',#4888,#4889,#556,.T.);
#3625=EDGE_CURVE('',#4889,#4890,#330,.T.);
#3626=EDGE_CURVE('',#4890,#4891,#557,.T.);
#3627=EDGE_CURVE('',#4891,#4892,#558,.T.);
#3628=EDGE_CURVE('',#4892,#4893,#5569,.T.);
#3629=EDGE_CURVE('',#4893,#4894,#5570,.T.);
#3630=EDGE_CURVE('',#4894,#4895,#5571,.T.);
#3631=EDGE_CURVE('',#4895,#4896,#5572,.T.);
#3632=EDGE_CURVE('',#4896,#4897,#5573,.T.);
#3633=EDGE_CURVE('',#4897,#4898,#559,.T.);
#3634=EDGE_CURVE('',#4898,#4899,#560,.T.);
#3635=EDGE_CURVE('',#4899,#4900,#561,.T.);
#3636=EDGE_CURVE('',#4900,#4901,#562,.T.);
#3637=EDGE_CURVE('',#4901,#4902,#563,.T.);
#3638=EDGE_CURVE('',#4902,#4887,#331,.T.);
#3639=EDGE_CURVE('',#4903,#4904,#5574,.T.);
#3640=EDGE_CURVE('',#4904,#4905,#5575,.T.);
#3641=EDGE_CURVE('',#4905,#4906,#5576,.T.);
#3642=EDGE_CURVE('',#4906,#4907,#5577,.T.);
#3643=EDGE_CURVE('',#4907,#4908,#5578,.T.);
#3644=EDGE_CURVE('',#4908,#4909,#5579,.T.);
#3645=EDGE_CURVE('',#4909,#4910,#5580,.T.);
#3646=EDGE_CURVE('',#4910,#4911,#5581,.T.);
#3647=EDGE_CURVE('',#4911,#4912,#5582,.T.);
#3648=EDGE_CURVE('',#4912,#4913,#5583,.T.);
#3649=EDGE_CURVE('',#4913,#4914,#5584,.T.);
#3650=EDGE_CURVE('',#4914,#4915,#5585,.T.);
#3651=EDGE_CURVE('',#4915,#4903,#5586,.T.);
#3652=EDGE_CURVE('',#4916,#4917,#5587,.T.);
#3653=EDGE_CURVE('',#4918,#4916,#5588,.T.);
#3654=EDGE_CURVE('',#4918,#4919,#5589,.T.);
#3655=EDGE_CURVE('',#4919,#4917,#5590,.T.);
#3656=EDGE_CURVE('',#4919,#4920,#5591,.T.);
#3657=EDGE_CURVE('',#4918,#4921,#332,.T.);
#3658=EDGE_CURVE('',#4921,#4922,#333,.T.);
#3659=EDGE_CURVE('',#4922,#4920,#5592,.T.);
#3660=EDGE_CURVE('',#4923,#4924,#5593,.T.);
#3661=EDGE_CURVE('',#4924,#4925,#5594,.T.);
#3662=EDGE_CURVE('',#4926,#4925,#5595,.T.);
#3663=EDGE_CURVE('',#4927,#4926,#334,.T.);
#3664=EDGE_CURVE('',#4923,#4927,#335,.T.);
#3665=EDGE_CURVE('',#4921,#4928,#219,.T.);
#3666=EDGE_CURVE('',#4928,#4916,#564,.T.);
#3667=EDGE_CURVE('',#4929,#4921,#220,.T.);
#3668=EDGE_CURVE('',#4930,#4929,#565,.T.);
#3669=EDGE_CURVE('',#4922,#4930,#5596,.T.);
#3670=EDGE_CURVE('',#4931,#4931,#336,.T.);
#3671=EDGE_CURVE('',#4917,#4932,#5597,.T.);
#3672=EDGE_CURVE('',#4920,#4932,#5598,.T.);
#3673=EDGE_CURVE('',#4930,#4932,#5599,.T.);
#3674=EDGE_CURVE('',#4930,#4916,#5600,.T.);
#3675=EDGE_CURVE('',#4929,#4928,#5601,.T.);
#3676=EDGE_CURVE('',#4933,#4934,#566,.T.);
#3677=EDGE_CURVE('',#4923,#4934,#5602,.T.);
#3678=EDGE_CURVE('',#4927,#4933,#5603,.T.);
#3679=EDGE_CURVE('',#4926,#4935,#5604,.F.);
#3680=EDGE_CURVE('',#4935,#4933,#567,.F.);
#3681=EDGE_CURVE('',#4936,#4936,#337,.T.);
#3682=EDGE_CURVE('',#4937,#4938,#5605,.T.);
#3683=EDGE_CURVE('',#4925,#4938,#5606,.T.);
#3684=EDGE_CURVE('',#4924,#4937,#5607,.T.);
#3685=EDGE_CURVE('',#4934,#4937,#5608,.T.);
#3686=EDGE_CURVE('',#4935,#4938,#5609,.T.);
#3687=EDGE_CURVE('',#4935,#4934,#5610,.T.);
#3688=EDGE_CURVE('',#4939,#4939,#338,.T.);
#3689=EDGE_CURVE('',#4940,#4940,#339,.T.);
#3690=EDGE_CURVE('',#4941,#4903,#5611,.T.);
#3691=EDGE_CURVE('',#4941,#4942,#5612,.T.);
#3692=EDGE_CURVE('',#4942,#4904,#5613,.T.);
#3693=EDGE_CURVE('',#4943,#4915,#5614,.T.);
#3694=EDGE_CURVE('',#4943,#4941,#5615,.T.);
#3695=EDGE_CURVE('',#4944,#4914,#5616,.T.);
#3696=EDGE_CURVE('',#4944,#4943,#5617,.T.);
#3697=EDGE_CURVE('',#4945,#4913,#5618,.T.);
#3698=EDGE_CURVE('',#4945,#4944,#5619,.T.);
#3699=EDGE_CURVE('',#4946,#4912,#5620,.T.);
#3700=EDGE_CURVE('',#4946,#4945,#5621,.T.);
#3701=EDGE_CURVE('',#4947,#4911,#5622,.T.);
#3702=EDGE_CURVE('',#4947,#4946,#5623,.T.);
#3703=EDGE_CURVE('',#4948,#4910,#5624,.T.);
#3704=EDGE_CURVE('',#4948,#4947,#5625,.T.);
#3705=EDGE_CURVE('',#4949,#4909,#5626,.T.);
#3706=EDGE_CURVE('',#4949,#4948,#5627,.T.);
#3707=EDGE_CURVE('',#4950,#4908,#5628,.T.);
#3708=EDGE_CURVE('',#4950,#4949,#5629,.T.);
#3709=EDGE_CURVE('',#4951,#4907,#5630,.T.);
#3710=EDGE_CURVE('',#4951,#4950,#5631,.T.);
#3711=EDGE_CURVE('',#4952,#4906,#5632,.T.);
#3712=EDGE_CURVE('',#4952,#4951,#5633,.T.);
#3713=EDGE_CURVE('',#4953,#4905,#5634,.T.);
#3714=EDGE_CURVE('',#4953,#4952,#5635,.T.);
#3715=EDGE_CURVE('',#4942,#4953,#5636,.T.);
#3716=EDGE_CURVE('',#4954,#4955,#340,.F.);
#3717=EDGE_CURVE('',#4956,#4954,#5637,.T.);
#3718=EDGE_CURVE('',#4956,#4957,#341,.F.);
#3719=EDGE_CURVE('',#4957,#4955,#5638,.T.);
#3720=EDGE_CURVE('',#4958,#4954,#568,.T.);
#3721=EDGE_CURVE('',#4959,#4958,#5639,.T.);
#3722=EDGE_CURVE('',#4959,#4956,#569,.T.);
#3723=EDGE_CURVE('',#4960,#4958,#570,.T.);
#3724=EDGE_CURVE('',#4961,#4960,#5640,.T.);
#3725=EDGE_CURVE('',#4961,#4959,#571,.T.);
#3726=EDGE_CURVE('',#4962,#4960,#572,.T.);
#3727=EDGE_CURVE('',#4963,#4962,#5641,.T.);
#3728=EDGE_CURVE('',#4963,#4961,#573,.T.);
#3729=EDGE_CURVE('',#4964,#4962,#574,.T.);
#3730=EDGE_CURVE('',#4965,#4964,#5642,.T.);
#3731=EDGE_CURVE('',#4965,#4963,#575,.T.);
#3732=EDGE_CURVE('',#4966,#4964,#342,.F.);
#3733=EDGE_CURVE('',#4967,#4966,#5643,.T.);
#3734=EDGE_CURVE('',#4967,#4965,#343,.F.);
#3735=EDGE_CURVE('',#4968,#4966,#576,.T.);
#3736=EDGE_CURVE('',#4969,#4968,#5644,.T.);
#3737=EDGE_CURVE('',#4969,#4967,#577,.T.);
#3738=EDGE_CURVE('',#4970,#4968,#578,.T.);
#3739=EDGE_CURVE('',#4971,#4970,#5645,.T.);
#3740=EDGE_CURVE('',#4971,#4969,#579,.T.);
#3741=EDGE_CURVE('',#4972,#4970,#580,.T.);
#3742=EDGE_CURVE('',#4973,#4972,#5646,.T.);
#3743=EDGE_CURVE('',#4973,#4971,#581,.T.);
#3744=EDGE_CURVE('',#4974,#4887,#5647,.T.);
#3745=EDGE_CURVE('',#4974,#4975,#582,.T.);
#3746=EDGE_CURVE('',#4975,#4888,#5648,.T.);
#3747=EDGE_CURVE('',#4976,#4902,#5649,.T.);
#3748=EDGE_CURVE('',#4976,#4974,#344,.T.);
#3749=EDGE_CURVE('',#4977,#4901,#5650,.T.);
#3750=EDGE_CURVE('',#4977,#4976,#583,.T.);
#3751=EDGE_CURVE('',#4978,#4900,#5651,.T.);
#3752=EDGE_CURVE('',#4978,#4977,#584,.T.);
#3753=EDGE_CURVE('',#4979,#4899,#5652,.T.);
#3754=EDGE_CURVE('',#4979,#4978,#585,.T.);
#3755=EDGE_CURVE('',#4980,#4898,#5653,.T.);
#3756=EDGE_CURVE('',#4980,#4979,#586,.T.);
#3757=EDGE_CURVE('',#4981,#4897,#5654,.T.);
#3758=EDGE_CURVE('',#4981,#4980,#587,.T.);
#3759=EDGE_CURVE('',#4982,#4896,#5655,.T.);
#3760=EDGE_CURVE('',#4982,#4981,#5656,.T.);
#3761=EDGE_CURVE('',#4983,#4895,#5657,.T.);
#3762=EDGE_CURVE('',#4983,#4982,#5658,.T.);
#3763=EDGE_CURVE('',#4984,#4894,#5659,.T.);
#3764=EDGE_CURVE('',#4984,#4983,#5660,.T.);
#3765=EDGE_CURVE('',#4985,#4893,#5661,.T.);
#3766=EDGE_CURVE('',#4985,#4984,#5662,.T.);
#3767=EDGE_CURVE('',#4986,#4892,#5663,.T.);
#3768=EDGE_CURVE('',#4986,#4985,#5664,.T.);
#3769=EDGE_CURVE('',#4987,#4891,#5665,.T.);
#3770=EDGE_CURVE('',#4987,#4986,#588,.T.);
#3771=EDGE_CURVE('',#4988,#4890,#5666,.T.);
#3772=EDGE_CURVE('',#4988,#4987,#589,.T.);
#3773=EDGE_CURVE('',#4989,#4889,#5667,.T.);
#3774=EDGE_CURVE('',#4989,#4988,#345,.T.);
#3775=EDGE_CURVE('',#4975,#4989,#590,.T.);
#3776=EDGE_CURVE('',#4955,#4972,#591,.T.);
#3777=EDGE_CURVE('',#4957,#4973,#592,.T.);
#3778=EDGE_CURVE('',#4990,#4991,#346,.F.);
#3779=EDGE_CURVE('',#4992,#4990,#5668,.T.);
#3780=EDGE_CURVE('',#4992,#4993,#347,.F.);
#3781=EDGE_CURVE('',#4993,#4991,#5669,.T.);
#3782=EDGE_CURVE('',#4994,#4990,#593,.T.);
#3783=EDGE_CURVE('',#4995,#4994,#5670,.T.);
#3784=EDGE_CURVE('',#4995,#4992,#594,.T.);
#3785=EDGE_CURVE('',#4996,#4994,#595,.T.);
#3786=EDGE_CURVE('',#4997,#4996,#5671,.T.);
#3787=EDGE_CURVE('',#4997,#4995,#596,.T.);
#3788=EDGE_CURVE('',#4998,#4996,#597,.T.);
#3789=EDGE_CURVE('',#4999,#4998,#5672,.T.);
#3790=EDGE_CURVE('',#4999,#4997,#598,.T.);
#3791=EDGE_CURVE('',#5000,#4998,#599,.T.);
#3792=EDGE_CURVE('',#5001,#5000,#5673,.T.);
#3793=EDGE_CURVE('',#5001,#4999,#600,.T.);
#3794=EDGE_CURVE('',#5002,#5000,#348,.F.);
#3795=EDGE_CURVE('',#5003,#5002,#5674,.T.);
#3796=EDGE_CURVE('',#5003,#5001,#349,.F.);
#3797=EDGE_CURVE('',#5004,#5002,#601,.T.);
#3798=EDGE_CURVE('',#5005,#5004,#5675,.T.);
#3799=EDGE_CURVE('',#5005,#5003,#602,.T.);
#3800=EDGE_CURVE('',#5006,#5004,#603,.T.);
#3801=EDGE_CURVE('',#5007,#5006,#5676,.T.);
#3802=EDGE_CURVE('',#5007,#5005,#604,.T.);
#3803=EDGE_CURVE('',#5008,#5006,#605,.T.);
#3804=EDGE_CURVE('',#5009,#5008,#5677,.T.);
#3805=EDGE_CURVE('',#5009,#5007,#606,.T.);
#3806=EDGE_CURVE('',#5010,#4871,#5678,.T.);
#3807=EDGE_CURVE('',#5010,#5011,#607,.T.);
#3808=EDGE_CURVE('',#5011,#4872,#5679,.T.);
#3809=EDGE_CURVE('',#5012,#4886,#5680,.T.);
#3810=EDGE_CURVE('',#5012,#5010,#350,.T.);
#3811=EDGE_CURVE('',#5013,#4885,#5681,.T.);
#3812=EDGE_CURVE('',#5013,#5012,#608,.T.);
#3813=EDGE_CURVE('',#5014,#4884,#5682,.T.);
#3814=EDGE_CURVE('',#5014,#5013,#609,.T.);
#3815=EDGE_CURVE('',#5015,#4883,#5683,.T.);
#3816=EDGE_CURVE('',#5015,#5014,#610,.T.);
#3817=EDGE_CURVE('',#5016,#4882,#5684,.T.);
#3818=EDGE_CURVE('',#5016,#5015,#611,.T.);
#3819=EDGE_CURVE('',#5017,#4881,#5685,.T.);
#3820=EDGE_CURVE('',#5017,#5016,#351,.T.);
#3821=EDGE_CURVE('',#5018,#4880,#5686,.T.);
#3822=EDGE_CURVE('',#5018,#5017,#5687,.T.);
#3823=EDGE_CURVE('',#5019,#4879,#5688,.T.);
#3824=EDGE_CURVE('',#5019,#5018,#5689,.T.);
#3825=EDGE_CURVE('',#5020,#4878,#5690,.T.);
#3826=EDGE_CURVE('',#5020,#5019,#5691,.T.);
#3827=EDGE_CURVE('',#5021,#4877,#5692,.T.);
#3828=EDGE_CURVE('',#5021,#5020,#5693,.T.);
#3829=EDGE_CURVE('',#5022,#4876,#5694,.T.);
#3830=EDGE_CURVE('',#5022,#5021,#5695,.T.);
#3831=EDGE_CURVE('',#5023,#4875,#5696,.T.);
#3832=EDGE_CURVE('',#5023,#5022,#612,.T.);
#3833=EDGE_CURVE('',#5024,#4874,#5697,.T.);
#3834=EDGE_CURVE('',#5024,#5023,#613,.T.);
#3835=EDGE_CURVE('',#5025,#4873,#5698,.T.);
#3836=EDGE_CURVE('',#5025,#5024,#352,.T.);
#3837=EDGE_CURVE('',#5011,#5025,#614,.T.);
#3838=EDGE_CURVE('',#4991,#5008,#615,.T.);
#3839=EDGE_CURVE('',#4993,#5009,#616,.T.);
#3840=EDGE_CURVE('',#5026,#5027,#353,.F.);
#3841=EDGE_CURVE('',#5028,#5026,#5699,.T.);
#3842=EDGE_CURVE('',#5028,#5029,#354,.F.);
#3843=EDGE_CURVE('',#5029,#5027,#5700,.T.);
#3844=EDGE_CURVE('',#5030,#5026,#5701,.T.);
#3845=EDGE_CURVE('',#5031,#5030,#5702,.T.);
#3846=EDGE_CURVE('',#5031,#5028,#5703,.T.);
#3847=EDGE_CURVE('',#5032,#5030,#617,.T.);
#3848=EDGE_CURVE('',#5033,#5032,#5704,.T.);
#3849=EDGE_CURVE('',#5033,#5031,#618,.T.);
#3850=EDGE_CURVE('',#5034,#5032,#355,.F.);
#3851=EDGE_CURVE('',#5035,#5034,#5705,.T.);
#3852=EDGE_CURVE('',#5035,#5033,#356,.F.);
#3853=EDGE_CURVE('',#5036,#5034,#619,.T.);
#3854=EDGE_CURVE('',#5037,#5036,#5706,.T.);
#3855=EDGE_CURVE('',#5037,#5035,#620,.T.);
#3856=EDGE_CURVE('',#5038,#4853,#5707,.T.);
#3857=EDGE_CURVE('',#5038,#5039,#621,.T.);
#3858=EDGE_CURVE('',#5039,#4854,#5708,.T.);
#3859=EDGE_CURVE('',#5040,#4870,#5709,.T.);
#3860=EDGE_CURVE('',#5040,#5038,#622,.T.);
#3861=EDGE_CURVE('',#5041,#4869,#5710,.T.);
#3862=EDGE_CURVE('',#5041,#5040,#357,.T.);
#3863=EDGE_CURVE('',#5042,#4868,#5711,.T.);
#3864=EDGE_CURVE('',#5042,#5041,#623,.T.);
#3865=EDGE_CURVE('',#5043,#4867,#5712,.T.);
#3866=EDGE_CURVE('',#5043,#5042,#358,.T.);
#3867=EDGE_CURVE('',#5044,#4866,#5713,.T.);
#3868=EDGE_CURVE('',#5044,#5043,#624,.T.);
#3869=EDGE_CURVE('',#5045,#4865,#5714,.T.);
#3870=EDGE_CURVE('',#5045,#5044,#625,.T.);
#3871=EDGE_CURVE('',#5046,#4864,#5715,.T.);
#3872=EDGE_CURVE('',#5046,#5045,#626,.T.);
#3873=EDGE_CURVE('',#5047,#4863,#5716,.T.);
#3874=EDGE_CURVE('',#5047,#5046,#627,.T.);
#3875=EDGE_CURVE('',#5048,#4862,#5717,.T.);
#3876=EDGE_CURVE('',#5048,#5047,#5718,.T.);
#3877=EDGE_CURVE('',#5049,#4861,#5719,.T.);
#3878=EDGE_CURVE('',#5049,#5048,#628,.T.);
#3879=EDGE_CURVE('',#5050,#4860,#5720,.T.);
#3880=EDGE_CURVE('',#5050,#5049,#629,.T.);
#3881=EDGE_CURVE('',#5051,#4859,#5721,.T.);
#3882=EDGE_CURVE('',#5051,#5050,#630,.T.);
#3883=EDGE_CURVE('',#5052,#4858,#5722,.T.);
#3884=EDGE_CURVE('',#5052,#5051,#359,.F.);
#3885=EDGE_CURVE('',#5053,#4857,#5723,.T.);
#3886=EDGE_CURVE('',#5053,#5052,#5724,.T.);
#3887=EDGE_CURVE('',#5054,#4856,#5725,.T.);
#3888=EDGE_CURVE('',#5054,#5053,#360,.T.);
#3889=EDGE_CURVE('',#5055,#4855,#5726,.T.);
#3890=EDGE_CURVE('',#5055,#5054,#361,.T.);
#3891=EDGE_CURVE('',#5039,#5055,#631,.T.);
#3892=EDGE_CURVE('',#5027,#5036,#632,.T.);
#3893=EDGE_CURVE('',#5029,#5037,#633,.T.);
#3894=EDGE_CURVE('',#5056,#4836,#5727,.T.);
#3895=EDGE_CURVE('',#5056,#5057,#634,.T.);
#3896=EDGE_CURVE('',#5057,#4837,#5728,.T.);
#3897=EDGE_CURVE('',#5058,#4852,#5729,.T.);
#3898=EDGE_CURVE('',#5058,#5056,#5730,.T.);
#3899=EDGE_CURVE('',#5059,#4851,#5731,.T.);
#3900=EDGE_CURVE('',#5059,#5058,#362,.T.);
#3901=EDGE_CURVE('',#5060,#4850,#5732,.T.);
#3902=EDGE_CURVE('',#5060,#5059,#635,.T.);
#3903=EDGE_CURVE('',#5061,#4849,#5733,.T.);
#3904=EDGE_CURVE('',#5061,#5060,#636,.T.);
#3905=EDGE_CURVE('',#5062,#4848,#5734,.T.);
#3906=EDGE_CURVE('',#5062,#5061,#5735,.T.);
#3907=EDGE_CURVE('',#5063,#4847,#5736,.T.);
#3908=EDGE_CURVE('',#5063,#5062,#5737,.T.);
#3909=EDGE_CURVE('',#5064,#4846,#5738,.T.);
#3910=EDGE_CURVE('',#5064,#5063,#5739,.T.);
#3911=EDGE_CURVE('',#5065,#4845,#5740,.T.);
#3912=EDGE_CURVE('',#5065,#5064,#5741,.T.);
#3913=EDGE_CURVE('',#5066,#4844,#5742,.T.);
#3914=EDGE_CURVE('',#5066,#5065,#5743,.T.);
#3915=EDGE_CURVE('',#5067,#4843,#5744,.T.);
#3916=EDGE_CURVE('',#5067,#5066,#5745,.T.);
#3917=EDGE_CURVE('',#5068,#4842,#5746,.T.);
#3918=EDGE_CURVE('',#5068,#5067,#5747,.T.);
#3919=EDGE_CURVE('',#5069,#4841,#5748,.T.);
#3920=EDGE_CURVE('',#5069,#5068,#5749,.T.);
#3921=EDGE_CURVE('',#5070,#4840,#5750,.T.);
#3922=EDGE_CURVE('',#5070,#5069,#5751,.T.);
#3923=EDGE_CURVE('',#5071,#4839,#5752,.T.);
#3924=EDGE_CURVE('',#5071,#5070,#5753,.T.);
#3925=EDGE_CURVE('',#5072,#4838,#5754,.T.);
#3926=EDGE_CURVE('',#5072,#5071,#5755,.T.);
#3927=EDGE_CURVE('',#5057,#5072,#637,.T.);
#3928=EDGE_CURVE('',#5073,#5074,#363,.F.);
#3929=EDGE_CURVE('',#5075,#5073,#5756,.T.);
#3930=EDGE_CURVE('',#5075,#5076,#364,.F.);
#3931=EDGE_CURVE('',#5076,#5074,#5757,.T.);
#3932=EDGE_CURVE('',#5077,#5073,#638,.T.);
#3933=EDGE_CURVE('',#5078,#5077,#5758,.T.);
#3934=EDGE_CURVE('',#5078,#5075,#639,.T.);
#3935=EDGE_CURVE('',#5079,#5077,#640,.T.);
#3936=EDGE_CURVE('',#5080,#5079,#5759,.T.);
#3937=EDGE_CURVE('',#5080,#5078,#641,.T.);
#3938=EDGE_CURVE('',#5081,#5079,#365,.F.);
#3939=EDGE_CURVE('',#5082,#5081,#5760,.T.);
#3940=EDGE_CURVE('',#5082,#5080,#366,.F.);
#3941=EDGE_CURVE('',#5083,#5081,#642,.T.);
#3942=EDGE_CURVE('',#5084,#5083,#5761,.T.);
#3943=EDGE_CURVE('',#5084,#5082,#643,.T.);
#3944=EDGE_CURVE('',#5085,#5083,#644,.T.);
#3945=EDGE_CURVE('',#5086,#5085,#5762,.T.);
#3946=EDGE_CURVE('',#5086,#5084,#645,.T.);
#3947=EDGE_CURVE('',#5087,#5085,#646,.T.);
#3948=EDGE_CURVE('',#5088,#5087,#5763,.T.);
#3949=EDGE_CURVE('',#5088,#5086,#647,.T.);
#3950=EDGE_CURVE('',#5089,#5087,#648,.T.);
#3951=EDGE_CURVE('',#5090,#5089,#5764,.T.);
#3952=EDGE_CURVE('',#5090,#5088,#649,.T.);
#3953=EDGE_CURVE('',#5091,#5089,#367,.F.);
#3954=EDGE_CURVE('',#5092,#5091,#5765,.T.);
#3955=EDGE_CURVE('',#5092,#5090,#368,.F.);
#3956=EDGE_CURVE('',#5093,#4824,#5766,.T.);
#3957=EDGE_CURVE('',#5093,#5094,#650,.T.);
#3958=EDGE_CURVE('',#5094,#4825,#5767,.T.);
#3959=EDGE_CURVE('',#5095,#4835,#5768,.T.);
#3960=EDGE_CURVE('',#5095,#5093,#651,.T.);
#3961=EDGE_CURVE('',#5096,#4834,#5769,.T.);
#3962=EDGE_CURVE('',#5096,#5095,#369,.T.);
#3963=EDGE_CURVE('',#5097,#4833,#5770,.T.);
#3964=EDGE_CURVE('',#5097,#5096,#652,.T.);
#3965=EDGE_CURVE('',#5098,#4832,#5771,.T.);
#3966=EDGE_CURVE('',#5098,#5097,#653,.T.);
#3967=EDGE_CURVE('',#5099,#4831,#5772,.T.);
#3968=EDGE_CURVE('',#5099,#5098,#654,.T.);
#3969=EDGE_CURVE('',#5100,#4830,#5773,.T.);
#3970=EDGE_CURVE('',#5100,#5099,#655,.T.);
#3971=EDGE_CURVE('',#5101,#4829,#5774,.T.);
#3972=EDGE_CURVE('',#5101,#5100,#656,.T.);
#3973=EDGE_CURVE('',#5102,#4828,#5775,.T.);
#3974=EDGE_CURVE('',#5102,#5101,#370,.T.);
#3975=EDGE_CURVE('',#5103,#4827,#5776,.T.);
#3976=EDGE_CURVE('',#5103,#5102,#657,.T.);
#3977=EDGE_CURVE('',#5104,#4826,#5777,.T.);
#3978=EDGE_CURVE('',#5104,#5103,#658,.T.);
#3979=EDGE_CURVE('',#5094,#5104,#371,.T.);
#3980=EDGE_CURVE('',#5074,#5091,#372,.F.);
#3981=EDGE_CURVE('',#5076,#5092,#373,.F.);
#3982=EDGE_CURVE('',#5105,#4813,#5778,.T.);
#3983=EDGE_CURVE('',#5105,#5106,#659,.T.);
#3984=EDGE_CURVE('',#5106,#4814,#5779,.T.);
#3985=EDGE_CURVE('',#5107,#4823,#5780,.T.);
#3986=EDGE_CURVE('',#5107,#5105,#5781,.T.);
#3987=EDGE_CURVE('',#5108,#4822,#5782,.T.);
#3988=EDGE_CURVE('',#5108,#5107,#5783,.T.);
#3989=EDGE_CURVE('',#5109,#4821,#5784,.T.);
#3990=EDGE_CURVE('',#5109,#5108,#5785,.T.);
#3991=EDGE_CURVE('',#5110,#4820,#5786,.T.);
#3992=EDGE_CURVE('',#5110,#5109,#5787,.T.);
#3993=EDGE_CURVE('',#5111,#4819,#5788,.T.);
#3994=EDGE_CURVE('',#5111,#5110,#5789,.T.);
#3995=EDGE_CURVE('',#5112,#4818,#5790,.T.);
#3996=EDGE_CURVE('',#5112,#5111,#660,.T.);
#3997=EDGE_CURVE('',#5113,#4817,#5791,.T.);
#3998=EDGE_CURVE('',#5113,#5112,#661,.T.);
#3999=EDGE_CURVE('',#5114,#4816,#5792,.T.);
#4000=EDGE_CURVE('',#5114,#5113,#5793,.T.);
#4001=EDGE_CURVE('',#5115,#4815,#5794,.T.);
#4002=EDGE_CURVE('',#5115,#5114,#5795,.T.);
#4003=EDGE_CURVE('',#5106,#5115,#662,.T.);
#4004=EDGE_CURVE('',#5116,#4801,#5796,.T.);
#4005=EDGE_CURVE('',#5116,#5117,#5797,.T.);
#4006=EDGE_CURVE('',#5117,#4802,#5798,.T.);
#4007=EDGE_CURVE('',#5118,#4812,#5799,.T.);
#4008=EDGE_CURVE('',#5118,#5116,#5800,.T.);
#4009=EDGE_CURVE('',#5119,#4811,#5801,.T.);
#4010=EDGE_CURVE('',#5119,#5118,#5802,.T.);
#4011=EDGE_CURVE('',#5120,#4810,#5803,.T.);
#4012=EDGE_CURVE('',#5120,#5119,#5804,.T.);
#4013=EDGE_CURVE('',#5121,#4809,#5805,.T.);
#4014=EDGE_CURVE('',#5121,#5120,#5806,.T.);
#4015=EDGE_CURVE('',#5122,#4808,#5807,.T.);
#4016=EDGE_CURVE('',#5122,#5121,#5808,.T.);
#4017=EDGE_CURVE('',#5123,#4807,#5809,.T.);
#4018=EDGE_CURVE('',#5123,#5122,#5810,.T.);
#4019=EDGE_CURVE('',#5124,#4806,#5811,.T.);
#4020=EDGE_CURVE('',#5124,#5123,#5812,.T.);
#4021=EDGE_CURVE('',#5125,#4805,#5813,.T.);
#4022=EDGE_CURVE('',#5125,#5124,#5814,.T.);
#4023=EDGE_CURVE('',#5126,#4804,#5815,.T.);
#4024=EDGE_CURVE('',#5126,#5125,#5816,.T.);
#4025=EDGE_CURVE('',#5127,#4803,#5817,.T.);
#4026=EDGE_CURVE('',#5127,#5126,#5818,.T.);
#4027=EDGE_CURVE('',#5117,#5127,#5819,.T.);
#4028=EDGE_CURVE('',#5128,#5129,#374,.F.);
#4029=EDGE_CURVE('',#5130,#5128,#5820,.T.);
#4030=EDGE_CURVE('',#5130,#5131,#375,.F.);
#4031=EDGE_CURVE('',#5131,#5129,#5821,.T.);
#4032=EDGE_CURVE('',#5132,#5128,#663,.T.);
#4033=EDGE_CURVE('',#5133,#5132,#5822,.T.);
#4034=EDGE_CURVE('',#5133,#5130,#664,.T.);
#4035=EDGE_CURVE('',#5134,#5132,#665,.T.);
#4036=EDGE_CURVE('',#5135,#5134,#5823,.T.);
#4037=EDGE_CURVE('',#5135,#5133,#666,.T.);
#4038=EDGE_CURVE('',#5136,#5134,#667,.T.);
#4039=EDGE_CURVE('',#5137,#5136,#5824,.T.);
#4040=EDGE_CURVE('',#5137,#5135,#668,.T.);
#4041=EDGE_CURVE('',#5138,#5136,#669,.T.);
#4042=EDGE_CURVE('',#5139,#5138,#5825,.T.);
#4043=EDGE_CURVE('',#5139,#5137,#670,.T.);
#4044=EDGE_CURVE('',#5140,#5138,#376,.F.);
#4045=EDGE_CURVE('',#5141,#5140,#5826,.T.);
#4046=EDGE_CURVE('',#5141,#5139,#377,.F.);
#4047=EDGE_CURVE('',#5142,#5140,#671,.T.);
#4048=EDGE_CURVE('',#5143,#5142,#5827,.T.);
#4049=EDGE_CURVE('',#5143,#5141,#672,.T.);
#4050=EDGE_CURVE('',#5144,#5142,#673,.T.);
#4051=EDGE_CURVE('',#5145,#5144,#5828,.T.);
#4052=EDGE_CURVE('',#5145,#5143,#674,.T.);
#4053=EDGE_CURVE('',#5146,#5144,#675,.T.);
#4054=EDGE_CURVE('',#5147,#5146,#5829,.T.);
#4055=EDGE_CURVE('',#5147,#5145,#676,.T.);
#4056=EDGE_CURVE('',#5148,#4785,#5830,.T.);
#4057=EDGE_CURVE('',#5148,#5149,#677,.T.);
#4058=EDGE_CURVE('',#5149,#4786,#5831,.T.);
#4059=EDGE_CURVE('',#5150,#4800,#5832,.T.);
#4060=EDGE_CURVE('',#5150,#5148,#378,.T.);
#4061=EDGE_CURVE('',#5151,#4799,#5833,.T.);
#4062=EDGE_CURVE('',#5151,#5150,#678,.T.);
#4063=EDGE_CURVE('',#5152,#4798,#5834,.T.);
#4064=EDGE_CURVE('',#5152,#5151,#679,.T.);
#4065=EDGE_CURVE('',#5153,#4797,#5835,.T.);
#4066=EDGE_CURVE('',#5153,#5152,#680,.T.);
#4067=EDGE_CURVE('',#5154,#4796,#5836,.T.);
#4068=EDGE_CURVE('',#5154,#5153,#681,.T.);
#4069=EDGE_CURVE('',#5155,#4795,#5837,.T.);
#4070=EDGE_CURVE('',#5155,#5154,#682,.T.);
#4071=EDGE_CURVE('',#5156,#4794,#5838,.T.);
#4072=EDGE_CURVE('',#5156,#5155,#5839,.T.);
#4073=EDGE_CURVE('',#5157,#4793,#5840,.T.);
#4074=EDGE_CURVE('',#5157,#5156,#5841,.T.);
#4075=EDGE_CURVE('',#5158,#4792,#5842,.T.);
#4076=EDGE_CURVE('',#5158,#5157,#5843,.T.);
#4077=EDGE_CURVE('',#5159,#4791,#5844,.T.);
#4078=EDGE_CURVE('',#5159,#5158,#5845,.T.);
#4079=EDGE_CURVE('',#5160,#4790,#5846,.T.);
#4080=EDGE_CURVE('',#5160,#5159,#5847,.T.);
#4081=EDGE_CURVE('',#5161,#4789,#5848,.T.);
#4082=EDGE_CURVE('',#5161,#5160,#683,.T.);
#4083=EDGE_CURVE('',#5162,#4788,#5849,.T.);
#4084=EDGE_CURVE('',#5162,#5161,#684,.T.);
#4085=EDGE_CURVE('',#5163,#4787,#5850,.T.);
#4086=EDGE_CURVE('',#5163,#5162,#379,.T.);
#4087=EDGE_CURVE('',#5149,#5163,#685,.T.);
#4088=EDGE_CURVE('',#5129,#5146,#686,.T.);
#4089=EDGE_CURVE('',#5131,#5147,#687,.T.);
#4090=EDGE_CURVE('',#5164,#4766,#5851,.T.);
#4091=EDGE_CURVE('',#5164,#5165,#688,.T.);
#4092=EDGE_CURVE('',#5165,#4767,#5852,.T.);
#4093=EDGE_CURVE('',#5166,#4784,#5853,.T.);
#4094=EDGE_CURVE('',#5166,#5164,#380,.T.);
#4095=EDGE_CURVE('',#5167,#4783,#5854,.T.);
#4096=EDGE_CURVE('',#5167,#5166,#689,.T.);
#4097=EDGE_CURVE('',#5168,#4782,#5855,.T.);
#4098=EDGE_CURVE('',#5168,#5167,#690,.T.);
#4099=EDGE_CURVE('',#5169,#4781,#5856,.T.);
#4100=EDGE_CURVE('',#5169,#5168,#691,.T.);
#4101=EDGE_CURVE('',#5170,#4780,#5857,.T.);
#4102=EDGE_CURVE('',#5170,#5169,#692,.T.);
#4103=EDGE_CURVE('',#5171,#4779,#5858,.T.);
#4104=EDGE_CURVE('',#5171,#5170,#5859,.T.);
#4105=EDGE_CURVE('',#5172,#4778,#5860,.T.);
#4106=EDGE_CURVE('',#5172,#5171,#693,.T.);
#4107=EDGE_CURVE('',#5173,#4777,#5861,.T.);
#4108=EDGE_CURVE('',#5173,#5172,#694,.T.);
#4109=EDGE_CURVE('',#5174,#4776,#5862,.T.);
#4110=EDGE_CURVE('',#5174,#5173,#695,.T.);
#4111=EDGE_CURVE('',#5175,#4775,#5863,.T.);
#4112=EDGE_CURVE('',#5175,#5174,#381,.F.);
#4113=EDGE_CURVE('',#5176,#4774,#5864,.T.);
#4114=EDGE_CURVE('',#5176,#5175,#696,.T.);
#4115=EDGE_CURVE('',#5177,#4773,#5865,.T.);
#4116=EDGE_CURVE('',#5177,#5176,#697,.T.);
#4117=EDGE_CURVE('',#5178,#4772,#5866,.T.);
#4118=EDGE_CURVE('',#5178,#5177,#698,.T.);
#4119=EDGE_CURVE('',#5179,#4771,#5867,.T.);
#4120=EDGE_CURVE('',#5179,#5178,#5868,.T.);
#4121=EDGE_CURVE('',#5180,#4770,#5869,.T.);
#4122=EDGE_CURVE('',#5180,#5179,#699,.T.);
#4123=EDGE_CURVE('',#5181,#4769,#5870,.T.);
#4124=EDGE_CURVE('',#5181,#5180,#700,.T.);
#4125=EDGE_CURVE('',#5182,#4768,#5871,.T.);
#4126=EDGE_CURVE('',#5182,#5181,#701,.T.);
#4127=EDGE_CURVE('',#5165,#5182,#382,.T.);
#4128=EDGE_CURVE('',#5183,#4755,#5872,.T.);
#4129=EDGE_CURVE('',#5183,#5184,#5873,.T.);
#4130=EDGE_CURVE('',#5184,#4756,#5874,.T.);
#4131=EDGE_CURVE('',#5185,#4765,#5875,.T.);
#4132=EDGE_CURVE('',#5185,#5183,#5876,.T.);
#4133=EDGE_CURVE('',#5186,#4764,#5877,.T.);
#4134=EDGE_CURVE('',#5186,#5185,#5878,.T.);
#4135=EDGE_CURVE('',#5187,#4763,#5879,.T.);
#4136=EDGE_CURVE('',#5187,#5186,#5880,.T.);
#4137=EDGE_CURVE('',#5188,#4762,#5881,.T.);
#4138=EDGE_CURVE('',#5188,#5187,#5882,.T.);
#4139=EDGE_CURVE('',#5189,#4761,#5883,.T.);
#4140=EDGE_CURVE('',#5189,#5188,#5884,.T.);
#4141=EDGE_CURVE('',#5190,#4760,#5885,.T.);
#4142=EDGE_CURVE('',#5190,#5189,#5886,.T.);
#4143=EDGE_CURVE('',#5191,#4759,#5887,.T.);
#4144=EDGE_CURVE('',#5191,#5190,#5888,.T.);
#4145=EDGE_CURVE('',#5192,#4758,#5889,.T.);
#4146=EDGE_CURVE('',#5192,#5191,#5890,.T.);
#4147=EDGE_CURVE('',#5193,#4757,#5891,.T.);
#4148=EDGE_CURVE('',#5193,#5192,#5892,.T.);
#4149=EDGE_CURVE('',#5184,#5193,#5893,.T.);
#4150=EDGE_CURVE('',#5194,#4733,#5894,.T.);
#4151=EDGE_CURVE('',#5194,#5195,#702,.T.);
#4152=EDGE_CURVE('',#5195,#4734,#5895,.T.);
#4153=EDGE_CURVE('',#5196,#4754,#5896,.T.);
#4154=EDGE_CURVE('',#5196,#5194,#383,.T.);
#4155=EDGE_CURVE('',#5197,#4753,#5897,.T.);
#4156=EDGE_CURVE('',#5197,#5196,#703,.T.);
#4157=EDGE_CURVE('',#5198,#4752,#5898,.T.);
#4158=EDGE_CURVE('',#5198,#5197,#704,.T.);
#4159=EDGE_CURVE('',#5199,#4751,#5899,.T.);
#4160=EDGE_CURVE('',#5199,#5198,#705,.T.);
#4161=EDGE_CURVE('',#5200,#4750,#5900,.T.);
#4162=EDGE_CURVE('',#5200,#5199,#706,.T.);
#4163=EDGE_CURVE('',#5201,#4749,#5901,.T.);
#4164=EDGE_CURVE('',#5201,#5200,#707,.T.);
#4165=EDGE_CURVE('',#5202,#4748,#5902,.T.);
#4166=EDGE_CURVE('',#5202,#5201,#5903,.T.);
#4167=EDGE_CURVE('',#5203,#4747,#5904,.T.);
#4168=EDGE_CURVE('',#5203,#5202,#708,.T.);
#4169=EDGE_CURVE('',#5204,#4746,#5905,.T.);
#4170=EDGE_CURVE('',#5204,#5203,#384,.F.);
#4171=EDGE_CURVE('',#5205,#4745,#5906,.T.);
#4172=EDGE_CURVE('',#5205,#5204,#709,.T.);
#4173=EDGE_CURVE('',#5206,#4744,#5907,.T.);
#4174=EDGE_CURVE('',#5206,#5205,#710,.T.);
#4175=EDGE_CURVE('',#5207,#4743,#5908,.T.);
#4176=EDGE_CURVE('',#5207,#5206,#385,.F.);
#4177=EDGE_CURVE('',#5208,#4742,#5909,.T.);
#4178=EDGE_CURVE('',#5208,#5207,#711,.T.);
#4179=EDGE_CURVE('',#5209,#4741,#5910,.T.);
#4180=EDGE_CURVE('',#5209,#5208,#712,.T.);
#4181=EDGE_CURVE('',#5210,#4740,#5911,.T.);
#4182=EDGE_CURVE('',#5210,#5209,#713,.T.);
#4183=EDGE_CURVE('',#5211,#4739,#5912,.T.);
#4184=EDGE_CURVE('',#5211,#5210,#714,.T.);
#4185=EDGE_CURVE('',#5212,#4738,#5913,.T.);
#4186=EDGE_CURVE('',#5212,#5211,#5914,.T.);
#4187=EDGE_CURVE('',#5213,#4737,#5915,.T.);
#4188=EDGE_CURVE('',#5213,#5212,#715,.T.);
#4189=EDGE_CURVE('',#5214,#4736,#5916,.T.);
#4190=EDGE_CURVE('',#5214,#5213,#716,.T.);
#4191=EDGE_CURVE('',#5215,#4735,#5917,.T.);
#4192=EDGE_CURVE('',#5215,#5214,#717,.T.);
#4193=EDGE_CURVE('',#5195,#5215,#386,.T.);
#4194=EDGE_CURVE('',#5216,#4729,#5918,.T.);
#4195=EDGE_CURVE('',#5216,#5217,#5919,.T.);
#4196=EDGE_CURVE('',#5217,#4730,#5920,.T.);
#4197=EDGE_CURVE('',#5218,#4732,#5921,.T.);
#4198=EDGE_CURVE('',#5218,#5216,#5922,.T.);
#4199=EDGE_CURVE('',#5219,#4731,#5923,.T.);
#4200=EDGE_CURVE('',#5219,#5218,#5924,.T.);
#4201=EDGE_CURVE('',#5217,#5219,#5925,.T.);
#4202=EDGE_CURVE('',#5220,#4711,#5926,.T.);
#4203=EDGE_CURVE('',#5220,#5221,#5927,.T.);
#4204=EDGE_CURVE('',#5221,#4712,#5928,.T.);
#4205=EDGE_CURVE('',#5222,#4728,#5929,.T.);
#4206=EDGE_CURVE('',#5222,#5220,#5930,.T.);
#4207=EDGE_CURVE('',#5223,#4727,#5931,.T.);
#4208=EDGE_CURVE('',#5223,#5222,#5932,.T.);
#4209=EDGE_CURVE('',#5224,#4726,#5933,.T.);
#4210=EDGE_CURVE('',#5224,#5223,#718,.T.);
#4211=EDGE_CURVE('',#5225,#4725,#5934,.T.);
#4212=EDGE_CURVE('',#5225,#5224,#719,.T.);
#4213=EDGE_CURVE('',#5226,#4724,#5935,.T.);
#4214=EDGE_CURVE('',#5226,#5225,#720,.T.);
#4215=EDGE_CURVE('',#5227,#4723,#5936,.T.);
#4216=EDGE_CURVE('',#5227,#5226,#721,.T.);
#4217=EDGE_CURVE('',#5228,#4722,#5937,.T.);
#4218=EDGE_CURVE('',#5228,#5227,#387,.F.);
#4219=EDGE_CURVE('',#5229,#4721,#5938,.T.);
#4220=EDGE_CURVE('',#5229,#5228,#5939,.T.);
#4221=EDGE_CURVE('',#5230,#4720,#5940,.T.);
#4222=EDGE_CURVE('',#5230,#5229,#5941,.T.);
#4223=EDGE_CURVE('',#5231,#4719,#5942,.T.);
#4224=EDGE_CURVE('',#5231,#5230,#5943,.T.);
#4225=EDGE_CURVE('',#5232,#4718,#5944,.T.);
#4226=EDGE_CURVE('',#5232,#5231,#388,.T.);
#4227=EDGE_CURVE('',#5233,#4717,#5945,.T.);
#4228=EDGE_CURVE('',#5233,#5232,#722,.T.);
#4229=EDGE_CURVE('',#5234,#4716,#5946,.T.);
#4230=EDGE_CURVE('',#5234,#5233,#723,.T.);
#4231=EDGE_CURVE('',#5235,#4715,#5947,.T.);
#4232=EDGE_CURVE('',#5235,#5234,#389,.T.);
#4233=EDGE_CURVE('',#5236,#4714,#5948,.T.);
#4234=EDGE_CURVE('',#5236,#5235,#390,.T.);
#4235=EDGE_CURVE('',#5237,#4713,#5949,.T.);
#4236=EDGE_CURVE('',#5237,#5236,#5950,.T.);
#4237=EDGE_CURVE('',#5221,#5237,#5951,.T.);
#4238=EDGE_CURVE('',#5238,#5239,#391,.F.);
#4239=EDGE_CURVE('',#5240,#5238,#5952,.T.);
#4240=EDGE_CURVE('',#5240,#5241,#392,.F.);
#4241=EDGE_CURVE('',#5241,#5239,#5953,.T.);
#4242=EDGE_CURVE('',#5242,#5238,#724,.T.);
#4243=EDGE_CURVE('',#5243,#5242,#5954,.T.);
#4244=EDGE_CURVE('',#5243,#5240,#725,.T.);
#4245=EDGE_CURVE('',#5244,#5242,#726,.T.);
#4246=EDGE_CURVE('',#5245,#5244,#5955,.T.);
#4247=EDGE_CURVE('',#5245,#5243,#727,.T.);
#4248=EDGE_CURVE('',#5246,#5244,#728,.T.);
#4249=EDGE_CURVE('',#5247,#5246,#5956,.T.);
#4250=EDGE_CURVE('',#5247,#5245,#729,.T.);
#4251=EDGE_CURVE('',#5248,#5246,#730,.T.);
#4252=EDGE_CURVE('',#5249,#5248,#5957,.T.);
#4253=EDGE_CURVE('',#5249,#5247,#731,.T.);
#4254=EDGE_CURVE('',#5250,#5248,#393,.F.);
#4255=EDGE_CURVE('',#5251,#5250,#5958,.T.);
#4256=EDGE_CURVE('',#5251,#5249,#394,.F.);
#4257=EDGE_CURVE('',#5252,#5250,#732,.T.);
#4258=EDGE_CURVE('',#5253,#5252,#5959,.T.);
#4259=EDGE_CURVE('',#5253,#5251,#733,.T.);
#4260=EDGE_CURVE('',#5254,#5252,#734,.T.);
#4261=EDGE_CURVE('',#5255,#5254,#5960,.T.);
#4262=EDGE_CURVE('',#5255,#5253,#735,.T.);
#4263=EDGE_CURVE('',#5256,#5254,#736,.T.);
#4264=EDGE_CURVE('',#5257,#5256,#5961,.T.);
#4265=EDGE_CURVE('',#5257,#5255,#737,.T.);
#4266=EDGE_CURVE('',#5258,#4696,#5962,.T.);
#4267=EDGE_CURVE('',#5258,#5259,#738,.T.);
#4268=EDGE_CURVE('',#5259,#4697,#5963,.T.);
#4269=EDGE_CURVE('',#5260,#4710,#5964,.T.);
#4270=EDGE_CURVE('',#5260,#5258,#5965,.T.);
#4271=EDGE_CURVE('',#5261,#4709,#5966,.T.);
#4272=EDGE_CURVE('',#5261,#5260,#5967,.T.);
#4273=EDGE_CURVE('',#5262,#4708,#5968,.T.);
#4274=EDGE_CURVE('',#5262,#5261,#5969,.T.);
#4275=EDGE_CURVE('',#5263,#4707,#5970,.T.);
#4276=EDGE_CURVE('',#5263,#5262,#5971,.T.);
#4277=EDGE_CURVE('',#5264,#4706,#5972,.T.);
#4278=EDGE_CURVE('',#5264,#5263,#5973,.T.);
#4279=EDGE_CURVE('',#5265,#4705,#5974,.T.);
#4280=EDGE_CURVE('',#5265,#5264,#739,.T.);
#4281=EDGE_CURVE('',#5266,#4704,#5975,.T.);
#4282=EDGE_CURVE('',#5266,#5265,#740,.T.);
#4283=EDGE_CURVE('',#5267,#4703,#5976,.T.);
#4284=EDGE_CURVE('',#5267,#5266,#395,.T.);
#4285=EDGE_CURVE('',#5268,#4702,#5977,.T.);
#4286=EDGE_CURVE('',#5268,#5267,#741,.T.);
#4287=EDGE_CURVE('',#5269,#4701,#5978,.T.);
#4288=EDGE_CURVE('',#5269,#5268,#742,.T.);
#4289=EDGE_CURVE('',#5270,#4700,#5979,.T.);
#4290=EDGE_CURVE('',#5270,#5269,#396,.T.);
#4291=EDGE_CURVE('',#5271,#4699,#5980,.T.);
#4292=EDGE_CURVE('',#5271,#5270,#743,.T.);
#4293=EDGE_CURVE('',#5272,#4698,#5981,.T.);
#4294=EDGE_CURVE('',#5272,#5271,#744,.T.);
#4295=EDGE_CURVE('',#5259,#5272,#745,.T.);
#4296=EDGE_CURVE('',#5239,#5256,#746,.T.);
#4297=EDGE_CURVE('',#5241,#5257,#747,.T.);
#4298=EDGE_CURVE('',#5273,#5274,#397,.F.);
#4299=EDGE_CURVE('',#5275,#5273,#5982,.T.);
#4300=EDGE_CURVE('',#5275,#5276,#398,.F.);
#4301=EDGE_CURVE('',#5276,#5274,#5983,.T.);
#4302=EDGE_CURVE('',#5277,#5273,#748,.T.);
#4303=EDGE_CURVE('',#5278,#5277,#5984,.T.);
#4304=EDGE_CURVE('',#5278,#5275,#749,.T.);
#4305=EDGE_CURVE('',#5279,#5277,#750,.T.);
#4306=EDGE_CURVE('',#5280,#5279,#5985,.T.);
#4307=EDGE_CURVE('',#5280,#5278,#751,.T.);
#4308=EDGE_CURVE('',#5281,#5279,#5986,.T.);
#4309=EDGE_CURVE('',#5282,#5281,#5987,.T.);
#4310=EDGE_CURVE('',#5282,#5280,#5988,.T.);
#4311=EDGE_CURVE('',#5283,#5281,#5989,.T.);
#4312=EDGE_CURVE('',#5284,#5283,#5990,.T.);
#4313=EDGE_CURVE('',#5284,#5282,#5991,.T.);
#4314=EDGE_CURVE('',#5285,#5283,#5992,.T.);
#4315=EDGE_CURVE('',#5286,#5285,#5993,.T.);
#4316=EDGE_CURVE('',#5286,#5284,#5994,.T.);
#4317=EDGE_CURVE('',#5287,#5285,#752,.T.);
#4318=EDGE_CURVE('',#5288,#5287,#5995,.T.);
#4319=EDGE_CURVE('',#5288,#5286,#753,.T.);
#4320=EDGE_CURVE('',#5289,#4683,#5996,.T.);
#4321=EDGE_CURVE('',#5289,#5290,#754,.T.);
#4322=EDGE_CURVE('',#5290,#4684,#5997,.T.);
#4323=EDGE_CURVE('',#5291,#4695,#5998,.T.);
#4324=EDGE_CURVE('',#5291,#5289,#5999,.T.);
#4325=EDGE_CURVE('',#5292,#4694,#6000,.T.);
#4326=EDGE_CURVE('',#5292,#5291,#6001,.T.);
#4327=EDGE_CURVE('',#5293,#4693,#6002,.T.);
#4328=EDGE_CURVE('',#5293,#5292,#6003,.T.);
#4329=EDGE_CURVE('',#5294,#4692,#6004,.T.);
#4330=EDGE_CURVE('',#5294,#5293,#6005,.T.);
#4331=EDGE_CURVE('',#5295,#4691,#6006,.T.);
#4332=EDGE_CURVE('',#5295,#5294,#6007,.T.);
#4333=EDGE_CURVE('',#5296,#4690,#6008,.T.);
#4334=EDGE_CURVE('',#5296,#5295,#6009,.T.);
#4335=EDGE_CURVE('',#5297,#4689,#6010,.T.);
#4336=EDGE_CURVE('',#5297,#5296,#6011,.T.);
#4337=EDGE_CURVE('',#5298,#4688,#6012,.T.);
#4338=EDGE_CURVE('',#5298,#5297,#6013,.T.);
#4339=EDGE_CURVE('',#5299,#4687,#6014,.T.);
#4340=EDGE_CURVE('',#5299,#5298,#755,.T.);
#4341=EDGE_CURVE('',#5300,#4686,#6015,.T.);
#4342=EDGE_CURVE('',#5300,#5299,#756,.T.);
#4343=EDGE_CURVE('',#5301,#4685,#6016,.T.);
#4344=EDGE_CURVE('',#5301,#5300,#399,.T.);
#4345=EDGE_CURVE('',#5290,#5301,#757,.T.);
#4346=EDGE_CURVE('',#5274,#5287,#758,.T.);
#4347=EDGE_CURVE('',#5276,#5288,#759,.T.);
#4348=EDGE_CURVE('',#5302,#4661,#6017,.T.);
#4349=EDGE_CURVE('',#5302,#5303,#760,.T.);
#4350=EDGE_CURVE('',#5303,#4662,#6018,.T.);
#4351=EDGE_CURVE('',#5304,#4682,#6019,.T.);
#4352=EDGE_CURVE('',#5304,#5302,#400,.T.);
#4353=EDGE_CURVE('',#5305,#4681,#6020,.T.);
#4354=EDGE_CURVE('',#5305,#5304,#761,.T.);
#4355=EDGE_CURVE('',#5306,#4680,#6021,.T.);
#4356=EDGE_CURVE('',#5306,#5305,#762,.T.);
#4357=EDGE_CURVE('',#5307,#4679,#6022,.T.);
#4358=EDGE_CURVE('',#5307,#5306,#763,.T.);
#4359=EDGE_CURVE('',#5308,#4678,#6023,.T.);
#4360=EDGE_CURVE('',#5308,#5307,#764,.T.);
#4361=EDGE_CURVE('',#5309,#4677,#6024,.T.);
#4362=EDGE_CURVE('',#5309,#5308,#765,.T.);
#4363=EDGE_CURVE('',#5310,#4676,#6025,.T.);
#4364=EDGE_CURVE('',#5310,#5309,#6026,.T.);
#4365=EDGE_CURVE('',#5311,#4675,#6027,.T.);
#4366=EDGE_CURVE('',#5311,#5310,#766,.T.);
#4367=EDGE_CURVE('',#5312,#4674,#6028,.T.);
#4368=EDGE_CURVE('',#5312,#5311,#401,.F.);
#4369=EDGE_CURVE('',#5313,#4673,#6029,.T.);
#4370=EDGE_CURVE('',#5313,#5312,#767,.T.);
#4371=EDGE_CURVE('',#5314,#4672,#6030,.T.);
#4372=EDGE_CURVE('',#5314,#5313,#768,.T.);
#4373=EDGE_CURVE('',#5315,#4671,#6031,.T.);
#4374=EDGE_CURVE('',#5315,#5314,#402,.F.);
#4375=EDGE_CURVE('',#5316,#4670,#6032,.T.);
#4376=EDGE_CURVE('',#5316,#5315,#769,.T.);
#4377=EDGE_CURVE('',#5317,#4669,#6033,.T.);
#4378=EDGE_CURVE('',#5317,#5316,#770,.T.);
#4379=EDGE_CURVE('',#5318,#4668,#6034,.T.);
#4380=EDGE_CURVE('',#5318,#5317,#771,.T.);
#4381=EDGE_CURVE('',#5319,#4667,#6035,.T.);
#4382=EDGE_CURVE('',#5319,#5318,#772,.T.);
#4383=EDGE_CURVE('',#5320,#4666,#6036,.T.);
#4384=EDGE_CURVE('',#5320,#5319,#6037,.T.);
#4385=EDGE_CURVE('',#5321,#4665,#6038,.T.);
#4386=EDGE_CURVE('',#5321,#5320,#773,.T.);
#4387=EDGE_CURVE('',#5322,#4664,#6039,.T.);
#4388=EDGE_CURVE('',#5322,#5321,#774,.T.);
#4389=EDGE_CURVE('',#5323,#4663,#6040,.T.);
#4390=EDGE_CURVE('',#5323,#5322,#775,.T.);
#4391=EDGE_CURVE('',#5303,#5323,#403,.T.);
#4392=EDGE_CURVE('',#5324,#4657,#6041,.T.);
#4393=EDGE_CURVE('',#5324,#5325,#6042,.T.);
#4394=EDGE_CURVE('',#5325,#4658,#6043,.T.);
#4395=EDGE_CURVE('',#5326,#4660,#6044,.T.);
#4396=EDGE_CURVE('',#5326,#5324,#6045,.T.);
#4397=EDGE_CURVE('',#5327,#4659,#6046,.T.);
#4398=EDGE_CURVE('',#5327,#5326,#6047,.T.);
#4399=EDGE_CURVE('',#5325,#5327,#6048,.T.);
#4400=EDGE_CURVE('',#5328,#5329,#404,.F.);
#4401=EDGE_CURVE('',#5330,#5328,#6049,.T.);
#4402=EDGE_CURVE('',#5330,#5331,#405,.F.);
#4403=EDGE_CURVE('',#5331,#5329,#6050,.T.);
#4404=EDGE_CURVE('',#5332,#5328,#776,.T.);
#4405=EDGE_CURVE('',#5333,#5332,#6051,.T.);
#4406=EDGE_CURVE('',#5333,#5330,#777,.T.);
#4407=EDGE_CURVE('',#5334,#5332,#778,.T.);
#4408=EDGE_CURVE('',#5335,#5334,#6052,.T.);
#4409=EDGE_CURVE('',#5335,#5333,#779,.T.);
#4410=EDGE_CURVE('',#5336,#5334,#6053,.T.);
#4411=EDGE_CURVE('',#5337,#5336,#6054,.T.);
#4412=EDGE_CURVE('',#5337,#5335,#6055,.T.);
#4413=EDGE_CURVE('',#5338,#5336,#6056,.T.);
#4414=EDGE_CURVE('',#5339,#5338,#6057,.T.);
#4415=EDGE_CURVE('',#5339,#5337,#6058,.T.);
#4416=EDGE_CURVE('',#5340,#5338,#6059,.T.);
#4417=EDGE_CURVE('',#5341,#5340,#6060,.T.);
#4418=EDGE_CURVE('',#5341,#5339,#6061,.T.);
#4419=EDGE_CURVE('',#5342,#5340,#780,.T.);
#4420=EDGE_CURVE('',#5343,#5342,#6062,.T.);
#4421=EDGE_CURVE('',#5343,#5341,#781,.T.);
#4422=EDGE_CURVE('',#5344,#5345,#782,.T.);
#4423=EDGE_CURVE('',#5346,#5344,#6063,.T.);
#4424=EDGE_CURVE('',#5346,#5347,#783,.T.);
#4425=EDGE_CURVE('',#5347,#5345,#6064,.T.);
#4426=EDGE_CURVE('',#5348,#5344,#6065,.T.);
#4427=EDGE_CURVE('',#5349,#5348,#6066,.T.);
#4428=EDGE_CURVE('',#5349,#5346,#6067,.T.);
#4429=EDGE_CURVE('',#5350,#5348,#6068,.T.);
#4430=EDGE_CURVE('',#5351,#5350,#6069,.T.);
#4431=EDGE_CURVE('',#5351,#5349,#6070,.T.);
#4432=EDGE_CURVE('',#5352,#5350,#6071,.T.);
#4433=EDGE_CURVE('',#5353,#5352,#6072,.T.);
#4434=EDGE_CURVE('',#5353,#5351,#6073,.T.);
#4435=EDGE_CURVE('',#5354,#5352,#784,.T.);
#4436=EDGE_CURVE('',#5355,#5354,#6074,.T.);
#4437=EDGE_CURVE('',#5355,#5353,#785,.T.);
#4438=EDGE_CURVE('',#5356,#5354,#786,.T.);
#4439=EDGE_CURVE('',#5357,#5356,#6075,.T.);
#4440=EDGE_CURVE('',#5357,#5355,#787,.T.);
#4441=EDGE_CURVE('',#5358,#5356,#406,.F.);
#4442=EDGE_CURVE('',#5359,#5358,#6076,.T.);
#4443=EDGE_CURVE('',#5359,#5357,#407,.F.);
#4444=EDGE_CURVE('',#5360,#4644,#6077,.T.);
#4445=EDGE_CURVE('',#5360,#5361,#788,.T.);
#4446=EDGE_CURVE('',#5361,#4645,#6078,.T.);
#4447=EDGE_CURVE('',#5362,#4656,#6079,.T.);
#4448=EDGE_CURVE('',#5362,#5360,#408,.T.);
#4449=EDGE_CURVE('',#5363,#4655,#6080,.T.);
#4450=EDGE_CURVE('',#5363,#5362,#789,.T.);
#4451=EDGE_CURVE('',#5364,#4654,#6081,.T.);
#4452=EDGE_CURVE('',#5364,#5363,#790,.T.);
#4453=EDGE_CURVE('',#5365,#4653,#6082,.T.);
#4454=EDGE_CURVE('',#5365,#5364,#6083,.T.);
#4455=EDGE_CURVE('',#5366,#4652,#6084,.T.);
#4456=EDGE_CURVE('',#5366,#5365,#6085,.T.);
#4457=EDGE_CURVE('',#5367,#4651,#6086,.T.);
#4458=EDGE_CURVE('',#5367,#5366,#6087,.T.);
#4459=EDGE_CURVE('',#5368,#4650,#6088,.T.);
#4460=EDGE_CURVE('',#5368,#5367,#791,.T.);
#4461=EDGE_CURVE('',#5369,#4649,#6089,.T.);
#4462=EDGE_CURVE('',#5369,#5368,#792,.T.);
#4463=EDGE_CURVE('',#5370,#4648,#6090,.T.);
#4464=EDGE_CURVE('',#5370,#5369,#409,.T.);
#4465=EDGE_CURVE('',#5371,#4647,#6091,.T.);
#4466=EDGE_CURVE('',#5371,#5370,#793,.T.);
#4467=EDGE_CURVE('',#5372,#4646,#6092,.T.);
#4468=EDGE_CURVE('',#5372,#5371,#794,.T.);
#4469=EDGE_CURVE('',#5345,#5358,#795,.T.);
#4470=EDGE_CURVE('',#5347,#5359,#796,.T.);
#4471=EDGE_CURVE('',#5361,#5372,#410,.T.);
#4472=EDGE_CURVE('',#5329,#5342,#797,.T.);
#4473=EDGE_CURVE('',#5331,#5343,#798,.T.);
#4474=EDGE_CURVE('',#5373,#5374,#799,.T.);
#4475=EDGE_CURVE('',#5375,#5373,#6093,.T.);
#4476=EDGE_CURVE('',#5375,#5376,#800,.T.);
#4477=EDGE_CURVE('',#5376,#5374,#6094,.T.);
#4478=EDGE_CURVE('',#5377,#5373,#801,.T.);
#4479=EDGE_CURVE('',#5378,#5377,#6095,.T.);
#4480=EDGE_CURVE('',#5378,#5375,#802,.T.);
#4481=EDGE_CURVE('',#5379,#5377,#803,.T.);
#4482=EDGE_CURVE('',#5380,#5379,#6096,.T.);
#4483=EDGE_CURVE('',#5380,#5378,#804,.T.);
#4484=EDGE_CURVE('',#5381,#5379,#805,.T.);
#4485=EDGE_CURVE('',#5382,#5381,#6097,.T.);
#4486=EDGE_CURVE('',#5382,#5380,#806,.T.);
#4487=EDGE_CURVE('',#5383,#5381,#411,.F.);
#4488=EDGE_CURVE('',#5384,#5383,#6098,.T.);
#4489=EDGE_CURVE('',#5384,#5382,#412,.F.);
#4490=EDGE_CURVE('',#5385,#5383,#807,.T.);
#4491=EDGE_CURVE('',#5386,#5385,#6099,.T.);
#4492=EDGE_CURVE('',#5386,#5384,#808,.T.);
#4493=EDGE_CURVE('',#5387,#5385,#809,.T.);
#4494=EDGE_CURVE('',#5388,#5387,#6100,.T.);
#4495=EDGE_CURVE('',#5388,#5386,#810,.T.);
#4496=EDGE_CURVE('',#5389,#5387,#811,.T.);
#4497=EDGE_CURVE('',#5390,#5389,#6101,.T.);
#4498=EDGE_CURVE('',#5390,#5388,#812,.T.);
#4499=EDGE_CURVE('',#5391,#5389,#413,.F.);
#4500=EDGE_CURVE('',#5392,#5391,#6102,.T.);
#4501=EDGE_CURVE('',#5392,#5390,#414,.F.);
#4502=EDGE_CURVE('',#5393,#4632,#6103,.T.);
#4503=EDGE_CURVE('',#5393,#5394,#813,.T.);
#4504=EDGE_CURVE('',#5394,#4633,#6104,.T.);
#4505=EDGE_CURVE('',#5395,#4643,#6105,.T.);
#4506=EDGE_CURVE('',#5395,#5393,#814,.T.);
#4507=EDGE_CURVE('',#5396,#4642,#6106,.T.);
#4508=EDGE_CURVE('',#5396,#5395,#815,.T.);
#4509=EDGE_CURVE('',#5397,#4641,#6107,.T.);
#4510=EDGE_CURVE('',#5397,#5396,#816,.T.);
#4511=EDGE_CURVE('',#5398,#4640,#6108,.T.);
#4512=EDGE_CURVE('',#5398,#5397,#817,.T.);
#4513=EDGE_CURVE('',#5399,#4639,#6109,.T.);
#4514=EDGE_CURVE('',#5399,#5398,#415,.T.);
#4515=EDGE_CURVE('',#5400,#4638,#6110,.T.);
#4516=EDGE_CURVE('',#5400,#5399,#818,.T.);
#4517=EDGE_CURVE('',#5401,#4637,#6111,.T.);
#4518=EDGE_CURVE('',#5401,#5400,#819,.T.);
#4519=EDGE_CURVE('',#5402,#4636,#6112,.T.);
#4520=EDGE_CURVE('',#5402,#5401,#416,.T.);
#4521=EDGE_CURVE('',#5403,#4635,#6113,.T.);
#4522=EDGE_CURVE('',#5403,#5402,#820,.T.);
#4523=EDGE_CURVE('',#5404,#4634,#6114,.T.);
#4524=EDGE_CURVE('',#5404,#5403,#821,.T.);
#4525=EDGE_CURVE('',#5394,#5404,#417,.T.);
#4526=EDGE_CURVE('',#5374,#5391,#822,.T.);
#4527=EDGE_CURVE('',#5376,#5392,#823,.T.);
#4528=EDGE_CURVE('',#5405,#5406,#6115,.T.);
#4529=EDGE_CURVE('',#5407,#5405,#6116,.T.);
#4530=EDGE_CURVE('',#5407,#5408,#6117,.T.);
#4531=EDGE_CURVE('',#5408,#5406,#6118,.T.);
#4532=EDGE_CURVE('',#5409,#5405,#6119,.T.);
#4533=EDGE_CURVE('',#5410,#5409,#6120,.T.);
#4534=EDGE_CURVE('',#5410,#5407,#6121,.T.);
#4535=EDGE_CURVE('',#5411,#4624,#6122,.T.);
#4536=EDGE_CURVE('',#5411,#5412,#6123,.T.);
#4537=EDGE_CURVE('',#5412,#4625,#6124,.T.);
#4538=EDGE_CURVE('',#5413,#4631,#6125,.T.);
#4539=EDGE_CURVE('',#5413,#5411,#6126,.T.);
#4540=EDGE_CURVE('',#5414,#4630,#6127,.T.);
#4541=EDGE_CURVE('',#5414,#5413,#6128,.T.);
#4542=EDGE_CURVE('',#5415,#4629,#6129,.T.);
#4543=EDGE_CURVE('',#5415,#5414,#6130,.T.);
#4544=EDGE_CURVE('',#5416,#4628,#6131,.T.);
#4545=EDGE_CURVE('',#5416,#5415,#6132,.T.);
#4546=EDGE_CURVE('',#5417,#4627,#6133,.T.);
#4547=EDGE_CURVE('',#5417,#5416,#6134,.T.);
#4548=EDGE_CURVE('',#5418,#4626,#6135,.T.);
#4549=EDGE_CURVE('',#5418,#5417,#6136,.T.);
#4550=EDGE_CURVE('',#5412,#5418,#6137,.T.);
#4551=EDGE_CURVE('',#5406,#5409,#6138,.T.);
#4552=EDGE_CURVE('',#5408,#5410,#6139,.T.);
#4553=EDGE_CURVE('',#5419,#4616,#6140,.T.);
#4554=EDGE_CURVE('',#5419,#5420,#6141,.T.);
#4555=EDGE_CURVE('',#5420,#4617,#6142,.T.);
#4556=EDGE_CURVE('',#5421,#4623,#6143,.T.);
#4557=EDGE_CURVE('',#5421,#5419,#6144,.T.);
#4558=EDGE_CURVE('',#5422,#4622,#6145,.T.);
#4559=EDGE_CURVE('',#5422,#5421,#6146,.T.);
#4560=EDGE_CURVE('',#5423,#4621,#6147,.T.);
#4561=EDGE_CURVE('',#5423,#5422,#6148,.T.);
#4562=EDGE_CURVE('',#5424,#4620,#6149,.T.);
#4563=EDGE_CURVE('',#5424,#5423,#6150,.T.);
#4564=EDGE_CURVE('',#5425,#4619,#6151,.T.);
#4565=EDGE_CURVE('',#5425,#5424,#6152,.T.);
#4566=EDGE_CURVE('',#5426,#4618,#6153,.T.);
#4567=EDGE_CURVE('',#5426,#5425,#6154,.T.);
#4568=EDGE_CURVE('',#5420,#5426,#6155,.T.);
#4569=EDGE_CURVE('',#5427,#5427,#418,.T.);
#4570=EDGE_CURVE('',#5428,#5428,#419,.T.);
#4571=EDGE_CURVE('',#5429,#5429,#420,.T.);
#4572=EDGE_CURVE('',#5430,#5430,#421,.T.);
#4573=EDGE_CURVE('',#5431,#5432,#6156,.T.);
#4574=EDGE_CURVE('',#5431,#5433,#6157,.T.);
#4575=EDGE_CURVE('',#5434,#5433,#6158,.T.);
#4576=EDGE_CURVE('',#5435,#5434,#6159,.T.);
#4577=EDGE_CURVE('',#5436,#5435,#6160,.T.);
#4578=EDGE_CURVE('',#5437,#5436,#6161,.T.);
#4579=EDGE_CURVE('',#5437,#5438,#422,.T.);
#4580=EDGE_CURVE('',#5438,#5439,#423,.T.);
#4581=EDGE_CURVE('',#5439,#5432,#6162,.T.);
#4582=EDGE_CURVE('',#5440,#5441,#6163,.T.);
#4583=EDGE_CURVE('',#5440,#5442,#6164,.T.);
#4584=EDGE_CURVE('',#5442,#5443,#6165,.T.);
#4585=EDGE_CURVE('',#5441,#5443,#6166,.T.);
#4586=EDGE_CURVE('',#5444,#5444,#424,.T.);
#4587=EDGE_CURVE('',#5445,#5446,#425,.T.);
#4588=EDGE_CURVE('',#5445,#5447,#6167,.T.);
#4589=EDGE_CURVE('',#5447,#5448,#6168,.T.);
#4590=EDGE_CURVE('',#5449,#5448,#6169,.T.);
#4591=EDGE_CURVE('',#5446,#5449,#426,.T.);
#4592=EDGE_CURVE('',#5450,#5450,#427,.T.);
#4593=EDGE_CURVE('',#5451,#5451,#428,.T.);
#4594=EDGE_CURVE('',#5452,#5452,#429,.T.);
#4595=EDGE_CURVE('',#5453,#5454,#6170,.T.);
#4596=EDGE_CURVE('',#5453,#5455,#6171,.T.);
#4597=EDGE_CURVE('',#5455,#5456,#6172,.T.);
#4598=EDGE_CURVE('',#5454,#5456,#6173,.T.);
#4599=EDGE_CURVE('',#5438,#5446,#6174,.T.);
#4600=EDGE_CURVE('',#5437,#5445,#6175,.T.);
#4601=EDGE_CURVE('',#5439,#5449,#6176,.T.);
#4602=EDGE_CURVE('',#5432,#5448,#6177,.T.);
#4603=EDGE_CURVE('',#5436,#5447,#6178,.T.);
#4604=EDGE_CURVE('',#5457,#5435,#6179,.T.);
#4605=EDGE_CURVE('',#5457,#5458,#6180,.T.);
#4606=EDGE_CURVE('',#5458,#5431,#6181,.T.);
#4607=EDGE_CURVE('',#5459,#5434,#6182,.T.);
#4608=EDGE_CURVE('',#5457,#5459,#6183,.T.);
#4609=EDGE_CURVE('',#5460,#5433,#6184,.T.);
#4610=EDGE_CURVE('',#5459,#5460,#6185,.T.);
#4611=EDGE_CURVE('',#5458,#5460,#6186,.T.);
#4612=EDGE_CURVE('',#5454,#5442,#6187,.T.);
#4613=EDGE_CURVE('',#5453,#5440,#6188,.T.);
#4614=EDGE_CURVE('',#5455,#5441,#6189,.T.);
#4615=EDGE_CURVE('',#5456,#5443,#6190,.T.);
#4616=VERTEX_POINT('',#10604);
#4617=VERTEX_POINT('',#10605);
#4618=VERTEX_POINT('',#10607);
#4619=VERTEX_POINT('',#10609);
#4620=VERTEX_POINT('',#10611);
#4621=VERTEX_POINT('',#10613);
#4622=VERTEX_POINT('',#10615);
#4623=VERTEX_POINT('',#10617);
#4624=VERTEX_POINT('',#10620);
#4625=VERTEX_POINT('',#10621);
#4626=VERTEX_POINT('',#10623);
#4627=VERTEX_POINT('',#10625);
#4628=VERTEX_POINT('',#10627);
#4629=VERTEX_POINT('',#10629);
#4630=VERTEX_POINT('',#10631);
#4631=VERTEX_POINT('',#10633);
#4632=VERTEX_POINT('',#10638);
#4633=VERTEX_POINT('',#10639);
#4634=VERTEX_POINT('',#10641);
#4635=VERTEX_POINT('',#10645);
#4636=VERTEX_POINT('',#10649);
#4637=VERTEX_POINT('',#10651);
#4638=VERTEX_POINT('',#10655);
#4639=VERTEX_POINT('',#10659);
#4640=VERTEX_POINT('',#10661);
#4641=VERTEX_POINT('',#10665);
#4642=VERTEX_POINT('',#10669);
#4643=VERTEX_POINT('',#10673);
#4644=VERTEX_POINT('',#10680);
#4645=VERTEX_POINT('',#10681);
#4646=VERTEX_POINT('',#10683);
#4647=VERTEX_POINT('',#10687);
#4648=VERTEX_POINT('',#10691);
#4649=VERTEX_POINT('',#10693);
#4650=VERTEX_POINT('',#10697);
#4651=VERTEX_POINT('',#10701);
#4652=VERTEX_POINT('',#10703);
#4653=VERTEX_POINT('',#10705);
#4654=VERTEX_POINT('',#10707);
#4655=VERTEX_POINT('',#10711);
#4656=VERTEX_POINT('',#10715);
#4657=VERTEX_POINT('',#10718);
#4658=VERTEX_POINT('',#10719);
#4659=VERTEX_POINT('',#10721);
#4660=VERTEX_POINT('',#10723);
#4661=VERTEX_POINT('',#10728);
#4662=VERTEX_POINT('',#10729);
#4663=VERTEX_POINT('',#10731);
#4664=VERTEX_POINT('',#10735);
#4665=VERTEX_POINT('',#10739);
#4666=VERTEX_POINT('',#10743);
#4667=VERTEX_POINT('',#10745);
#4668=VERTEX_POINT('',#10749);
#4669=VERTEX_POINT('',#10753);
#4670=VERTEX_POINT('',#10757);
#4671=VERTEX_POINT('',#10761);
#4672=VERTEX_POINT('',#10763);
#4673=VERTEX_POINT('',#10767);
#4674=VERTEX_POINT('',#10771);
#4675=VERTEX_POINT('',#10773);
#4676=VERTEX_POINT('',#10777);
#4677=VERTEX_POINT('',#10779);
#4678=VERTEX_POINT('',#10783);
#4679=VERTEX_POINT('',#10787);
#4680=VERTEX_POINT('',#10791);
#4681=VERTEX_POINT('',#10795);
#4682=VERTEX_POINT('',#10799);
#4683=VERTEX_POINT('',#10804);
#4684=VERTEX_POINT('',#10805);
#4685=VERTEX_POINT('',#10809);
#4686=VERTEX_POINT('',#10811);
#4687=VERTEX_POINT('',#10815);
#4688=VERTEX_POINT('',#10819);
#4689=VERTEX_POINT('',#10821);
#4690=VERTEX_POINT('',#10823);
#4691=VERTEX_POINT('',#10825);
#4692=VERTEX_POINT('',#10827);
#4693=VERTEX_POINT('',#10829);
#4694=VERTEX_POINT('',#10831);
#4695=VERTEX_POINT('',#10833);
#4696=VERTEX_POINT('',#10838);
#4697=VERTEX_POINT('',#10839);
#4698=VERTEX_POINT('',#10843);
#4699=VERTEX_POINT('',#10847);
#4700=VERTEX_POINT('',#10851);
#4701=VERTEX_POINT('',#10853);
#4702=VERTEX_POINT('',#10857);
#4703=VERTEX_POINT('',#10861);
#4704=VERTEX_POINT('',#10863);
#4705=VERTEX_POINT('',#10867);
#4706=VERTEX_POINT('',#10871);
#4707=VERTEX_POINT('',#10873);
#4708=VERTEX_POINT('',#10875);
#4709=VERTEX_POINT('',#10877);
#4710=VERTEX_POINT('',#10879);
#4711=VERTEX_POINT('',#10882);
#4712=VERTEX_POINT('',#10883);
#4713=VERTEX_POINT('',#10885);
#4714=VERTEX_POINT('',#10887);
#4715=VERTEX_POINT('',#10889);
#4716=VERTEX_POINT('',#10891);
#4717=VERTEX_POINT('',#10895);
#4718=VERTEX_POINT('',#10899);
#4719=VERTEX_POINT('',#10901);
#4720=VERTEX_POINT('',#10903);
#4721=VERTEX_POINT('',#10905);
#4722=VERTEX_POINT('',#10907);
#4723=VERTEX_POINT('',#10909);
#4724=VERTEX_POINT('',#10913);
#4725=VERTEX_POINT('',#10917);
#4726=VERTEX_POINT('',#10921);
#4727=VERTEX_POINT('',#10925);
#4728=VERTEX_POINT('',#10927);
#4729=VERTEX_POINT('',#10930);
#4730=VERTEX_POINT('',#10931);
#4731=VERTEX_POINT('',#10933);
#4732=VERTEX_POINT('',#10935);
#4733=VERTEX_POINT('',#10940);
#4734=VERTEX_POINT('',#10941);
#4735=VERTEX_POINT('',#10943);
#4736=VERTEX_POINT('',#10947);
#4737=VERTEX_POINT('',#10951);
#4738=VERTEX_POINT('',#10955);
#4739=VERTEX_POINT('',#10957);
#4740=VERTEX_POINT('',#10961);
#4741=VERTEX_POINT('',#10965);
#4742=VERTEX_POINT('',#10969);
#4743=VERTEX_POINT('',#10973);
#4744=VERTEX_POINT('',#10975);
#4745=VERTEX_POINT('',#10979);
#4746=VERTEX_POINT('',#10983);
#4747=VERTEX_POINT('',#10985);
#4748=VERTEX_POINT('',#10989);
#4749=VERTEX_POINT('',#10991);
#4750=VERTEX_POINT('',#10995);
#4751=VERTEX_POINT('',#10999);
#4752=VERTEX_POINT('',#11003);
#4753=VERTEX_POINT('',#11007);
#4754=VERTEX_POINT('',#11011);
#4755=VERTEX_POINT('',#11014);
#4756=VERTEX_POINT('',#11015);
#4757=VERTEX_POINT('',#11017);
#4758=VERTEX_POINT('',#11019);
#4759=VERTEX_POINT('',#11021);
#4760=VERTEX_POINT('',#11023);
#4761=VERTEX_POINT('',#11025);
#4762=VERTEX_POINT('',#11027);
#4763=VERTEX_POINT('',#11029);
#4764=VERTEX_POINT('',#11031);
#4765=VERTEX_POINT('',#11033);
#4766=VERTEX_POINT('',#11038);
#4767=VERTEX_POINT('',#11039);
#4768=VERTEX_POINT('',#11041);
#4769=VERTEX_POINT('',#11045);
#4770=VERTEX_POINT('',#11049);
#4771=VERTEX_POINT('',#11053);
#4772=VERTEX_POINT('',#11055);
#4773=VERTEX_POINT('',#11059);
#4774=VERTEX_POINT('',#11063);
#4775=VERTEX_POINT('',#11067);
#4776=VERTEX_POINT('',#11069);
#4777=VERTEX_POINT('',#11073);
#4778=VERTEX_POINT('',#11077);
#4779=VERTEX_POINT('',#11081);
#4780=VERTEX_POINT('',#11083);
#4781=VERTEX_POINT('',#11087);
#4782=VERTEX_POINT('',#11091);
#4783=VERTEX_POINT('',#11095);
#4784=VERTEX_POINT('',#11099);
#4785=VERTEX_POINT('',#11104);
#4786=VERTEX_POINT('',#11105);
#4787=VERTEX_POINT('',#11109);
#4788=VERTEX_POINT('',#11111);
#4789=VERTEX_POINT('',#11115);
#4790=VERTEX_POINT('',#11119);
#4791=VERTEX_POINT('',#11121);
#4792=VERTEX_POINT('',#11123);
#4793=VERTEX_POINT('',#11125);
#4794=VERTEX_POINT('',#11127);
#4795=VERTEX_POINT('',#11129);
#4796=VERTEX_POINT('',#11133);
#4797=VERTEX_POINT('',#11137);
#4798=VERTEX_POINT('',#11141);
#4799=VERTEX_POINT('',#11145);
#4800=VERTEX_POINT('',#11149);
#4801=VERTEX_POINT('',#11152);
#4802=VERTEX_POINT('',#11153);
#4803=VERTEX_POINT('',#11155);
#4804=VERTEX_POINT('',#11157);
#4805=VERTEX_POINT('',#11159);
#4806=VERTEX_POINT('',#11161);
#4807=VERTEX_POINT('',#11163);
#4808=VERTEX_POINT('',#11165);
#4809=VERTEX_POINT('',#11167);
#4810=VERTEX_POINT('',#11169);
#4811=VERTEX_POINT('',#11171);
#4812=VERTEX_POINT('',#11173);
#4813=VERTEX_POINT('',#11178);
#4814=VERTEX_POINT('',#11179);
#4815=VERTEX_POINT('',#11183);
#4816=VERTEX_POINT('',#11185);
#4817=VERTEX_POINT('',#11187);
#4818=VERTEX_POINT('',#11191);
#4819=VERTEX_POINT('',#11195);
#4820=VERTEX_POINT('',#11197);
#4821=VERTEX_POINT('',#11199);
#4822=VERTEX_POINT('',#11201);
#4823=VERTEX_POINT('',#11203);
#4824=VERTEX_POINT('',#11208);
#4825=VERTEX_POINT('',#11209);
#4826=VERTEX_POINT('',#11211);
#4827=VERTEX_POINT('',#11215);
#4828=VERTEX_POINT('',#11219);
#4829=VERTEX_POINT('',#11221);
#4830=VERTEX_POINT('',#11225);
#4831=VERTEX_POINT('',#11229);
#4832=VERTEX_POINT('',#11233);
#4833=VERTEX_POINT('',#11237);
#4834=VERTEX_POINT('',#11241);
#4835=VERTEX_POINT('',#11243);
#4836=VERTEX_POINT('',#11250);
#4837=VERTEX_POINT('',#11251);
#4838=VERTEX_POINT('',#11255);
#4839=VERTEX_POINT('',#11257);
#4840=VERTEX_POINT('',#11259);
#4841=VERTEX_POINT('',#11261);
#4842=VERTEX_POINT('',#11263);
#4843=VERTEX_POINT('',#11265);
#4844=VERTEX_POINT('',#11267);
#4845=VERTEX_POINT('',#11269);
#4846=VERTEX_POINT('',#11271);
#4847=VERTEX_POINT('',#11273);
#4848=VERTEX_POINT('',#11275);
#4849=VERTEX_POINT('',#11277);
#4850=VERTEX_POINT('',#11281);
#4851=VERTEX_POINT('',#11285);
#4852=VERTEX_POINT('',#11287);
#4853=VERTEX_POINT('',#11292);
#4854=VERTEX_POINT('',#11293);
#4855=VERTEX_POINT('',#11297);
#4856=VERTEX_POINT('',#11299);
#4857=VERTEX_POINT('',#11301);
#4858=VERTEX_POINT('',#11303);
#4859=VERTEX_POINT('',#11305);
#4860=VERTEX_POINT('',#11309);
#4861=VERTEX_POINT('',#11313);
#4862=VERTEX_POINT('',#11317);
#4863=VERTEX_POINT('',#11319);
#4864=VERTEX_POINT('',#11323);
#4865=VERTEX_POINT('',#11327);
#4866=VERTEX_POINT('',#11331);
#4867=VERTEX_POINT('',#11335);
#4868=VERTEX_POINT('',#11337);
#4869=VERTEX_POINT('',#11341);
#4870=VERTEX_POINT('',#11343);
#4871=VERTEX_POINT('',#11350);
#4872=VERTEX_POINT('',#11351);
#4873=VERTEX_POINT('',#11355);
#4874=VERTEX_POINT('',#11357);
#4875=VERTEX_POINT('',#11361);
#4876=VERTEX_POINT('',#11365);
#4877=VERTEX_POINT('',#11367);
#4878=VERTEX_POINT('',#11369);
#4879=VERTEX_POINT('',#11371);
#4880=VERTEX_POINT('',#11373);
#4881=VERTEX_POINT('',#11375);
#4882=VERTEX_POINT('',#11377);
#4883=VERTEX_POINT('',#11381);
#4884=VERTEX_POINT('',#11385);
#4885=VERTEX_POINT('',#11389);
#4886=VERTEX_POINT('',#11393);
#4887=VERTEX_POINT('',#11398);
#4888=VERTEX_POINT('',#11399);
#4889=VERTEX_POINT('',#11403);
#4890=VERTEX_POINT('',#11405);
#4891=VERTEX_POINT('',#11409);
#4892=VERTEX_POINT('',#11413);
#4893=VERTEX_POINT('',#11415);
#4894=VERTEX_POINT('',#11417);
#4895=VERTEX_POINT('',#11419);
#4896=VERTEX_POINT('',#11421);
#4897=VERTEX_POINT('',#11423);
#4898=VERTEX_POINT('',#11427);
#4899=VERTEX_POINT('',#11431);
#4900=VERTEX_POINT('',#11435);
#4901=VERTEX_POINT('',#11439);
#4902=VERTEX_POINT('',#11443);
#4903=VERTEX_POINT('',#11446);
#4904=VERTEX_POINT('',#11447);
#4905=VERTEX_POINT('',#11449);
#4906=VERTEX_POINT('',#11451);
#4907=VERTEX_POINT('',#11453);
#4908=VERTEX_POINT('',#11455);
#4909=VERTEX_POINT('',#11457);
#4910=VERTEX_POINT('',#11459);
#4911=VERTEX_POINT('',#11461);
#4912=VERTEX_POINT('',#11463);
#4913=VERTEX_POINT('',#11465);
#4914=VERTEX_POINT('',#11467);
#4915=VERTEX_POINT('',#11469);
#4916=VERTEX_POINT('',#11472);
#4917=VERTEX_POINT('',#11473);
#4918=VERTEX_POINT('',#11475);
#4919=VERTEX_POINT('',#11477);
#4920=VERTEX_POINT('',#11481);
#4921=VERTEX_POINT('',#11483);
#4922=VERTEX_POINT('',#11485);
#4923=VERTEX_POINT('',#11488);
#4924=VERTEX_POINT('',#11489);
#4925=VERTEX_POINT('',#11491);
#4926=VERTEX_POINT('',#11493);
#4927=VERTEX_POINT('',#11495);
#4928=VERTEX_POINT('',#11499);
#4929=VERTEX_POINT('',#11526);
#4930=VERTEX_POINT('',#11552);
#4931=VERTEX_POINT('',#11556);
#4932=VERTEX_POINT('',#11558);
#4933=VERTEX_POINT('',#11596);
#4934=VERTEX_POINT('',#11597);
#4935=VERTEX_POINT('',#11602);
#4936=VERTEX_POINT('',#11626);
#4937=VERTEX_POINT('',#11628);
#4938=VERTEX_POINT('',#11629);
#4939=VERTEX_POINT('',#11666);
#4940=VERTEX_POINT('',#11669);
#4941=VERTEX_POINT('',#11673);
#4942=VERTEX_POINT('',#11675);
#4943=VERTEX_POINT('',#11679);
#4944=VERTEX_POINT('',#11683);
#4945=VERTEX_POINT('',#11687);
#4946=VERTEX_POINT('',#11691);
#4947=VERTEX_POINT('',#11695);
#4948=VERTEX_POINT('',#11699);
#4949=VERTEX_POINT('',#11703);
#4950=VERTEX_POINT('',#11707);
#4951=VERTEX_POINT('',#11711);
#4952=VERTEX_POINT('',#11715);
#4953=VERTEX_POINT('',#11719);
#4954=VERTEX_POINT('',#11726);
#4955=VERTEX_POINT('',#11727);
#4956=VERTEX_POINT('',#11729);
#4957=VERTEX_POINT('',#11731);
#4958=VERTEX_POINT('',#11744);
#4959=VERTEX_POINT('',#11746);
#4960=VERTEX_POINT('',#11761);
#4961=VERTEX_POINT('',#11763);
#4962=VERTEX_POINT('',#11778);
#4963=VERTEX_POINT('',#11780);
#4964=VERTEX_POINT('',#11795);
#4965=VERTEX_POINT('',#11797);
#4966=VERTEX_POINT('',#11803);
#4967=VERTEX_POINT('',#11805);
#4968=VERTEX_POINT('',#11818);
#4969=VERTEX_POINT('',#11820);
#4970=VERTEX_POINT('',#11835);
#4971=VERTEX_POINT('',#11837);
#4972=VERTEX_POINT('',#11852);
#4973=VERTEX_POINT('',#11854);
#4974=VERTEX_POINT('',#11867);
#4975=VERTEX_POINT('',#11871);
#4976=VERTEX_POINT('',#11875);
#4977=VERTEX_POINT('',#11886);
#4978=VERTEX_POINT('',#11899);
#4979=VERTEX_POINT('',#11912);
#4980=VERTEX_POINT('',#11925);
#4981=VERTEX_POINT('',#11938);
#4982=VERTEX_POINT('',#11944);
#4983=VERTEX_POINT('',#11948);
#4984=VERTEX_POINT('',#11952);
#4985=VERTEX_POINT('',#11956);
#4986=VERTEX_POINT('',#11960);
#4987=VERTEX_POINT('',#11971);
#4988=VERTEX_POINT('',#11984);
#4989=VERTEX_POINT('',#11990);
#4990=VERTEX_POINT('',#12021);
#4991=VERTEX_POINT('',#12022);
#4992=VERTEX_POINT('',#12024);
#4993=VERTEX_POINT('',#12026);
#4994=VERTEX_POINT('',#12039);
#4995=VERTEX_POINT('',#12041);
#4996=VERTEX_POINT('',#12056);
#4997=VERTEX_POINT('',#12058);
#4998=VERTEX_POINT('',#12073);
#4999=VERTEX_POINT('',#12075);
#5000=VERTEX_POINT('',#12090);
#5001=VERTEX_POINT('',#12092);
#5002=VERTEX_POINT('',#12098);
#5003=VERTEX_POINT('',#12100);
#5004=VERTEX_POINT('',#12113);
#5005=VERTEX_POINT('',#12115);
#5006=VERTEX_POINT('',#12130);
#5007=VERTEX_POINT('',#12132);
#5008=VERTEX_POINT('',#12147);
#5009=VERTEX_POINT('',#12149);
#5010=VERTEX_POINT('',#12162);
#5011=VERTEX_POINT('',#12166);
#5012=VERTEX_POINT('',#12170);
#5013=VERTEX_POINT('',#12181);
#5014=VERTEX_POINT('',#12194);
#5015=VERTEX_POINT('',#12207);
#5016=VERTEX_POINT('',#12220);
#5017=VERTEX_POINT('',#12226);
#5018=VERTEX_POINT('',#12230);
#5019=VERTEX_POINT('',#12234);
#5020=VERTEX_POINT('',#12238);
#5021=VERTEX_POINT('',#12242);
#5022=VERTEX_POINT('',#12246);
#5023=VERTEX_POINT('',#12257);
#5024=VERTEX_POINT('',#12270);
#5025=VERTEX_POINT('',#12276);
#5026=VERTEX_POINT('',#12307);
#5027=VERTEX_POINT('',#12308);
#5028=VERTEX_POINT('',#12310);
#5029=VERTEX_POINT('',#12312);
#5030=VERTEX_POINT('',#12316);
#5031=VERTEX_POINT('',#12318);
#5032=VERTEX_POINT('',#12331);
#5033=VERTEX_POINT('',#12333);
#5034=VERTEX_POINT('',#12339);
#5035=VERTEX_POINT('',#12341);
#5036=VERTEX_POINT('',#12354);
#5037=VERTEX_POINT('',#12356);
#5038=VERTEX_POINT('',#12369);
#5039=VERTEX_POINT('',#12373);
#5040=VERTEX_POINT('',#12384);
#5041=VERTEX_POINT('',#12390);
#5042=VERTEX_POINT('',#12401);
#5043=VERTEX_POINT('',#12407);
#5044=VERTEX_POINT('',#12418);
#5045=VERTEX_POINT('',#12431);
#5046=VERTEX_POINT('',#12444);
#5047=VERTEX_POINT('',#12457);
#5048=VERTEX_POINT('',#12463);
#5049=VERTEX_POINT('',#12474);
#5050=VERTEX_POINT('',#12487);
#5051=VERTEX_POINT('',#12500);
#5052=VERTEX_POINT('',#12506);
#5053=VERTEX_POINT('',#12510);
#5054=VERTEX_POINT('',#12514);
#5055=VERTEX_POINT('',#12518);
#5056=VERTEX_POINT('',#12556);
#5057=VERTEX_POINT('',#12560);
#5058=VERTEX_POINT('',#12564);
#5059=VERTEX_POINT('',#12568);
#5060=VERTEX_POINT('',#12579);
#5061=VERTEX_POINT('',#12592);
#5062=VERTEX_POINT('',#12598);
#5063=VERTEX_POINT('',#12602);
#5064=VERTEX_POINT('',#12606);
#5065=VERTEX_POINT('',#12610);
#5066=VERTEX_POINT('',#12614);
#5067=VERTEX_POINT('',#12618);
#5068=VERTEX_POINT('',#12622);
#5069=VERTEX_POINT('',#12626);
#5070=VERTEX_POINT('',#12630);
#5071=VERTEX_POINT('',#12634);
#5072=VERTEX_POINT('',#12638);
#5073=VERTEX_POINT('',#12654);
#5074=VERTEX_POINT('',#12655);
#5075=VERTEX_POINT('',#12657);
#5076=VERTEX_POINT('',#12659);
#5077=VERTEX_POINT('',#12672);
#5078=VERTEX_POINT('',#12674);
#5079=VERTEX_POINT('',#12689);
#5080=VERTEX_POINT('',#12691);
#5081=VERTEX_POINT('',#12697);
#5082=VERTEX_POINT('',#12699);
#5083=VERTEX_POINT('',#12712);
#5084=VERTEX_POINT('',#12714);
#5085=VERTEX_POINT('',#12729);
#5086=VERTEX_POINT('',#12731);
#5087=VERTEX_POINT('',#12746);
#5088=VERTEX_POINT('',#12748);
#5089=VERTEX_POINT('',#12763);
#5090=VERTEX_POINT('',#12765);
#5091=VERTEX_POINT('',#12771);
#5092=VERTEX_POINT('',#12773);
#5093=VERTEX_POINT('',#12784);
#5094=VERTEX_POINT('',#12788);
#5095=VERTEX_POINT('',#12799);
#5096=VERTEX_POINT('',#12805);
#5097=VERTEX_POINT('',#12816);
#5098=VERTEX_POINT('',#12829);
#5099=VERTEX_POINT('',#12842);
#5100=VERTEX_POINT('',#12855);
#5101=VERTEX_POINT('',#12868);
#5102=VERTEX_POINT('',#12874);
#5103=VERTEX_POINT('',#12885);
#5104=VERTEX_POINT('',#12898);
#5105=VERTEX_POINT('',#12918);
#5106=VERTEX_POINT('',#12922);
#5107=VERTEX_POINT('',#12926);
#5108=VERTEX_POINT('',#12930);
#5109=VERTEX_POINT('',#12934);
#5110=VERTEX_POINT('',#12938);
#5111=VERTEX_POINT('',#12942);
#5112=VERTEX_POINT('',#12953);
#5113=VERTEX_POINT('',#12966);
#5114=VERTEX_POINT('',#12972);
#5115=VERTEX_POINT('',#12976);
#5116=VERTEX_POINT('',#12992);
#5117=VERTEX_POINT('',#12994);
#5118=VERTEX_POINT('',#12998);
#5119=VERTEX_POINT('',#13002);
#5120=VERTEX_POINT('',#13006);
#5121=VERTEX_POINT('',#13010);
#5122=VERTEX_POINT('',#13014);
#5123=VERTEX_POINT('',#13018);
#5124=VERTEX_POINT('',#13022);
#5125=VERTEX_POINT('',#13026);
#5126=VERTEX_POINT('',#13030);
#5127=VERTEX_POINT('',#13034);
#5128=VERTEX_POINT('',#13041);
#5129=VERTEX_POINT('',#13042);
#5130=VERTEX_POINT('',#13044);
#5131=VERTEX_POINT('',#13046);
#5132=VERTEX_POINT('',#13059);
#5133=VERTEX_POINT('',#13061);
#5134=VERTEX_POINT('',#13076);
#5135=VERTEX_POINT('',#13078);
#5136=VERTEX_POINT('',#13093);
#5137=VERTEX_POINT('',#13095);
#5138=VERTEX_POINT('',#13110);
#5139=VERTEX_POINT('',#13112);
#5140=VERTEX_POINT('',#13118);
#5141=VERTEX_POINT('',#13120);
#5142=VERTEX_POINT('',#13133);
#5143=VERTEX_POINT('',#13135);
#5144=VERTEX_POINT('',#13150);
#5145=VERTEX_POINT('',#13152);
#5146=VERTEX_POINT('',#13167);
#5147=VERTEX_POINT('',#13169);
#5148=VERTEX_POINT('',#13182);
#5149=VERTEX_POINT('',#13186);
#5150=VERTEX_POINT('',#13190);
#5151=VERTEX_POINT('',#13201);
#5152=VERTEX_POINT('',#13214);
#5153=VERTEX_POINT('',#13227);
#5154=VERTEX_POINT('',#13240);
#5155=VERTEX_POINT('',#13253);
#5156=VERTEX_POINT('',#13259);
#5157=VERTEX_POINT('',#13263);
#5158=VERTEX_POINT('',#13267);
#5159=VERTEX_POINT('',#13271);
#5160=VERTEX_POINT('',#13275);
#5161=VERTEX_POINT('',#13286);
#5162=VERTEX_POINT('',#13299);
#5163=VERTEX_POINT('',#13305);
#5164=VERTEX_POINT('',#13343);
#5165=VERTEX_POINT('',#13347);
#5166=VERTEX_POINT('',#13351);
#5167=VERTEX_POINT('',#13362);
#5168=VERTEX_POINT('',#13375);
#5169=VERTEX_POINT('',#13388);
#5170=VERTEX_POINT('',#13401);
#5171=VERTEX_POINT('',#13407);
#5172=VERTEX_POINT('',#13418);
#5173=VERTEX_POINT('',#13431);
#5174=VERTEX_POINT('',#13444);
#5175=VERTEX_POINT('',#13450);
#5176=VERTEX_POINT('',#13461);
#5177=VERTEX_POINT('',#13474);
#5178=VERTEX_POINT('',#13487);
#5179=VERTEX_POINT('',#13493);
#5180=VERTEX_POINT('',#13504);
#5181=VERTEX_POINT('',#13517);
#5182=VERTEX_POINT('',#13530);
#5183=VERTEX_POINT('',#13539);
#5184=VERTEX_POINT('',#13541);
#5185=VERTEX_POINT('',#13545);
#5186=VERTEX_POINT('',#13549);
#5187=VERTEX_POINT('',#13553);
#5188=VERTEX_POINT('',#13557);
#5189=VERTEX_POINT('',#13561);
#5190=VERTEX_POINT('',#13565);
#5191=VERTEX_POINT('',#13569);
#5192=VERTEX_POINT('',#13573);
#5193=VERTEX_POINT('',#13577);
#5194=VERTEX_POINT('',#13591);
#5195=VERTEX_POINT('',#13595);
#5196=VERTEX_POINT('',#13599);
#5197=VERTEX_POINT('',#13610);
#5198=VERTEX_POINT('',#13623);
#5199=VERTEX_POINT('',#13636);
#5200=VERTEX_POINT('',#13649);
#5201=VERTEX_POINT('',#13662);
#5202=VERTEX_POINT('',#13668);
#5203=VERTEX_POINT('',#13679);
#5204=VERTEX_POINT('',#13685);
#5205=VERTEX_POINT('',#13696);
#5206=VERTEX_POINT('',#13709);
#5207=VERTEX_POINT('',#13715);
#5208=VERTEX_POINT('',#13726);
#5209=VERTEX_POINT('',#13739);
#5210=VERTEX_POINT('',#13752);
#5211=VERTEX_POINT('',#13765);
#5212=VERTEX_POINT('',#13771);
#5213=VERTEX_POINT('',#13782);
#5214=VERTEX_POINT('',#13795);
#5215=VERTEX_POINT('',#13808);
#5216=VERTEX_POINT('',#13817);
#5217=VERTEX_POINT('',#13819);
#5218=VERTEX_POINT('',#13823);
#5219=VERTEX_POINT('',#13827);
#5220=VERTEX_POINT('',#13834);
#5221=VERTEX_POINT('',#13836);
#5222=VERTEX_POINT('',#13840);
#5223=VERTEX_POINT('',#13844);
#5224=VERTEX_POINT('',#13855);
#5225=VERTEX_POINT('',#13868);
#5226=VERTEX_POINT('',#13881);
#5227=VERTEX_POINT('',#13894);
#5228=VERTEX_POINT('',#13900);
#5229=VERTEX_POINT('',#13904);
#5230=VERTEX_POINT('',#13908);
#5231=VERTEX_POINT('',#13912);
#5232=VERTEX_POINT('',#13916);
#5233=VERTEX_POINT('',#13927);
#5234=VERTEX_POINT('',#13940);
#5235=VERTEX_POINT('',#13946);
#5236=VERTEX_POINT('',#13950);
#5237=VERTEX_POINT('',#13954);
#5238=VERTEX_POINT('',#13961);
#5239=VERTEX_POINT('',#13962);
#5240=VERTEX_POINT('',#13964);
#5241=VERTEX_POINT('',#13966);
#5242=VERTEX_POINT('',#13979);
#5243=VERTEX_POINT('',#13981);
#5244=VERTEX_POINT('',#13996);
#5245=VERTEX_POINT('',#13998);
#5246=VERTEX_POINT('',#14013);
#5247=VERTEX_POINT('',#14015);
#5248=VERTEX_POINT('',#14030);
#5249=VERTEX_POINT('',#14032);
#5250=VERTEX_POINT('',#14038);
#5251=VERTEX_POINT('',#14040);
#5252=VERTEX_POINT('',#14053);
#5253=VERTEX_POINT('',#14055);
#5254=VERTEX_POINT('',#14070);
#5255=VERTEX_POINT('',#14072);
#5256=VERTEX_POINT('',#14087);
#5257=VERTEX_POINT('',#14089);
#5258=VERTEX_POINT('',#14102);
#5259=VERTEX_POINT('',#14106);
#5260=VERTEX_POINT('',#14110);
#5261=VERTEX_POINT('',#14114);
#5262=VERTEX_POINT('',#14118);
#5263=VERTEX_POINT('',#14122);
#5264=VERTEX_POINT('',#14126);
#5265=VERTEX_POINT('',#14137);
#5266=VERTEX_POINT('',#14150);
#5267=VERTEX_POINT('',#14156);
#5268=VERTEX_POINT('',#14167);
#5269=VERTEX_POINT('',#14180);
#5270=VERTEX_POINT('',#14186);
#5271=VERTEX_POINT('',#14197);
#5272=VERTEX_POINT('',#14210);
#5273=VERTEX_POINT('',#14243);
#5274=VERTEX_POINT('',#14244);
#5275=VERTEX_POINT('',#14246);
#5276=VERTEX_POINT('',#14248);
#5277=VERTEX_POINT('',#14261);
#5278=VERTEX_POINT('',#14263);
#5279=VERTEX_POINT('',#14278);
#5280=VERTEX_POINT('',#14280);
#5281=VERTEX_POINT('',#14286);
#5282=VERTEX_POINT('',#14288);
#5283=VERTEX_POINT('',#14292);
#5284=VERTEX_POINT('',#14294);
#5285=VERTEX_POINT('',#14298);
#5286=VERTEX_POINT('',#14300);
#5287=VERTEX_POINT('',#14313);
#5288=VERTEX_POINT('',#14315);
#5289=VERTEX_POINT('',#14328);
#5290=VERTEX_POINT('',#14332);
#5291=VERTEX_POINT('',#14336);
#5292=VERTEX_POINT('',#14340);
#5293=VERTEX_POINT('',#14344);
#5294=VERTEX_POINT('',#14348);
#5295=VERTEX_POINT('',#14352);
#5296=VERTEX_POINT('',#14356);
#5297=VERTEX_POINT('',#14360);
#5298=VERTEX_POINT('',#14364);
#5299=VERTEX_POINT('',#14375);
#5300=VERTEX_POINT('',#14388);
#5301=VERTEX_POINT('',#14394);
#5302=VERTEX_POINT('',#14432);
#5303=VERTEX_POINT('',#14436);
#5304=VERTEX_POINT('',#14440);
#5305=VERTEX_POINT('',#14451);
#5306=VERTEX_POINT('',#14464);
#5307=VERTEX_POINT('',#14477);
#5308=VERTEX_POINT('',#14490);
#5309=VERTEX_POINT('',#14503);
#5310=VERTEX_POINT('',#14509);
#5311=VERTEX_POINT('',#14520);
#5312=VERTEX_POINT('',#14526);
#5313=VERTEX_POINT('',#14537);
#5314=VERTEX_POINT('',#14550);
#5315=VERTEX_POINT('',#14556);
#5316=VERTEX_POINT('',#14567);
#5317=VERTEX_POINT('',#14580);
#5318=VERTEX_POINT('',#14593);
#5319=VERTEX_POINT('',#14606);
#5320=VERTEX_POINT('',#14612);
#5321=VERTEX_POINT('',#14623);
#5322=VERTEX_POINT('',#14636);
#5323=VERTEX_POINT('',#14649);
#5324=VERTEX_POINT('',#14658);
#5325=VERTEX_POINT('',#14660);
#5326=VERTEX_POINT('',#14664);
#5327=VERTEX_POINT('',#14668);
#5328=VERTEX_POINT('',#14675);
#5329=VERTEX_POINT('',#14676);
#5330=VERTEX_POINT('',#14678);
#5331=VERTEX_POINT('',#14680);
#5332=VERTEX_POINT('',#14693);
#5333=VERTEX_POINT('',#14695);
#5334=VERTEX_POINT('',#14710);
#5335=VERTEX_POINT('',#14712);
#5336=VERTEX_POINT('',#14718);
#5337=VERTEX_POINT('',#14720);
#5338=VERTEX_POINT('',#14724);
#5339=VERTEX_POINT('',#14726);
#5340=VERTEX_POINT('',#14730);
#5341=VERTEX_POINT('',#14732);
#5342=VERTEX_POINT('',#14745);
#5343=VERTEX_POINT('',#14747);
#5344=VERTEX_POINT('',#14762);
#5345=VERTEX_POINT('',#14763);
#5346=VERTEX_POINT('',#14765);
#5347=VERTEX_POINT('',#14769);
#5348=VERTEX_POINT('',#14773);
#5349=VERTEX_POINT('',#14775);
#5350=VERTEX_POINT('',#14779);
#5351=VERTEX_POINT('',#14781);
#5352=VERTEX_POINT('',#14785);
#5353=VERTEX_POINT('',#14787);
#5354=VERTEX_POINT('',#14800);
#5355=VERTEX_POINT('',#14802);
#5356=VERTEX_POINT('',#14817);
#5357=VERTEX_POINT('',#14819);
#5358=VERTEX_POINT('',#14825);
#5359=VERTEX_POINT('',#14827);
#5360=VERTEX_POINT('',#14838);
#5361=VERTEX_POINT('',#14842);
#5362=VERTEX_POINT('',#14846);
#5363=VERTEX_POINT('',#14857);
#5364=VERTEX_POINT('',#14870);
#5365=VERTEX_POINT('',#14876);
#5366=VERTEX_POINT('',#14880);
#5367=VERTEX_POINT('',#14884);
#5368=VERTEX_POINT('',#14895);
#5369=VERTEX_POINT('',#14908);
#5370=VERTEX_POINT('',#14914);
#5371=VERTEX_POINT('',#14925);
#5372=VERTEX_POINT('',#14938);
#5373=VERTEX_POINT('',#14986);
#5374=VERTEX_POINT('',#14987);
#5375=VERTEX_POINT('',#14989);
#5376=VERTEX_POINT('',#14993);
#5377=VERTEX_POINT('',#15006);
#5378=VERTEX_POINT('',#15008);
#5379=VERTEX_POINT('',#15023);
#5380=VERTEX_POINT('',#15025);
#5381=VERTEX_POINT('',#15040);
#5382=VERTEX_POINT('',#15042);
#5383=VERTEX_POINT('',#15048);
#5384=VERTEX_POINT('',#15050);
#5385=VERTEX_POINT('',#15063);
#5386=VERTEX_POINT('',#15065);
#5387=VERTEX_POINT('',#15080);
#5388=VERTEX_POINT('',#15082);
#5389=VERTEX_POINT('',#15097);
#5390=VERTEX_POINT('',#15099);
#5391=VERTEX_POINT('',#15105);
#5392=VERTEX_POINT('',#15107);
#5393=VERTEX_POINT('',#15118);
#5394=VERTEX_POINT('',#15122);
#5395=VERTEX_POINT('',#15133);
#5396=VERTEX_POINT('',#15146);
#5397=VERTEX_POINT('',#15159);
#5398=VERTEX_POINT('',#15172);
#5399=VERTEX_POINT('',#15178);
#5400=VERTEX_POINT('',#15189);
#5401=VERTEX_POINT('',#15202);
#5402=VERTEX_POINT('',#15208);
#5403=VERTEX_POINT('',#15219);
#5404=VERTEX_POINT('',#15232);
#5405=VERTEX_POINT('',#15256);
#5406=VERTEX_POINT('',#15257);
#5407=VERTEX_POINT('',#15259);
#5408=VERTEX_POINT('',#15261);
#5409=VERTEX_POINT('',#15265);
#5410=VERTEX_POINT('',#15267);
#5411=VERTEX_POINT('',#15271);
#5412=VERTEX_POINT('',#15273);
#5413=VERTEX_POINT('',#15277);
#5414=VERTEX_POINT('',#15281);
#5415=VERTEX_POINT('',#15285);
#5416=VERTEX_POINT('',#15289);
#5417=VERTEX_POINT('',#15293);
#5418=VERTEX_POINT('',#15297);
#5419=VERTEX_POINT('',#15308);
#5420=VERTEX_POINT('',#15310);
#5421=VERTEX_POINT('',#15314);
#5422=VERTEX_POINT('',#15318);
#5423=VERTEX_POINT('',#15322);
#5424=VERTEX_POINT('',#15326);
#5425=VERTEX_POINT('',#15330);
#5426=VERTEX_POINT('',#15334);
#5427=VERTEX_POINT('',#15342);
#5428=VERTEX_POINT('',#15344);
#5429=VERTEX_POINT('',#15346);
#5430=VERTEX_POINT('',#15348);
#5431=VERTEX_POINT('',#15350);
#5432=VERTEX_POINT('',#15351);
#5433=VERTEX_POINT('',#15353);
#5434=VERTEX_POINT('',#15355);
#5435=VERTEX_POINT('',#15357);
#5436=VERTEX_POINT('',#15359);
#5437=VERTEX_POINT('',#15361);
#5438=VERTEX_POINT('',#15363);
#5439=VERTEX_POINT('',#15365);
#5440=VERTEX_POINT('',#15368);
#5441=VERTEX_POINT('',#15369);
#5442=VERTEX_POINT('',#15371);
#5443=VERTEX_POINT('',#15373);
#5444=VERTEX_POINT('',#15377);
#5445=VERTEX_POINT('',#15379);
#5446=VERTEX_POINT('',#15380);
#5447=VERTEX_POINT('',#15382);
#5448=VERTEX_POINT('',#15384);
#5449=VERTEX_POINT('',#15386);
#5450=VERTEX_POINT('',#15389);
#5451=VERTEX_POINT('',#15391);
#5452=VERTEX_POINT('',#15393);
#5453=VERTEX_POINT('',#15395);
#5454=VERTEX_POINT('',#15396);
#5455=VERTEX_POINT('',#15398);
#5456=VERTEX_POINT('',#15400);
#5457=VERTEX_POINT('',#15412);
#5458=VERTEX_POINT('',#15414);
#5459=VERTEX_POINT('',#15422);
#5460=VERTEX_POINT('',#15426);
#5461=LINE('',#10603,#6191);
#5462=LINE('',#10606,#6192);
#5463=LINE('',#10608,#6193);
#5464=LINE('',#10610,#6194);
#5465=LINE('',#10612,#6195);
#5466=LINE('',#10614,#6196);
#5467=LINE('',#10616,#6197);
#5468=LINE('',#10618,#6198);
#5469=LINE('',#10619,#6199);
#5470=LINE('',#10622,#6200);
#5471=LINE('',#10624,#6201);
#5472=LINE('',#10626,#6202);
#5473=LINE('',#10628,#6203);
#5474=LINE('',#10630,#6204);
#5475=LINE('',#10632,#6205);
#5476=LINE('',#10634,#6206);
#5477=LINE('',#10702,#6207);
#5478=LINE('',#10704,#6208);
#5479=LINE('',#10706,#6209);
#5480=LINE('',#10717,#6210);
#5481=LINE('',#10720,#6211);
#5482=LINE('',#10722,#6212);
#5483=LINE('',#10724,#6213);
#5484=LINE('',#10744,#6214);
#5485=LINE('',#10778,#6215);
#5486=LINE('',#10820,#6216);
#5487=LINE('',#10822,#6217);
#5488=LINE('',#10824,#6218);
#5489=LINE('',#10826,#6219);
#5490=LINE('',#10828,#6220);
#5491=LINE('',#10830,#6221);
#5492=LINE('',#10832,#6222);
#5493=LINE('',#10834,#6223);
#5494=LINE('',#10872,#6224);
#5495=LINE('',#10874,#6225);
#5496=LINE('',#10876,#6226);
#5497=LINE('',#10878,#6227);
#5498=LINE('',#10880,#6228);
#5499=LINE('',#10881,#6229);
#5500=LINE('',#10884,#6230);
#5501=LINE('',#10886,#6231);
#5502=LINE('',#10902,#6232);
#5503=LINE('',#10904,#6233);
#5504=LINE('',#10906,#6234);
#5505=LINE('',#10926,#6235);
#5506=LINE('',#10928,#6236);
#5507=LINE('',#10929,#6237);
#5508=LINE('',#10932,#6238);
#5509=LINE('',#10934,#6239);
#5510=LINE('',#10936,#6240);
#5511=LINE('',#10956,#6241);
#5512=LINE('',#10990,#6242);
#5513=LINE('',#11013,#6243);
#5514=LINE('',#11016,#6244);
#5515=LINE('',#11018,#6245);
#5516=LINE('',#11020,#6246);
#5517=LINE('',#11022,#6247);
#5518=LINE('',#11024,#6248);
#5519=LINE('',#11026,#6249);
#5520=LINE('',#11028,#6250);
#5521=LINE('',#11030,#6251);
#5522=LINE('',#11032,#6252);
#5523=LINE('',#11034,#6253);
#5524=LINE('',#11054,#6254);
#5525=LINE('',#11082,#6255);
#5526=LINE('',#11120,#6256);
#5527=LINE('',#11122,#6257);
#5528=LINE('',#11124,#6258);
#5529=LINE('',#11126,#6259);
#5530=LINE('',#11128,#6260);
#5531=LINE('',#11151,#6261);
#5532=LINE('',#11154,#6262);
#5533=LINE('',#11156,#6263);
#5534=LINE('',#11158,#6264);
#5535=LINE('',#11160,#6265);
#5536=LINE('',#11162,#6266);
#5537=LINE('',#11164,#6267);
#5538=LINE('',#11166,#6268);
#5539=LINE('',#11168,#6269);
#5540=LINE('',#11170,#6270);
#5541=LINE('',#11172,#6271);
#5542=LINE('',#11174,#6272);
#5543=LINE('',#11184,#6273);
#5544=LINE('',#11186,#6274);
#5545=LINE('',#11196,#6275);
#5546=LINE('',#11198,#6276);
#5547=LINE('',#11200,#6277);
#5548=LINE('',#11202,#6278);
#5549=LINE('',#11204,#6279);
#5550=LINE('',#11256,#6280);
#5551=LINE('',#11258,#6281);
#5552=LINE('',#11260,#6282);
#5553=LINE('',#11262,#6283);
#5554=LINE('',#11264,#6284);
#5555=LINE('',#11266,#6285);
#5556=LINE('',#11268,#6286);
#5557=LINE('',#11270,#6287);
#5558=LINE('',#11272,#6288);
#5559=LINE('',#11274,#6289);
#5560=LINE('',#11276,#6290);
#5561=LINE('',#11288,#6291);
#5562=LINE('',#11302,#6292);
#5563=LINE('',#11318,#6293);
#5564=LINE('',#11366,#6294);
#5565=LINE('',#11368,#6295);
#5566=LINE('',#11370,#6296);
#5567=LINE('',#11372,#6297);
#5568=LINE('',#11374,#6298);
#5569=LINE('',#11414,#6299);
#5570=LINE('',#11416,#6300);
#5571=LINE('',#11418,#6301);
#5572=LINE('',#11420,#6302);
#5573=LINE('',#11422,#6303);
#5574=LINE('',#11445,#6304);
#5575=LINE('',#11448,#6305);
#5576=LINE('',#11450,#6306);
#5577=LINE('',#11452,#6307);
#5578=LINE('',#11454,#6308);
#5579=LINE('',#11456,#6309);
#5580=LINE('',#11458,#6310);
#5581=LINE('',#11460,#6311);
#5582=LINE('',#11462,#6312);
#5583=LINE('',#11464,#6313);
#5584=LINE('',#11466,#6314);
#5585=LINE('',#11468,#6315);
#5586=LINE('',#11470,#6316);
#5587=LINE('',#11471,#6317);
#5588=LINE('',#11474,#6318);
#5589=LINE('',#11476,#6319);
#5590=LINE('',#11478,#6320);
#5591=LINE('',#11480,#6321);
#5592=LINE('',#11486,#6322);
#5593=LINE('',#11487,#6323);
#5594=LINE('',#11490,#6324);
#5595=LINE('',#11492,#6325);
#5596=LINE('',#11553,#6326);
#5597=LINE('',#11557,#6327);
#5598=LINE('',#11559,#6328);
#5599=LINE('',#11561,#6329);
#5600=LINE('',#11563,#6330);
#5601=LINE('',#11572,#6331);
#5602=LINE('',#11598,#6332);
#5603=LINE('',#11599,#6333);
#5604=LINE('',#11601,#6334);
#5605=LINE('',#11627,#6335);
#5606=LINE('',#11630,#6336);
#5607=LINE('',#11631,#6337);
#5608=LINE('',#11633,#6338);
#5609=LINE('',#11635,#6339);
#5610=LINE('',#11637,#6340);
#5611=LINE('',#11672,#6341);
#5612=LINE('',#11674,#6342);
#5613=LINE('',#11676,#6343);
#5614=LINE('',#11678,#6344);
#5615=LINE('',#11680,#6345);
#5616=LINE('',#11682,#6346);
#5617=LINE('',#11684,#6347);
#5618=LINE('',#11686,#6348);
#5619=LINE('',#11688,#6349);
#5620=LINE('',#11690,#6350);
#5621=LINE('',#11692,#6351);
#5622=LINE('',#11694,#6352);
#5623=LINE('',#11696,#6353);
#5624=LINE('',#11698,#6354);
#5625=LINE('',#11700,#6355);
#5626=LINE('',#11702,#6356);
#5627=LINE('',#11704,#6357);
#5628=LINE('',#11706,#6358);
#5629=LINE('',#11708,#6359);
#5630=LINE('',#11710,#6360);
#5631=LINE('',#11712,#6361);
#5632=LINE('',#11714,#6362);
#5633=LINE('',#11716,#6363);
#5634=LINE('',#11718,#6364);
#5635=LINE('',#11720,#6365);
#5636=LINE('',#11722,#6366);
#5637=LINE('',#11728,#6367);
#5638=LINE('',#11732,#6368);
#5639=LINE('',#11745,#6369);
#5640=LINE('',#11762,#6370);
#5641=LINE('',#11779,#6371);
#5642=LINE('',#11796,#6372);
#5643=LINE('',#11804,#6373);
#5644=LINE('',#11819,#6374);
#5645=LINE('',#11836,#6375);
#5646=LINE('',#11853,#6376);
#5647=LINE('',#11866,#6377);
#5648=LINE('',#11872,#6378);
#5649=LINE('',#11874,#6379);
#5650=LINE('',#11885,#6380);
#5651=LINE('',#11898,#6381);
#5652=LINE('',#11911,#6382);
#5653=LINE('',#11924,#6383);
#5654=LINE('',#11937,#6384);
#5655=LINE('',#11943,#6385);
#5656=LINE('',#11945,#6386);
#5657=LINE('',#11947,#6387);
#5658=LINE('',#11949,#6388);
#5659=LINE('',#11951,#6389);
#5660=LINE('',#11953,#6390);
#5661=LINE('',#11955,#6391);
#5662=LINE('',#11957,#6392);
#5663=LINE('',#11959,#6393);
#5664=LINE('',#11961,#6394);
#5665=LINE('',#11970,#6395);
#5666=LINE('',#11983,#6396);
#5667=LINE('',#11989,#6397);
#5668=LINE('',#12023,#6398);
#5669=LINE('',#12027,#6399);
#5670=LINE('',#12040,#6400);
#5671=LINE('',#12057,#6401);
#5672=LINE('',#12074,#6402);
#5673=LINE('',#12091,#6403);
#5674=LINE('',#12099,#6404);
#5675=LINE('',#12114,#6405);
#5676=LINE('',#12131,#6406);
#5677=LINE('',#12148,#6407);
#5678=LINE('',#12161,#6408);
#5679=LINE('',#12167,#6409);
#5680=LINE('',#12169,#6410);
#5681=LINE('',#12180,#6411);
#5682=LINE('',#12193,#6412);
#5683=LINE('',#12206,#6413);
#5684=LINE('',#12219,#6414);
#5685=LINE('',#12225,#6415);
#5686=LINE('',#12229,#6416);
#5687=LINE('',#12231,#6417);
#5688=LINE('',#12233,#6418);
#5689=LINE('',#12235,#6419);
#5690=LINE('',#12237,#6420);
#5691=LINE('',#12239,#6421);
#5692=LINE('',#12241,#6422);
#5693=LINE('',#12243,#6423);
#5694=LINE('',#12245,#6424);
#5695=LINE('',#12247,#6425);
#5696=LINE('',#12256,#6426);
#5697=LINE('',#12269,#6427);
#5698=LINE('',#12275,#6428);
#5699=LINE('',#12309,#6429);
#5700=LINE('',#12313,#6430);
#5701=LINE('',#12315,#6431);
#5702=LINE('',#12317,#6432);
#5703=LINE('',#12319,#6433);
#5704=LINE('',#12332,#6434);
#5705=LINE('',#12340,#6435);
#5706=LINE('',#12355,#6436);
#5707=LINE('',#12368,#6437);
#5708=LINE('',#12374,#6438);
#5709=LINE('',#12383,#6439);
#5710=LINE('',#12389,#6440);
#5711=LINE('',#12400,#6441);
#5712=LINE('',#12406,#6442);
#5713=LINE('',#12417,#6443);
#5714=LINE('',#12430,#6444);
#5715=LINE('',#12443,#6445);
#5716=LINE('',#12456,#6446);
#5717=LINE('',#12462,#6447);
#5718=LINE('',#12464,#6448);
#5719=LINE('',#12473,#6449);
#5720=LINE('',#12486,#6450);
#5721=LINE('',#12499,#6451);
#5722=LINE('',#12505,#6452);
#5723=LINE('',#12509,#6453);
#5724=LINE('',#12511,#6454);
#5725=LINE('',#12513,#6455);
#5726=LINE('',#12517,#6456);
#5727=LINE('',#12555,#6457);
#5728=LINE('',#12561,#6458);
#5729=LINE('',#12563,#6459);
#5730=LINE('',#12565,#6460);
#5731=LINE('',#12567,#6461);
#5732=LINE('',#12578,#6462);
#5733=LINE('',#12591,#6463);
#5734=LINE('',#12597,#6464);
#5735=LINE('',#12599,#6465);
#5736=LINE('',#12601,#6466);
#5737=LINE('',#12603,#6467);
#5738=LINE('',#12605,#6468);
#5739=LINE('',#12607,#6469);
#5740=LINE('',#12609,#6470);
#5741=LINE('',#12611,#6471);
#5742=LINE('',#12613,#6472);
#5743=LINE('',#12615,#6473);
#5744=LINE('',#12617,#6474);
#5745=LINE('',#12619,#6475);
#5746=LINE('',#12621,#6476);
#5747=LINE('',#12623,#6477);
#5748=LINE('',#12625,#6478);
#5749=LINE('',#12627,#6479);
#5750=LINE('',#12629,#6480);
#5751=LINE('',#12631,#6481);
#5752=LINE('',#12633,#6482);
#5753=LINE('',#12635,#6483);
#5754=LINE('',#12637,#6484);
#5755=LINE('',#12639,#6485);
#5756=LINE('',#12656,#6486);
#5757=LINE('',#12660,#6487);
#5758=LINE('',#12673,#6488);
#5759=LINE('',#12690,#6489);
#5760=LINE('',#12698,#6490);
#5761=LINE('',#12713,#6491);
#5762=LINE('',#12730,#6492);
#5763=LINE('',#12747,#6493);
#5764=LINE('',#12764,#6494);
#5765=LINE('',#12772,#6495);
#5766=LINE('',#12783,#6496);
#5767=LINE('',#12789,#6497);
#5768=LINE('',#12798,#6498);
#5769=LINE('',#12804,#6499);
#5770=LINE('',#12815,#6500);
#5771=LINE('',#12828,#6501);
#5772=LINE('',#12841,#6502);
#5773=LINE('',#12854,#6503);
#5774=LINE('',#12867,#6504);
#5775=LINE('',#12873,#6505);
#5776=LINE('',#12884,#6506);
#5777=LINE('',#12897,#6507);
#5778=LINE('',#12917,#6508);
#5779=LINE('',#12923,#6509);
#5780=LINE('',#12925,#6510);
#5781=LINE('',#12927,#6511);
#5782=LINE('',#12929,#6512);
#5783=LINE('',#12931,#6513);
#5784=LINE('',#12933,#6514);
#5785=LINE('',#12935,#6515);
#5786=LINE('',#12937,#6516);
#5787=LINE('',#12939,#6517);
#5788=LINE('',#12941,#6518);
#5789=LINE('',#12943,#6519);
#5790=LINE('',#12952,#6520);
#5791=LINE('',#12965,#6521);
#5792=LINE('',#12971,#6522);
#5793=LINE('',#12973,#6523);
#5794=LINE('',#12975,#6524);
#5795=LINE('',#12977,#6525);
#5796=LINE('',#12991,#6526);
#5797=LINE('',#12993,#6527);
#5798=LINE('',#12995,#6528);
#5799=LINE('',#12997,#6529);
#5800=LINE('',#12999,#6530);
#5801=LINE('',#13001,#6531);
#5802=LINE('',#13003,#6532);
#5803=LINE('',#13005,#6533);
#5804=LINE('',#13007,#6534);
#5805=LINE('',#13009,#6535);
#5806=LINE('',#13011,#6536);
#5807=LINE('',#13013,#6537);
#5808=LINE('',#13015,#6538);
#5809=LINE('',#13017,#6539);
#5810=LINE('',#13019,#6540);
#5811=LINE('',#13021,#6541);
#5812=LINE('',#13023,#6542);
#5813=LINE('',#13025,#6543);
#5814=LINE('',#13027,#6544);
#5815=LINE('',#13029,#6545);
#5816=LINE('',#13031,#6546);
#5817=LINE('',#13033,#6547);
#5818=LINE('',#13035,#6548);
#5819=LINE('',#13037,#6549);
#5820=LINE('',#13043,#6550);
#5821=LINE('',#13047,#6551);
#5822=LINE('',#13060,#6552);
#5823=LINE('',#13077,#6553);
#5824=LINE('',#13094,#6554);
#5825=LINE('',#13111,#6555);
#5826=LINE('',#13119,#6556);
#5827=LINE('',#13134,#6557);
#5828=LINE('',#13151,#6558);
#5829=LINE('',#13168,#6559);
#5830=LINE('',#13181,#6560);
#5831=LINE('',#13187,#6561);
#5832=LINE('',#13189,#6562);
#5833=LINE('',#13200,#6563);
#5834=LINE('',#13213,#6564);
#5835=LINE('',#13226,#6565);
#5836=LINE('',#13239,#6566);
#5837=LINE('',#13252,#6567);
#5838=LINE('',#13258,#6568);
#5839=LINE('',#13260,#6569);
#5840=LINE('',#13262,#6570);
#5841=LINE('',#13264,#6571);
#5842=LINE('',#13266,#6572);
#5843=LINE('',#13268,#6573);
#5844=LINE('',#13270,#6574);
#5845=LINE('',#13272,#6575);
#5846=LINE('',#13274,#6576);
#5847=LINE('',#13276,#6577);
#5848=LINE('',#13285,#6578);
#5849=LINE('',#13298,#6579);
#5850=LINE('',#13304,#6580);
#5851=LINE('',#13342,#6581);
#5852=LINE('',#13348,#6582);
#5853=LINE('',#13350,#6583);
#5854=LINE('',#13361,#6584);
#5855=LINE('',#13374,#6585);
#5856=LINE('',#13387,#6586);
#5857=LINE('',#13400,#6587);
#5858=LINE('',#13406,#6588);
#5859=LINE('',#13408,#6589);
#5860=LINE('',#13417,#6590);
#5861=LINE('',#13430,#6591);
#5862=LINE('',#13443,#6592);
#5863=LINE('',#13449,#6593);
#5864=LINE('',#13460,#6594);
#5865=LINE('',#13473,#6595);
#5866=LINE('',#13486,#6596);
#5867=LINE('',#13492,#6597);
#5868=LINE('',#13494,#6598);
#5869=LINE('',#13503,#6599);
#5870=LINE('',#13516,#6600);
#5871=LINE('',#13529,#6601);
#5872=LINE('',#13538,#6602);
#5873=LINE('',#13540,#6603);
#5874=LINE('',#13542,#6604);
#5875=LINE('',#13544,#6605);
#5876=LINE('',#13546,#6606);
#5877=LINE('',#13548,#6607);
#5878=LINE('',#13550,#6608);
#5879=LINE('',#13552,#6609);
#5880=LINE('',#13554,#6610);
#5881=LINE('',#13556,#6611);
#5882=LINE('',#13558,#6612);
#5883=LINE('',#13560,#6613);
#5884=LINE('',#13562,#6614);
#5885=LINE('',#13564,#6615);
#5886=LINE('',#13566,#6616);
#5887=LINE('',#13568,#6617);
#5888=LINE('',#13570,#6618);
#5889=LINE('',#13572,#6619);
#5890=LINE('',#13574,#6620);
#5891=LINE('',#13576,#6621);
#5892=LINE('',#13578,#6622);
#5893=LINE('',#13580,#6623);
#5894=LINE('',#13590,#6624);
#5895=LINE('',#13596,#6625);
#5896=LINE('',#13598,#6626);
#5897=LINE('',#13609,#6627);
#5898=LINE('',#13622,#6628);
#5899=LINE('',#13635,#6629);
#5900=LINE('',#13648,#6630);
#5901=LINE('',#13661,#6631);
#5902=LINE('',#13667,#6632);
#5903=LINE('',#13669,#6633);
#5904=LINE('',#13678,#6634);
#5905=LINE('',#13684,#6635);
#5906=LINE('',#13695,#6636);
#5907=LINE('',#13708,#6637);
#5908=LINE('',#13714,#6638);
#5909=LINE('',#13725,#6639);
#5910=LINE('',#13738,#6640);
#5911=LINE('',#13751,#6641);
#5912=LINE('',#13764,#6642);
#5913=LINE('',#13770,#6643);
#5914=LINE('',#13772,#6644);
#5915=LINE('',#13781,#6645);
#5916=LINE('',#13794,#6646);
#5917=LINE('',#13807,#6647);
#5918=LINE('',#13816,#6648);
#5919=LINE('',#13818,#6649);
#5920=LINE('',#13820,#6650);
#5921=LINE('',#13822,#6651);
#5922=LINE('',#13824,#6652);
#5923=LINE('',#13826,#6653);
#5924=LINE('',#13828,#6654);
#5925=LINE('',#13830,#6655);
#5926=LINE('',#13833,#6656);
#5927=LINE('',#13835,#6657);
#5928=LINE('',#13837,#6658);
#5929=LINE('',#13839,#6659);
#5930=LINE('',#13841,#6660);
#5931=LINE('',#13843,#6661);
#5932=LINE('',#13845,#6662);
#5933=LINE('',#13854,#6663);
#5934=LINE('',#13867,#6664);
#5935=LINE('',#13880,#6665);
#5936=LINE('',#13893,#6666);
#5937=LINE('',#13899,#6667);
#5938=LINE('',#13903,#6668);
#5939=LINE('',#13905,#6669);
#5940=LINE('',#13907,#6670);
#5941=LINE('',#13909,#6671);
#5942=LINE('',#13911,#6672);
#5943=LINE('',#13913,#6673);
#5944=LINE('',#13915,#6674);
#5945=LINE('',#13926,#6675);
#5946=LINE('',#13939,#6676);
#5947=LINE('',#13945,#6677);
#5948=LINE('',#13949,#6678);
#5949=LINE('',#13953,#6679);
#5950=LINE('',#13955,#6680);
#5951=LINE('',#13957,#6681);
#5952=LINE('',#13963,#6682);
#5953=LINE('',#13967,#6683);
#5954=LINE('',#13980,#6684);
#5955=LINE('',#13997,#6685);
#5956=LINE('',#14014,#6686);
#5957=LINE('',#14031,#6687);
#5958=LINE('',#14039,#6688);
#5959=LINE('',#14054,#6689);
#5960=LINE('',#14071,#6690);
#5961=LINE('',#14088,#6691);
#5962=LINE('',#14101,#6692);
#5963=LINE('',#14107,#6693);
#5964=LINE('',#14109,#6694);
#5965=LINE('',#14111,#6695);
#5966=LINE('',#14113,#6696);
#5967=LINE('',#14115,#6697);
#5968=LINE('',#14117,#6698);
#5969=LINE('',#14119,#6699);
#5970=LINE('',#14121,#6700);
#5971=LINE('',#14123,#6701);
#5972=LINE('',#14125,#6702);
#5973=LINE('',#14127,#6703);
#5974=LINE('',#14136,#6704);
#5975=LINE('',#14149,#6705);
#5976=LINE('',#14155,#6706);
#5977=LINE('',#14166,#6707);
#5978=LINE('',#14179,#6708);
#5979=LINE('',#14185,#6709);
#5980=LINE('',#14196,#6710);
#5981=LINE('',#14209,#6711);
#5982=LINE('',#14245,#6712);
#5983=LINE('',#14249,#6713);
#5984=LINE('',#14262,#6714);
#5985=LINE('',#14279,#6715);
#5986=LINE('',#14285,#6716);
#5987=LINE('',#14287,#6717);
#5988=LINE('',#14289,#6718);
#5989=LINE('',#14291,#6719);
#5990=LINE('',#14293,#6720);
#5991=LINE('',#14295,#6721);
#5992=LINE('',#14297,#6722);
#5993=LINE('',#14299,#6723);
#5994=LINE('',#14301,#6724);
#5995=LINE('',#14314,#6725);
#5996=LINE('',#14327,#6726);
#5997=LINE('',#14333,#6727);
#5998=LINE('',#14335,#6728);
#5999=LINE('',#14337,#6729);
#6000=LINE('',#14339,#6730);
#6001=LINE('',#14341,#6731);
#6002=LINE('',#14343,#6732);
#6003=LINE('',#14345,#6733);
#6004=LINE('',#14347,#6734);
#6005=LINE('',#14349,#6735);
#6006=LINE('',#14351,#6736);
#6007=LINE('',#14353,#6737);
#6008=LINE('',#14355,#6738);
#6009=LINE('',#14357,#6739);
#6010=LINE('',#14359,#6740);
#6011=LINE('',#14361,#6741);
#6012=LINE('',#14363,#6742);
#6013=LINE('',#14365,#6743);
#6014=LINE('',#14374,#6744);
#6015=LINE('',#14387,#6745);
#6016=LINE('',#14393,#6746);
#6017=LINE('',#14431,#6747);
#6018=LINE('',#14437,#6748);
#6019=LINE('',#14439,#6749);
#6020=LINE('',#14450,#6750);
#6021=LINE('',#14463,#6751);
#6022=LINE('',#14476,#6752);
#6023=LINE('',#14489,#6753);
#6024=LINE('',#14502,#6754);
#6025=LINE('',#14508,#6755);
#6026=LINE('',#14510,#6756);
#6027=LINE('',#14519,#6757);
#6028=LINE('',#14525,#6758);
#6029=LINE('',#14536,#6759);
#6030=LINE('',#14549,#6760);
#6031=LINE('',#14555,#6761);
#6032=LINE('',#14566,#6762);
#6033=LINE('',#14579,#6763);
#6034=LINE('',#14592,#6764);
#6035=LINE('',#14605,#6765);
#6036=LINE('',#14611,#6766);
#6037=LINE('',#14613,#6767);
#6038=LINE('',#14622,#6768);
#6039=LINE('',#14635,#6769);
#6040=LINE('',#14648,#6770);
#6041=LINE('',#14657,#6771);
#6042=LINE('',#14659,#6772);
#6043=LINE('',#14661,#6773);
#6044=LINE('',#14663,#6774);
#6045=LINE('',#14665,#6775);
#6046=LINE('',#14667,#6776);
#6047=LINE('',#14669,#6777);
#6048=LINE('',#14671,#6778);
#6049=LINE('',#14677,#6779);
#6050=LINE('',#14681,#6780);
#6051=LINE('',#14694,#6781);
#6052=LINE('',#14711,#6782);
#6053=LINE('',#14717,#6783);
#6054=LINE('',#14719,#6784);
#6055=LINE('',#14721,#6785);
#6056=LINE('',#14723,#6786);
#6057=LINE('',#14725,#6787);
#6058=LINE('',#14727,#6788);
#6059=LINE('',#14729,#6789);
#6060=LINE('',#14731,#6790);
#6061=LINE('',#14733,#6791);
#6062=LINE('',#14746,#6792);
#6063=LINE('',#14764,#6793);
#6064=LINE('',#14770,#6794);
#6065=LINE('',#14772,#6795);
#6066=LINE('',#14774,#6796);
#6067=LINE('',#14776,#6797);
#6068=LINE('',#14778,#6798);
#6069=LINE('',#14780,#6799);
#6070=LINE('',#14782,#6800);
#6071=LINE('',#14784,#6801);
#6072=LINE('',#14786,#6802);
#6073=LINE('',#14788,#6803);
#6074=LINE('',#14801,#6804);
#6075=LINE('',#14818,#6805);
#6076=LINE('',#14826,#6806);
#6077=LINE('',#14837,#6807);
#6078=LINE('',#14843,#6808);
#6079=LINE('',#14845,#6809);
#6080=LINE('',#14856,#6810);
#6081=LINE('',#14869,#6811);
#6082=LINE('',#14875,#6812);
#6083=LINE('',#14877,#6813);
#6084=LINE('',#14879,#6814);
#6085=LINE('',#14881,#6815);
#6086=LINE('',#14883,#6816);
#6087=LINE('',#14885,#6817);
#6088=LINE('',#14894,#6818);
#6089=LINE('',#14907,#6819);
#6090=LINE('',#14913,#6820);
#6091=LINE('',#14924,#6821);
#6092=LINE('',#14937,#6822);
#6093=LINE('',#14988,#6823);
#6094=LINE('',#14994,#6824);
#6095=LINE('',#15007,#6825);
#6096=LINE('',#15024,#6826);
#6097=LINE('',#15041,#6827);
#6098=LINE('',#15049,#6828);
#6099=LINE('',#15064,#6829);
#6100=LINE('',#15081,#6830);
#6101=LINE('',#15098,#6831);
#6102=LINE('',#15106,#6832);
#6103=LINE('',#15117,#6833);
#6104=LINE('',#15123,#6834);
#6105=LINE('',#15132,#6835);
#6106=LINE('',#15145,#6836);
#6107=LINE('',#15158,#6837);
#6108=LINE('',#15171,#6838);
#6109=LINE('',#15177,#6839);
#6110=LINE('',#15188,#6840);
#6111=LINE('',#15201,#6841);
#6112=LINE('',#15207,#6842);
#6113=LINE('',#15218,#6843);
#6114=LINE('',#15231,#6844);
#6115=LINE('',#15255,#6845);
#6116=LINE('',#15258,#6846);
#6117=LINE('',#15260,#6847);
#6118=LINE('',#15262,#6848);
#6119=LINE('',#15264,#6849);
#6120=LINE('',#15266,#6850);
#6121=LINE('',#15268,#6851);
#6122=LINE('',#15270,#6852);
#6123=LINE('',#15272,#6853);
#6124=LINE('',#15274,#6854);
#6125=LINE('',#15276,#6855);
#6126=LINE('',#15278,#6856);
#6127=LINE('',#15280,#6857);
#6128=LINE('',#15282,#6858);
#6129=LINE('',#15284,#6859);
#6130=LINE('',#15286,#6860);
#6131=LINE('',#15288,#6861);
#6132=LINE('',#15290,#6862);
#6133=LINE('',#15292,#6863);
#6134=LINE('',#15294,#6864);
#6135=LINE('',#15296,#6865);
#6136=LINE('',#15298,#6866);
#6137=LINE('',#15300,#6867);
#6138=LINE('',#15302,#6868);
#6139=LINE('',#15303,#6869);
#6140=LINE('',#15307,#6870);
#6141=LINE('',#15309,#6871);
#6142=LINE('',#15311,#6872);
#6143=LINE('',#15313,#6873);
#6144=LINE('',#15315,#6874);
#6145=LINE('',#15317,#6875);
#6146=LINE('',#15319,#6876);
#6147=LINE('',#15321,#6877);
#6148=LINE('',#15323,#6878);
#6149=LINE('',#15325,#6879);
#6150=LINE('',#15327,#6880);
#6151=LINE('',#15329,#6881);
#6152=LINE('',#15331,#6882);
#6153=LINE('',#15333,#6883);
#6154=LINE('',#15335,#6884);
#6155=LINE('',#15337,#6885);
#6156=LINE('',#15349,#6886);
#6157=LINE('',#15352,#6887);
#6158=LINE('',#15354,#6888);
#6159=LINE('',#15356,#6889);
#6160=LINE('',#15358,#6890);
#6161=LINE('',#15360,#6891);
#6162=LINE('',#15366,#6892);
#6163=LINE('',#15367,#6893);
#6164=LINE('',#15370,#6894);
#6165=LINE('',#15372,#6895);
#6166=LINE('',#15374,#6896);
#6167=LINE('',#15381,#6897);
#6168=LINE('',#15383,#6898);
#6169=LINE('',#15385,#6899);
#6170=LINE('',#15394,#6900);
#6171=LINE('',#15397,#6901);
#6172=LINE('',#15399,#6902);
#6173=LINE('',#15401,#6903);
#6174=LINE('',#15403,#6904);
#6175=LINE('',#15404,#6905);
#6176=LINE('',#15406,#6906);
#6177=LINE('',#15408,#6907);
#6178=LINE('',#15410,#6908);
#6179=LINE('',#15411,#6909);
#6180=LINE('',#15413,#6910);
#6181=LINE('',#15415,#6911);
#6182=LINE('',#15421,#6912);
#6183=LINE('',#15423,#6913);
#6184=LINE('',#15425,#6914);
#6185=LINE('',#15427,#6915);
#6186=LINE('',#15429,#6916);
#6187=LINE('',#15432,#6917);
#6188=LINE('',#15433,#6918);
#6189=LINE('',#15435,#6919);
#6190=LINE('',#15437,#6920);
#6191=VECTOR('',#9055,1.);
#6192=VECTOR('',#9056,1.);
#6193=VECTOR('',#9057,1.);
#6194=VECTOR('',#9058,1.);
#6195=VECTOR('',#9059,1.);
#6196=VECTOR('',#9060,1.);
#6197=VECTOR('',#9061,1.);
#6198=VECTOR('',#9062,1.);
#6199=VECTOR('',#9063,1.);
#6200=VECTOR('',#9064,1.);
#6201=VECTOR('',#9065,1.);
#6202=VECTOR('',#9066,1.);
#6203=VECTOR('',#9067,1.);
#6204=VECTOR('',#9068,1.);
#6205=VECTOR('',#9069,1.);
#6206=VECTOR('',#9070,1.);
#6207=VECTOR('',#9081,1.);
#6208=VECTOR('',#9082,1.);
#6209=VECTOR('',#9083,1.);
#6210=VECTOR('',#9086,1.);
#6211=VECTOR('',#9087,1.);
#6212=VECTOR('',#9088,1.);
#6213=VECTOR('',#9089,1.);
#6214=VECTOR('',#9092,1.);
#6215=VECTOR('',#9097,1.);
#6216=VECTOR('',#9102,1.);
#6217=VECTOR('',#9103,1.);
#6218=VECTOR('',#9104,1.);
#6219=VECTOR('',#9105,1.);
#6220=VECTOR('',#9106,1.);
#6221=VECTOR('',#9107,1.);
#6222=VECTOR('',#9108,1.);
#6223=VECTOR('',#9109,1.);
#6224=VECTOR('',#9114,1.);
#6225=VECTOR('',#9115,1.);
#6226=VECTOR('',#9116,1.);
#6227=VECTOR('',#9117,1.);
#6228=VECTOR('',#9118,1.);
#6229=VECTOR('',#9119,1.);
#6230=VECTOR('',#9120,1.);
#6231=VECTOR('',#9121,1.);
#6232=VECTOR('',#9128,1.);
#6233=VECTOR('',#9129,1.);
#6234=VECTOR('',#9130,1.);
#6235=VECTOR('',#9133,1.);
#6236=VECTOR('',#9134,1.);
#6237=VECTOR('',#9135,1.);
#6238=VECTOR('',#9136,1.);
#6239=VECTOR('',#9137,1.);
#6240=VECTOR('',#9138,1.);
#6241=VECTOR('',#9141,1.);
#6242=VECTOR('',#9146,1.);
#6243=VECTOR('',#9149,1.);
#6244=VECTOR('',#9150,1.);
#6245=VECTOR('',#9151,1.);
#6246=VECTOR('',#9152,1.);
#6247=VECTOR('',#9153,1.);
#6248=VECTOR('',#9154,1.);
#6249=VECTOR('',#9155,1.);
#6250=VECTOR('',#9156,1.);
#6251=VECTOR('',#9157,1.);
#6252=VECTOR('',#9158,1.);
#6253=VECTOR('',#9159,1.);
#6254=VECTOR('',#9162,1.);
#6255=VECTOR('',#9165,1.);
#6256=VECTOR('',#9170,1.);
#6257=VECTOR('',#9171,1.);
#6258=VECTOR('',#9172,1.);
#6259=VECTOR('',#9173,1.);
#6260=VECTOR('',#9174,1.);
#6261=VECTOR('',#9177,1.);
#6262=VECTOR('',#9178,1.);
#6263=VECTOR('',#9179,1.);
#6264=VECTOR('',#9180,1.);
#6265=VECTOR('',#9181,1.);
#6266=VECTOR('',#9182,1.);
#6267=VECTOR('',#9183,1.);
#6268=VECTOR('',#9184,1.);
#6269=VECTOR('',#9185,1.);
#6270=VECTOR('',#9186,1.);
#6271=VECTOR('',#9187,1.);
#6272=VECTOR('',#9188,1.);
#6273=VECTOR('',#9189,1.);
#6274=VECTOR('',#9190,1.);
#6275=VECTOR('',#9191,1.);
#6276=VECTOR('',#9192,1.);
#6277=VECTOR('',#9193,1.);
#6278=VECTOR('',#9194,1.);
#6279=VECTOR('',#9195,1.);
#6280=VECTOR('',#9202,1.);
#6281=VECTOR('',#9203,1.);
#6282=VECTOR('',#9204,1.);
#6283=VECTOR('',#9205,1.);
#6284=VECTOR('',#9206,1.);
#6285=VECTOR('',#9207,1.);
#6286=VECTOR('',#9208,1.);
#6287=VECTOR('',#9209,1.);
#6288=VECTOR('',#9210,1.);
#6289=VECTOR('',#9211,1.);
#6290=VECTOR('',#9212,1.);
#6291=VECTOR('',#9215,1.);
#6292=VECTOR('',#9220,1.);
#6293=VECTOR('',#9223,1.);
#6294=VECTOR('',#9230,1.);
#6295=VECTOR('',#9231,1.);
#6296=VECTOR('',#9232,1.);
#6297=VECTOR('',#9233,1.);
#6298=VECTOR('',#9234,1.);
#6299=VECTOR('',#9241,1.);
#6300=VECTOR('',#9242,1.);
#6301=VECTOR('',#9243,1.);
#6302=VECTOR('',#9244,1.);
#6303=VECTOR('',#9245,1.);
#6304=VECTOR('',#9248,1.);
#6305=VECTOR('',#9249,1.);
#6306=VECTOR('',#9250,1.);
#6307=VECTOR('',#9251,1.);
#6308=VECTOR('',#9252,1.);
#6309=VECTOR('',#9253,1.);
#6310=VECTOR('',#9254,1.);
#6311=VECTOR('',#9255,1.);
#6312=VECTOR('',#9256,1.);
#6313=VECTOR('',#9257,1.);
#6314=VECTOR('',#9258,1.);
#6315=VECTOR('',#9259,1.);
#6316=VECTOR('',#9260,1.);
#6317=VECTOR('',#9261,1.);
#6318=VECTOR('',#9262,1.);
#6319=VECTOR('',#9263,1.);
#6320=VECTOR('',#9264,1.);
#6321=VECTOR('',#9267,1.);
#6322=VECTOR('',#9272,1.);
#6323=VECTOR('',#9273,1.);
#6324=VECTOR('',#9274,1.);
#6325=VECTOR('',#9275,1.);
#6326=VECTOR('',#9288,1.);
#6327=VECTOR('',#9293,1.);
#6328=VECTOR('',#9294,1.);
#6329=VECTOR('',#9297,1.);
#6330=VECTOR('',#9300,1.);
#6331=VECTOR('',#9301,1.);
#6332=VECTOR('',#9306,1.);
#6333=VECTOR('',#9307,1.);
#6334=VECTOR('',#9310,1.);
#6335=VECTOR('',#9315,1.);
#6336=VECTOR('',#9316,1.);
#6337=VECTOR('',#9317,1.);
#6338=VECTOR('',#9320,1.);
#6339=VECTOR('',#9323,1.);
#6340=VECTOR('',#9326,1.);
#6341=VECTOR('',#9339,1.);
#6342=VECTOR('',#9340,1.);
#6343=VECTOR('',#9341,1.);
#6344=VECTOR('',#9344,1.);
#6345=VECTOR('',#9345,1.);
#6346=VECTOR('',#9348,1.);
#6347=VECTOR('',#9349,1.);
#6348=VECTOR('',#9352,1.);
#6349=VECTOR('',#9353,1.);
#6350=VECTOR('',#9356,1.);
#6351=VECTOR('',#9357,1.);
#6352=VECTOR('',#9360,1.);
#6353=VECTOR('',#9361,1.);
#6354=VECTOR('',#9364,1.);
#6355=VECTOR('',#9365,1.);
#6356=VECTOR('',#9368,1.);
#6357=VECTOR('',#9369,1.);
#6358=VECTOR('',#9372,1.);
#6359=VECTOR('',#9373,1.);
#6360=VECTOR('',#9376,1.);
#6361=VECTOR('',#9377,1.);
#6362=VECTOR('',#9380,1.);
#6363=VECTOR('',#9381,1.);
#6364=VECTOR('',#9384,1.);
#6365=VECTOR('',#9385,1.);
#6366=VECTOR('',#9388,1.);
#6367=VECTOR('',#9395,1.);
#6368=VECTOR('',#9398,1.);
#6369=VECTOR('',#9399,1.);
#6370=VECTOR('',#9400,1.);
#6371=VECTOR('',#9401,1.);
#6372=VECTOR('',#9402,1.);
#6373=VECTOR('',#9407,1.);
#6374=VECTOR('',#9410,1.);
#6375=VECTOR('',#9411,1.);
#6376=VECTOR('',#9412,1.);
#6377=VECTOR('',#9413,1.);
#6378=VECTOR('',#9414,1.);
#6379=VECTOR('',#9417,1.);
#6380=VECTOR('',#9420,1.);
#6381=VECTOR('',#9421,1.);
#6382=VECTOR('',#9422,1.);
#6383=VECTOR('',#9423,1.);
#6384=VECTOR('',#9424,1.);
#6385=VECTOR('',#9427,1.);
#6386=VECTOR('',#9428,1.);
#6387=VECTOR('',#9431,1.);
#6388=VECTOR('',#9432,1.);
#6389=VECTOR('',#9435,1.);
#6390=VECTOR('',#9436,1.);
#6391=VECTOR('',#9439,1.);
#6392=VECTOR('',#9440,1.);
#6393=VECTOR('',#9443,1.);
#6394=VECTOR('',#9444,1.);
#6395=VECTOR('',#9445,1.);
#6396=VECTOR('',#9446,1.);
#6397=VECTOR('',#9449,1.);
#6398=VECTOR('',#9460,1.);
#6399=VECTOR('',#9463,1.);
#6400=VECTOR('',#9464,1.);
#6401=VECTOR('',#9465,1.);
#6402=VECTOR('',#9466,1.);
#6403=VECTOR('',#9467,1.);
#6404=VECTOR('',#9472,1.);
#6405=VECTOR('',#9475,1.);
#6406=VECTOR('',#9476,1.);
#6407=VECTOR('',#9477,1.);
#6408=VECTOR('',#9478,1.);
#6409=VECTOR('',#9479,1.);
#6410=VECTOR('',#9482,1.);
#6411=VECTOR('',#9485,1.);
#6412=VECTOR('',#9486,1.);
#6413=VECTOR('',#9487,1.);
#6414=VECTOR('',#9488,1.);
#6415=VECTOR('',#9491,1.);
#6416=VECTOR('',#9496,1.);
#6417=VECTOR('',#9497,1.);
#6418=VECTOR('',#9500,1.);
#6419=VECTOR('',#9501,1.);
#6420=VECTOR('',#9504,1.);
#6421=VECTOR('',#9505,1.);
#6422=VECTOR('',#9508,1.);
#6423=VECTOR('',#9509,1.);
#6424=VECTOR('',#9512,1.);
#6425=VECTOR('',#9513,1.);
#6426=VECTOR('',#9514,1.);
#6427=VECTOR('',#9515,1.);
#6428=VECTOR('',#9518,1.);
#6429=VECTOR('',#9529,1.);
#6430=VECTOR('',#9532,1.);
#6431=VECTOR('',#9535,1.);
#6432=VECTOR('',#9536,1.);
#6433=VECTOR('',#9537,1.);
#6434=VECTOR('',#9538,1.);
#6435=VECTOR('',#9543,1.);
#6436=VECTOR('',#9546,1.);
#6437=VECTOR('',#9547,1.);
#6438=VECTOR('',#9548,1.);
#6439=VECTOR('',#9549,1.);
#6440=VECTOR('',#9552,1.);
#6441=VECTOR('',#9555,1.);
#6442=VECTOR('',#9558,1.);
#6443=VECTOR('',#9561,1.);
#6444=VECTOR('',#9562,1.);
#6445=VECTOR('',#9563,1.);
#6446=VECTOR('',#9564,1.);
#6447=VECTOR('',#9567,1.);
#6448=VECTOR('',#9568,1.);
#6449=VECTOR('',#9569,1.);
#6450=VECTOR('',#9570,1.);
#6451=VECTOR('',#9571,1.);
#6452=VECTOR('',#9574,1.);
#6453=VECTOR('',#9579,1.);
#6454=VECTOR('',#9580,1.);
#6455=VECTOR('',#9583,1.);
#6456=VECTOR('',#9588,1.);
#6457=VECTOR('',#9595,1.);
#6458=VECTOR('',#9596,1.);
#6459=VECTOR('',#9599,1.);
#6460=VECTOR('',#9600,1.);
#6461=VECTOR('',#9603,1.);
#6462=VECTOR('',#9606,1.);
#6463=VECTOR('',#9607,1.);
#6464=VECTOR('',#9610,1.);
#6465=VECTOR('',#9611,1.);
#6466=VECTOR('',#9614,1.);
#6467=VECTOR('',#9615,1.);
#6468=VECTOR('',#9618,1.);
#6469=VECTOR('',#9619,1.);
#6470=VECTOR('',#9622,1.);
#6471=VECTOR('',#9623,1.);
#6472=VECTOR('',#9626,1.);
#6473=VECTOR('',#9627,1.);
#6474=VECTOR('',#9630,1.);
#6475=VECTOR('',#9631,1.);
#6476=VECTOR('',#9634,1.);
#6477=VECTOR('',#9635,1.);
#6478=VECTOR('',#9638,1.);
#6479=VECTOR('',#9639,1.);
#6480=VECTOR('',#9642,1.);
#6481=VECTOR('',#9643,1.);
#6482=VECTOR('',#9646,1.);
#6483=VECTOR('',#9647,1.);
#6484=VECTOR('',#9650,1.);
#6485=VECTOR('',#9651,1.);
#6486=VECTOR('',#9658,1.);
#6487=VECTOR('',#9661,1.);
#6488=VECTOR('',#9662,1.);
#6489=VECTOR('',#9663,1.);
#6490=VECTOR('',#9668,1.);
#6491=VECTOR('',#9671,1.);
#6492=VECTOR('',#9672,1.);
#6493=VECTOR('',#9673,1.);
#6494=VECTOR('',#9674,1.);
#6495=VECTOR('',#9679,1.);
#6496=VECTOR('',#9682,1.);
#6497=VECTOR('',#9683,1.);
#6498=VECTOR('',#9684,1.);
#6499=VECTOR('',#9687,1.);
#6500=VECTOR('',#9690,1.);
#6501=VECTOR('',#9691,1.);
#6502=VECTOR('',#9692,1.);
#6503=VECTOR('',#9693,1.);
#6504=VECTOR('',#9694,1.);
#6505=VECTOR('',#9697,1.);
#6506=VECTOR('',#9700,1.);
#6507=VECTOR('',#9701,1.);
#6508=VECTOR('',#9716,1.);
#6509=VECTOR('',#9717,1.);
#6510=VECTOR('',#9720,1.);
#6511=VECTOR('',#9721,1.);
#6512=VECTOR('',#9724,1.);
#6513=VECTOR('',#9725,1.);
#6514=VECTOR('',#9728,1.);
#6515=VECTOR('',#9729,1.);
#6516=VECTOR('',#9732,1.);
#6517=VECTOR('',#9733,1.);
#6518=VECTOR('',#9736,1.);
#6519=VECTOR('',#9737,1.);
#6520=VECTOR('',#9738,1.);
#6521=VECTOR('',#9739,1.);
#6522=VECTOR('',#9742,1.);
#6523=VECTOR('',#9743,1.);
#6524=VECTOR('',#9746,1.);
#6525=VECTOR('',#9747,1.);
#6526=VECTOR('',#9752,1.);
#6527=VECTOR('',#9753,1.);
#6528=VECTOR('',#9754,1.);
#6529=VECTOR('',#9757,1.);
#6530=VECTOR('',#9758,1.);
#6531=VECTOR('',#9761,1.);
#6532=VECTOR('',#9762,1.);
#6533=VECTOR('',#9765,1.);
#6534=VECTOR('',#9766,1.);
#6535=VECTOR('',#9769,1.);
#6536=VECTOR('',#9770,1.);
#6537=VECTOR('',#9773,1.);
#6538=VECTOR('',#9774,1.);
#6539=VECTOR('',#9777,1.);
#6540=VECTOR('',#9778,1.);
#6541=VECTOR('',#9781,1.);
#6542=VECTOR('',#9782,1.);
#6543=VECTOR('',#9785,1.);
#6544=VECTOR('',#9786,1.);
#6545=VECTOR('',#9789,1.);
#6546=VECTOR('',#9790,1.);
#6547=VECTOR('',#9793,1.);
#6548=VECTOR('',#9794,1.);
#6549=VECTOR('',#9797,1.);
#6550=VECTOR('',#9804,1.);
#6551=VECTOR('',#9807,1.);
#6552=VECTOR('',#9808,1.);
#6553=VECTOR('',#9809,1.);
#6554=VECTOR('',#9810,1.);
#6555=VECTOR('',#9811,1.);
#6556=VECTOR('',#9816,1.);
#6557=VECTOR('',#9819,1.);
#6558=VECTOR('',#9820,1.);
#6559=VECTOR('',#9821,1.);
#6560=VECTOR('',#9822,1.);
#6561=VECTOR('',#9823,1.);
#6562=VECTOR('',#9826,1.);
#6563=VECTOR('',#9829,1.);
#6564=VECTOR('',#9830,1.);
#6565=VECTOR('',#9831,1.);
#6566=VECTOR('',#9832,1.);
#6567=VECTOR('',#9833,1.);
#6568=VECTOR('',#9836,1.);
#6569=VECTOR('',#9837,1.);
#6570=VECTOR('',#9840,1.);
#6571=VECTOR('',#9841,1.);
#6572=VECTOR('',#9844,1.);
#6573=VECTOR('',#9845,1.);
#6574=VECTOR('',#9848,1.);
#6575=VECTOR('',#9849,1.);
#6576=VECTOR('',#9852,1.);
#6577=VECTOR('',#9853,1.);
#6578=VECTOR('',#9854,1.);
#6579=VECTOR('',#9855,1.);
#6580=VECTOR('',#9858,1.);
#6581=VECTOR('',#9865,1.);
#6582=VECTOR('',#9866,1.);
#6583=VECTOR('',#9869,1.);
#6584=VECTOR('',#9872,1.);
#6585=VECTOR('',#9873,1.);
#6586=VECTOR('',#9874,1.);
#6587=VECTOR('',#9875,1.);
#6588=VECTOR('',#9878,1.);
#6589=VECTOR('',#9879,1.);
#6590=VECTOR('',#9880,1.);
#6591=VECTOR('',#9881,1.);
#6592=VECTOR('',#9882,1.);
#6593=VECTOR('',#9885,1.);
#6594=VECTOR('',#9888,1.);
#6595=VECTOR('',#9889,1.);
#6596=VECTOR('',#9890,1.);
#6597=VECTOR('',#9893,1.);
#6598=VECTOR('',#9894,1.);
#6599=VECTOR('',#9895,1.);
#6600=VECTOR('',#9896,1.);
#6601=VECTOR('',#9897,1.);
#6602=VECTOR('',#9906,1.);
#6603=VECTOR('',#9907,1.);
#6604=VECTOR('',#9908,1.);
#6605=VECTOR('',#9911,1.);
#6606=VECTOR('',#9912,1.);
#6607=VECTOR('',#9915,1.);
#6608=VECTOR('',#9916,1.);
#6609=VECTOR('',#9919,1.);
#6610=VECTOR('',#9920,1.);
#6611=VECTOR('',#9923,1.);
#6612=VECTOR('',#9924,1.);
#6613=VECTOR('',#9927,1.);
#6614=VECTOR('',#9928,1.);
#6615=VECTOR('',#9931,1.);
#6616=VECTOR('',#9932,1.);
#6617=VECTOR('',#9935,1.);
#6618=VECTOR('',#9936,1.);
#6619=VECTOR('',#9939,1.);
#6620=VECTOR('',#9940,1.);
#6621=VECTOR('',#9943,1.);
#6622=VECTOR('',#9944,1.);
#6623=VECTOR('',#9947,1.);
#6624=VECTOR('',#9950,1.);
#6625=VECTOR('',#9951,1.);
#6626=VECTOR('',#9954,1.);
#6627=VECTOR('',#9957,1.);
#6628=VECTOR('',#9958,1.);
#6629=VECTOR('',#9959,1.);
#6630=VECTOR('',#9960,1.);
#6631=VECTOR('',#9961,1.);
#6632=VECTOR('',#9964,1.);
#6633=VECTOR('',#9965,1.);
#6634=VECTOR('',#9966,1.);
#6635=VECTOR('',#9969,1.);
#6636=VECTOR('',#9972,1.);
#6637=VECTOR('',#9973,1.);
#6638=VECTOR('',#9976,1.);
#6639=VECTOR('',#9979,1.);
#6640=VECTOR('',#9980,1.);
#6641=VECTOR('',#9981,1.);
#6642=VECTOR('',#9982,1.);
#6643=VECTOR('',#9985,1.);
#6644=VECTOR('',#9986,1.);
#6645=VECTOR('',#9987,1.);
#6646=VECTOR('',#9988,1.);
#6647=VECTOR('',#9989,1.);
#6648=VECTOR('',#9998,1.);
#6649=VECTOR('',#9999,1.);
#6650=VECTOR('',#10000,1.);
#6651=VECTOR('',#10003,1.);
#6652=VECTOR('',#10004,1.);
#6653=VECTOR('',#10007,1.);
#6654=VECTOR('',#10008,1.);
#6655=VECTOR('',#10011,1.);
#6656=VECTOR('',#10016,1.);
#6657=VECTOR('',#10017,1.);
#6658=VECTOR('',#10018,1.);
#6659=VECTOR('',#10021,1.);
#6660=VECTOR('',#10022,1.);
#6661=VECTOR('',#10025,1.);
#6662=VECTOR('',#10026,1.);
#6663=VECTOR('',#10027,1.);
#6664=VECTOR('',#10028,1.);
#6665=VECTOR('',#10029,1.);
#6666=VECTOR('',#10030,1.);
#6667=VECTOR('',#10033,1.);
#6668=VECTOR('',#10038,1.);
#6669=VECTOR('',#10039,1.);
#6670=VECTOR('',#10042,1.);
#6671=VECTOR('',#10043,1.);
#6672=VECTOR('',#10046,1.);
#6673=VECTOR('',#10047,1.);
#6674=VECTOR('',#10050,1.);
#6675=VECTOR('',#10053,1.);
#6676=VECTOR('',#10054,1.);
#6677=VECTOR('',#10057,1.);
#6678=VECTOR('',#10062,1.);
#6679=VECTOR('',#10067,1.);
#6680=VECTOR('',#10068,1.);
#6681=VECTOR('',#10071,1.);
#6682=VECTOR('',#10078,1.);
#6683=VECTOR('',#10081,1.);
#6684=VECTOR('',#10082,1.);
#6685=VECTOR('',#10083,1.);
#6686=VECTOR('',#10084,1.);
#6687=VECTOR('',#10085,1.);
#6688=VECTOR('',#10090,1.);
#6689=VECTOR('',#10093,1.);
#6690=VECTOR('',#10094,1.);
#6691=VECTOR('',#10095,1.);
#6692=VECTOR('',#10096,1.);
#6693=VECTOR('',#10097,1.);
#6694=VECTOR('',#10100,1.);
#6695=VECTOR('',#10101,1.);
#6696=VECTOR('',#10104,1.);
#6697=VECTOR('',#10105,1.);
#6698=VECTOR('',#10108,1.);
#6699=VECTOR('',#10109,1.);
#6700=VECTOR('',#10112,1.);
#6701=VECTOR('',#10113,1.);
#6702=VECTOR('',#10116,1.);
#6703=VECTOR('',#10117,1.);
#6704=VECTOR('',#10118,1.);
#6705=VECTOR('',#10119,1.);
#6706=VECTOR('',#10122,1.);
#6707=VECTOR('',#10125,1.);
#6708=VECTOR('',#10126,1.);
#6709=VECTOR('',#10129,1.);
#6710=VECTOR('',#10132,1.);
#6711=VECTOR('',#10133,1.);
#6712=VECTOR('',#10142,1.);
#6713=VECTOR('',#10145,1.);
#6714=VECTOR('',#10146,1.);
#6715=VECTOR('',#10147,1.);
#6716=VECTOR('',#10150,1.);
#6717=VECTOR('',#10151,1.);
#6718=VECTOR('',#10152,1.);
#6719=VECTOR('',#10155,1.);
#6720=VECTOR('',#10156,1.);
#6721=VECTOR('',#10157,1.);
#6722=VECTOR('',#10160,1.);
#6723=VECTOR('',#10161,1.);
#6724=VECTOR('',#10162,1.);
#6725=VECTOR('',#10163,1.);
#6726=VECTOR('',#10164,1.);
#6727=VECTOR('',#10165,1.);
#6728=VECTOR('',#10168,1.);
#6729=VECTOR('',#10169,1.);
#6730=VECTOR('',#10172,1.);
#6731=VECTOR('',#10173,1.);
#6732=VECTOR('',#10176,1.);
#6733=VECTOR('',#10177,1.);
#6734=VECTOR('',#10180,1.);
#6735=VECTOR('',#10181,1.);
#6736=VECTOR('',#10184,1.);
#6737=VECTOR('',#10185,1.);
#6738=VECTOR('',#10188,1.);
#6739=VECTOR('',#10189,1.);
#6740=VECTOR('',#10192,1.);
#6741=VECTOR('',#10193,1.);
#6742=VECTOR('',#10196,1.);
#6743=VECTOR('',#10197,1.);
#6744=VECTOR('',#10198,1.);
#6745=VECTOR('',#10199,1.);
#6746=VECTOR('',#10202,1.);
#6747=VECTOR('',#10209,1.);
#6748=VECTOR('',#10210,1.);
#6749=VECTOR('',#10213,1.);
#6750=VECTOR('',#10216,1.);
#6751=VECTOR('',#10217,1.);
#6752=VECTOR('',#10218,1.);
#6753=VECTOR('',#10219,1.);
#6754=VECTOR('',#10220,1.);
#6755=VECTOR('',#10223,1.);
#6756=VECTOR('',#10224,1.);
#6757=VECTOR('',#10225,1.);
#6758=VECTOR('',#10228,1.);
#6759=VECTOR('',#10231,1.);
#6760=VECTOR('',#10232,1.);
#6761=VECTOR('',#10235,1.);
#6762=VECTOR('',#10238,1.);
#6763=VECTOR('',#10239,1.);
#6764=VECTOR('',#10240,1.);
#6765=VECTOR('',#10241,1.);
#6766=VECTOR('',#10244,1.);
#6767=VECTOR('',#10245,1.);
#6768=VECTOR('',#10246,1.);
#6769=VECTOR('',#10247,1.);
#6770=VECTOR('',#10248,1.);
#6771=VECTOR('',#10257,1.);
#6772=VECTOR('',#10258,1.);
#6773=VECTOR('',#10259,1.);
#6774=VECTOR('',#10262,1.);
#6775=VECTOR('',#10263,1.);
#6776=VECTOR('',#10266,1.);
#6777=VECTOR('',#10267,1.);
#6778=VECTOR('',#10270,1.);
#6779=VECTOR('',#10277,1.);
#6780=VECTOR('',#10280,1.);
#6781=VECTOR('',#10281,1.);
#6782=VECTOR('',#10282,1.);
#6783=VECTOR('',#10285,1.);
#6784=VECTOR('',#10286,1.);
#6785=VECTOR('',#10287,1.);
#6786=VECTOR('',#10290,1.);
#6787=VECTOR('',#10291,1.);
#6788=VECTOR('',#10292,1.);
#6789=VECTOR('',#10295,1.);
#6790=VECTOR('',#10296,1.);
#6791=VECTOR('',#10297,1.);
#6792=VECTOR('',#10298,1.);
#6793=VECTOR('',#10299,1.);
#6794=VECTOR('',#10300,1.);
#6795=VECTOR('',#10303,1.);
#6796=VECTOR('',#10304,1.);
#6797=VECTOR('',#10305,1.);
#6798=VECTOR('',#10308,1.);
#6799=VECTOR('',#10309,1.);
#6800=VECTOR('',#10310,1.);
#6801=VECTOR('',#10313,1.);
#6802=VECTOR('',#10314,1.);
#6803=VECTOR('',#10315,1.);
#6804=VECTOR('',#10316,1.);
#6805=VECTOR('',#10317,1.);
#6806=VECTOR('',#10322,1.);
#6807=VECTOR('',#10325,1.);
#6808=VECTOR('',#10326,1.);
#6809=VECTOR('',#10329,1.);
#6810=VECTOR('',#10332,1.);
#6811=VECTOR('',#10333,1.);
#6812=VECTOR('',#10336,1.);
#6813=VECTOR('',#10337,1.);
#6814=VECTOR('',#10340,1.);
#6815=VECTOR('',#10341,1.);
#6816=VECTOR('',#10344,1.);
#6817=VECTOR('',#10345,1.);
#6818=VECTOR('',#10346,1.);
#6819=VECTOR('',#10347,1.);
#6820=VECTOR('',#10350,1.);
#6821=VECTOR('',#10353,1.);
#6822=VECTOR('',#10354,1.);
#6823=VECTOR('',#10365,1.);
#6824=VECTOR('',#10366,1.);
#6825=VECTOR('',#10367,1.);
#6826=VECTOR('',#10368,1.);
#6827=VECTOR('',#10369,1.);
#6828=VECTOR('',#10374,1.);
#6829=VECTOR('',#10377,1.);
#6830=VECTOR('',#10378,1.);
#6831=VECTOR('',#10379,1.);
#6832=VECTOR('',#10384,1.);
#6833=VECTOR('',#10387,1.);
#6834=VECTOR('',#10388,1.);
#6835=VECTOR('',#10389,1.);
#6836=VECTOR('',#10390,1.);
#6837=VECTOR('',#10391,1.);
#6838=VECTOR('',#10392,1.);
#6839=VECTOR('',#10395,1.);
#6840=VECTOR('',#10398,1.);
#6841=VECTOR('',#10399,1.);
#6842=VECTOR('',#10402,1.);
#6843=VECTOR('',#10405,1.);
#6844=VECTOR('',#10406,1.);
#6845=VECTOR('',#10417,1.);
#6846=VECTOR('',#10418,1.);
#6847=VECTOR('',#10419,1.);
#6848=VECTOR('',#10420,1.);
#6849=VECTOR('',#10423,1.);
#6850=VECTOR('',#10424,1.);
#6851=VECTOR('',#10425,1.);
#6852=VECTOR('',#10428,1.);
#6853=VECTOR('',#10429,1.);
#6854=VECTOR('',#10430,1.);
#6855=VECTOR('',#10433,1.);
#6856=VECTOR('',#10434,1.);
#6857=VECTOR('',#10437,1.);
#6858=VECTOR('',#10438,1.);
#6859=VECTOR('',#10441,1.);
#6860=VECTOR('',#10442,1.);
#6861=VECTOR('',#10445,1.);
#6862=VECTOR('',#10446,1.);
#6863=VECTOR('',#10449,1.);
#6864=VECTOR('',#10450,1.);
#6865=VECTOR('',#10453,1.);
#6866=VECTOR('',#10454,1.);
#6867=VECTOR('',#10457,1.);
#6868=VECTOR('',#10460,1.);
#6869=VECTOR('',#10461,1.);
#6870=VECTOR('',#10468,1.);
#6871=VECTOR('',#10469,1.);
#6872=VECTOR('',#10470,1.);
#6873=VECTOR('',#10473,1.);
#6874=VECTOR('',#10474,1.);
#6875=VECTOR('',#10477,1.);
#6876=VECTOR('',#10478,1.);
#6877=VECTOR('',#10481,1.);
#6878=VECTOR('',#10482,1.);
#6879=VECTOR('',#10485,1.);
#6880=VECTOR('',#10486,1.);
#6881=VECTOR('',#10489,1.);
#6882=VECTOR('',#10490,1.);
#6883=VECTOR('',#10493,1.);
#6884=VECTOR('',#10494,1.);
#6885=VECTOR('',#10497,1.);
#6886=VECTOR('',#10512,1.);
#6887=VECTOR('',#10513,1.);
#6888=VECTOR('',#10514,1.);
#6889=VECTOR('',#10515,1.);
#6890=VECTOR('',#10516,1.);
#6891=VECTOR('',#10517,1.);
#6892=VECTOR('',#10522,1.);
#6893=VECTOR('',#10523,1.);
#6894=VECTOR('',#10524,1.);
#6895=VECTOR('',#10525,1.);
#6896=VECTOR('',#10526,1.);
#6897=VECTOR('',#10533,1.);
#6898=VECTOR('',#10534,1.);
#6899=VECTOR('',#10535,1.);
#6900=VECTOR('',#10544,1.);
#6901=VECTOR('',#10545,1.);
#6902=VECTOR('',#10546,1.);
#6903=VECTOR('',#10547,1.);
#6904=VECTOR('',#10550,1.);
#6905=VECTOR('',#10551,1.);
#6906=VECTOR('',#10554,1.);
#6907=VECTOR('',#10557,1.);
#6908=VECTOR('',#10560,1.);
#6909=VECTOR('',#10561,1.);
#6910=VECTOR('',#10562,1.);
#6911=VECTOR('',#10563,1.);
#6912=VECTOR('',#10574,1.);
#6913=VECTOR('',#10575,1.);
#6914=VECTOR('',#10578,1.);
#6915=VECTOR('',#10579,1.);
#6916=VECTOR('',#10582,1.);
#6917=VECTOR('',#10587,1.);
#6918=VECTOR('',#10588,1.);
#6919=VECTOR('',#10591,1.);
#6920=VECTOR('',#10594,1.);
#6921=EDGE_LOOP('',(#824,#825,#826,#827,#828,#829,#830,#831));
#6922=EDGE_LOOP('',(#832,#833,#834,#835,#836,#837,#838,#839));
#6923=EDGE_LOOP('',(#840,#841,#842,#843,#844,#845,#846,#847,#848,#849,#850,
#851));
#6924=EDGE_LOOP('',(#852,#853,#854,#855,#856,#857,#858,#859,#860,#861,#862,
#863,#864));
#6925=EDGE_LOOP('',(#865,#866,#867,#868));
#6926=EDGE_LOOP('',(#869,#870,#871,#872,#873,#874,#875,#876,#877,#878,#879,
#880,#881,#882,#883,#884,#885,#886,#887,#888,#889,#890));
#6927=EDGE_LOOP('',(#891,#892,#893,#894,#895,#896,#897,#898,#899,#900,#901,
#902,#903));
#6928=EDGE_LOOP('',(#904,#905,#906,#907,#908,#909,#910,#911,#912,#913,#914,
#915,#916,#917,#918));
#6929=EDGE_LOOP('',(#919,#920,#921,#922,#923,#924,#925,#926,#927,#928,#929,
#930,#931,#932,#933,#934,#935,#936));
#6930=EDGE_LOOP('',(#937,#938,#939,#940));
#6931=EDGE_LOOP('',(#941,#942,#943,#944,#945,#946,#947,#948,#949,#950,#951,
#952,#953,#954,#955,#956,#957,#958,#959,#960,#961,#962));
#6932=EDGE_LOOP('',(#963,#964,#965,#966,#967,#968,#969,#970,#971,#972,#973));
#6933=EDGE_LOOP('',(#974,#975,#976,#977,#978,#979,#980,#981,#982,#983,#984,
#985,#986,#987,#988,#989,#990,#991,#992));
#6934=EDGE_LOOP('',(#993,#994,#995,#996,#997,#998,#999,#1000,#1001,#1002,
#1003,#1004,#1005,#1006,#1007,#1008));
#6935=EDGE_LOOP('',(#1009,#1010,#1011,#1012,#1013,#1014,#1015,#1016,#1017,
#1018,#1019,#1020));
#6936=EDGE_LOOP('',(#1021,#1022,#1023,#1024,#1025,#1026,#1027,#1028,#1029,
#1030,#1031));
#6937=EDGE_LOOP('',(#1032,#1033,#1034,#1035,#1036,#1037,#1038,#1039,#1040,
#1041,#1042,#1043));
#6938=EDGE_LOOP('',(#1044,#1045,#1046,#1047,#1048,#1049,#1050,#1051,#1052,
#1053,#1054,#1055,#1056,#1057,#1058,#1059,#1060));
#6939=EDGE_LOOP('',(#1061,#1062,#1063,#1064,#1065,#1066,#1067,#1068,#1069,
#1070,#1071,#1072,#1073,#1074,#1075,#1076,#1077,#1078));
#6940=EDGE_LOOP('',(#1079,#1080,#1081,#1082,#1083,#1084,#1085,#1086,#1087,
#1088,#1089,#1090,#1091,#1092,#1093,#1094));
#6941=EDGE_LOOP('',(#1095,#1096,#1097,#1098,#1099,#1100,#1101,#1102,#1103,
#1104,#1105,#1106,#1107,#1108,#1109,#1110));
#6942=EDGE_LOOP('',(#1111,#1112,#1113,#1114,#1115,#1116,#1117,#1118,#1119,
#1120,#1121,#1122,#1123));
#6943=EDGE_LOOP('',(#1124,#1125,#1126,#1127));
#6944=EDGE_LOOP('',(#1128,#1129,#1130,#1131,#1132));
#6945=EDGE_LOOP('',(#1133,#1134,#1135,#1136,#1137));
#6946=EDGE_LOOP('',(#1138,#1139,#1140,#1141));
#6947=EDGE_LOOP('',(#1142,#1143,#1144,#1145));
#6948=EDGE_LOOP('',(#1146));
#6949=EDGE_LOOP('',(#1147,#1148,#1149,#1150));
#6950=EDGE_LOOP('',(#1151,#1152,#1153,#1154));
#6951=EDGE_LOOP('',(#1155,#1156,#1157,#1158));
#6952=EDGE_LOOP('',(#1159,#1160,#1161,#1162));
#6953=EDGE_LOOP('',(#1163,#1164,#1165));
#6954=EDGE_LOOP('',(#1166,#1167,#1168,#1169));
#6955=EDGE_LOOP('',(#1170,#1171,#1172,#1173));
#6956=EDGE_LOOP('',(#1174));
#6957=EDGE_LOOP('',(#1175,#1176,#1177,#1178));
#6958=EDGE_LOOP('',(#1179,#1180,#1181,#1182));
#6959=EDGE_LOOP('',(#1183,#1184,#1185,#1186));
#6960=EDGE_LOOP('',(#1187,#1188,#1189,#1190));
#6961=EDGE_LOOP('',(#1191,#1192,#1193));
#6962=EDGE_LOOP('',(#1194));
#6963=EDGE_LOOP('',(#1195));
#6964=EDGE_LOOP('',(#1196));
#6965=EDGE_LOOP('',(#1197));
#6966=EDGE_LOOP('',(#1198));
#6967=EDGE_LOOP('',(#1199));
#6968=EDGE_LOOP('',(#1200,#1201,#1202,#1203));
#6969=EDGE_LOOP('',(#1204,#1205,#1206,#1207));
#6970=EDGE_LOOP('',(#1208,#1209,#1210,#1211));
#6971=EDGE_LOOP('',(#1212,#1213,#1214,#1215));
#6972=EDGE_LOOP('',(#1216,#1217,#1218,#1219));
#6973=EDGE_LOOP('',(#1220,#1221,#1222,#1223));
#6974=EDGE_LOOP('',(#1224,#1225,#1226,#1227));
#6975=EDGE_LOOP('',(#1228,#1229,#1230,#1231));
#6976=EDGE_LOOP('',(#1232,#1233,#1234,#1235));
#6977=EDGE_LOOP('',(#1236,#1237,#1238,#1239));
#6978=EDGE_LOOP('',(#1240,#1241,#1242,#1243));
#6979=EDGE_LOOP('',(#1244,#1245,#1246,#1247));
#6980=EDGE_LOOP('',(#1248,#1249,#1250,#1251));
#6981=EDGE_LOOP('',(#1252,#1253,#1254,#1255,#1256,#1257,#1258,#1259,#1260,
#1261,#1262,#1263,#1264));
#6982=EDGE_LOOP('',(#1265,#1266,#1267,#1268));
#6983=EDGE_LOOP('',(#1269,#1270,#1271,#1272));
#6984=EDGE_LOOP('',(#1273,#1274,#1275,#1276));
#6985=EDGE_LOOP('',(#1277,#1278,#1279,#1280));
#6986=EDGE_LOOP('',(#1281,#1282,#1283,#1284));
#6987=EDGE_LOOP('',(#1285,#1286,#1287,#1288));
#6988=EDGE_LOOP('',(#1289,#1290,#1291,#1292));
#6989=EDGE_LOOP('',(#1293,#1294,#1295,#1296));
#6990=EDGE_LOOP('',(#1297,#1298,#1299,#1300));
#6991=EDGE_LOOP('',(#1301,#1302,#1303,#1304));
#6992=EDGE_LOOP('',(#1305,#1306,#1307,#1308));
#6993=EDGE_LOOP('',(#1309,#1310,#1311,#1312));
#6994=EDGE_LOOP('',(#1313,#1314,#1315,#1316));
#6995=EDGE_LOOP('',(#1317,#1318,#1319,#1320));
#6996=EDGE_LOOP('',(#1321,#1322,#1323,#1324));
#6997=EDGE_LOOP('',(#1325,#1326,#1327,#1328));
#6998=EDGE_LOOP('',(#1329,#1330,#1331,#1332));
#6999=EDGE_LOOP('',(#1333,#1334,#1335,#1336));
#7000=EDGE_LOOP('',(#1337,#1338,#1339,#1340));
#7001=EDGE_LOOP('',(#1341,#1342,#1343,#1344));
#7002=EDGE_LOOP('',(#1345,#1346,#1347,#1348));
#7003=EDGE_LOOP('',(#1349,#1350,#1351,#1352));
#7004=EDGE_LOOP('',(#1353,#1354,#1355,#1356));
#7005=EDGE_LOOP('',(#1357,#1358,#1359,#1360));
#7006=EDGE_LOOP('',(#1361,#1362,#1363,#1364));
#7007=EDGE_LOOP('',(#1365,#1366,#1367,#1368));
#7008=EDGE_LOOP('',(#1369,#1370,#1371,#1372,#1373,#1374,#1375,#1376,#1377,
#1378,#1379,#1380,#1381,#1382,#1383,#1384));
#7009=EDGE_LOOP('',(#1385,#1386,#1387,#1388,#1389,#1390,#1391,#1392,#1393,
#1394));
#7010=EDGE_LOOP('',(#1395,#1396,#1397,#1398,#1399,#1400,#1401,#1402,#1403,
#1404));
#7011=EDGE_LOOP('',(#1405,#1406,#1407,#1408));
#7012=EDGE_LOOP('',(#1409,#1410,#1411,#1412));
#7013=EDGE_LOOP('',(#1413,#1414,#1415,#1416));
#7014=EDGE_LOOP('',(#1417,#1418,#1419,#1420));
#7015=EDGE_LOOP('',(#1421,#1422,#1423,#1424));
#7016=EDGE_LOOP('',(#1425,#1426,#1427,#1428));
#7017=EDGE_LOOP('',(#1429,#1430,#1431,#1432));
#7018=EDGE_LOOP('',(#1433,#1434,#1435,#1436));
#7019=EDGE_LOOP('',(#1437,#1438,#1439,#1440));
#7020=EDGE_LOOP('',(#1441,#1442,#1443,#1444));
#7021=EDGE_LOOP('',(#1445,#1446,#1447,#1448));
#7022=EDGE_LOOP('',(#1449,#1450,#1451,#1452));
#7023=EDGE_LOOP('',(#1453,#1454,#1455,#1456));
#7024=EDGE_LOOP('',(#1457,#1458,#1459,#1460));
#7025=EDGE_LOOP('',(#1461,#1462,#1463,#1464));
#7026=EDGE_LOOP('',(#1465,#1466,#1467,#1468));
#7027=EDGE_LOOP('',(#1469,#1470,#1471,#1472));
#7028=EDGE_LOOP('',(#1473,#1474,#1475,#1476));
#7029=EDGE_LOOP('',(#1477,#1478,#1479,#1480));
#7030=EDGE_LOOP('',(#1481,#1482,#1483,#1484));
#7031=EDGE_LOOP('',(#1485,#1486,#1487,#1488));
#7032=EDGE_LOOP('',(#1489,#1490,#1491,#1492));
#7033=EDGE_LOOP('',(#1493,#1494,#1495,#1496));
#7034=EDGE_LOOP('',(#1497,#1498,#1499,#1500));
#7035=EDGE_LOOP('',(#1501,#1502,#1503,#1504));
#7036=EDGE_LOOP('',(#1505,#1506,#1507,#1508));
#7037=EDGE_LOOP('',(#1509,#1510,#1511,#1512,#1513,#1514,#1515,#1516,#1517,
#1518,#1519,#1520,#1521,#1522,#1523,#1524));
#7038=EDGE_LOOP('',(#1525,#1526,#1527,#1528,#1529,#1530,#1531,#1532,#1533,
#1534));
#7039=EDGE_LOOP('',(#1535,#1536,#1537,#1538,#1539,#1540,#1541,#1542,#1543,
#1544));
#7040=EDGE_LOOP('',(#1545,#1546,#1547,#1548));
#7041=EDGE_LOOP('',(#1549,#1550,#1551,#1552));
#7042=EDGE_LOOP('',(#1553,#1554,#1555,#1556));
#7043=EDGE_LOOP('',(#1557,#1558,#1559,#1560));
#7044=EDGE_LOOP('',(#1561,#1562,#1563,#1564));
#7045=EDGE_LOOP('',(#1565,#1566,#1567,#1568));
#7046=EDGE_LOOP('',(#1569,#1570,#1571,#1572));
#7047=EDGE_LOOP('',(#1573,#1574,#1575,#1576));
#7048=EDGE_LOOP('',(#1577,#1578,#1579,#1580));
#7049=EDGE_LOOP('',(#1581,#1582,#1583,#1584));
#7050=EDGE_LOOP('',(#1585,#1586,#1587,#1588));
#7051=EDGE_LOOP('',(#1589,#1590,#1591,#1592));
#7052=EDGE_LOOP('',(#1593,#1594,#1595,#1596));
#7053=EDGE_LOOP('',(#1597,#1598,#1599,#1600));
#7054=EDGE_LOOP('',(#1601,#1602,#1603,#1604));
#7055=EDGE_LOOP('',(#1605,#1606,#1607,#1608));
#7056=EDGE_LOOP('',(#1609,#1610,#1611,#1612));
#7057=EDGE_LOOP('',(#1613,#1614,#1615,#1616));
#7058=EDGE_LOOP('',(#1617,#1618,#1619,#1620));
#7059=EDGE_LOOP('',(#1621,#1622,#1623,#1624));
#7060=EDGE_LOOP('',(#1625,#1626,#1627,#1628));
#7061=EDGE_LOOP('',(#1629,#1630,#1631,#1632));
#7062=EDGE_LOOP('',(#1633,#1634,#1635,#1636));
#7063=EDGE_LOOP('',(#1637,#1638,#1639,#1640));
#7064=EDGE_LOOP('',(#1641,#1642,#1643,#1644,#1645,#1646,#1647,#1648,#1649,
#1650,#1651,#1652,#1653,#1654,#1655,#1656,#1657,#1658));
#7065=EDGE_LOOP('',(#1659,#1660,#1661,#1662,#1663,#1664));
#7066=EDGE_LOOP('',(#1665,#1666,#1667,#1668,#1669,#1670));
#7067=EDGE_LOOP('',(#1671,#1672,#1673,#1674));
#7068=EDGE_LOOP('',(#1675,#1676,#1677,#1678));
#7069=EDGE_LOOP('',(#1679,#1680,#1681,#1682));
#7070=EDGE_LOOP('',(#1683,#1684,#1685,#1686));
#7071=EDGE_LOOP('',(#1687,#1688,#1689,#1690));
#7072=EDGE_LOOP('',(#1691,#1692,#1693,#1694));
#7073=EDGE_LOOP('',(#1695,#1696,#1697,#1698));
#7074=EDGE_LOOP('',(#1699,#1700,#1701,#1702));
#7075=EDGE_LOOP('',(#1703,#1704,#1705,#1706));
#7076=EDGE_LOOP('',(#1707,#1708,#1709,#1710));
#7077=EDGE_LOOP('',(#1711,#1712,#1713,#1714));
#7078=EDGE_LOOP('',(#1715,#1716,#1717,#1718));
#7079=EDGE_LOOP('',(#1719,#1720,#1721,#1722));
#7080=EDGE_LOOP('',(#1723,#1724,#1725,#1726));
#7081=EDGE_LOOP('',(#1727,#1728,#1729,#1730));
#7082=EDGE_LOOP('',(#1731,#1732,#1733,#1734));
#7083=EDGE_LOOP('',(#1735,#1736,#1737,#1738));
#7084=EDGE_LOOP('',(#1739,#1740,#1741,#1742,#1743,#1744,#1745,#1746,#1747,
#1748,#1749,#1750,#1751,#1752,#1753,#1754,#1755));
#7085=EDGE_LOOP('',(#1756,#1757,#1758,#1759));
#7086=EDGE_LOOP('',(#1760,#1761,#1762,#1763));
#7087=EDGE_LOOP('',(#1764,#1765,#1766,#1767));
#7088=EDGE_LOOP('',(#1768,#1769,#1770,#1771));
#7089=EDGE_LOOP('',(#1772,#1773,#1774,#1775));
#7090=EDGE_LOOP('',(#1776,#1777,#1778,#1779));
#7091=EDGE_LOOP('',(#1780,#1781,#1782,#1783));
#7092=EDGE_LOOP('',(#1784,#1785,#1786,#1787));
#7093=EDGE_LOOP('',(#1788,#1789,#1790,#1791));
#7094=EDGE_LOOP('',(#1792,#1793,#1794,#1795));
#7095=EDGE_LOOP('',(#1796,#1797,#1798,#1799));
#7096=EDGE_LOOP('',(#1800,#1801,#1802,#1803));
#7097=EDGE_LOOP('',(#1804,#1805,#1806,#1807));
#7098=EDGE_LOOP('',(#1808,#1809,#1810,#1811));
#7099=EDGE_LOOP('',(#1812,#1813,#1814,#1815));
#7100=EDGE_LOOP('',(#1816,#1817,#1818,#1819));
#7101=EDGE_LOOP('',(#1820,#1821,#1822,#1823));
#7102=EDGE_LOOP('',(#1824,#1825,#1826,#1827));
#7103=EDGE_LOOP('',(#1828,#1829,#1830,#1831));
#7104=EDGE_LOOP('',(#1832,#1833,#1834,#1835));
#7105=EDGE_LOOP('',(#1836,#1837,#1838,#1839));
#7106=EDGE_LOOP('',(#1840,#1841,#1842,#1843));
#7107=EDGE_LOOP('',(#1844,#1845,#1846,#1847,#1848,#1849,#1850,#1851,#1852,
#1853,#1854,#1855));
#7108=EDGE_LOOP('',(#1856,#1857,#1858,#1859,#1860,#1861,#1862,#1863,#1864,
#1865));
#7109=EDGE_LOOP('',(#1866,#1867,#1868,#1869,#1870,#1871,#1872,#1873,#1874,
#1875));
#7110=EDGE_LOOP('',(#1876,#1877,#1878,#1879));
#7111=EDGE_LOOP('',(#1880,#1881,#1882,#1883));
#7112=EDGE_LOOP('',(#1884,#1885,#1886,#1887));
#7113=EDGE_LOOP('',(#1888,#1889,#1890,#1891));
#7114=EDGE_LOOP('',(#1892,#1893,#1894,#1895));
#7115=EDGE_LOOP('',(#1896,#1897,#1898,#1899));
#7116=EDGE_LOOP('',(#1900,#1901,#1902,#1903));
#7117=EDGE_LOOP('',(#1904,#1905,#1906,#1907));
#7118=EDGE_LOOP('',(#1908,#1909,#1910,#1911));
#7119=EDGE_LOOP('',(#1912,#1913,#1914,#1915));
#7120=EDGE_LOOP('',(#1916,#1917,#1918,#1919));
#7121=EDGE_LOOP('',(#1920,#1921,#1922,#1923,#1924,#1925,#1926,#1927,#1928,
#1929,#1930));
#7122=EDGE_LOOP('',(#1931,#1932,#1933,#1934));
#7123=EDGE_LOOP('',(#1935,#1936,#1937,#1938));
#7124=EDGE_LOOP('',(#1939,#1940,#1941,#1942));
#7125=EDGE_LOOP('',(#1943,#1944,#1945,#1946));
#7126=EDGE_LOOP('',(#1947,#1948,#1949,#1950));
#7127=EDGE_LOOP('',(#1951,#1952,#1953,#1954));
#7128=EDGE_LOOP('',(#1955,#1956,#1957,#1958));
#7129=EDGE_LOOP('',(#1959,#1960,#1961,#1962));
#7130=EDGE_LOOP('',(#1963,#1964,#1965,#1966));
#7131=EDGE_LOOP('',(#1967,#1968,#1969,#1970));
#7132=EDGE_LOOP('',(#1971,#1972,#1973,#1974));
#7133=EDGE_LOOP('',(#1975,#1976,#1977,#1978));
#7134=EDGE_LOOP('',(#1979,#1980,#1981,#1982,#1983,#1984,#1985,#1986,#1987,
#1988,#1989,#1990));
#7135=EDGE_LOOP('',(#1991,#1992,#1993,#1994));
#7136=EDGE_LOOP('',(#1995,#1996,#1997,#1998));
#7137=EDGE_LOOP('',(#1999,#2000,#2001,#2002));
#7138=EDGE_LOOP('',(#2003,#2004,#2005,#2006));
#7139=EDGE_LOOP('',(#2007,#2008,#2009,#2010));
#7140=EDGE_LOOP('',(#2011,#2012,#2013,#2014));
#7141=EDGE_LOOP('',(#2015,#2016,#2017,#2018));
#7142=EDGE_LOOP('',(#2019,#2020,#2021,#2022));
#7143=EDGE_LOOP('',(#2023,#2024,#2025,#2026));
#7144=EDGE_LOOP('',(#2027,#2028,#2029,#2030));
#7145=EDGE_LOOP('',(#2031,#2032,#2033,#2034));
#7146=EDGE_LOOP('',(#2035,#2036,#2037,#2038));
#7147=EDGE_LOOP('',(#2039,#2040,#2041,#2042));
#7148=EDGE_LOOP('',(#2043,#2044,#2045,#2046));
#7149=EDGE_LOOP('',(#2047,#2048,#2049,#2050));
#7150=EDGE_LOOP('',(#2051,#2052,#2053,#2054));
#7151=EDGE_LOOP('',(#2055,#2056,#2057,#2058));
#7152=EDGE_LOOP('',(#2059,#2060,#2061,#2062));
#7153=EDGE_LOOP('',(#2063,#2064,#2065,#2066));
#7154=EDGE_LOOP('',(#2067,#2068,#2069,#2070));
#7155=EDGE_LOOP('',(#2071,#2072,#2073,#2074));
#7156=EDGE_LOOP('',(#2075,#2076,#2077,#2078));
#7157=EDGE_LOOP('',(#2079,#2080,#2081,#2082));
#7158=EDGE_LOOP('',(#2083,#2084,#2085,#2086));
#7159=EDGE_LOOP('',(#2087,#2088,#2089,#2090));
#7160=EDGE_LOOP('',(#2091,#2092,#2093,#2094));
#7161=EDGE_LOOP('',(#2095,#2096,#2097,#2098,#2099,#2100,#2101,#2102,#2103,
#2104,#2105,#2106,#2107,#2108,#2109,#2110));
#7162=EDGE_LOOP('',(#2111,#2112,#2113,#2114,#2115,#2116,#2117,#2118,#2119,
#2120));
#7163=EDGE_LOOP('',(#2121,#2122,#2123,#2124,#2125,#2126,#2127,#2128,#2129,
#2130));
#7164=EDGE_LOOP('',(#2131,#2132,#2133,#2134));
#7165=EDGE_LOOP('',(#2135,#2136,#2137,#2138));
#7166=EDGE_LOOP('',(#2139,#2140,#2141,#2142));
#7167=EDGE_LOOP('',(#2143,#2144,#2145,#2146));
#7168=EDGE_LOOP('',(#2147,#2148,#2149,#2150));
#7169=EDGE_LOOP('',(#2151,#2152,#2153,#2154));
#7170=EDGE_LOOP('',(#2155,#2156,#2157,#2158));
#7171=EDGE_LOOP('',(#2159,#2160,#2161,#2162));
#7172=EDGE_LOOP('',(#2163,#2164,#2165,#2166));
#7173=EDGE_LOOP('',(#2167,#2168,#2169,#2170));
#7174=EDGE_LOOP('',(#2171,#2172,#2173,#2174));
#7175=EDGE_LOOP('',(#2175,#2176,#2177,#2178));
#7176=EDGE_LOOP('',(#2179,#2180,#2181,#2182));
#7177=EDGE_LOOP('',(#2183,#2184,#2185,#2186));
#7178=EDGE_LOOP('',(#2187,#2188,#2189,#2190));
#7179=EDGE_LOOP('',(#2191,#2192,#2193,#2194));
#7180=EDGE_LOOP('',(#2195,#2196,#2197,#2198));
#7181=EDGE_LOOP('',(#2199,#2200,#2201,#2202));
#7182=EDGE_LOOP('',(#2203,#2204,#2205,#2206));
#7183=EDGE_LOOP('',(#2207,#2208,#2209,#2210,#2211,#2212,#2213,#2214,#2215,
#2216,#2217,#2218,#2219,#2220,#2221,#2222,#2223,#2224,#2225));
#7184=EDGE_LOOP('',(#2226,#2227,#2228,#2229));
#7185=EDGE_LOOP('',(#2230,#2231,#2232,#2233));
#7186=EDGE_LOOP('',(#2234,#2235,#2236,#2237));
#7187=EDGE_LOOP('',(#2238,#2239,#2240,#2241));
#7188=EDGE_LOOP('',(#2242,#2243,#2244,#2245));
#7189=EDGE_LOOP('',(#2246,#2247,#2248,#2249));
#7190=EDGE_LOOP('',(#2250,#2251,#2252,#2253));
#7191=EDGE_LOOP('',(#2254,#2255,#2256,#2257));
#7192=EDGE_LOOP('',(#2258,#2259,#2260,#2261));
#7193=EDGE_LOOP('',(#2262,#2263,#2264,#2265));
#7194=EDGE_LOOP('',(#2266,#2267,#2268,#2269));
#7195=EDGE_LOOP('',(#2270,#2271,#2272,#2273,#2274,#2275,#2276,#2277,#2278,
#2279,#2280));
#7196=EDGE_LOOP('',(#2281,#2282,#2283,#2284));
#7197=EDGE_LOOP('',(#2285,#2286,#2287,#2288));
#7198=EDGE_LOOP('',(#2289,#2290,#2291,#2292));
#7199=EDGE_LOOP('',(#2293,#2294,#2295,#2296));
#7200=EDGE_LOOP('',(#2297,#2298,#2299,#2300));
#7201=EDGE_LOOP('',(#2301,#2302,#2303,#2304));
#7202=EDGE_LOOP('',(#2305,#2306,#2307,#2308));
#7203=EDGE_LOOP('',(#2309,#2310,#2311,#2312));
#7204=EDGE_LOOP('',(#2313,#2314,#2315,#2316));
#7205=EDGE_LOOP('',(#2317,#2318,#2319,#2320));
#7206=EDGE_LOOP('',(#2321,#2322,#2323,#2324));
#7207=EDGE_LOOP('',(#2325,#2326,#2327,#2328));
#7208=EDGE_LOOP('',(#2329,#2330,#2331,#2332));
#7209=EDGE_LOOP('',(#2333,#2334,#2335,#2336));
#7210=EDGE_LOOP('',(#2337,#2338,#2339,#2340));
#7211=EDGE_LOOP('',(#2341,#2342,#2343,#2344));
#7212=EDGE_LOOP('',(#2345,#2346,#2347,#2348));
#7213=EDGE_LOOP('',(#2349,#2350,#2351,#2352));
#7214=EDGE_LOOP('',(#2353,#2354,#2355,#2356));
#7215=EDGE_LOOP('',(#2357,#2358,#2359,#2360));
#7216=EDGE_LOOP('',(#2361,#2362,#2363,#2364));
#7217=EDGE_LOOP('',(#2365,#2366,#2367,#2368));
#7218=EDGE_LOOP('',(#2369,#2370,#2371,#2372,#2373,#2374,#2375,#2376,#2377,
#2378,#2379,#2380,#2381,#2382,#2383,#2384,#2385,#2386,#2387,#2388,#2389,
#2390));
#7219=EDGE_LOOP('',(#2391,#2392,#2393,#2394));
#7220=EDGE_LOOP('',(#2395,#2396,#2397,#2398));
#7221=EDGE_LOOP('',(#2399,#2400,#2401,#2402));
#7222=EDGE_LOOP('',(#2403,#2404,#2405,#2406));
#7223=EDGE_LOOP('',(#2407,#2408,#2409,#2410));
#7224=EDGE_LOOP('',(#2411,#2412,#2413,#2414));
#7225=EDGE_LOOP('',(#2415,#2416,#2417,#2418));
#7226=EDGE_LOOP('',(#2419,#2420,#2421,#2422));
#7227=EDGE_LOOP('',(#2423,#2424,#2425,#2426));
#7228=EDGE_LOOP('',(#2427,#2428,#2429,#2430));
#7229=EDGE_LOOP('',(#2431,#2432,#2433,#2434));
#7230=EDGE_LOOP('',(#2435,#2436,#2437,#2438));
#7231=EDGE_LOOP('',(#2439,#2440,#2441,#2442));
#7232=EDGE_LOOP('',(#2443,#2444,#2445,#2446));
#7233=EDGE_LOOP('',(#2447,#2448,#2449,#2450));
#7234=EDGE_LOOP('',(#2451,#2452,#2453,#2454));
#7235=EDGE_LOOP('',(#2455,#2456,#2457,#2458));
#7236=EDGE_LOOP('',(#2459,#2460,#2461,#2462));
#7237=EDGE_LOOP('',(#2463,#2464,#2465,#2466));
#7238=EDGE_LOOP('',(#2467,#2468,#2469,#2470));
#7239=EDGE_LOOP('',(#2471,#2472,#2473,#2474));
#7240=EDGE_LOOP('',(#2475,#2476,#2477,#2478));
#7241=EDGE_LOOP('',(#2479,#2480,#2481,#2482));
#7242=EDGE_LOOP('',(#2483,#2484,#2485,#2486,#2487,#2488,#2489,#2490,#2491,
#2492,#2493,#2494,#2495,#2496,#2497,#2498,#2499,#2500));
#7243=EDGE_LOOP('',(#2501,#2502,#2503,#2504));
#7244=EDGE_LOOP('',(#2505,#2506,#2507,#2508));
#7245=EDGE_LOOP('',(#2509,#2510,#2511,#2512));
#7246=EDGE_LOOP('',(#2513,#2514,#2515,#2516));
#7247=EDGE_LOOP('',(#2517,#2518,#2519,#2520));
#7248=EDGE_LOOP('',(#2521,#2522,#2523,#2524));
#7249=EDGE_LOOP('',(#2525,#2526,#2527,#2528));
#7250=EDGE_LOOP('',(#2529,#2530,#2531,#2532));
#7251=EDGE_LOOP('',(#2533,#2534,#2535,#2536));
#7252=EDGE_LOOP('',(#2537,#2538,#2539,#2540));
#7253=EDGE_LOOP('',(#2541,#2542,#2543,#2544));
#7254=EDGE_LOOP('',(#2545,#2546,#2547,#2548));
#7255=EDGE_LOOP('',(#2549,#2550,#2551,#2552));
#7256=EDGE_LOOP('',(#2553,#2554,#2555,#2556));
#7257=EDGE_LOOP('',(#2557,#2558,#2559,#2560));
#7258=EDGE_LOOP('',(#2561,#2562,#2563,#2564));
#7259=EDGE_LOOP('',(#2565,#2566,#2567,#2568));
#7260=EDGE_LOOP('',(#2569,#2570,#2571,#2572));
#7261=EDGE_LOOP('',(#2573,#2574,#2575,#2576));
#7262=EDGE_LOOP('',(#2577,#2578,#2579,#2580));
#7263=EDGE_LOOP('',(#2581,#2582,#2583,#2584));
#7264=EDGE_LOOP('',(#2585,#2586,#2587,#2588));
#7265=EDGE_LOOP('',(#2589,#2590,#2591,#2592));
#7266=EDGE_LOOP('',(#2593,#2594,#2595,#2596));
#7267=EDGE_LOOP('',(#2597,#2598,#2599,#2600));
#7268=EDGE_LOOP('',(#2601,#2602,#2603,#2604,#2605,#2606,#2607,#2608,#2609,
#2610,#2611,#2612,#2613,#2614,#2615));
#7269=EDGE_LOOP('',(#2616,#2617,#2618,#2619,#2620,#2621,#2622,#2623,#2624,
#2625));
#7270=EDGE_LOOP('',(#2626,#2627,#2628,#2629,#2630,#2631,#2632,#2633,#2634,
#2635));
#7271=EDGE_LOOP('',(#2636,#2637,#2638,#2639));
#7272=EDGE_LOOP('',(#2640,#2641,#2642,#2643));
#7273=EDGE_LOOP('',(#2644,#2645,#2646,#2647));
#7274=EDGE_LOOP('',(#2648,#2649,#2650,#2651));
#7275=EDGE_LOOP('',(#2652,#2653,#2654,#2655));
#7276=EDGE_LOOP('',(#2656,#2657,#2658,#2659));
#7277=EDGE_LOOP('',(#2660,#2661,#2662,#2663));
#7278=EDGE_LOOP('',(#2664,#2665,#2666,#2667));
#7279=EDGE_LOOP('',(#2668,#2669,#2670,#2671));
#7280=EDGE_LOOP('',(#2672,#2673,#2674,#2675));
#7281=EDGE_LOOP('',(#2676,#2677,#2678,#2679));
#7282=EDGE_LOOP('',(#2680,#2681,#2682,#2683));
#7283=EDGE_LOOP('',(#2684,#2685,#2686,#2687));
#7284=EDGE_LOOP('',(#2688,#2689,#2690,#2691));
#7285=EDGE_LOOP('',(#2692,#2693,#2694,#2695));
#7286=EDGE_LOOP('',(#2696,#2697,#2698,#2699));
#7287=EDGE_LOOP('',(#2700,#2701,#2702,#2703));
#7288=EDGE_LOOP('',(#2704,#2705,#2706,#2707));
#7289=EDGE_LOOP('',(#2708,#2709,#2710,#2711));
#7290=EDGE_LOOP('',(#2712,#2713,#2714,#2715));
#7291=EDGE_LOOP('',(#2716,#2717,#2718,#2719));
#7292=EDGE_LOOP('',(#2720,#2721,#2722,#2723,#2724,#2725,#2726,#2727,#2728,
#2729,#2730,#2731,#2732));
#7293=EDGE_LOOP('',(#2733,#2734,#2735,#2736,#2737,#2738,#2739,#2740));
#7294=EDGE_LOOP('',(#2741,#2742,#2743,#2744,#2745,#2746,#2747,#2748));
#7295=EDGE_LOOP('',(#2749,#2750,#2751,#2752));
#7296=EDGE_LOOP('',(#2753,#2754,#2755,#2756));
#7297=EDGE_LOOP('',(#2757,#2758,#2759,#2760));
#7298=EDGE_LOOP('',(#2761,#2762,#2763,#2764));
#7299=EDGE_LOOP('',(#2765,#2766,#2767,#2768));
#7300=EDGE_LOOP('',(#2769,#2770,#2771,#2772));
#7301=EDGE_LOOP('',(#2773,#2774,#2775,#2776));
#7302=EDGE_LOOP('',(#2777,#2778,#2779,#2780));
#7303=EDGE_LOOP('',(#2781,#2782,#2783,#2784));
#7304=EDGE_LOOP('',(#2785,#2786,#2787,#2788));
#7305=EDGE_LOOP('',(#2789,#2790,#2791,#2792));
#7306=EDGE_LOOP('',(#2793,#2794,#2795,#2796));
#7307=EDGE_LOOP('',(#2797,#2798,#2799,#2800));
#7308=EDGE_LOOP('',(#2801,#2802,#2803,#2804));
#7309=EDGE_LOOP('',(#2805,#2806,#2807,#2808));
#7310=EDGE_LOOP('',(#2809,#2810,#2811,#2812));
#7311=EDGE_LOOP('',(#2813,#2814,#2815,#2816));
#7312=EDGE_LOOP('',(#2817,#2818,#2819,#2820));
#7313=EDGE_LOOP('',(#2821,#2822,#2823,#2824));
#7314=EDGE_LOOP('',(#2825,#2826,#2827,#2828));
#7315=EDGE_LOOP('',(#2829,#2830,#2831,#2832));
#7316=EDGE_LOOP('',(#2833,#2834,#2835,#2836));
#7317=EDGE_LOOP('',(#2837,#2838,#2839,#2840,#2841,#2842,#2843,#2844,#2845,
#2846,#2847,#2848,#2849,#2850,#2851,#2852,#2853,#2854,#2855,#2856,#2857,
#2858));
#7318=EDGE_LOOP('',(#2859,#2860,#2861,#2862));
#7319=EDGE_LOOP('',(#2863,#2864,#2865,#2866));
#7320=EDGE_LOOP('',(#2867,#2868,#2869,#2870));
#7321=EDGE_LOOP('',(#2871,#2872,#2873,#2874));
#7322=EDGE_LOOP('',(#2875,#2876,#2877,#2878));
#7323=EDGE_LOOP('',(#2879,#2880,#2881,#2882));
#7324=EDGE_LOOP('',(#2883,#2884,#2885,#2886));
#7325=EDGE_LOOP('',(#2887,#2888,#2889,#2890));
#7326=EDGE_LOOP('',(#2891,#2892,#2893,#2894));
#7327=EDGE_LOOP('',(#2895,#2896,#2897,#2898));
#7328=EDGE_LOOP('',(#2899,#2900,#2901,#2902));
#7329=EDGE_LOOP('',(#2903,#2904,#2905,#2906));
#7330=EDGE_LOOP('',(#2907,#2908,#2909,#2910));
#7331=EDGE_LOOP('',(#2911,#2912,#2913,#2914));
#7332=EDGE_LOOP('',(#2915,#2916,#2917,#2918));
#7333=EDGE_LOOP('',(#2919,#2920,#2921,#2922));
#7334=EDGE_LOOP('',(#2923,#2924,#2925,#2926));
#7335=EDGE_LOOP('',(#2927,#2928,#2929,#2930));
#7336=EDGE_LOOP('',(#2931,#2932,#2933,#2934));
#7337=EDGE_LOOP('',(#2935,#2936,#2937,#2938));
#7338=EDGE_LOOP('',(#2939,#2940,#2941,#2942));
#7339=EDGE_LOOP('',(#2943,#2944,#2945,#2946));
#7340=EDGE_LOOP('',(#2947,#2948,#2949,#2950));
#7341=EDGE_LOOP('',(#2951,#2952,#2953,#2954));
#7342=EDGE_LOOP('',(#2955,#2956,#2957,#2958));
#7343=EDGE_LOOP('',(#2959,#2960,#2961,#2962));
#7344=EDGE_LOOP('',(#2963,#2964,#2965,#2966));
#7345=EDGE_LOOP('',(#2967,#2968,#2969,#2970));
#7346=EDGE_LOOP('',(#2971,#2972,#2973,#2974));
#7347=EDGE_LOOP('',(#2975,#2976,#2977,#2978));
#7348=EDGE_LOOP('',(#2979,#2980,#2981,#2982));
#7349=EDGE_LOOP('',(#2983,#2984,#2985,#2986));
#7350=EDGE_LOOP('',(#2987,#2988,#2989,#2990));
#7351=EDGE_LOOP('',(#2991,#2992,#2993,#2994));
#7352=EDGE_LOOP('',(#2995,#2996,#2997,#2998,#2999,#3000,#3001,#3002,#3003,
#3004,#3005,#3006,#3007));
#7353=EDGE_LOOP('',(#3008,#3009,#3010,#3011,#3012,#3013,#3014,#3015));
#7354=EDGE_LOOP('',(#3016,#3017,#3018,#3019,#3020,#3021,#3022,#3023));
#7355=EDGE_LOOP('',(#3024,#3025,#3026,#3027,#3028,#3029,#3030,#3031));
#7356=EDGE_LOOP('',(#3032,#3033,#3034,#3035,#3036,#3037,#3038,#3039));
#7357=EDGE_LOOP('',(#3040,#3041,#3042,#3043));
#7358=EDGE_LOOP('',(#3044,#3045,#3046,#3047));
#7359=EDGE_LOOP('',(#3048,#3049,#3050,#3051));
#7360=EDGE_LOOP('',(#3052,#3053,#3054,#3055));
#7361=EDGE_LOOP('',(#3056,#3057,#3058,#3059));
#7362=EDGE_LOOP('',(#3060,#3061,#3062,#3063));
#7363=EDGE_LOOP('',(#3064,#3065,#3066,#3067));
#7364=EDGE_LOOP('',(#3068,#3069,#3070,#3071));
#7365=EDGE_LOOP('',(#3072,#3073,#3074,#3075));
#7366=EDGE_LOOP('',(#3076,#3077,#3078,#3079));
#7367=EDGE_LOOP('',(#3080,#3081,#3082,#3083));
#7368=EDGE_LOOP('',(#3084,#3085,#3086,#3087));
#7369=EDGE_LOOP('',(#3088,#3089,#3090,#3091));
#7370=EDGE_LOOP('',(#3092,#3093,#3094,#3095));
#7371=EDGE_LOOP('',(#3096,#3097,#3098,#3099));
#7372=EDGE_LOOP('',(#3100,#3101,#3102,#3103));
#7373=EDGE_LOOP('',(#3104,#3105,#3106,#3107));
#7374=EDGE_LOOP('',(#3108,#3109,#3110,#3111));
#7375=EDGE_LOOP('',(#3112,#3113,#3114,#3115));
#7376=EDGE_LOOP('',(#3116,#3117,#3118,#3119));
#7377=EDGE_LOOP('',(#3120,#3121,#3122,#3123));
#7378=EDGE_LOOP('',(#3124,#3125,#3126,#3127));
#7379=EDGE_LOOP('',(#3128,#3129,#3130,#3131,#3132,#3133,#3134,#3135,#3136,
#3137,#3138,#3139));
#7380=EDGE_LOOP('',(#3140,#3141,#3142,#3143,#3144,#3145,#3146,#3147,#3148,
#3149));
#7381=EDGE_LOOP('',(#3150,#3151,#3152,#3153,#3154,#3155,#3156,#3157,#3158,
#3159));
#7382=EDGE_LOOP('',(#3160,#3161,#3162,#3163));
#7383=EDGE_LOOP('',(#3164,#3165,#3166,#3167));
#7384=EDGE_LOOP('',(#3168,#3169,#3170,#3171));
#7385=EDGE_LOOP('',(#3172,#3173,#3174,#3175));
#7386=EDGE_LOOP('',(#3176,#3177,#3178,#3179));
#7387=EDGE_LOOP('',(#3180,#3181,#3182,#3183));
#7388=EDGE_LOOP('',(#3184,#3185,#3186,#3187));
#7389=EDGE_LOOP('',(#3188,#3189,#3190,#3191));
#7390=EDGE_LOOP('',(#3192,#3193,#3194,#3195));
#7391=EDGE_LOOP('',(#3196,#3197,#3198,#3199));
#7392=EDGE_LOOP('',(#3200,#3201,#3202,#3203));
#7393=EDGE_LOOP('',(#3204,#3205,#3206,#3207,#3208,#3209,#3210,#3211));
#7394=EDGE_LOOP('',(#3212,#3213,#3214));
#7395=EDGE_LOOP('',(#3215,#3216,#3217));
#7396=EDGE_LOOP('',(#3218,#3219,#3220,#3221));
#7397=EDGE_LOOP('',(#3222,#3223,#3224,#3225));
#7398=EDGE_LOOP('',(#3226,#3227,#3228,#3229));
#7399=EDGE_LOOP('',(#3230,#3231,#3232,#3233));
#7400=EDGE_LOOP('',(#3234,#3235,#3236,#3237));
#7401=EDGE_LOOP('',(#3238,#3239,#3240,#3241));
#7402=EDGE_LOOP('',(#3242,#3243,#3244,#3245));
#7403=EDGE_LOOP('',(#3246,#3247,#3248,#3249));
#7404=EDGE_LOOP('',(#3250,#3251,#3252,#3253,#3254,#3255,#3256,#3257));
#7405=EDGE_LOOP('',(#3258));
#7406=EDGE_LOOP('',(#3259));
#7407=EDGE_LOOP('',(#3260));
#7408=EDGE_LOOP('',(#3261));
#7409=EDGE_LOOP('',(#3262,#3263,#3264,#3265,#3266,#3267,#3268,#3269,#3270));
#7410=EDGE_LOOP('',(#3271,#3272,#3273,#3274));
#7411=EDGE_LOOP('',(#3275));
#7412=EDGE_LOOP('',(#3276,#3277,#3278,#3279,#3280));
#7413=EDGE_LOOP('',(#3281));
#7414=EDGE_LOOP('',(#3282));
#7415=EDGE_LOOP('',(#3283));
#7416=EDGE_LOOP('',(#3284,#3285,#3286,#3287));
#7417=EDGE_LOOP('',(#3288,#3289,#3290,#3291));
#7418=EDGE_LOOP('',(#3292,#3293,#3294,#3295));
#7419=EDGE_LOOP('',(#3296,#3297,#3298,#3299));
#7420=EDGE_LOOP('',(#3300,#3301,#3302,#3303,#3304,#3305,#3306,#3307));
#7421=EDGE_LOOP('',(#3308));
#7422=EDGE_LOOP('',(#3309));
#7423=EDGE_LOOP('',(#3310));
#7424=EDGE_LOOP('',(#3311));
#7425=EDGE_LOOP('',(#3312));
#7426=EDGE_LOOP('',(#3313));
#7427=EDGE_LOOP('',(#3314,#3315,#3316,#3317));
#7428=EDGE_LOOP('',(#3318,#3319,#3320,#3321));
#7429=EDGE_LOOP('',(#3322,#3323,#3324,#3325));
#7430=EDGE_LOOP('',(#3326,#3327,#3328,#3329));
#7431=EDGE_LOOP('',(#3330,#3331,#3332,#3333));
#7432=EDGE_LOOP('',(#3334,#3335,#3336,#3337));
#7433=EDGE_LOOP('',(#3338,#3339,#3340,#3341));
#7434=EDGE_LOOP('',(#3342,#3343,#3344,#3345));
#7435=EDGE_LOOP('',(#3346,#3347,#3348,#3349));
#7436=EDGE_LOOP('',(#3350));
#7437=EDGE_LOOP('',(#3351));
#7438=FACE_BOUND('',#6921,.T.);
#7439=FACE_BOUND('',#6922,.T.);
#7440=FACE_BOUND('',#6923,.T.);
#7441=FACE_BOUND('',#6924,.T.);
#7442=FACE_BOUND('',#6925,.T.);
#7443=FACE_BOUND('',#6926,.T.);
#7444=FACE_BOUND('',#6927,.T.);
#7445=FACE_BOUND('',#6928,.T.);
#7446=FACE_BOUND('',#6929,.T.);
#7447=FACE_BOUND('',#6930,.T.);
#7448=FACE_BOUND('',#6931,.T.);
#7449=FACE_BOUND('',#6932,.T.);
#7450=FACE_BOUND('',#6933,.T.);
#7451=FACE_BOUND('',#6934,.T.);
#7452=FACE_BOUND('',#6935,.T.);
#7453=FACE_BOUND('',#6936,.T.);
#7454=FACE_BOUND('',#6937,.T.);
#7455=FACE_BOUND('',#6938,.T.);
#7456=FACE_BOUND('',#6939,.T.);
#7457=FACE_BOUND('',#6940,.T.);
#7458=FACE_BOUND('',#6941,.T.);
#7459=FACE_BOUND('',#6942,.T.);
#7460=FACE_BOUND('',#6943,.T.);
#7461=FACE_BOUND('',#6944,.T.);
#7462=FACE_BOUND('',#6945,.T.);
#7463=FACE_BOUND('',#6946,.T.);
#7464=FACE_BOUND('',#6947,.T.);
#7465=FACE_BOUND('',#6948,.T.);
#7466=FACE_BOUND('',#6949,.T.);
#7467=FACE_BOUND('',#6950,.T.);
#7468=FACE_BOUND('',#6951,.T.);
#7469=FACE_BOUND('',#6952,.T.);
#7470=FACE_BOUND('',#6953,.T.);
#7471=FACE_BOUND('',#6954,.T.);
#7472=FACE_BOUND('',#6955,.T.);
#7473=FACE_BOUND('',#6956,.T.);
#7474=FACE_BOUND('',#6957,.T.);
#7475=FACE_BOUND('',#6958,.T.);
#7476=FACE_BOUND('',#6959,.T.);
#7477=FACE_BOUND('',#6960,.T.);
#7478=FACE_BOUND('',#6961,.T.);
#7479=FACE_BOUND('',#6962,.T.);
#7480=FACE_BOUND('',#6963,.T.);
#7481=FACE_BOUND('',#6964,.T.);
#7482=FACE_BOUND('',#6965,.T.);
#7483=FACE_BOUND('',#6966,.T.);
#7484=FACE_BOUND('',#6967,.T.);
#7485=FACE_BOUND('',#6968,.T.);
#7486=FACE_BOUND('',#6969,.T.);
#7487=FACE_BOUND('',#6970,.T.);
#7488=FACE_BOUND('',#6971,.T.);
#7489=FACE_BOUND('',#6972,.T.);
#7490=FACE_BOUND('',#6973,.T.);
#7491=FACE_BOUND('',#6974,.T.);
#7492=FACE_BOUND('',#6975,.T.);
#7493=FACE_BOUND('',#6976,.T.);
#7494=FACE_BOUND('',#6977,.T.);
#7495=FACE_BOUND('',#6978,.T.);
#7496=FACE_BOUND('',#6979,.T.);
#7497=FACE_BOUND('',#6980,.T.);
#7498=FACE_BOUND('',#6981,.T.);
#7499=FACE_BOUND('',#6982,.T.);
#7500=FACE_BOUND('',#6983,.T.);
#7501=FACE_BOUND('',#6984,.T.);
#7502=FACE_BOUND('',#6985,.T.);
#7503=FACE_BOUND('',#6986,.T.);
#7504=FACE_BOUND('',#6987,.T.);
#7505=FACE_BOUND('',#6988,.T.);
#7506=FACE_BOUND('',#6989,.T.);
#7507=FACE_BOUND('',#6990,.T.);
#7508=FACE_BOUND('',#6991,.T.);
#7509=FACE_BOUND('',#6992,.T.);
#7510=FACE_BOUND('',#6993,.T.);
#7511=FACE_BOUND('',#6994,.T.);
#7512=FACE_BOUND('',#6995,.T.);
#7513=FACE_BOUND('',#6996,.T.);
#7514=FACE_BOUND('',#6997,.T.);
#7515=FACE_BOUND('',#6998,.T.);
#7516=FACE_BOUND('',#6999,.T.);
#7517=FACE_BOUND('',#7000,.T.);
#7518=FACE_BOUND('',#7001,.T.);
#7519=FACE_BOUND('',#7002,.T.);
#7520=FACE_BOUND('',#7003,.T.);
#7521=FACE_BOUND('',#7004,.T.);
#7522=FACE_BOUND('',#7005,.T.);
#7523=FACE_BOUND('',#7006,.T.);
#7524=FACE_BOUND('',#7007,.T.);
#7525=FACE_BOUND('',#7008,.T.);
#7526=FACE_BOUND('',#7009,.T.);
#7527=FACE_BOUND('',#7010,.T.);
#7528=FACE_BOUND('',#7011,.T.);
#7529=FACE_BOUND('',#7012,.T.);
#7530=FACE_BOUND('',#7013,.T.);
#7531=FACE_BOUND('',#7014,.T.);
#7532=FACE_BOUND('',#7015,.T.);
#7533=FACE_BOUND('',#7016,.T.);
#7534=FACE_BOUND('',#7017,.T.);
#7535=FACE_BOUND('',#7018,.T.);
#7536=FACE_BOUND('',#7019,.T.);
#7537=FACE_BOUND('',#7020,.T.);
#7538=FACE_BOUND('',#7021,.T.);
#7539=FACE_BOUND('',#7022,.T.);
#7540=FACE_BOUND('',#7023,.T.);
#7541=FACE_BOUND('',#7024,.T.);
#7542=FACE_BOUND('',#7025,.T.);
#7543=FACE_BOUND('',#7026,.T.);
#7544=FACE_BOUND('',#7027,.T.);
#7545=FACE_BOUND('',#7028,.T.);
#7546=FACE_BOUND('',#7029,.T.);
#7547=FACE_BOUND('',#7030,.T.);
#7548=FACE_BOUND('',#7031,.T.);
#7549=FACE_BOUND('',#7032,.T.);
#7550=FACE_BOUND('',#7033,.T.);
#7551=FACE_BOUND('',#7034,.T.);
#7552=FACE_BOUND('',#7035,.T.);
#7553=FACE_BOUND('',#7036,.T.);
#7554=FACE_BOUND('',#7037,.T.);
#7555=FACE_BOUND('',#7038,.T.);
#7556=FACE_BOUND('',#7039,.T.);
#7557=FACE_BOUND('',#7040,.T.);
#7558=FACE_BOUND('',#7041,.T.);
#7559=FACE_BOUND('',#7042,.T.);
#7560=FACE_BOUND('',#7043,.T.);
#7561=FACE_BOUND('',#7044,.T.);
#7562=FACE_BOUND('',#7045,.T.);
#7563=FACE_BOUND('',#7046,.T.);
#7564=FACE_BOUND('',#7047,.T.);
#7565=FACE_BOUND('',#7048,.T.);
#7566=FACE_BOUND('',#7049,.T.);
#7567=FACE_BOUND('',#7050,.T.);
#7568=FACE_BOUND('',#7051,.T.);
#7569=FACE_BOUND('',#7052,.T.);
#7570=FACE_BOUND('',#7053,.T.);
#7571=FACE_BOUND('',#7054,.T.);
#7572=FACE_BOUND('',#7055,.T.);
#7573=FACE_BOUND('',#7056,.T.);
#7574=FACE_BOUND('',#7057,.T.);
#7575=FACE_BOUND('',#7058,.T.);
#7576=FACE_BOUND('',#7059,.T.);
#7577=FACE_BOUND('',#7060,.T.);
#7578=FACE_BOUND('',#7061,.T.);
#7579=FACE_BOUND('',#7062,.T.);
#7580=FACE_BOUND('',#7063,.T.);
#7581=FACE_BOUND('',#7064,.T.);
#7582=FACE_BOUND('',#7065,.T.);
#7583=FACE_BOUND('',#7066,.T.);
#7584=FACE_BOUND('',#7067,.T.);
#7585=FACE_BOUND('',#7068,.T.);
#7586=FACE_BOUND('',#7069,.T.);
#7587=FACE_BOUND('',#7070,.T.);
#7588=FACE_BOUND('',#7071,.T.);
#7589=FACE_BOUND('',#7072,.T.);
#7590=FACE_BOUND('',#7073,.T.);
#7591=FACE_BOUND('',#7074,.T.);
#7592=FACE_BOUND('',#7075,.T.);
#7593=FACE_BOUND('',#7076,.T.);
#7594=FACE_BOUND('',#7077,.T.);
#7595=FACE_BOUND('',#7078,.T.);
#7596=FACE_BOUND('',#7079,.T.);
#7597=FACE_BOUND('',#7080,.T.);
#7598=FACE_BOUND('',#7081,.T.);
#7599=FACE_BOUND('',#7082,.T.);
#7600=FACE_BOUND('',#7083,.T.);
#7601=FACE_BOUND('',#7084,.T.);
#7602=FACE_BOUND('',#7085,.T.);
#7603=FACE_BOUND('',#7086,.T.);
#7604=FACE_BOUND('',#7087,.T.);
#7605=FACE_BOUND('',#7088,.T.);
#7606=FACE_BOUND('',#7089,.T.);
#7607=FACE_BOUND('',#7090,.T.);
#7608=FACE_BOUND('',#7091,.T.);
#7609=FACE_BOUND('',#7092,.T.);
#7610=FACE_BOUND('',#7093,.T.);
#7611=FACE_BOUND('',#7094,.T.);
#7612=FACE_BOUND('',#7095,.T.);
#7613=FACE_BOUND('',#7096,.T.);
#7614=FACE_BOUND('',#7097,.T.);
#7615=FACE_BOUND('',#7098,.T.);
#7616=FACE_BOUND('',#7099,.T.);
#7617=FACE_BOUND('',#7100,.T.);
#7618=FACE_BOUND('',#7101,.T.);
#7619=FACE_BOUND('',#7102,.T.);
#7620=FACE_BOUND('',#7103,.T.);
#7621=FACE_BOUND('',#7104,.T.);
#7622=FACE_BOUND('',#7105,.T.);
#7623=FACE_BOUND('',#7106,.T.);
#7624=FACE_BOUND('',#7107,.T.);
#7625=FACE_BOUND('',#7108,.T.);
#7626=FACE_BOUND('',#7109,.T.);
#7627=FACE_BOUND('',#7110,.T.);
#7628=FACE_BOUND('',#7111,.T.);
#7629=FACE_BOUND('',#7112,.T.);
#7630=FACE_BOUND('',#7113,.T.);
#7631=FACE_BOUND('',#7114,.T.);
#7632=FACE_BOUND('',#7115,.T.);
#7633=FACE_BOUND('',#7116,.T.);
#7634=FACE_BOUND('',#7117,.T.);
#7635=FACE_BOUND('',#7118,.T.);
#7636=FACE_BOUND('',#7119,.T.);
#7637=FACE_BOUND('',#7120,.T.);
#7638=FACE_BOUND('',#7121,.T.);
#7639=FACE_BOUND('',#7122,.T.);
#7640=FACE_BOUND('',#7123,.T.);
#7641=FACE_BOUND('',#7124,.T.);
#7642=FACE_BOUND('',#7125,.T.);
#7643=FACE_BOUND('',#7126,.T.);
#7644=FACE_BOUND('',#7127,.T.);
#7645=FACE_BOUND('',#7128,.T.);
#7646=FACE_BOUND('',#7129,.T.);
#7647=FACE_BOUND('',#7130,.T.);
#7648=FACE_BOUND('',#7131,.T.);
#7649=FACE_BOUND('',#7132,.T.);
#7650=FACE_BOUND('',#7133,.T.);
#7651=FACE_BOUND('',#7134,.T.);
#7652=FACE_BOUND('',#7135,.T.);
#7653=FACE_BOUND('',#7136,.T.);
#7654=FACE_BOUND('',#7137,.T.);
#7655=FACE_BOUND('',#7138,.T.);
#7656=FACE_BOUND('',#7139,.T.);
#7657=FACE_BOUND('',#7140,.T.);
#7658=FACE_BOUND('',#7141,.T.);
#7659=FACE_BOUND('',#7142,.T.);
#7660=FACE_BOUND('',#7143,.T.);
#7661=FACE_BOUND('',#7144,.T.);
#7662=FACE_BOUND('',#7145,.T.);
#7663=FACE_BOUND('',#7146,.T.);
#7664=FACE_BOUND('',#7147,.T.);
#7665=FACE_BOUND('',#7148,.T.);
#7666=FACE_BOUND('',#7149,.T.);
#7667=FACE_BOUND('',#7150,.T.);
#7668=FACE_BOUND('',#7151,.T.);
#7669=FACE_BOUND('',#7152,.T.);
#7670=FACE_BOUND('',#7153,.T.);
#7671=FACE_BOUND('',#7154,.T.);
#7672=FACE_BOUND('',#7155,.T.);
#7673=FACE_BOUND('',#7156,.T.);
#7674=FACE_BOUND('',#7157,.T.);
#7675=FACE_BOUND('',#7158,.T.);
#7676=FACE_BOUND('',#7159,.T.);
#7677=FACE_BOUND('',#7160,.T.);
#7678=FACE_BOUND('',#7161,.T.);
#7679=FACE_BOUND('',#7162,.T.);
#7680=FACE_BOUND('',#7163,.T.);
#7681=FACE_BOUND('',#7164,.T.);
#7682=FACE_BOUND('',#7165,.T.);
#7683=FACE_BOUND('',#7166,.T.);
#7684=FACE_BOUND('',#7167,.T.);
#7685=FACE_BOUND('',#7168,.T.);
#7686=FACE_BOUND('',#7169,.T.);
#7687=FACE_BOUND('',#7170,.T.);
#7688=FACE_BOUND('',#7171,.T.);
#7689=FACE_BOUND('',#7172,.T.);
#7690=FACE_BOUND('',#7173,.T.);
#7691=FACE_BOUND('',#7174,.T.);
#7692=FACE_BOUND('',#7175,.T.);
#7693=FACE_BOUND('',#7176,.T.);
#7694=FACE_BOUND('',#7177,.T.);
#7695=FACE_BOUND('',#7178,.T.);
#7696=FACE_BOUND('',#7179,.T.);
#7697=FACE_BOUND('',#7180,.T.);
#7698=FACE_BOUND('',#7181,.T.);
#7699=FACE_BOUND('',#7182,.T.);
#7700=FACE_BOUND('',#7183,.T.);
#7701=FACE_BOUND('',#7184,.T.);
#7702=FACE_BOUND('',#7185,.T.);
#7703=FACE_BOUND('',#7186,.T.);
#7704=FACE_BOUND('',#7187,.T.);
#7705=FACE_BOUND('',#7188,.T.);
#7706=FACE_BOUND('',#7189,.T.);
#7707=FACE_BOUND('',#7190,.T.);
#7708=FACE_BOUND('',#7191,.T.);
#7709=FACE_BOUND('',#7192,.T.);
#7710=FACE_BOUND('',#7193,.T.);
#7711=FACE_BOUND('',#7194,.T.);
#7712=FACE_BOUND('',#7195,.T.);
#7713=FACE_BOUND('',#7196,.T.);
#7714=FACE_BOUND('',#7197,.T.);
#7715=FACE_BOUND('',#7198,.T.);
#7716=FACE_BOUND('',#7199,.T.);
#7717=FACE_BOUND('',#7200,.T.);
#7718=FACE_BOUND('',#7201,.T.);
#7719=FACE_BOUND('',#7202,.T.);
#7720=FACE_BOUND('',#7203,.T.);
#7721=FACE_BOUND('',#7204,.T.);
#7722=FACE_BOUND('',#7205,.T.);
#7723=FACE_BOUND('',#7206,.T.);
#7724=FACE_BOUND('',#7207,.T.);
#7725=FACE_BOUND('',#7208,.T.);
#7726=FACE_BOUND('',#7209,.T.);
#7727=FACE_BOUND('',#7210,.T.);
#7728=FACE_BOUND('',#7211,.T.);
#7729=FACE_BOUND('',#7212,.T.);
#7730=FACE_BOUND('',#7213,.T.);
#7731=FACE_BOUND('',#7214,.T.);
#7732=FACE_BOUND('',#7215,.T.);
#7733=FACE_BOUND('',#7216,.T.);
#7734=FACE_BOUND('',#7217,.T.);
#7735=FACE_BOUND('',#7218,.T.);
#7736=FACE_BOUND('',#7219,.T.);
#7737=FACE_BOUND('',#7220,.T.);
#7738=FACE_BOUND('',#7221,.T.);
#7739=FACE_BOUND('',#7222,.T.);
#7740=FACE_BOUND('',#7223,.T.);
#7741=FACE_BOUND('',#7224,.T.);
#7742=FACE_BOUND('',#7225,.T.);
#7743=FACE_BOUND('',#7226,.T.);
#7744=FACE_BOUND('',#7227,.T.);
#7745=FACE_BOUND('',#7228,.T.);
#7746=FACE_BOUND('',#7229,.T.);
#7747=FACE_BOUND('',#7230,.T.);
#7748=FACE_BOUND('',#7231,.T.);
#7749=FACE_BOUND('',#7232,.T.);
#7750=FACE_BOUND('',#7233,.T.);
#7751=FACE_BOUND('',#7234,.T.);
#7752=FACE_BOUND('',#7235,.T.);
#7753=FACE_BOUND('',#7236,.T.);
#7754=FACE_BOUND('',#7237,.T.);
#7755=FACE_BOUND('',#7238,.T.);
#7756=FACE_BOUND('',#7239,.T.);
#7757=FACE_BOUND('',#7240,.T.);
#7758=FACE_BOUND('',#7241,.T.);
#7759=FACE_BOUND('',#7242,.T.);
#7760=FACE_BOUND('',#7243,.T.);
#7761=FACE_BOUND('',#7244,.T.);
#7762=FACE_BOUND('',#7245,.T.);
#7763=FACE_BOUND('',#7246,.T.);
#7764=FACE_BOUND('',#7247,.T.);
#7765=FACE_BOUND('',#7248,.T.);
#7766=FACE_BOUND('',#7249,.T.);
#7767=FACE_BOUND('',#7250,.T.);
#7768=FACE_BOUND('',#7251,.T.);
#7769=FACE_BOUND('',#7252,.T.);
#7770=FACE_BOUND('',#7253,.T.);
#7771=FACE_BOUND('',#7254,.T.);
#7772=FACE_BOUND('',#7255,.T.);
#7773=FACE_BOUND('',#7256,.T.);
#7774=FACE_BOUND('',#7257,.T.);
#7775=FACE_BOUND('',#7258,.T.);
#7776=FACE_BOUND('',#7259,.T.);
#7777=FACE_BOUND('',#7260,.T.);
#7778=FACE_BOUND('',#7261,.T.);
#7779=FACE_BOUND('',#7262,.T.);
#7780=FACE_BOUND('',#7263,.T.);
#7781=FACE_BOUND('',#7264,.T.);
#7782=FACE_BOUND('',#7265,.T.);
#7783=FACE_BOUND('',#7266,.T.);
#7784=FACE_BOUND('',#7267,.T.);
#7785=FACE_BOUND('',#7268,.T.);
#7786=FACE_BOUND('',#7269,.T.);
#7787=FACE_BOUND('',#7270,.T.);
#7788=FACE_BOUND('',#7271,.T.);
#7789=FACE_BOUND('',#7272,.T.);
#7790=FACE_BOUND('',#7273,.T.);
#7791=FACE_BOUND('',#7274,.T.);
#7792=FACE_BOUND('',#7275,.T.);
#7793=FACE_BOUND('',#7276,.T.);
#7794=FACE_BOUND('',#7277,.T.);
#7795=FACE_BOUND('',#7278,.T.);
#7796=FACE_BOUND('',#7279,.T.);
#7797=FACE_BOUND('',#7280,.T.);
#7798=FACE_BOUND('',#7281,.T.);
#7799=FACE_BOUND('',#7282,.T.);
#7800=FACE_BOUND('',#7283,.T.);
#7801=FACE_BOUND('',#7284,.T.);
#7802=FACE_BOUND('',#7285,.T.);
#7803=FACE_BOUND('',#7286,.T.);
#7804=FACE_BOUND('',#7287,.T.);
#7805=FACE_BOUND('',#7288,.T.);
#7806=FACE_BOUND('',#7289,.T.);
#7807=FACE_BOUND('',#7290,.T.);
#7808=FACE_BOUND('',#7291,.T.);
#7809=FACE_BOUND('',#7292,.T.);
#7810=FACE_BOUND('',#7293,.T.);
#7811=FACE_BOUND('',#7294,.T.);
#7812=FACE_BOUND('',#7295,.T.);
#7813=FACE_BOUND('',#7296,.T.);
#7814=FACE_BOUND('',#7297,.T.);
#7815=FACE_BOUND('',#7298,.T.);
#7816=FACE_BOUND('',#7299,.T.);
#7817=FACE_BOUND('',#7300,.T.);
#7818=FACE_BOUND('',#7301,.T.);
#7819=FACE_BOUND('',#7302,.T.);
#7820=FACE_BOUND('',#7303,.T.);
#7821=FACE_BOUND('',#7304,.T.);
#7822=FACE_BOUND('',#7305,.T.);
#7823=FACE_BOUND('',#7306,.T.);
#7824=FACE_BOUND('',#7307,.T.);
#7825=FACE_BOUND('',#7308,.T.);
#7826=FACE_BOUND('',#7309,.T.);
#7827=FACE_BOUND('',#7310,.T.);
#7828=FACE_BOUND('',#7311,.T.);
#7829=FACE_BOUND('',#7312,.T.);
#7830=FACE_BOUND('',#7313,.T.);
#7831=FACE_BOUND('',#7314,.T.);
#7832=FACE_BOUND('',#7315,.T.);
#7833=FACE_BOUND('',#7316,.T.);
#7834=FACE_BOUND('',#7317,.T.);
#7835=FACE_BOUND('',#7318,.T.);
#7836=FACE_BOUND('',#7319,.T.);
#7837=FACE_BOUND('',#7320,.T.);
#7838=FACE_BOUND('',#7321,.T.);
#7839=FACE_BOUND('',#7322,.T.);
#7840=FACE_BOUND('',#7323,.T.);
#7841=FACE_BOUND('',#7324,.T.);
#7842=FACE_BOUND('',#7325,.T.);
#7843=FACE_BOUND('',#7326,.T.);
#7844=FACE_BOUND('',#7327,.T.);
#7845=FACE_BOUND('',#7328,.T.);
#7846=FACE_BOUND('',#7329,.T.);
#7847=FACE_BOUND('',#7330,.T.);
#7848=FACE_BOUND('',#7331,.T.);
#7849=FACE_BOUND('',#7332,.T.);
#7850=FACE_BOUND('',#7333,.T.);
#7851=FACE_BOUND('',#7334,.T.);
#7852=FACE_BOUND('',#7335,.T.);
#7853=FACE_BOUND('',#7336,.T.);
#7854=FACE_BOUND('',#7337,.T.);
#7855=FACE_BOUND('',#7338,.T.);
#7856=FACE_BOUND('',#7339,.T.);
#7857=FACE_BOUND('',#7340,.T.);
#7858=FACE_BOUND('',#7341,.T.);
#7859=FACE_BOUND('',#7342,.T.);
#7860=FACE_BOUND('',#7343,.T.);
#7861=FACE_BOUND('',#7344,.T.);
#7862=FACE_BOUND('',#7345,.T.);
#7863=FACE_BOUND('',#7346,.T.);
#7864=FACE_BOUND('',#7347,.T.);
#7865=FACE_BOUND('',#7348,.T.);
#7866=FACE_BOUND('',#7349,.T.);
#7867=FACE_BOUND('',#7350,.T.);
#7868=FACE_BOUND('',#7351,.T.);
#7869=FACE_BOUND('',#7352,.T.);
#7870=FACE_BOUND('',#7353,.T.);
#7871=FACE_BOUND('',#7354,.T.);
#7872=FACE_BOUND('',#7355,.T.);
#7873=FACE_BOUND('',#7356,.T.);
#7874=FACE_BOUND('',#7357,.T.);
#7875=FACE_BOUND('',#7358,.T.);
#7876=FACE_BOUND('',#7359,.T.);
#7877=FACE_BOUND('',#7360,.T.);
#7878=FACE_BOUND('',#7361,.T.);
#7879=FACE_BOUND('',#7362,.T.);
#7880=FACE_BOUND('',#7363,.T.);
#7881=FACE_BOUND('',#7364,.T.);
#7882=FACE_BOUND('',#7365,.T.);
#7883=FACE_BOUND('',#7366,.T.);
#7884=FACE_BOUND('',#7367,.T.);
#7885=FACE_BOUND('',#7368,.T.);
#7886=FACE_BOUND('',#7369,.T.);
#7887=FACE_BOUND('',#7370,.T.);
#7888=FACE_BOUND('',#7371,.T.);
#7889=FACE_BOUND('',#7372,.T.);
#7890=FACE_BOUND('',#7373,.T.);
#7891=FACE_BOUND('',#7374,.T.);
#7892=FACE_BOUND('',#7375,.T.);
#7893=FACE_BOUND('',#7376,.T.);
#7894=FACE_BOUND('',#7377,.T.);
#7895=FACE_BOUND('',#7378,.T.);
#7896=FACE_BOUND('',#7379,.T.);
#7897=FACE_BOUND('',#7380,.T.);
#7898=FACE_BOUND('',#7381,.T.);
#7899=FACE_BOUND('',#7382,.T.);
#7900=FACE_BOUND('',#7383,.T.);
#7901=FACE_BOUND('',#7384,.T.);
#7902=FACE_BOUND('',#7385,.T.);
#7903=FACE_BOUND('',#7386,.T.);
#7904=FACE_BOUND('',#7387,.T.);
#7905=FACE_BOUND('',#7388,.T.);
#7906=FACE_BOUND('',#7389,.T.);
#7907=FACE_BOUND('',#7390,.T.);
#7908=FACE_BOUND('',#7391,.T.);
#7909=FACE_BOUND('',#7392,.T.);
#7910=FACE_BOUND('',#7393,.T.);
#7911=FACE_BOUND('',#7394,.T.);
#7912=FACE_BOUND('',#7395,.T.);
#7913=FACE_BOUND('',#7396,.T.);
#7914=FACE_BOUND('',#7397,.T.);
#7915=FACE_BOUND('',#7398,.T.);
#7916=FACE_BOUND('',#7399,.T.);
#7917=FACE_BOUND('',#7400,.T.);
#7918=FACE_BOUND('',#7401,.T.);
#7919=FACE_BOUND('',#7402,.T.);
#7920=FACE_BOUND('',#7403,.T.);
#7921=FACE_BOUND('',#7404,.T.);
#7922=FACE_BOUND('',#7405,.T.);
#7923=FACE_BOUND('',#7406,.T.);
#7924=FACE_BOUND('',#7407,.T.);
#7925=FACE_BOUND('',#7408,.T.);
#7926=FACE_BOUND('',#7409,.T.);
#7927=FACE_BOUND('',#7410,.T.);
#7928=FACE_BOUND('',#7411,.T.);
#7929=FACE_BOUND('',#7412,.T.);
#7930=FACE_BOUND('',#7413,.T.);
#7931=FACE_BOUND('',#7414,.T.);
#7932=FACE_BOUND('',#7415,.T.);
#7933=FACE_BOUND('',#7416,.T.);
#7934=FACE_BOUND('',#7417,.T.);
#7935=FACE_BOUND('',#7418,.T.);
#7936=FACE_BOUND('',#7419,.T.);
#7937=FACE_BOUND('',#7420,.T.);
#7938=FACE_BOUND('',#7421,.T.);
#7939=FACE_BOUND('',#7422,.T.);
#7940=FACE_BOUND('',#7423,.T.);
#7941=FACE_BOUND('',#7424,.T.);
#7942=FACE_BOUND('',#7425,.T.);
#7943=FACE_BOUND('',#7426,.T.);
#7944=FACE_BOUND('',#7427,.T.);
#7945=FACE_BOUND('',#7428,.T.);
#7946=FACE_BOUND('',#7429,.T.);
#7947=FACE_BOUND('',#7430,.T.);
#7948=FACE_BOUND('',#7431,.T.);
#7949=FACE_BOUND('',#7432,.T.);
#7950=FACE_BOUND('',#7433,.T.);
#7951=FACE_BOUND('',#7434,.T.);
#7952=FACE_BOUND('',#7435,.T.);
#7953=FACE_BOUND('',#7436,.T.);
#7954=FACE_BOUND('',#7437,.T.);
#7955=PLANE('',#8642);
#7956=PLANE('',#8683);
#7957=PLANE('',#8692);
#7958=PLANE('',#8694);
#7959=PLANE('',#8695);
#7960=PLANE('',#8696);
#7961=PLANE('',#8699);
#7962=PLANE('',#8701);
#7963=PLANE('',#8702);
#7964=PLANE('',#8703);
#7965=PLANE('',#8708);
#7966=PLANE('',#8709);
#7967=PLANE('',#8710);
#7968=PLANE('',#8711);
#7969=PLANE('',#8712);
#7970=PLANE('',#8713);
#7971=PLANE('',#8714);
#7972=PLANE('',#8715);
#7973=PLANE('',#8716);
#7974=PLANE('',#8717);
#7975=PLANE('',#8718);
#7976=PLANE('',#8719);
#7977=PLANE('',#8720);
#7978=PLANE('',#8721);
#7979=PLANE('',#8722);
#7980=PLANE('',#8731);
#7981=PLANE('',#8732);
#7982=PLANE('',#8733);
#7983=PLANE('',#8734);
#7984=PLANE('',#8735);
#7985=PLANE('',#8738);
#7986=PLANE('',#8739);
#7987=PLANE('',#8750);
#7988=PLANE('',#8751);
#7989=PLANE('',#8752);
#7990=PLANE('',#8753);
#7991=PLANE('',#8754);
#7992=PLANE('',#8757);
#7993=PLANE('',#8758);
#7994=PLANE('',#8762);
#7995=PLANE('',#8770);
#7996=PLANE('',#8773);
#7997=PLANE('',#8778);
#7998=PLANE('',#8779);
#7999=PLANE('',#8780);
#8000=PLANE('',#8783);
#8001=PLANE('',#8784);
#8002=PLANE('',#8785);
#8003=PLANE('',#8786);
#8004=PLANE('',#8787);
#8005=PLANE('',#8788);
#8006=PLANE('',#8789);
#8007=PLANE('',#8790);
#8008=PLANE('',#8791);
#8009=PLANE('',#8792);
#8010=PLANE('',#8793);
#8011=PLANE('',#8794);
#8012=PLANE('',#8813);
#8013=PLANE('',#8814);
#8014=PLANE('',#8815);
#8015=PLANE('',#8816);
#8016=PLANE('',#8817);
#8017=PLANE('',#8818);
#8018=PLANE('',#8819);
#8019=PLANE('',#8820);
#8020=PLANE('',#8821);
#8021=PLANE('',#8822);
#8022=PLANE('',#8823);
#8023=PLANE('',#8824);
#8024=PLANE('',#8825);
#8025=PLANE('',#8826);
#8026=PLANE('',#8827);
#8027=PLANE('',#8828);
#8028=PLANE('',#8829);
#8029=PLANE('',#8830);
#8030=PLANE('',#8831);
#8031=PLANE('',#8832);
#8032=PLANE('',#8833);
#8033=PLANE('',#8834);
#8034=PLANE('',#8835);
#8035=PLANE('',#8844);
#8036=PLANE('',#8845);
#8037=PLANE('',#8846);
#8038=PLANE('',#8847);
#8039=PLANE('',#8848);
#8040=PLANE('',#8851);
#8041=PLANE('',#8852);
#8042=PLANE('',#8855);
#8043=PLANE('',#8858);
#8044=PLANE('',#8861);
#8045=PLANE('',#8862);
#8046=PLANE('',#8863);
#8047=PLANE('',#8864);
#8048=PLANE('',#8865);
#8049=PLANE('',#8866);
#8050=PLANE('',#8867);
#8051=PLANE('',#8868);
#8052=PLANE('',#8869);
#8053=PLANE('',#8870);
#8054=PLANE('',#8871);
#8055=PLANE('',#8872);
#8056=PLANE('',#8873);
#8057=PLANE('',#8876);
#8058=PLANE('',#8881);
#8059=PLANE('',#8884);
#8060=PLANE('',#8885);
#8061=PLANE('',#8886);
#8062=PLANE('',#8887);
#8063=PLANE('',#8888);
#8064=PLANE('',#8889);
#8065=PLANE('',#8890);
#8066=PLANE('',#8891);
#8067=PLANE('',#8892);
#8068=PLANE('',#8895);
#8069=PLANE('',#8896);
#8070=PLANE('',#8897);
#8071=PLANE('',#8904);
#8072=PLANE('',#8905);
#8073=PLANE('',#8906);
#8074=PLANE('',#8913);
#8075=PLANE('',#8914);
#8076=PLANE('',#8915);
#8077=PLANE('',#8916);
#8078=PLANE('',#8917);
#8079=PLANE('',#8922);
#8080=PLANE('',#8923);
#8081=PLANE('',#8927);
#8082=PLANE('',#8928);
#8083=PLANE('',#8929);
#8084=PLANE('',#8930);
#8085=PLANE('',#8931);
#8086=PLANE('',#8932);
#8087=PLANE('',#8933);
#8088=PLANE('',#8934);
#8089=PLANE('',#8935);
#8090=PLANE('',#8936);
#8091=PLANE('',#8937);
#8092=PLANE('',#8940);
#8093=PLANE('',#8941);
#8094=PLANE('',#8944);
#8095=PLANE('',#8949);
#8096=PLANE('',#8952);
#8097=PLANE('',#8953);
#8098=PLANE('',#8954);
#8099=PLANE('',#8955);
#8100=PLANE('',#8956);
#8101=PLANE('',#8957);
#8102=PLANE('',#8961);
#8103=PLANE('',#8962);
#8104=PLANE('',#8963);
#8105=PLANE('',#8964);
#8106=PLANE('',#8965);
#8107=PLANE('',#8966);
#8108=PLANE('',#8972);
#8109=PLANE('',#8973);
#8110=PLANE('',#8974);
#8111=PLANE('',#8979);
#8112=PLANE('',#8980);
#8113=PLANE('',#8981);
#8114=PLANE('',#8994);
#8115=PLANE('',#8995);
#8116=PLANE('',#8996);
#8117=PLANE('',#8997);
#8118=PLANE('',#8998);
#8119=PLANE('',#8999);
#8120=PLANE('',#9000);
#8121=PLANE('',#9001);
#8122=PLANE('',#9002);
#8123=PLANE('',#9003);
#8124=PLANE('',#9004);
#8125=PLANE('',#9005);
#8126=PLANE('',#9006);
#8127=PLANE('',#9007);
#8128=PLANE('',#9008);
#8129=PLANE('',#9009);
#8130=PLANE('',#9010);
#8131=PLANE('',#9011);
#8132=PLANE('',#9012);
#8133=PLANE('',#9013);
#8134=PLANE('',#9014);
#8135=PLANE('',#9015);
#8136=PLANE('',#9016);
#8137=PLANE('',#9017);
#8138=PLANE('',#9019);
#8139=PLANE('',#9026);
#8140=PLANE('',#9035);
#8141=PLANE('',#9036);
#8142=PLANE('',#9040);
#8143=PLANE('',#9041);
#8144=PLANE('',#9042);
#8145=PLANE('',#9043);
#8146=PLANE('',#9044);
#8147=PLANE('',#9045);
#8148=PLANE('',#9046);
#8149=PLANE('',#9047);
#8150=PLANE('',#9048);
#8151=ADVANCED_FACE('',(#7438,#7439,#7440,#7441,#7442,#7443,#7444,#7445,
#7446,#7447,#7448,#7449,#7450,#7451,#7452,#7453,#7454,#7455,#7456,#7457,
#7458,#7459,#7460),#7955,.T.);
#8152=ADVANCED_FACE('',(#7461,#7462),#7956,.T.);
#8153=ADVANCED_FACE('',(#7463),#221,.T.);
#8154=ADVANCED_FACE('',(#7464),#222,.T.);
#8155=ADVANCED_FACE('',(#7465,#7466),#7957,.T.);
#8156=ADVANCED_FACE('',(#7467),#7958,.F.);
#8157=ADVANCED_FACE('',(#7468),#7959,.F.);
#8158=ADVANCED_FACE('',(#7469),#22,.T.);
#8159=ADVANCED_FACE('',(#7470),#7960,.T.);
#8160=ADVANCED_FACE('',(#7471),#223,.F.);
#8161=ADVANCED_FACE('',(#7472),#224,.F.);
#8162=ADVANCED_FACE('',(#7473,#7474),#7961,.F.);
#8163=ADVANCED_FACE('',(#7475),#7962,.F.);
#8164=ADVANCED_FACE('',(#7476),#7963,.T.);
#8165=ADVANCED_FACE('',(#7477),#7964,.T.);
#8166=ADVANCED_FACE('',(#7478),#23,.F.);
#8167=ADVANCED_FACE('',(#7479,#7480),#225,.F.);
#8168=ADVANCED_FACE('',(#7481,#7482),#226,.T.);
#8169=ADVANCED_FACE('',(#7483,#7484),#7965,.T.);
#8170=ADVANCED_FACE('',(#7485),#7966,.T.);
#8171=ADVANCED_FACE('',(#7486),#7967,.T.);
#8172=ADVANCED_FACE('',(#7487),#7968,.T.);
#8173=ADVANCED_FACE('',(#7488),#7969,.T.);
#8174=ADVANCED_FACE('',(#7489),#7970,.T.);
#8175=ADVANCED_FACE('',(#7490),#7971,.T.);
#8176=ADVANCED_FACE('',(#7491),#7972,.T.);
#8177=ADVANCED_FACE('',(#7492),#7973,.T.);
#8178=ADVANCED_FACE('',(#7493),#7974,.T.);
#8179=ADVANCED_FACE('',(#7494),#7975,.T.);
#8180=ADVANCED_FACE('',(#7495),#7976,.T.);
#8181=ADVANCED_FACE('',(#7496),#7977,.T.);
#8182=ADVANCED_FACE('',(#7497),#7978,.T.);
#8183=ADVANCED_FACE('',(#7498),#7979,.T.);
#8184=ADVANCED_FACE('',(#7499),#227,.F.);
#8185=ADVANCED_FACE('',(#7500),#24,.T.);
#8186=ADVANCED_FACE('',(#7501),#25,.T.);
#8187=ADVANCED_FACE('',(#7502),#26,.T.);
#8188=ADVANCED_FACE('',(#7503),#27,.T.);
#8189=ADVANCED_FACE('',(#7504),#228,.F.);
#8190=ADVANCED_FACE('',(#7505),#28,.T.);
#8191=ADVANCED_FACE('',(#7506),#29,.T.);
#8192=ADVANCED_FACE('',(#7507),#30,.T.);
#8193=ADVANCED_FACE('',(#7508),#31,.T.);
#8194=ADVANCED_FACE('',(#7509),#229,.T.);
#8195=ADVANCED_FACE('',(#7510),#32,.T.);
#8196=ADVANCED_FACE('',(#7511),#33,.T.);
#8197=ADVANCED_FACE('',(#7512),#34,.T.);
#8198=ADVANCED_FACE('',(#7513),#35,.T.);
#8199=ADVANCED_FACE('',(#7514),#36,.T.);
#8200=ADVANCED_FACE('',(#7515),#7980,.T.);
#8201=ADVANCED_FACE('',(#7516),#7981,.T.);
#8202=ADVANCED_FACE('',(#7517),#7982,.T.);
#8203=ADVANCED_FACE('',(#7518),#7983,.T.);
#8204=ADVANCED_FACE('',(#7519),#7984,.T.);
#8205=ADVANCED_FACE('',(#7520),#37,.T.);
#8206=ADVANCED_FACE('',(#7521),#38,.T.);
#8207=ADVANCED_FACE('',(#7522),#230,.T.);
#8208=ADVANCED_FACE('',(#7523),#39,.T.);
#8209=ADVANCED_FACE('',(#7524),#40,.T.);
#8210=ADVANCED_FACE('',(#7525,#7526),#7985,.T.);
#8211=ADVANCED_FACE('',(#7527),#7986,.T.);
#8212=ADVANCED_FACE('',(#7528),#231,.F.);
#8213=ADVANCED_FACE('',(#7529),#41,.T.);
#8214=ADVANCED_FACE('',(#7530),#42,.T.);
#8215=ADVANCED_FACE('',(#7531),#43,.T.);
#8216=ADVANCED_FACE('',(#7532),#44,.T.);
#8217=ADVANCED_FACE('',(#7533),#232,.F.);
#8218=ADVANCED_FACE('',(#7534),#45,.T.);
#8219=ADVANCED_FACE('',(#7535),#46,.T.);
#8220=ADVANCED_FACE('',(#7536),#47,.T.);
#8221=ADVANCED_FACE('',(#7537),#48,.T.);
#8222=ADVANCED_FACE('',(#7538),#233,.T.);
#8223=ADVANCED_FACE('',(#7539),#49,.T.);
#8224=ADVANCED_FACE('',(#7540),#50,.T.);
#8225=ADVANCED_FACE('',(#7541),#51,.T.);
#8226=ADVANCED_FACE('',(#7542),#52,.T.);
#8227=ADVANCED_FACE('',(#7543),#234,.T.);
#8228=ADVANCED_FACE('',(#7544),#7987,.T.);
#8229=ADVANCED_FACE('',(#7545),#7988,.T.);
#8230=ADVANCED_FACE('',(#7546),#7989,.T.);
#8231=ADVANCED_FACE('',(#7547),#7990,.T.);
#8232=ADVANCED_FACE('',(#7548),#7991,.T.);
#8233=ADVANCED_FACE('',(#7549),#53,.T.);
#8234=ADVANCED_FACE('',(#7550),#54,.T.);
#8235=ADVANCED_FACE('',(#7551),#235,.T.);
#8236=ADVANCED_FACE('',(#7552),#55,.T.);
#8237=ADVANCED_FACE('',(#7553),#56,.T.);
#8238=ADVANCED_FACE('',(#7554,#7555),#7992,.T.);
#8239=ADVANCED_FACE('',(#7556),#7993,.T.);
#8240=ADVANCED_FACE('',(#7557),#236,.F.);
#8241=ADVANCED_FACE('',(#7558),#7994,.T.);
#8242=ADVANCED_FACE('',(#7559),#57,.T.);
#8243=ADVANCED_FACE('',(#7560),#237,.F.);
#8244=ADVANCED_FACE('',(#7561),#58,.T.);
#8245=ADVANCED_FACE('',(#7562),#59,.T.);
#8246=ADVANCED_FACE('',(#7563),#60,.T.);
#8247=ADVANCED_FACE('',(#7564),#238,.T.);
#8248=ADVANCED_FACE('',(#7565),#61,.T.);
#8249=ADVANCED_FACE('',(#7566),#239,.T.);
#8250=ADVANCED_FACE('',(#7567),#62,.T.);
#8251=ADVANCED_FACE('',(#7568),#63,.T.);
#8252=ADVANCED_FACE('',(#7569),#64,.T.);
#8253=ADVANCED_FACE('',(#7570),#65,.T.);
#8254=ADVANCED_FACE('',(#7571),#7995,.T.);
#8255=ADVANCED_FACE('',(#7572),#66,.T.);
#8256=ADVANCED_FACE('',(#7573),#67,.T.);
#8257=ADVANCED_FACE('',(#7574),#68,.T.);
#8258=ADVANCED_FACE('',(#7575),#240,.F.);
#8259=ADVANCED_FACE('',(#7576),#7996,.T.);
#8260=ADVANCED_FACE('',(#7577),#241,.T.);
#8261=ADVANCED_FACE('',(#7578),#242,.T.);
#8262=ADVANCED_FACE('',(#7579),#69,.T.);
#8263=ADVANCED_FACE('',(#7580),#70,.T.);
#8264=ADVANCED_FACE('',(#7581,#7582),#7997,.T.);
#8265=ADVANCED_FACE('',(#7583),#7998,.T.);
#8266=ADVANCED_FACE('',(#7584),#71,.T.);
#8267=ADVANCED_FACE('',(#7585),#7999,.T.);
#8268=ADVANCED_FACE('',(#7586),#243,.T.);
#8269=ADVANCED_FACE('',(#7587),#72,.T.);
#8270=ADVANCED_FACE('',(#7588),#73,.T.);
#8271=ADVANCED_FACE('',(#7589),#8000,.T.);
#8272=ADVANCED_FACE('',(#7590),#8001,.T.);
#8273=ADVANCED_FACE('',(#7591),#8002,.T.);
#8274=ADVANCED_FACE('',(#7592),#8003,.T.);
#8275=ADVANCED_FACE('',(#7593),#8004,.T.);
#8276=ADVANCED_FACE('',(#7594),#8005,.T.);
#8277=ADVANCED_FACE('',(#7595),#8006,.T.);
#8278=ADVANCED_FACE('',(#7596),#8007,.T.);
#8279=ADVANCED_FACE('',(#7597),#8008,.T.);
#8280=ADVANCED_FACE('',(#7598),#8009,.T.);
#8281=ADVANCED_FACE('',(#7599),#8010,.T.);
#8282=ADVANCED_FACE('',(#7600),#74,.T.);
#8283=ADVANCED_FACE('',(#7601),#8011,.T.);
#8284=ADVANCED_FACE('',(#7602),#244,.F.);
#8285=ADVANCED_FACE('',(#7603),#75,.T.);
#8286=ADVANCED_FACE('',(#7604),#76,.T.);
#8287=ADVANCED_FACE('',(#7605),#245,.F.);
#8288=ADVANCED_FACE('',(#7606),#77,.T.);
#8289=ADVANCED_FACE('',(#7607),#78,.T.);
#8290=ADVANCED_FACE('',(#7608),#79,.T.);
#8291=ADVANCED_FACE('',(#7609),#80,.T.);
#8292=ADVANCED_FACE('',(#7610),#246,.F.);
#8293=ADVANCED_FACE('',(#7611),#81,.T.);
#8294=ADVANCED_FACE('',(#7612),#82,.T.);
#8295=ADVANCED_FACE('',(#7613),#247,.T.);
#8296=ADVANCED_FACE('',(#7614),#83,.T.);
#8297=ADVANCED_FACE('',(#7615),#84,.T.);
#8298=ADVANCED_FACE('',(#7616),#85,.T.);
#8299=ADVANCED_FACE('',(#7617),#86,.T.);
#8300=ADVANCED_FACE('',(#7618),#87,.T.);
#8301=ADVANCED_FACE('',(#7619),#248,.T.);
#8302=ADVANCED_FACE('',(#7620),#88,.T.);
#8303=ADVANCED_FACE('',(#7621),#89,.T.);
#8304=ADVANCED_FACE('',(#7622),#249,.T.);
#8305=ADVANCED_FACE('',(#7623),#250,.F.);
#8306=ADVANCED_FACE('',(#7624,#7625),#8012,.T.);
#8307=ADVANCED_FACE('',(#7626),#8013,.T.);
#8308=ADVANCED_FACE('',(#7627),#90,.T.);
#8309=ADVANCED_FACE('',(#7628),#8014,.T.);
#8310=ADVANCED_FACE('',(#7629),#8015,.T.);
#8311=ADVANCED_FACE('',(#7630),#8016,.T.);
#8312=ADVANCED_FACE('',(#7631),#8017,.T.);
#8313=ADVANCED_FACE('',(#7632),#8018,.T.);
#8314=ADVANCED_FACE('',(#7633),#91,.T.);
#8315=ADVANCED_FACE('',(#7634),#92,.T.);
#8316=ADVANCED_FACE('',(#7635),#8019,.T.);
#8317=ADVANCED_FACE('',(#7636),#8020,.T.);
#8318=ADVANCED_FACE('',(#7637),#93,.T.);
#8319=ADVANCED_FACE('',(#7638),#8021,.T.);
#8320=ADVANCED_FACE('',(#7639),#8022,.T.);
#8321=ADVANCED_FACE('',(#7640),#8023,.T.);
#8322=ADVANCED_FACE('',(#7641),#8024,.T.);
#8323=ADVANCED_FACE('',(#7642),#8025,.T.);
#8324=ADVANCED_FACE('',(#7643),#8026,.T.);
#8325=ADVANCED_FACE('',(#7644),#8027,.T.);
#8326=ADVANCED_FACE('',(#7645),#8028,.T.);
#8327=ADVANCED_FACE('',(#7646),#8029,.T.);
#8328=ADVANCED_FACE('',(#7647),#8030,.T.);
#8329=ADVANCED_FACE('',(#7648),#8031,.T.);
#8330=ADVANCED_FACE('',(#7649),#8032,.T.);
#8331=ADVANCED_FACE('',(#7650),#8033,.T.);
#8332=ADVANCED_FACE('',(#7651),#8034,.T.);
#8333=ADVANCED_FACE('',(#7652),#251,.F.);
#8334=ADVANCED_FACE('',(#7653),#94,.T.);
#8335=ADVANCED_FACE('',(#7654),#95,.T.);
#8336=ADVANCED_FACE('',(#7655),#96,.T.);
#8337=ADVANCED_FACE('',(#7656),#97,.T.);
#8338=ADVANCED_FACE('',(#7657),#252,.F.);
#8339=ADVANCED_FACE('',(#7658),#98,.T.);
#8340=ADVANCED_FACE('',(#7659),#99,.T.);
#8341=ADVANCED_FACE('',(#7660),#100,.T.);
#8342=ADVANCED_FACE('',(#7661),#101,.T.);
#8343=ADVANCED_FACE('',(#7662),#253,.T.);
#8344=ADVANCED_FACE('',(#7663),#102,.T.);
#8345=ADVANCED_FACE('',(#7664),#103,.T.);
#8346=ADVANCED_FACE('',(#7665),#104,.T.);
#8347=ADVANCED_FACE('',(#7666),#105,.T.);
#8348=ADVANCED_FACE('',(#7667),#106,.T.);
#8349=ADVANCED_FACE('',(#7668),#8035,.T.);
#8350=ADVANCED_FACE('',(#7669),#8036,.T.);
#8351=ADVANCED_FACE('',(#7670),#8037,.T.);
#8352=ADVANCED_FACE('',(#7671),#8038,.T.);
#8353=ADVANCED_FACE('',(#7672),#8039,.T.);
#8354=ADVANCED_FACE('',(#7673),#107,.T.);
#8355=ADVANCED_FACE('',(#7674),#108,.T.);
#8356=ADVANCED_FACE('',(#7675),#254,.T.);
#8357=ADVANCED_FACE('',(#7676),#109,.T.);
#8358=ADVANCED_FACE('',(#7677),#110,.T.);
#8359=ADVANCED_FACE('',(#7678,#7679),#8040,.T.);
#8360=ADVANCED_FACE('',(#7680),#8041,.T.);
#8361=ADVANCED_FACE('',(#7681),#111,.T.);
#8362=ADVANCED_FACE('',(#7682),#255,.T.);
#8363=ADVANCED_FACE('',(#7683),#112,.T.);
#8364=ADVANCED_FACE('',(#7684),#113,.T.);
#8365=ADVANCED_FACE('',(#7685),#114,.T.);
#8366=ADVANCED_FACE('',(#7686),#115,.T.);
#8367=ADVANCED_FACE('',(#7687),#8042,.T.);
#8368=ADVANCED_FACE('',(#7688),#116,.T.);
#8369=ADVANCED_FACE('',(#7689),#117,.T.);
#8370=ADVANCED_FACE('',(#7690),#118,.T.);
#8371=ADVANCED_FACE('',(#7691),#256,.F.);
#8372=ADVANCED_FACE('',(#7692),#119,.T.);
#8373=ADVANCED_FACE('',(#7693),#120,.T.);
#8374=ADVANCED_FACE('',(#7694),#121,.T.);
#8375=ADVANCED_FACE('',(#7695),#8043,.T.);
#8376=ADVANCED_FACE('',(#7696),#122,.T.);
#8377=ADVANCED_FACE('',(#7697),#123,.T.);
#8378=ADVANCED_FACE('',(#7698),#124,.T.);
#8379=ADVANCED_FACE('',(#7699),#257,.T.);
#8380=ADVANCED_FACE('',(#7700),#8044,.T.);
#8381=ADVANCED_FACE('',(#7701),#8045,.T.);
#8382=ADVANCED_FACE('',(#7702),#8046,.T.);
#8383=ADVANCED_FACE('',(#7703),#8047,.T.);
#8384=ADVANCED_FACE('',(#7704),#8048,.T.);
#8385=ADVANCED_FACE('',(#7705),#8049,.T.);
#8386=ADVANCED_FACE('',(#7706),#8050,.T.);
#8387=ADVANCED_FACE('',(#7707),#8051,.T.);
#8388=ADVANCED_FACE('',(#7708),#8052,.T.);
#8389=ADVANCED_FACE('',(#7709),#8053,.T.);
#8390=ADVANCED_FACE('',(#7710),#8054,.T.);
#8391=ADVANCED_FACE('',(#7711),#8055,.T.);
#8392=ADVANCED_FACE('',(#7712),#8056,.T.);
#8393=ADVANCED_FACE('',(#7713),#125,.T.);
#8394=ADVANCED_FACE('',(#7714),#258,.T.);
#8395=ADVANCED_FACE('',(#7715),#126,.T.);
#8396=ADVANCED_FACE('',(#7716),#127,.T.);
#8397=ADVANCED_FACE('',(#7717),#128,.T.);
#8398=ADVANCED_FACE('',(#7718),#129,.T.);
#8399=ADVANCED_FACE('',(#7719),#130,.T.);
#8400=ADVANCED_FACE('',(#7720),#8057,.T.);
#8401=ADVANCED_FACE('',(#7721),#131,.T.);
#8402=ADVANCED_FACE('',(#7722),#259,.F.);
#8403=ADVANCED_FACE('',(#7723),#132,.T.);
#8404=ADVANCED_FACE('',(#7724),#133,.T.);
#8405=ADVANCED_FACE('',(#7725),#260,.F.);
#8406=ADVANCED_FACE('',(#7726),#134,.T.);
#8407=ADVANCED_FACE('',(#7727),#135,.T.);
#8408=ADVANCED_FACE('',(#7728),#136,.T.);
#8409=ADVANCED_FACE('',(#7729),#137,.T.);
#8410=ADVANCED_FACE('',(#7730),#8058,.T.);
#8411=ADVANCED_FACE('',(#7731),#138,.T.);
#8412=ADVANCED_FACE('',(#7732),#139,.T.);
#8413=ADVANCED_FACE('',(#7733),#140,.T.);
#8414=ADVANCED_FACE('',(#7734),#261,.T.);
#8415=ADVANCED_FACE('',(#7735),#8059,.T.);
#8416=ADVANCED_FACE('',(#7736),#8060,.T.);
#8417=ADVANCED_FACE('',(#7737),#8061,.T.);
#8418=ADVANCED_FACE('',(#7738),#8062,.T.);
#8419=ADVANCED_FACE('',(#7739),#8063,.T.);
#8420=ADVANCED_FACE('',(#7740),#8064,.T.);
#8421=ADVANCED_FACE('',(#7741),#8065,.T.);
#8422=ADVANCED_FACE('',(#7742),#8066,.T.);
#8423=ADVANCED_FACE('',(#7743),#8067,.T.);
#8424=ADVANCED_FACE('',(#7744),#141,.T.);
#8425=ADVANCED_FACE('',(#7745),#142,.T.);
#8426=ADVANCED_FACE('',(#7746),#143,.T.);
#8427=ADVANCED_FACE('',(#7747),#144,.T.);
#8428=ADVANCED_FACE('',(#7748),#262,.F.);
#8429=ADVANCED_FACE('',(#7749),#8068,.T.);
#8430=ADVANCED_FACE('',(#7750),#8069,.T.);
#8431=ADVANCED_FACE('',(#7751),#8070,.T.);
#8432=ADVANCED_FACE('',(#7752),#263,.T.);
#8433=ADVANCED_FACE('',(#7753),#145,.T.);
#8434=ADVANCED_FACE('',(#7754),#146,.T.);
#8435=ADVANCED_FACE('',(#7755),#264,.T.);
#8436=ADVANCED_FACE('',(#7756),#265,.T.);
#8437=ADVANCED_FACE('',(#7757),#8071,.T.);
#8438=ADVANCED_FACE('',(#7758),#8072,.T.);
#8439=ADVANCED_FACE('',(#7759),#8073,.T.);
#8440=ADVANCED_FACE('',(#7760),#266,.F.);
#8441=ADVANCED_FACE('',(#7761),#147,.T.);
#8442=ADVANCED_FACE('',(#7762),#148,.T.);
#8443=ADVANCED_FACE('',(#7763),#149,.T.);
#8444=ADVANCED_FACE('',(#7764),#150,.T.);
#8445=ADVANCED_FACE('',(#7765),#267,.F.);
#8446=ADVANCED_FACE('',(#7766),#151,.T.);
#8447=ADVANCED_FACE('',(#7767),#152,.T.);
#8448=ADVANCED_FACE('',(#7768),#153,.T.);
#8449=ADVANCED_FACE('',(#7769),#154,.T.);
#8450=ADVANCED_FACE('',(#7770),#8074,.T.);
#8451=ADVANCED_FACE('',(#7771),#8075,.T.);
#8452=ADVANCED_FACE('',(#7772),#8076,.T.);
#8453=ADVANCED_FACE('',(#7773),#8077,.T.);
#8454=ADVANCED_FACE('',(#7774),#8078,.T.);
#8455=ADVANCED_FACE('',(#7775),#155,.T.);
#8456=ADVANCED_FACE('',(#7776),#156,.T.);
#8457=ADVANCED_FACE('',(#7777),#268,.T.);
#8458=ADVANCED_FACE('',(#7778),#157,.T.);
#8459=ADVANCED_FACE('',(#7779),#158,.T.);
#8460=ADVANCED_FACE('',(#7780),#269,.T.);
#8461=ADVANCED_FACE('',(#7781),#159,.T.);
#8462=ADVANCED_FACE('',(#7782),#160,.T.);
#8463=ADVANCED_FACE('',(#7783),#161,.T.);
#8464=ADVANCED_FACE('',(#7784),#162,.T.);
#8465=ADVANCED_FACE('',(#7785,#7786),#8079,.T.);
#8466=ADVANCED_FACE('',(#7787),#8080,.T.);
#8467=ADVANCED_FACE('',(#7788),#270,.F.);
#8468=ADVANCED_FACE('',(#7789),#163,.T.);
#8469=ADVANCED_FACE('',(#7790),#164,.T.);
#8470=ADVANCED_FACE('',(#7791),#8081,.T.);
#8471=ADVANCED_FACE('',(#7792),#8082,.T.);
#8472=ADVANCED_FACE('',(#7793),#8083,.T.);
#8473=ADVANCED_FACE('',(#7794),#165,.T.);
#8474=ADVANCED_FACE('',(#7795),#166,.T.);
#8475=ADVANCED_FACE('',(#7796),#8084,.T.);
#8476=ADVANCED_FACE('',(#7797),#8085,.T.);
#8477=ADVANCED_FACE('',(#7798),#8086,.T.);
#8478=ADVANCED_FACE('',(#7799),#8087,.T.);
#8479=ADVANCED_FACE('',(#7800),#8088,.T.);
#8480=ADVANCED_FACE('',(#7801),#8089,.T.);
#8481=ADVANCED_FACE('',(#7802),#8090,.T.);
#8482=ADVANCED_FACE('',(#7803),#8091,.T.);
#8483=ADVANCED_FACE('',(#7804),#167,.T.);
#8484=ADVANCED_FACE('',(#7805),#168,.T.);
#8485=ADVANCED_FACE('',(#7806),#271,.T.);
#8486=ADVANCED_FACE('',(#7807),#169,.T.);
#8487=ADVANCED_FACE('',(#7808),#170,.T.);
#8488=ADVANCED_FACE('',(#7809,#7810),#8092,.T.);
#8489=ADVANCED_FACE('',(#7811),#8093,.T.);
#8490=ADVANCED_FACE('',(#7812),#171,.T.);
#8491=ADVANCED_FACE('',(#7813),#272,.T.);
#8492=ADVANCED_FACE('',(#7814),#172,.T.);
#8493=ADVANCED_FACE('',(#7815),#173,.T.);
#8494=ADVANCED_FACE('',(#7816),#174,.T.);
#8495=ADVANCED_FACE('',(#7817),#175,.T.);
#8496=ADVANCED_FACE('',(#7818),#176,.T.);
#8497=ADVANCED_FACE('',(#7819),#8094,.T.);
#8498=ADVANCED_FACE('',(#7820),#177,.T.);
#8499=ADVANCED_FACE('',(#7821),#273,.F.);
#8500=ADVANCED_FACE('',(#7822),#178,.T.);
#8501=ADVANCED_FACE('',(#7823),#179,.T.);
#8502=ADVANCED_FACE('',(#7824),#274,.F.);
#8503=ADVANCED_FACE('',(#7825),#180,.T.);
#8504=ADVANCED_FACE('',(#7826),#181,.T.);
#8505=ADVANCED_FACE('',(#7827),#182,.T.);
#8506=ADVANCED_FACE('',(#7828),#183,.T.);
#8507=ADVANCED_FACE('',(#7829),#8095,.T.);
#8508=ADVANCED_FACE('',(#7830),#184,.T.);
#8509=ADVANCED_FACE('',(#7831),#185,.T.);
#8510=ADVANCED_FACE('',(#7832),#186,.T.);
#8511=ADVANCED_FACE('',(#7833),#275,.T.);
#8512=ADVANCED_FACE('',(#7834),#8096,.T.);
#8513=ADVANCED_FACE('',(#7835),#8097,.T.);
#8514=ADVANCED_FACE('',(#7836),#8098,.T.);
#8515=ADVANCED_FACE('',(#7837),#8099,.T.);
#8516=ADVANCED_FACE('',(#7838),#8100,.T.);
#8517=ADVANCED_FACE('',(#7839),#8101,.T.);
#8518=ADVANCED_FACE('',(#7840),#276,.F.);
#8519=ADVANCED_FACE('',(#7841),#187,.T.);
#8520=ADVANCED_FACE('',(#7842),#188,.T.);
#8521=ADVANCED_FACE('',(#7843),#8102,.T.);
#8522=ADVANCED_FACE('',(#7844),#8103,.T.);
#8523=ADVANCED_FACE('',(#7845),#8104,.T.);
#8524=ADVANCED_FACE('',(#7846),#189,.T.);
#8525=ADVANCED_FACE('',(#7847),#190,.T.);
#8526=ADVANCED_FACE('',(#7848),#8105,.T.);
#8527=ADVANCED_FACE('',(#7849),#8106,.T.);
#8528=ADVANCED_FACE('',(#7850),#8107,.T.);
#8529=ADVANCED_FACE('',(#7851),#191,.T.);
#8530=ADVANCED_FACE('',(#7852),#192,.T.);
#8531=ADVANCED_FACE('',(#7853),#277,.F.);
#8532=ADVANCED_FACE('',(#7854),#193,.T.);
#8533=ADVANCED_FACE('',(#7855),#278,.T.);
#8534=ADVANCED_FACE('',(#7856),#194,.T.);
#8535=ADVANCED_FACE('',(#7857),#195,.T.);
#8536=ADVANCED_FACE('',(#7858),#8108,.T.);
#8537=ADVANCED_FACE('',(#7859),#8109,.T.);
#8538=ADVANCED_FACE('',(#7860),#8110,.T.);
#8539=ADVANCED_FACE('',(#7861),#196,.T.);
#8540=ADVANCED_FACE('',(#7862),#197,.T.);
#8541=ADVANCED_FACE('',(#7863),#279,.T.);
#8542=ADVANCED_FACE('',(#7864),#198,.T.);
#8543=ADVANCED_FACE('',(#7865),#199,.T.);
#8544=ADVANCED_FACE('',(#7866),#200,.T.);
#8545=ADVANCED_FACE('',(#7867),#280,.T.);
#8546=ADVANCED_FACE('',(#7868),#201,.T.);
#8547=ADVANCED_FACE('',(#7869,#7870,#7871),#8111,.T.);
#8548=ADVANCED_FACE('',(#7872),#8112,.T.);
#8549=ADVANCED_FACE('',(#7873),#8113,.T.);
#8550=ADVANCED_FACE('',(#7874),#202,.T.);
#8551=ADVANCED_FACE('',(#7875),#203,.T.);
#8552=ADVANCED_FACE('',(#7876),#204,.T.);
#8553=ADVANCED_FACE('',(#7877),#205,.T.);
#8554=ADVANCED_FACE('',(#7878),#281,.F.);
#8555=ADVANCED_FACE('',(#7879),#206,.T.);
#8556=ADVANCED_FACE('',(#7880),#207,.T.);
#8557=ADVANCED_FACE('',(#7881),#208,.T.);
#8558=ADVANCED_FACE('',(#7882),#282,.F.);
#8559=ADVANCED_FACE('',(#7883),#209,.T.);
#8560=ADVANCED_FACE('',(#7884),#210,.T.);
#8561=ADVANCED_FACE('',(#7885),#211,.T.);
#8562=ADVANCED_FACE('',(#7886),#212,.T.);
#8563=ADVANCED_FACE('',(#7887),#213,.T.);
#8564=ADVANCED_FACE('',(#7888),#283,.T.);
#8565=ADVANCED_FACE('',(#7889),#214,.T.);
#8566=ADVANCED_FACE('',(#7890),#215,.T.);
#8567=ADVANCED_FACE('',(#7891),#284,.T.);
#8568=ADVANCED_FACE('',(#7892),#216,.T.);
#8569=ADVANCED_FACE('',(#7893),#217,.T.);
#8570=ADVANCED_FACE('',(#7894),#285,.T.);
#8571=ADVANCED_FACE('',(#7895),#218,.T.);
#8572=ADVANCED_FACE('',(#7896,#7897),#8114,.T.);
#8573=ADVANCED_FACE('',(#7898),#8115,.T.);
#8574=ADVANCED_FACE('',(#7899),#8116,.T.);
#8575=ADVANCED_FACE('',(#7900),#8117,.T.);
#8576=ADVANCED_FACE('',(#7901),#8118,.T.);
#8577=ADVANCED_FACE('',(#7902),#8119,.T.);
#8578=ADVANCED_FACE('',(#7903),#8120,.T.);
#8579=ADVANCED_FACE('',(#7904),#8121,.T.);
#8580=ADVANCED_FACE('',(#7905),#8122,.T.);
#8581=ADVANCED_FACE('',(#7906),#8123,.T.);
#8582=ADVANCED_FACE('',(#7907),#8124,.T.);
#8583=ADVANCED_FACE('',(#7908),#8125,.T.);
#8584=ADVANCED_FACE('',(#7909),#8126,.T.);
#8585=ADVANCED_FACE('',(#7910,#7911),#8127,.T.);
#8586=ADVANCED_FACE('',(#7912),#8128,.T.);
#8587=ADVANCED_FACE('',(#7913),#8129,.T.);
#8588=ADVANCED_FACE('',(#7914),#8130,.T.);
#8589=ADVANCED_FACE('',(#7915),#8131,.T.);
#8590=ADVANCED_FACE('',(#7916),#8132,.T.);
#8591=ADVANCED_FACE('',(#7917),#8133,.T.);
#8592=ADVANCED_FACE('',(#7918),#8134,.T.);
#8593=ADVANCED_FACE('',(#7919),#8135,.T.);
#8594=ADVANCED_FACE('',(#7920),#8136,.T.);
#8595=ADVANCED_FACE('',(#7921),#8137,.T.);
#8596=ADVANCED_FACE('',(#7922,#7923,#7924,#7925,#7926,#7927),#8138,.T.);
#8597=ADVANCED_FACE('',(#7928,#7929,#7930,#7931,#7932,#7933),#8139,.F.);
#8598=ADVANCED_FACE('',(#7934),#286,.T.);
#8599=ADVANCED_FACE('',(#7935),#287,.T.);
#8600=ADVANCED_FACE('',(#7936),#8140,.F.);
#8601=ADVANCED_FACE('',(#7937),#8141,.T.);
#8602=ADVANCED_FACE('',(#7938,#7939),#288,.F.);
#8603=ADVANCED_FACE('',(#7940,#7941),#289,.F.);
#8604=ADVANCED_FACE('',(#7942,#7943),#290,.F.);
#8605=ADVANCED_FACE('',(#7944),#8142,.T.);
#8606=ADVANCED_FACE('',(#7945),#8143,.F.);
#8607=ADVANCED_FACE('',(#7946),#8144,.F.);
#8608=ADVANCED_FACE('',(#7947),#8145,.T.);
#8609=ADVANCED_FACE('',(#7948),#8146,.T.);
#8610=ADVANCED_FACE('',(#7949),#8147,.T.);
#8611=ADVANCED_FACE('',(#7950),#8148,.F.);
#8612=ADVANCED_FACE('',(#7951),#8149,.F.);
#8613=ADVANCED_FACE('',(#7952),#8150,.T.);
#8614=ADVANCED_FACE('',(#7953,#7954),#291,.F.);
#8615=CLOSED_SHELL('',(#8151,#8152,#8153,#8154,#8155,#8156,#8157,#8158,
#8159,#8160,#8161,#8162,#8163,#8164,#8165,#8166,#8167,#8168,#8169,#8170,
#8171,#8172,#8173,#8174,#8175,#8176,#8177,#8178,#8179,#8180,#8181,#8182,
#8183,#8184,#8185,#8186,#8187,#8188,#8189,#8190,#8191,#8192,#8193,#8194,
#8195,#8196,#8197,#8198,#8199,#8200,#8201,#8202,#8203,#8204,#8205,#8206,
#8207,#8208,#8209,#8210,#8211,#8212,#8213,#8214,#8215,#8216,#8217,#8218,
#8219,#8220,#8221,#8222,#8223,#8224,#8225,#8226,#8227,#8228,#8229,#8230,
#8231,#8232,#8233,#8234,#8235,#8236,#8237,#8238,#8239,#8240,#8241,#8242,
#8243,#8244,#8245,#8246,#8247,#8248,#8249,#8250,#8251,#8252,#8253,#8254,
#8255,#8256,#8257,#8258,#8259,#8260,#8261,#8262,#8263,#8264,#8265,#8266,
#8267,#8268,#8269,#8270,#8271,#8272,#8273,#8274,#8275,#8276,#8277,#8278,
#8279,#8280,#8281,#8282,#8283,#8284,#8285,#8286,#8287,#8288,#8289,#8290,
#8291,#8292,#8293,#8294,#8295,#8296,#8297,#8298,#8299,#8300,#8301,#8302,
#8303,#8304,#8305,#8306,#8307,#8308,#8309,#8310,#8311,#8312,#8313,#8314,
#8315,#8316,#8317,#8318,#8319,#8320,#8321,#8322,#8323,#8324,#8325,#8326,
#8327,#8328,#8329,#8330,#8331,#8332,#8333,#8334,#8335,#8336,#8337,#8338,
#8339,#8340,#8341,#8342,#8343,#8344,#8345,#8346,#8347,#8348,#8349,#8350,
#8351,#8352,#8353,#8354,#8355,#8356,#8357,#8358,#8359,#8360,#8361,#8362,
#8363,#8364,#8365,#8366,#8367,#8368,#8369,#8370,#8371,#8372,#8373,#8374,
#8375,#8376,#8377,#8378,#8379,#8380,#8381,#8382,#8383,#8384,#8385,#8386,
#8387,#8388,#8389,#8390,#8391,#8392,#8393,#8394,#8395,#8396,#8397,#8398,
#8399,#8400,#8401,#8402,#8403,#8404,#8405,#8406,#8407,#8408,#8409,#8410,
#8411,#8412,#8413,#8414,#8415,#8416,#8417,#8418,#8419,#8420,#8421,#8422,
#8423,#8424,#8425,#8426,#8427,#8428,#8429,#8430,#8431,#8432,#8433,#8434,
#8435,#8436,#8437,#8438,#8439,#8440,#8441,#8442,#8443,#8444,#8445,#8446,
#8447,#8448,#8449,#8450,#8451,#8452,#8453,#8454,#8455,#8456,#8457,#8458,
#8459,#8460,#8461,#8462,#8463,#8464,#8465,#8466,#8467,#8468,#8469,#8470,
#8471,#8472,#8473,#8474,#8475,#8476,#8477,#8478,#8479,#8480,#8481,#8482,
#8483,#8484,#8485,#8486,#8487,#8488,#8489,#8490,#8491,#8492,#8493,#8494,
#8495,#8496,#8497,#8498,#8499,#8500,#8501,#8502,#8503,#8504,#8505,#8506,
#8507,#8508,#8509,#8510,#8511,#8512,#8513,#8514,#8515,#8516,#8517,#8518,
#8519,#8520,#8521,#8522,#8523,#8524,#8525,#8526,#8527,#8528,#8529,#8530,
#8531,#8532,#8533,#8534,#8535,#8536,#8537,#8538,#8539,#8540,#8541,#8542,
#8543,#8544,#8545,#8546,#8547,#8548,#8549,#8550,#8551,#8552,#8553,#8554,
#8555,#8556,#8557,#8558,#8559,#8560,#8561,#8562,#8563,#8564,#8565,#8566,
#8567,#8568,#8569,#8570,#8571,#8572,#8573,#8574,#8575,#8576,#8577,#8578,
#8579,#8580,#8581,#8582,#8583,#8584,#8585,#8586,#8587,#8588,#8589,#8590,
#8591,#8592,#8593,#8594,#8595));
#8616=CLOSED_SHELL('',(#8596,#8597,#8598,#8599,#8600,#8601,#8602,#8603,
#8604,#8605,#8606,#8607,#8608,#8609,#8610,#8611,#8612,#8613,#8614));
#8617=STYLED_ITEM('',(#8619),#8633);
#8618=STYLED_ITEM('',(#8620),#8634);
#8619=PRESENTATION_STYLE_ASSIGNMENT((#8621));
#8620=PRESENTATION_STYLE_ASSIGNMENT((#8622));
#8621=SURFACE_STYLE_USAGE(.BOTH.,#8623);
#8622=SURFACE_STYLE_USAGE(.BOTH.,#8624);
#8623=SURFACE_SIDE_STYLE('',(#8625));
#8624=SURFACE_SIDE_STYLE('',(#8626));
#8625=SURFACE_STYLE_FILL_AREA(#8627);
#8626=SURFACE_STYLE_FILL_AREA(#8628);
#8627=FILL_AREA_STYLE('',(#8629));
#8628=FILL_AREA_STYLE('',(#8630));
#8629=FILL_AREA_STYLE_COLOUR('',#8631);
#8630=FILL_AREA_STYLE_COLOUR('',#8632);
#8631=COLOUR_RGB('',0.0862745098039216,0.905882352941176,0.529411764705882);
#8632=COLOUR_RGB('',1.,0.0117647058823529,0.0745098039215686);
#8633=MANIFOLD_SOLID_BREP('Part 1',#8615);
#8634=MANIFOLD_SOLID_BREP('Part 1',#8616);
#8635=SHAPE_DEFINITION_REPRESENTATION(#15451,#8638);
#8636=SHAPE_DEFINITION_REPRESENTATION(#15452,#8639);
#8637=SHAPE_DEFINITION_REPRESENTATION(#15454,#8640);
#8638=SHAPE_REPRESENTATION('Assembly 1',(#8641,#9018,#9050),#15442);
#8639=SHAPE_REPRESENTATION('Part 1',(#8641),#15443);
#8640=SHAPE_REPRESENTATION('Part 1',(#8641),#15444);
#8641=AXIS2_PLACEMENT_3D('',#10601,#9051,#9052);
#8642=AXIS2_PLACEMENT_3D('',#10602,#9053,#9054);
#8643=AXIS2_PLACEMENT_3D('',#10640,#9071,#9072);
#8644=AXIS2_PLACEMENT_3D('',#10650,#9073,#9074);
#8645=AXIS2_PLACEMENT_3D('',#10660,#9075,#9076);
#8646=AXIS2_PLACEMENT_3D('',#10682,#9077,#9078);
#8647=AXIS2_PLACEMENT_3D('',#10692,#9079,#9080);
#8648=AXIS2_PLACEMENT_3D('',#10716,#9084,#9085);
#8649=AXIS2_PLACEMENT_3D('',#10730,#9090,#9091);
#8650=AXIS2_PLACEMENT_3D('',#10762,#9093,#9094);
#8651=AXIS2_PLACEMENT_3D('',#10772,#9095,#9096);
#8652=AXIS2_PLACEMENT_3D('',#10800,#9098,#9099);
#8653=AXIS2_PLACEMENT_3D('',#10810,#9100,#9101);
#8654=AXIS2_PLACEMENT_3D('',#10852,#9110,#9111);
#8655=AXIS2_PLACEMENT_3D('',#10862,#9112,#9113);
#8656=AXIS2_PLACEMENT_3D('',#10888,#9122,#9123);
#8657=AXIS2_PLACEMENT_3D('',#10890,#9124,#9125);
#8658=AXIS2_PLACEMENT_3D('',#10900,#9126,#9127);
#8659=AXIS2_PLACEMENT_3D('',#10908,#9131,#9132);
#8660=AXIS2_PLACEMENT_3D('',#10942,#9139,#9140);
#8661=AXIS2_PLACEMENT_3D('',#10974,#9142,#9143);
#8662=AXIS2_PLACEMENT_3D('',#10984,#9144,#9145);
#8663=AXIS2_PLACEMENT_3D('',#11012,#9147,#9148);
#8664=AXIS2_PLACEMENT_3D('',#11040,#9160,#9161);
#8665=AXIS2_PLACEMENT_3D('',#11068,#9163,#9164);
#8666=AXIS2_PLACEMENT_3D('',#11100,#9166,#9167);
#8667=AXIS2_PLACEMENT_3D('',#11110,#9168,#9169);
#8668=AXIS2_PLACEMENT_3D('',#11150,#9175,#9176);
#8669=AXIS2_PLACEMENT_3D('',#11210,#9196,#9197);
#8670=AXIS2_PLACEMENT_3D('',#11220,#9198,#9199);
#8671=AXIS2_PLACEMENT_3D('',#11242,#9200,#9201);
#8672=AXIS2_PLACEMENT_3D('',#11286,#9213,#9214);
#8673=AXIS2_PLACEMENT_3D('',#11298,#9216,#9217);
#8674=AXIS2_PLACEMENT_3D('',#11300,#9218,#9219);
#8675=AXIS2_PLACEMENT_3D('',#11304,#9221,#9222);
#8676=AXIS2_PLACEMENT_3D('',#11336,#9224,#9225);
#8677=AXIS2_PLACEMENT_3D('',#11342,#9226,#9227);
#8678=AXIS2_PLACEMENT_3D('',#11356,#9228,#9229);
#8679=AXIS2_PLACEMENT_3D('',#11376,#9235,#9236);
#8680=AXIS2_PLACEMENT_3D('',#11394,#9237,#9238);
#8681=AXIS2_PLACEMENT_3D('',#11404,#9239,#9240);
#8682=AXIS2_PLACEMENT_3D('',#11444,#9246,#9247);
#8683=AXIS2_PLACEMENT_3D('',#11479,#9265,#9266);
#8684=AXIS2_PLACEMENT_3D('',#11482,#9268,#9269);
#8685=AXIS2_PLACEMENT_3D('',#11484,#9270,#9271);
#8686=AXIS2_PLACEMENT_3D('',#11494,#9276,#9277);
#8687=AXIS2_PLACEMENT_3D('',#11496,#9278,#9279);
#8688=AXIS2_PLACEMENT_3D('',#11497,#9280,#9281);
#8689=AXIS2_PLACEMENT_3D('',#11498,#9282,#9283);
#8690=AXIS2_PLACEMENT_3D('',#11524,#9284,#9285);
#8691=AXIS2_PLACEMENT_3D('',#11525,#9286,#9287);
#8692=AXIS2_PLACEMENT_3D('',#11554,#9289,#9290);
#8693=AXIS2_PLACEMENT_3D('',#11555,#9291,#9292);
#8694=AXIS2_PLACEMENT_3D('',#11560,#9295,#9296);
#8695=AXIS2_PLACEMENT_3D('',#11562,#9298,#9299);
#8696=AXIS2_PLACEMENT_3D('',#11573,#9302,#9303);
#8697=AXIS2_PLACEMENT_3D('',#11574,#9304,#9305);
#8698=AXIS2_PLACEMENT_3D('',#11600,#9308,#9309);
#8699=AXIS2_PLACEMENT_3D('',#11624,#9311,#9312);
#8700=AXIS2_PLACEMENT_3D('',#11625,#9313,#9314);
#8701=AXIS2_PLACEMENT_3D('',#11632,#9318,#9319);
#8702=AXIS2_PLACEMENT_3D('',#11634,#9321,#9322);
#8703=AXIS2_PLACEMENT_3D('',#11636,#9324,#9325);
#8704=AXIS2_PLACEMENT_3D('',#11664,#9327,#9328);
#8705=AXIS2_PLACEMENT_3D('',#11665,#9329,#9330);
#8706=AXIS2_PLACEMENT_3D('',#11667,#9331,#9332);
#8707=AXIS2_PLACEMENT_3D('',#11668,#9333,#9334);
#8708=AXIS2_PLACEMENT_3D('',#11670,#9335,#9336);
#8709=AXIS2_PLACEMENT_3D('',#11671,#9337,#9338);
#8710=AXIS2_PLACEMENT_3D('',#11677,#9342,#9343);
#8711=AXIS2_PLACEMENT_3D('',#11681,#9346,#9347);
#8712=AXIS2_PLACEMENT_3D('',#11685,#9350,#9351);
#8713=AXIS2_PLACEMENT_3D('',#11689,#9354,#9355);
#8714=AXIS2_PLACEMENT_3D('',#11693,#9358,#9359);
#8715=AXIS2_PLACEMENT_3D('',#11697,#9362,#9363);
#8716=AXIS2_PLACEMENT_3D('',#11701,#9366,#9367);
#8717=AXIS2_PLACEMENT_3D('',#11705,#9370,#9371);
#8718=AXIS2_PLACEMENT_3D('',#11709,#9374,#9375);
#8719=AXIS2_PLACEMENT_3D('',#11713,#9378,#9379);
#8720=AXIS2_PLACEMENT_3D('',#11717,#9382,#9383);
#8721=AXIS2_PLACEMENT_3D('',#11721,#9386,#9387);
#8722=AXIS2_PLACEMENT_3D('',#11723,#9389,#9390);
#8723=AXIS2_PLACEMENT_3D('',#11724,#9391,#9392);
#8724=AXIS2_PLACEMENT_3D('',#11725,#9393,#9394);
#8725=AXIS2_PLACEMENT_3D('',#11730,#9396,#9397);
#8726=AXIS2_PLACEMENT_3D('',#11801,#9403,#9404);
#8727=AXIS2_PLACEMENT_3D('',#11802,#9405,#9406);
#8728=AXIS2_PLACEMENT_3D('',#11806,#9408,#9409);
#8729=AXIS2_PLACEMENT_3D('',#11873,#9415,#9416);
#8730=AXIS2_PLACEMENT_3D('',#11876,#9418,#9419);
#8731=AXIS2_PLACEMENT_3D('',#11942,#9425,#9426);
#8732=AXIS2_PLACEMENT_3D('',#11946,#9429,#9430);
#8733=AXIS2_PLACEMENT_3D('',#11950,#9433,#9434);
#8734=AXIS2_PLACEMENT_3D('',#11954,#9437,#9438);
#8735=AXIS2_PLACEMENT_3D('',#11958,#9441,#9442);
#8736=AXIS2_PLACEMENT_3D('',#11988,#9447,#9448);
#8737=AXIS2_PLACEMENT_3D('',#11991,#9450,#9451);
#8738=AXIS2_PLACEMENT_3D('',#12017,#9452,#9453);
#8739=AXIS2_PLACEMENT_3D('',#12018,#9454,#9455);
#8740=AXIS2_PLACEMENT_3D('',#12019,#9456,#9457);
#8741=AXIS2_PLACEMENT_3D('',#12020,#9458,#9459);
#8742=AXIS2_PLACEMENT_3D('',#12025,#9461,#9462);
#8743=AXIS2_PLACEMENT_3D('',#12096,#9468,#9469);
#8744=AXIS2_PLACEMENT_3D('',#12097,#9470,#9471);
#8745=AXIS2_PLACEMENT_3D('',#12101,#9473,#9474);
#8746=AXIS2_PLACEMENT_3D('',#12168,#9480,#9481);
#8747=AXIS2_PLACEMENT_3D('',#12171,#9483,#9484);
#8748=AXIS2_PLACEMENT_3D('',#12224,#9489,#9490);
#8749=AXIS2_PLACEMENT_3D('',#12227,#9492,#9493);
#8750=AXIS2_PLACEMENT_3D('',#12228,#9494,#9495);
#8751=AXIS2_PLACEMENT_3D('',#12232,#9498,#9499);
#8752=AXIS2_PLACEMENT_3D('',#12236,#9502,#9503);
#8753=AXIS2_PLACEMENT_3D('',#12240,#9506,#9507);
#8754=AXIS2_PLACEMENT_3D('',#12244,#9510,#9511);
#8755=AXIS2_PLACEMENT_3D('',#12274,#9516,#9517);
#8756=AXIS2_PLACEMENT_3D('',#12277,#9519,#9520);
#8757=AXIS2_PLACEMENT_3D('',#12303,#9521,#9522);
#8758=AXIS2_PLACEMENT_3D('',#12304,#9523,#9524);
#8759=AXIS2_PLACEMENT_3D('',#12305,#9525,#9526);
#8760=AXIS2_PLACEMENT_3D('',#12306,#9527,#9528);
#8761=AXIS2_PLACEMENT_3D('',#12311,#9530,#9531);
#8762=AXIS2_PLACEMENT_3D('',#12314,#9533,#9534);
#8763=AXIS2_PLACEMENT_3D('',#12337,#9539,#9540);
#8764=AXIS2_PLACEMENT_3D('',#12338,#9541,#9542);
#8765=AXIS2_PLACEMENT_3D('',#12342,#9544,#9545);
#8766=AXIS2_PLACEMENT_3D('',#12388,#9550,#9551);
#8767=AXIS2_PLACEMENT_3D('',#12391,#9553,#9554);
#8768=AXIS2_PLACEMENT_3D('',#12405,#9556,#9557);
#8769=AXIS2_PLACEMENT_3D('',#12408,#9559,#9560);
#8770=AXIS2_PLACEMENT_3D('',#12461,#9565,#9566);
#8771=AXIS2_PLACEMENT_3D('',#12504,#9572,#9573);
#8772=AXIS2_PLACEMENT_3D('',#12507,#9575,#9576);
#8773=AXIS2_PLACEMENT_3D('',#12508,#9577,#9578);
#8774=AXIS2_PLACEMENT_3D('',#12512,#9581,#9582);
#8775=AXIS2_PLACEMENT_3D('',#12515,#9584,#9585);
#8776=AXIS2_PLACEMENT_3D('',#12516,#9586,#9587);
#8777=AXIS2_PLACEMENT_3D('',#12519,#9589,#9590);
#8778=AXIS2_PLACEMENT_3D('',#12545,#9591,#9592);
#8779=AXIS2_PLACEMENT_3D('',#12546,#9593,#9594);
#8780=AXIS2_PLACEMENT_3D('',#12562,#9597,#9598);
#8781=AXIS2_PLACEMENT_3D('',#12566,#9601,#9602);
#8782=AXIS2_PLACEMENT_3D('',#12569,#9604,#9605);
#8783=AXIS2_PLACEMENT_3D('',#12596,#9608,#9609);
#8784=AXIS2_PLACEMENT_3D('',#12600,#9612,#9613);
#8785=AXIS2_PLACEMENT_3D('',#12604,#9616,#9617);
#8786=AXIS2_PLACEMENT_3D('',#12608,#9620,#9621);
#8787=AXIS2_PLACEMENT_3D('',#12612,#9624,#9625);
#8788=AXIS2_PLACEMENT_3D('',#12616,#9628,#9629);
#8789=AXIS2_PLACEMENT_3D('',#12620,#9632,#9633);
#8790=AXIS2_PLACEMENT_3D('',#12624,#9636,#9637);
#8791=AXIS2_PLACEMENT_3D('',#12628,#9640,#9641);
#8792=AXIS2_PLACEMENT_3D('',#12632,#9644,#9645);
#8793=AXIS2_PLACEMENT_3D('',#12636,#9648,#9649);
#8794=AXIS2_PLACEMENT_3D('',#12651,#9652,#9653);
#8795=AXIS2_PLACEMENT_3D('',#12652,#9654,#9655);
#8796=AXIS2_PLACEMENT_3D('',#12653,#9656,#9657);
#8797=AXIS2_PLACEMENT_3D('',#12658,#9659,#9660);
#8798=AXIS2_PLACEMENT_3D('',#12695,#9664,#9665);
#8799=AXIS2_PLACEMENT_3D('',#12696,#9666,#9667);
#8800=AXIS2_PLACEMENT_3D('',#12700,#9669,#9670);
#8801=AXIS2_PLACEMENT_3D('',#12769,#9675,#9676);
#8802=AXIS2_PLACEMENT_3D('',#12770,#9677,#9678);
#8803=AXIS2_PLACEMENT_3D('',#12774,#9680,#9681);
#8804=AXIS2_PLACEMENT_3D('',#12803,#9685,#9686);
#8805=AXIS2_PLACEMENT_3D('',#12806,#9688,#9689);
#8806=AXIS2_PLACEMENT_3D('',#12872,#9695,#9696);
#8807=AXIS2_PLACEMENT_3D('',#12875,#9698,#9699);
#8808=AXIS2_PLACEMENT_3D('',#12902,#9702,#9703);
#8809=AXIS2_PLACEMENT_3D('',#12903,#9704,#9705);
#8810=AXIS2_PLACEMENT_3D('',#12904,#9706,#9707);
#8811=AXIS2_PLACEMENT_3D('',#12905,#9708,#9709);
#8812=AXIS2_PLACEMENT_3D('',#12906,#9710,#9711);
#8813=AXIS2_PLACEMENT_3D('',#12907,#9712,#9713);
#8814=AXIS2_PLACEMENT_3D('',#12908,#9714,#9715);
#8815=AXIS2_PLACEMENT_3D('',#12924,#9718,#9719);
#8816=AXIS2_PLACEMENT_3D('',#12928,#9722,#9723);
#8817=AXIS2_PLACEMENT_3D('',#12932,#9726,#9727);
#8818=AXIS2_PLACEMENT_3D('',#12936,#9730,#9731);
#8819=AXIS2_PLACEMENT_3D('',#12940,#9734,#9735);
#8820=AXIS2_PLACEMENT_3D('',#12970,#9740,#9741);
#8821=AXIS2_PLACEMENT_3D('',#12974,#9744,#9745);
#8822=AXIS2_PLACEMENT_3D('',#12989,#9748,#9749);
#8823=AXIS2_PLACEMENT_3D('',#12990,#9750,#9751);
#8824=AXIS2_PLACEMENT_3D('',#12996,#9755,#9756);
#8825=AXIS2_PLACEMENT_3D('',#13000,#9759,#9760);
#8826=AXIS2_PLACEMENT_3D('',#13004,#9763,#9764);
#8827=AXIS2_PLACEMENT_3D('',#13008,#9767,#9768);
#8828=AXIS2_PLACEMENT_3D('',#13012,#9771,#9772);
#8829=AXIS2_PLACEMENT_3D('',#13016,#9775,#9776);
#8830=AXIS2_PLACEMENT_3D('',#13020,#9779,#9780);
#8831=AXIS2_PLACEMENT_3D('',#13024,#9783,#9784);
#8832=AXIS2_PLACEMENT_3D('',#13028,#9787,#9788);
#8833=AXIS2_PLACEMENT_3D('',#13032,#9791,#9792);
#8834=AXIS2_PLACEMENT_3D('',#13036,#9795,#9796);
#8835=AXIS2_PLACEMENT_3D('',#13038,#9798,#9799);
#8836=AXIS2_PLACEMENT_3D('',#13039,#9800,#9801);
#8837=AXIS2_PLACEMENT_3D('',#13040,#9802,#9803);
#8838=AXIS2_PLACEMENT_3D('',#13045,#9805,#9806);
#8839=AXIS2_PLACEMENT_3D('',#13116,#9812,#9813);
#8840=AXIS2_PLACEMENT_3D('',#13117,#9814,#9815);
#8841=AXIS2_PLACEMENT_3D('',#13121,#9817,#9818);
#8842=AXIS2_PLACEMENT_3D('',#13188,#9824,#9825);
#8843=AXIS2_PLACEMENT_3D('',#13191,#9827,#9828);
#8844=AXIS2_PLACEMENT_3D('',#13257,#9834,#9835);
#8845=AXIS2_PLACEMENT_3D('',#13261,#9838,#9839);
#8846=AXIS2_PLACEMENT_3D('',#13265,#9842,#9843);
#8847=AXIS2_PLACEMENT_3D('',#13269,#9846,#9847);
#8848=AXIS2_PLACEMENT_3D('',#13273,#9850,#9851);
#8849=AXIS2_PLACEMENT_3D('',#13303,#9856,#9857);
#8850=AXIS2_PLACEMENT_3D('',#13306,#9859,#9860);
#8851=AXIS2_PLACEMENT_3D('',#13332,#9861,#9862);
#8852=AXIS2_PLACEMENT_3D('',#13333,#9863,#9864);
#8853=AXIS2_PLACEMENT_3D('',#13349,#9867,#9868);
#8854=AXIS2_PLACEMENT_3D('',#13352,#9870,#9871);
#8855=AXIS2_PLACEMENT_3D('',#13405,#9876,#9877);
#8856=AXIS2_PLACEMENT_3D('',#13448,#9883,#9884);
#8857=AXIS2_PLACEMENT_3D('',#13451,#9886,#9887);
#8858=AXIS2_PLACEMENT_3D('',#13491,#9891,#9892);
#8859=AXIS2_PLACEMENT_3D('',#13534,#9898,#9899);
#8860=AXIS2_PLACEMENT_3D('',#13535,#9900,#9901);
#8861=AXIS2_PLACEMENT_3D('',#13536,#9902,#9903);
#8862=AXIS2_PLACEMENT_3D('',#13537,#9904,#9905);
#8863=AXIS2_PLACEMENT_3D('',#13543,#9909,#9910);
#8864=AXIS2_PLACEMENT_3D('',#13547,#9913,#9914);
#8865=AXIS2_PLACEMENT_3D('',#13551,#9917,#9918);
#8866=AXIS2_PLACEMENT_3D('',#13555,#9921,#9922);
#8867=AXIS2_PLACEMENT_3D('',#13559,#9925,#9926);
#8868=AXIS2_PLACEMENT_3D('',#13563,#9929,#9930);
#8869=AXIS2_PLACEMENT_3D('',#13567,#9933,#9934);
#8870=AXIS2_PLACEMENT_3D('',#13571,#9937,#9938);
#8871=AXIS2_PLACEMENT_3D('',#13575,#9941,#9942);
#8872=AXIS2_PLACEMENT_3D('',#13579,#9945,#9946);
#8873=AXIS2_PLACEMENT_3D('',#13581,#9948,#9949);
#8874=AXIS2_PLACEMENT_3D('',#13597,#9952,#9953);
#8875=AXIS2_PLACEMENT_3D('',#13600,#9955,#9956);
#8876=AXIS2_PLACEMENT_3D('',#13666,#9962,#9963);
#8877=AXIS2_PLACEMENT_3D('',#13683,#9967,#9968);
#8878=AXIS2_PLACEMENT_3D('',#13686,#9970,#9971);
#8879=AXIS2_PLACEMENT_3D('',#13713,#9974,#9975);
#8880=AXIS2_PLACEMENT_3D('',#13716,#9977,#9978);
#8881=AXIS2_PLACEMENT_3D('',#13769,#9983,#9984);
#8882=AXIS2_PLACEMENT_3D('',#13812,#9990,#9991);
#8883=AXIS2_PLACEMENT_3D('',#13813,#9992,#9993);
#8884=AXIS2_PLACEMENT_3D('',#13814,#9994,#9995);
#8885=AXIS2_PLACEMENT_3D('',#13815,#9996,#9997);
#8886=AXIS2_PLACEMENT_3D('',#13821,#10001,#10002);
#8887=AXIS2_PLACEMENT_3D('',#13825,#10005,#10006);
#8888=AXIS2_PLACEMENT_3D('',#13829,#10009,#10010);
#8889=AXIS2_PLACEMENT_3D('',#13831,#10012,#10013);
#8890=AXIS2_PLACEMENT_3D('',#13832,#10014,#10015);
#8891=AXIS2_PLACEMENT_3D('',#13838,#10019,#10020);
#8892=AXIS2_PLACEMENT_3D('',#13842,#10023,#10024);
#8893=AXIS2_PLACEMENT_3D('',#13898,#10031,#10032);
#8894=AXIS2_PLACEMENT_3D('',#13901,#10034,#10035);
#8895=AXIS2_PLACEMENT_3D('',#13902,#10036,#10037);
#8896=AXIS2_PLACEMENT_3D('',#13906,#10040,#10041);
#8897=AXIS2_PLACEMENT_3D('',#13910,#10044,#10045);
#8898=AXIS2_PLACEMENT_3D('',#13914,#10048,#10049);
#8899=AXIS2_PLACEMENT_3D('',#13917,#10051,#10052);
#8900=AXIS2_PLACEMENT_3D('',#13944,#10055,#10056);
#8901=AXIS2_PLACEMENT_3D('',#13947,#10058,#10059);
#8902=AXIS2_PLACEMENT_3D('',#13948,#10060,#10061);
#8903=AXIS2_PLACEMENT_3D('',#13951,#10063,#10064);
#8904=AXIS2_PLACEMENT_3D('',#13952,#10065,#10066);
#8905=AXIS2_PLACEMENT_3D('',#13956,#10069,#10070);
#8906=AXIS2_PLACEMENT_3D('',#13958,#10072,#10073);
#8907=AXIS2_PLACEMENT_3D('',#13959,#10074,#10075);
#8908=AXIS2_PLACEMENT_3D('',#13960,#10076,#10077);
#8909=AXIS2_PLACEMENT_3D('',#13965,#10079,#10080);
#8910=AXIS2_PLACEMENT_3D('',#14036,#10086,#10087);
#8911=AXIS2_PLACEMENT_3D('',#14037,#10088,#10089);
#8912=AXIS2_PLACEMENT_3D('',#14041,#10091,#10092);
#8913=AXIS2_PLACEMENT_3D('',#14108,#10098,#10099);
#8914=AXIS2_PLACEMENT_3D('',#14112,#10102,#10103);
#8915=AXIS2_PLACEMENT_3D('',#14116,#10106,#10107);
#8916=AXIS2_PLACEMENT_3D('',#14120,#10110,#10111);
#8917=AXIS2_PLACEMENT_3D('',#14124,#10114,#10115);
#8918=AXIS2_PLACEMENT_3D('',#14154,#10120,#10121);
#8919=AXIS2_PLACEMENT_3D('',#14157,#10123,#10124);
#8920=AXIS2_PLACEMENT_3D('',#14184,#10127,#10128);
#8921=AXIS2_PLACEMENT_3D('',#14187,#10130,#10131);
#8922=AXIS2_PLACEMENT_3D('',#14239,#10134,#10135);
#8923=AXIS2_PLACEMENT_3D('',#14240,#10136,#10137);
#8924=AXIS2_PLACEMENT_3D('',#14241,#10138,#10139);
#8925=AXIS2_PLACEMENT_3D('',#14242,#10140,#10141);
#8926=AXIS2_PLACEMENT_3D('',#14247,#10143,#10144);
#8927=AXIS2_PLACEMENT_3D('',#14284,#10148,#10149);
#8928=AXIS2_PLACEMENT_3D('',#14290,#10153,#10154);
#8929=AXIS2_PLACEMENT_3D('',#14296,#10158,#10159);
#8930=AXIS2_PLACEMENT_3D('',#14334,#10166,#10167);
#8931=AXIS2_PLACEMENT_3D('',#14338,#10170,#10171);
#8932=AXIS2_PLACEMENT_3D('',#14342,#10174,#10175);
#8933=AXIS2_PLACEMENT_3D('',#14346,#10178,#10179);
#8934=AXIS2_PLACEMENT_3D('',#14350,#10182,#10183);
#8935=AXIS2_PLACEMENT_3D('',#14354,#10186,#10187);
#8936=AXIS2_PLACEMENT_3D('',#14358,#10190,#10191);
#8937=AXIS2_PLACEMENT_3D('',#14362,#10194,#10195);
#8938=AXIS2_PLACEMENT_3D('',#14392,#10200,#10201);
#8939=AXIS2_PLACEMENT_3D('',#14395,#10203,#10204);
#8940=AXIS2_PLACEMENT_3D('',#14421,#10205,#10206);
#8941=AXIS2_PLACEMENT_3D('',#14422,#10207,#10208);
#8942=AXIS2_PLACEMENT_3D('',#14438,#10211,#10212);
#8943=AXIS2_PLACEMENT_3D('',#14441,#10214,#10215);
#8944=AXIS2_PLACEMENT_3D('',#14507,#10221,#10222);
#8945=AXIS2_PLACEMENT_3D('',#14524,#10226,#10227);
#8946=AXIS2_PLACEMENT_3D('',#14527,#10229,#10230);
#8947=AXIS2_PLACEMENT_3D('',#14554,#10233,#10234);
#8948=AXIS2_PLACEMENT_3D('',#14557,#10236,#10237);
#8949=AXIS2_PLACEMENT_3D('',#14610,#10242,#10243);
#8950=AXIS2_PLACEMENT_3D('',#14653,#10249,#10250);
#8951=AXIS2_PLACEMENT_3D('',#14654,#10251,#10252);
#8952=AXIS2_PLACEMENT_3D('',#14655,#10253,#10254);
#8953=AXIS2_PLACEMENT_3D('',#14656,#10255,#10256);
#8954=AXIS2_PLACEMENT_3D('',#14662,#10260,#10261);
#8955=AXIS2_PLACEMENT_3D('',#14666,#10264,#10265);
#8956=AXIS2_PLACEMENT_3D('',#14670,#10268,#10269);
#8957=AXIS2_PLACEMENT_3D('',#14672,#10271,#10272);
#8958=AXIS2_PLACEMENT_3D('',#14673,#10273,#10274);
#8959=AXIS2_PLACEMENT_3D('',#14674,#10275,#10276);
#8960=AXIS2_PLACEMENT_3D('',#14679,#10278,#10279);
#8961=AXIS2_PLACEMENT_3D('',#14716,#10283,#10284);
#8962=AXIS2_PLACEMENT_3D('',#14722,#10288,#10289);
#8963=AXIS2_PLACEMENT_3D('',#14728,#10293,#10294);
#8964=AXIS2_PLACEMENT_3D('',#14771,#10301,#10302);
#8965=AXIS2_PLACEMENT_3D('',#14777,#10306,#10307);
#8966=AXIS2_PLACEMENT_3D('',#14783,#10311,#10312);
#8967=AXIS2_PLACEMENT_3D('',#14823,#10318,#10319);
#8968=AXIS2_PLACEMENT_3D('',#14824,#10320,#10321);
#8969=AXIS2_PLACEMENT_3D('',#14828,#10323,#10324);
#8970=AXIS2_PLACEMENT_3D('',#14844,#10327,#10328);
#8971=AXIS2_PLACEMENT_3D('',#14847,#10330,#10331);
#8972=AXIS2_PLACEMENT_3D('',#14874,#10334,#10335);
#8973=AXIS2_PLACEMENT_3D('',#14878,#10338,#10339);
#8974=AXIS2_PLACEMENT_3D('',#14882,#10342,#10343);
#8975=AXIS2_PLACEMENT_3D('',#14912,#10348,#10349);
#8976=AXIS2_PLACEMENT_3D('',#14915,#10351,#10352);
#8977=AXIS2_PLACEMENT_3D('',#14956,#10355,#10356);
#8978=AXIS2_PLACEMENT_3D('',#14957,#10357,#10358);
#8979=AXIS2_PLACEMENT_3D('',#14972,#10359,#10360);
#8980=AXIS2_PLACEMENT_3D('',#14973,#10361,#10362);
#8981=AXIS2_PLACEMENT_3D('',#14974,#10363,#10364);
#8982=AXIS2_PLACEMENT_3D('',#15046,#10370,#10371);
#8983=AXIS2_PLACEMENT_3D('',#15047,#10372,#10373);
#8984=AXIS2_PLACEMENT_3D('',#15051,#10375,#10376);
#8985=AXIS2_PLACEMENT_3D('',#15103,#10380,#10381);
#8986=AXIS2_PLACEMENT_3D('',#15104,#10382,#10383);
#8987=AXIS2_PLACEMENT_3D('',#15108,#10385,#10386);
#8988=AXIS2_PLACEMENT_3D('',#15176,#10393,#10394);
#8989=AXIS2_PLACEMENT_3D('',#15179,#10396,#10397);
#8990=AXIS2_PLACEMENT_3D('',#15206,#10400,#10401);
#8991=AXIS2_PLACEMENT_3D('',#15209,#10403,#10404);
#8992=AXIS2_PLACEMENT_3D('',#15236,#10407,#10408);
#8993=AXIS2_PLACEMENT_3D('',#15237,#10409,#10410);
#8994=AXIS2_PLACEMENT_3D('',#15252,#10411,#10412);
#8995=AXIS2_PLACEMENT_3D('',#15253,#10413,#10414);
#8996=AXIS2_PLACEMENT_3D('',#15254,#10415,#10416);
#8997=AXIS2_PLACEMENT_3D('',#15263,#10421,#10422);
#8998=AXIS2_PLACEMENT_3D('',#15269,#10426,#10427);
#8999=AXIS2_PLACEMENT_3D('',#15275,#10431,#10432);
#9000=AXIS2_PLACEMENT_3D('',#15279,#10435,#10436);
#9001=AXIS2_PLACEMENT_3D('',#15283,#10439,#10440);
#9002=AXIS2_PLACEMENT_3D('',#15287,#10443,#10444);
#9003=AXIS2_PLACEMENT_3D('',#15291,#10447,#10448);
#9004=AXIS2_PLACEMENT_3D('',#15295,#10451,#10452);
#9005=AXIS2_PLACEMENT_3D('',#15299,#10455,#10456);
#9006=AXIS2_PLACEMENT_3D('',#15301,#10458,#10459);
#9007=AXIS2_PLACEMENT_3D('',#15304,#10462,#10463);
#9008=AXIS2_PLACEMENT_3D('',#15305,#10464,#10465);
#9009=AXIS2_PLACEMENT_3D('',#15306,#10466,#10467);
#9010=AXIS2_PLACEMENT_3D('',#15312,#10471,#10472);
#9011=AXIS2_PLACEMENT_3D('',#15316,#10475,#10476);
#9012=AXIS2_PLACEMENT_3D('',#15320,#10479,#10480);
#9013=AXIS2_PLACEMENT_3D('',#15324,#10483,#10484);
#9014=AXIS2_PLACEMENT_3D('',#15328,#10487,#10488);
#9015=AXIS2_PLACEMENT_3D('',#15332,#10491,#10492);
#9016=AXIS2_PLACEMENT_3D('',#15336,#10495,#10496);
#9017=AXIS2_PLACEMENT_3D('',#15338,#10498,#10499);
#9018=AXIS2_PLACEMENT_3D('',#15339,#10500,#10501);
#9019=AXIS2_PLACEMENT_3D('',#15340,#10502,#10503);
#9020=AXIS2_PLACEMENT_3D('',#15341,#10504,#10505);
#9021=AXIS2_PLACEMENT_3D('',#15343,#10506,#10507);
#9022=AXIS2_PLACEMENT_3D('',#15345,#10508,#10509);
#9023=AXIS2_PLACEMENT_3D('',#15347,#10510,#10511);
#9024=AXIS2_PLACEMENT_3D('',#15362,#10518,#10519);
#9025=AXIS2_PLACEMENT_3D('',#15364,#10520,#10521);
#9026=AXIS2_PLACEMENT_3D('',#15375,#10527,#10528);
#9027=AXIS2_PLACEMENT_3D('',#15376,#10529,#10530);
#9028=AXIS2_PLACEMENT_3D('',#15378,#10531,#10532);
#9029=AXIS2_PLACEMENT_3D('',#15387,#10536,#10537);
#9030=AXIS2_PLACEMENT_3D('',#15388,#10538,#10539);
#9031=AXIS2_PLACEMENT_3D('',#15390,#10540,#10541);
#9032=AXIS2_PLACEMENT_3D('',#15392,#10542,#10543);
#9033=AXIS2_PLACEMENT_3D('',#15402,#10548,#10549);
#9034=AXIS2_PLACEMENT_3D('',#15405,#10552,#10553);
#9035=AXIS2_PLACEMENT_3D('',#15407,#10555,#10556);
#9036=AXIS2_PLACEMENT_3D('',#15409,#10558,#10559);
#9037=AXIS2_PLACEMENT_3D('',#15416,#10564,#10565);
#9038=AXIS2_PLACEMENT_3D('',#15417,#10566,#10567);
#9039=AXIS2_PLACEMENT_3D('',#15418,#10568,#10569);
#9040=AXIS2_PLACEMENT_3D('',#15419,#10570,#10571);
#9041=AXIS2_PLACEMENT_3D('',#15420,#10572,#10573);
#9042=AXIS2_PLACEMENT_3D('',#15424,#10576,#10577);
#9043=AXIS2_PLACEMENT_3D('',#15428,#10580,#10581);
#9044=AXIS2_PLACEMENT_3D('',#15430,#10583,#10584);
#9045=AXIS2_PLACEMENT_3D('',#15431,#10585,#10586);
#9046=AXIS2_PLACEMENT_3D('',#15434,#10589,#10590);
#9047=AXIS2_PLACEMENT_3D('',#15436,#10592,#10593);
#9048=AXIS2_PLACEMENT_3D('',#15438,#10595,#10596);
#9049=AXIS2_PLACEMENT_3D('',#15439,#10597,#10598);
#9050=AXIS2_PLACEMENT_3D('',#15440,#10599,#10600);
#9051=DIRECTION('',(0.,0.,1.));
#9052=DIRECTION('',(1.,0.,0.));
#9053=DIRECTION('',(1.,1.82123199577617E-16,0.));
#9054=DIRECTION('',(-1.82123199577617E-16,1.,0.));
#9055=DIRECTION('',(3.05472634297224E-17,-0.16772856780777,-0.985833214870119));
#9056=DIRECTION('',(1.82123199577617E-16,-1.,0.));
#9057=DIRECTION('',(3.16306049011698E-17,-0.173676966880265,-0.984802676263256));
#9058=DIRECTION('',(1.82123199577617E-16,-1.,0.));
#9059=DIRECTION('',(-3.16306049011698E-17,0.173676966880265,0.984802676263256));
#9060=DIRECTION('',(1.82123199577617E-16,-1.,0.));
#9061=DIRECTION('',(-3.19580926852597E-17,0.175475133093298,0.984483863588373));
#9062=DIRECTION('',(-1.82123199577617E-16,1.,0.));
#9063=DIRECTION('',(1.82123199577617E-16,-1.,0.));
#9064=DIRECTION('',(8.33996361293045E-17,-0.457929776781465,-0.888988368617317));
#9065=DIRECTION('',(1.82123199577617E-16,-1.,0.));
#9066=DIRECTION('',(-8.63360631650244E-17,0.474053077066821,0.880496269227462));
#9067=DIRECTION('',(-1.82123199577617E-16,1.,0.));
#9068=DIRECTION('',(-3.31612514222286E-17,0.182081423449273,-0.983283456199018));
#9069=DIRECTION('',(1.82123199577617E-16,-1.,0.));
#9070=DIRECTION('',(2.89856818546409E-17,-0.159154253394762,0.987253728089368));
#9071=DIRECTION('',(-1.,-1.82123199577617E-16,0.));
#9072=DIRECTION('',(1.82123199577617E-16,-1.,0.));
#9073=DIRECTION('',(-1.,-1.82123199577617E-16,0.));
#9074=DIRECTION('',(1.82123199577617E-16,-1.,0.));
#9075=DIRECTION('',(-1.,-1.82123199577617E-16,0.));
#9076=DIRECTION('',(1.82123199577617E-16,-1.,0.));
#9077=DIRECTION('',(-1.,-1.82123199577617E-16,0.));
#9078=DIRECTION('',(1.82123199577617E-16,-1.,0.));
#9079=DIRECTION('',(-1.,-1.82123199577617E-16,0.));
#9080=DIRECTION('',(1.82123199577617E-16,-1.,0.));
#9081=DIRECTION('',(1.82123199577617E-16,-1.,0.));
#9082=DIRECTION('',(-3.16936051991697E-17,0.174022888202459,0.984741607926503));
#9083=DIRECTION('',(-1.82123199577617E-16,1.,0.));
#9084=DIRECTION('',(-1.,-1.82123199577617E-16,0.));
#9085=DIRECTION('',(1.82123199577617E-16,-1.,0.));
#9086=DIRECTION('',(3.2717934171076E-17,-0.17964726211134,-0.98373109192294));
#9087=DIRECTION('',(1.82123199577617E-16,-1.,0.));
#9088=DIRECTION('',(-3.2717934171076E-17,0.17964726211134,0.98373109192294));
#9089=DIRECTION('',(-1.82123199577617E-16,1.,0.));
#9090=DIRECTION('',(-1.,-1.82123199577617E-16,0.));
#9091=DIRECTION('',(1.82123199577617E-16,-1.,0.));
#9092=DIRECTION('',(1.82123199577617E-16,-1.,0.));
#9093=DIRECTION('',(-1.,-1.82123199577617E-16,0.));
#9094=DIRECTION('',(1.82123199577617E-16,-1.,0.));
#9095=DIRECTION('',(-1.,-1.82123199577617E-16,0.));
#9096=DIRECTION('',(1.82123199577617E-16,-1.,0.));
#9097=DIRECTION('',(-1.82123199577617E-16,1.,0.));
#9098=DIRECTION('',(-1.,-1.82123199577617E-16,0.));
#9099=DIRECTION('',(1.82123199577617E-16,-1.,0.));
#9100=DIRECTION('',(-1.,-1.82123199577617E-16,0.));
#9101=DIRECTION('',(1.82123199577617E-16,-1.,0.));
#9102=DIRECTION('',(-6.85698867524508E-17,0.376502756988011,-0.926415497485025));
#9103=DIRECTION('',(1.82123199577617E-16,-1.,0.));
#9104=DIRECTION('',(6.37713210153614E-17,-0.350154846627232,0.936691829463383));
#9105=DIRECTION('',(1.82123199577617E-16,-1.,0.));
#9106=DIRECTION('',(3.18252445651142E-17,-0.174745692140945,-0.984613600900466));
#9107=DIRECTION('',(1.82123199577617E-16,-1.,0.));
#9108=DIRECTION('',(-3.16936051991697E-17,0.174022888202459,0.984741607926503));
#9109=DIRECTION('',(-1.82123199577617E-16,1.,0.));
#9110=DIRECTION('',(-1.,-1.82123199577617E-16,0.));
#9111=DIRECTION('',(1.82123199577617E-16,-1.,0.));
#9112=DIRECTION('',(-1.,-1.82123199577617E-16,0.));
#9113=DIRECTION('',(1.82123199577617E-16,-1.,0.));
#9114=DIRECTION('',(3.19782454084754E-17,-0.175585787437513,-0.984464134059717));
#9115=DIRECTION('',(1.82123199577617E-16,-1.,0.));
#9116=DIRECTION('',(-3.17691402366572E-17,0.174437635130157,0.984668224048181));
#9117=DIRECTION('',(-1.82123199577617E-16,1.,0.));
#9118=DIRECTION('',(3.23052532708519E-17,-0.177381318501842,-0.984142198996948));
#9119=DIRECTION('',(3.14955871357725E-17,-0.172935612864355,-0.984933131640534));
#9120=DIRECTION('',(1.82123199577617E-16,-1.,0.));
#9121=DIRECTION('',(-3.10181825578236E-17,0.170314285218805,0.985389793051667));
#9122=DIRECTION('',(-1.,-1.82123199577617E-16,0.));
#9123=DIRECTION('',(1.82123199577617E-16,-1.,0.));
#9124=DIRECTION('',(-1.,-1.82123199577617E-16,0.));
#9125=DIRECTION('',(1.82123199577617E-16,-1.,0.));
#9126=DIRECTION('',(-1.,-1.82123199577617E-16,0.));
#9127=DIRECTION('',(1.82123199577617E-16,-1.,0.));
#9128=DIRECTION('',(-3.1890592533208E-17,0.17510450402348,0.984549852811269));
#9129=DIRECTION('',(-1.82123199577617E-16,1.,0.));
#9130=DIRECTION('',(3.13652807165867E-17,-0.172220127854823,-0.985058489411501));
#9131=DIRECTION('',(-1.,-1.82123199577617E-16,0.));
#9132=DIRECTION('',(1.82123199577617E-16,-1.,0.));
#9133=DIRECTION('',(-3.17223137033616E-17,0.174180520531884,0.984713738234235));
#9134=DIRECTION('',(-1.82123199577617E-16,1.,0.));
#9135=DIRECTION('',(3.17324249464934E-17,-0.174236039231068,-0.984703916227142));
#9136=DIRECTION('',(1.82123199577617E-16,-1.,0.));
#9137=DIRECTION('',(-3.17691402366572E-17,0.174437635130157,0.984668224048181));
#9138=DIRECTION('',(-1.82123199577617E-16,1.,0.));
#9139=DIRECTION('',(-1.,-1.82123199577617E-16,0.));
#9140=DIRECTION('',(1.82123199577617E-16,-1.,0.));
#9141=DIRECTION('',(1.82123199577617E-16,-1.,0.));
#9142=DIRECTION('',(-1.,-1.82123199577617E-16,0.));
#9143=DIRECTION('',(1.82123199577617E-16,-1.,0.));
#9144=DIRECTION('',(-1.,-1.82123199577617E-16,0.));
#9145=DIRECTION('',(1.82123199577617E-16,-1.,0.));
#9146=DIRECTION('',(-1.82123199577617E-16,1.,0.));
#9147=DIRECTION('',(-1.,-1.82123199577617E-16,0.));
#9148=DIRECTION('',(1.82123199577617E-16,-1.,0.));
#9149=DIRECTION('',(-1.00905740837312E-16,0.554052098092579,-0.832481995360387));
#9150=DIRECTION('',(1.82123199577617E-16,-1.,0.));
#9151=DIRECTION('',(8.82562695372035E-17,-0.484596524450968,0.874737794136073));
#9152=DIRECTION('',(3.1519934881692E-17,-0.173069301191685,-0.984909649148094));
#9153=DIRECTION('',(1.82123199577617E-16,-1.,0.));
#9154=DIRECTION('',(-3.17691402366572E-17,0.174437635130157,0.984668224048181));
#9155=DIRECTION('',(-1.82123199577617E-16,1.,0.));
#9156=DIRECTION('',(3.16660151214376E-17,-0.173871396916361,-0.984768367350593));
#9157=DIRECTION('',(-1.23391965382263E-16,0.677519204958157,0.735505082859981));
#9158=DIRECTION('',(-1.82123199577617E-16,1.,0.));
#9159=DIRECTION('',(1.28995601388837E-16,-0.708287586029707,-0.705924001204245));
#9160=DIRECTION('',(-1.,-1.82123199577617E-16,0.));
#9161=DIRECTION('',(1.82123199577617E-16,-1.,0.));
#9162=DIRECTION('',(1.82123199577617E-16,-1.,0.));
#9163=DIRECTION('',(-1.,-1.82123199577617E-16,0.));
#9164=DIRECTION('',(1.82123199577617E-16,-1.,0.));
#9165=DIRECTION('',(-1.82123199577617E-16,1.,0.));
#9166=DIRECTION('',(-1.,-1.82123199577617E-16,0.));
#9167=DIRECTION('',(1.82123199577617E-16,-1.,0.));
#9168=DIRECTION('',(-1.,-1.82123199577617E-16,0.));
#9169=DIRECTION('',(1.82123199577617E-16,-1.,0.));
#9170=DIRECTION('',(-3.19541098849104E-17,0.175453264378282,0.984487761233731));
#9171=DIRECTION('',(-1.82123199577617E-16,1.,0.));
#9172=DIRECTION('',(3.18365251687939E-17,-0.174807631551772,-0.984602606106271));
#9173=DIRECTION('',(1.82123199577617E-16,-1.,0.));
#9174=DIRECTION('',(-3.39474510630266E-17,0.186398279525936,0.982474265001262));
#9175=DIRECTION('',(-1.,-1.82123199577617E-16,0.));
#9176=DIRECTION('',(1.82123199577617E-16,-1.,0.));
#9177=DIRECTION('',(3.16548954323564E-17,-0.173810341053588,-0.98477914546503));
#9178=DIRECTION('',(1.82123199577617E-16,-1.,0.));
#9179=DIRECTION('',(-3.15019465659435E-17,0.172970531151458,0.984927000012276));
#9180=DIRECTION('',(1.82123199577617E-16,-1.,0.));
#9181=DIRECTION('',(3.14084797879928E-17,-0.172457324826468,-0.985016990266512));
#9182=DIRECTION('',(1.82123199577617E-16,-1.,0.));
#9183=DIRECTION('',(-3.16936051991697E-17,0.174022888202459,0.984741607926503));
#9184=DIRECTION('',(-1.82123199577617E-16,1.,0.));
#9185=DIRECTION('',(3.17661275307522E-17,-0.174421092998721,-0.984671154404927));
#9186=DIRECTION('',(-1.82123199577617E-16,1.,0.));
#9187=DIRECTION('',(-3.18645148185465E-17,0.174961316803389,0.984575308253474));
#9188=DIRECTION('',(-1.82123199577617E-16,1.,0.));
#9189=DIRECTION('',(3.17209565399986E-17,-0.174173068634673,-0.984715056329688));
#9190=DIRECTION('',(1.82123199577617E-16,-1.,0.));
#9191=DIRECTION('',(3.17984121716783E-17,-0.174598361139193,-0.984639737308782));
#9192=DIRECTION('',(1.82123199577617E-16,-1.,0.));
#9193=DIRECTION('',(-3.15443135635532E-17,0.173203159381733,0.984886118076697));
#9194=DIRECTION('',(-1.82123199577617E-16,1.,0.));
#9195=DIRECTION('',(3.19194834237289E-17,-0.175263137797694,-0.984521626237487));
#9196=DIRECTION('',(-1.,-1.82123199577617E-16,0.));
#9197=DIRECTION('',(1.82123199577617E-16,-1.,0.));
#9198=DIRECTION('',(-1.,-1.82123199577617E-16,0.));
#9199=DIRECTION('',(1.82123199577617E-16,-1.,0.));
#9200=DIRECTION('',(-1.,-1.82123199577617E-16,0.));
#9201=DIRECTION('',(1.82123199577617E-16,-1.,0.));
#9202=DIRECTION('',(3.89191593078021E-17,-0.213696878805467,-0.976900017396254));
#9203=DIRECTION('',(-1.82123199577617E-16,1.,0.));
#9204=DIRECTION('',(3.15715415736451E-17,-0.173352662630935,-0.984859814571985));
#9205=DIRECTION('',(1.82123199577617E-16,-1.,0.));
#9206=DIRECTION('',(3.14696468953886E-17,-0.17279318048647,-0.984958129453923));
#9207=DIRECTION('',(1.82123199577617E-16,-1.,0.));
#9208=DIRECTION('',(-3.14696468953884E-17,0.172793180486469,0.984958129453923));
#9209=DIRECTION('',(1.82123199577617E-16,-1.,0.));
#9210=DIRECTION('',(-3.15715415736443E-17,0.17335266263093,0.984859814571986));
#9211=DIRECTION('',(-1.82123199577617E-16,1.,0.));
#9212=DIRECTION('',(-3.47153326629062E-17,0.190614555111147,0.981664958822398));
#9213=DIRECTION('',(-1.,-1.82123199577617E-16,0.));
#9214=DIRECTION('',(1.82123199577617E-16,-1.,0.));
#9215=DIRECTION('',(3.09439912647393E-17,-0.169906916507645,-0.985460115744348));
#9216=DIRECTION('',(-1.,-1.82123199577617E-16,0.));
#9217=DIRECTION('',(1.82123199577617E-16,-1.,0.));
#9218=DIRECTION('',(-1.,-1.82123199577617E-16,0.));
#9219=DIRECTION('',(1.82123199577617E-16,-1.,0.));
#9220=DIRECTION('',(1.82123199577617E-16,-1.,0.));
#9221=DIRECTION('',(-1.,-1.82123199577617E-16,0.));
#9222=DIRECTION('',(1.82123199577617E-16,-1.,0.));
#9223=DIRECTION('',(-1.82123199577617E-16,1.,0.));
#9224=DIRECTION('',(-1.,-1.82123199577617E-16,0.));
#9225=DIRECTION('',(1.82123199577617E-16,-1.,0.));
#9226=DIRECTION('',(-1.,-1.82123199577617E-16,0.));
#9227=DIRECTION('',(1.82123199577617E-16,-1.,0.));
#9228=DIRECTION('',(-1.,-1.82123199577617E-16,0.));
#9229=DIRECTION('',(1.82123199577617E-16,-1.,0.));
#9230=DIRECTION('',(-3.17984121716779E-17,0.174598361139191,0.984639737308783));
#9231=DIRECTION('',(-1.82123199577617E-16,1.,0.));
#9232=DIRECTION('',(3.17691402366572E-17,-0.174437635130157,-0.984668224048181));
#9233=DIRECTION('',(1.82123199577617E-16,-1.,0.));
#9234=DIRECTION('',(-3.15304196293747E-17,0.173126870725423,0.984899531237995));
#9235=DIRECTION('',(-1.,-1.82123199577617E-16,0.));
#9236=DIRECTION('',(1.82123199577617E-16,-1.,0.));
#9237=DIRECTION('',(-1.,-1.82123199577617E-16,0.));
#9238=DIRECTION('',(1.82123199577617E-16,-1.,0.));
#9239=DIRECTION('',(-1.,-1.82123199577617E-16,0.));
#9240=DIRECTION('',(1.82123199577617E-16,-1.,0.));
#9241=DIRECTION('',(-3.19541098849128E-17,0.175453264378296,0.984487761233729));
#9242=DIRECTION('',(-1.82123199577617E-16,1.,0.));
#9243=DIRECTION('',(3.18365251687939E-17,-0.174807631551772,-0.984602606106271));
#9244=DIRECTION('',(1.82123199577617E-16,-1.,0.));
#9245=DIRECTION('',(-3.39474510630264E-17,0.186398279525935,0.982474265001263));
#9246=DIRECTION('',(-1.,-1.82123199577617E-16,0.));
#9247=DIRECTION('',(1.82123199577617E-16,-1.,0.));
#9248=DIRECTION('',(3.16936051991697E-17,-0.174022888202458,-0.984741607926503));
#9249=DIRECTION('',(1.82123199577617E-16,-1.,0.));
#9250=DIRECTION('',(-3.19464457440321E-17,0.175411182200415,0.984495260099841));
#9251=DIRECTION('',(8.79185455224193E-17,-0.48274215325846,-0.875762532577973));
#9252=DIRECTION('',(1.82123199577617E-16,-1.,0.));
#9253=DIRECTION('',(3.55015419725913E-17,-0.194931464277626,0.980816865798392));
#9254=DIRECTION('',(3.13478352705265E-17,-0.172124338597328,-0.985075231676461));
#9255=DIRECTION('',(1.82123199577617E-16,-1.,0.));
#9256=DIRECTION('',(-3.16936051991697E-17,0.174022888202459,0.984741607926503));
#9257=DIRECTION('',(-1.82123199577617E-16,1.,0.));
#9258=DIRECTION('',(-4.09021356316289E-17,0.224584982728667,-0.974454506651164));
#9259=DIRECTION('',(-9.0904170744802E-17,0.499135590389517,0.866523896038943));
#9260=DIRECTION('',(-1.82123199577617E-16,1.,0.));
#9261=DIRECTION('',(1.82123199577617E-16,-1.,0.));
#9262=DIRECTION('',(0.,0.,-1.));
#9263=DIRECTION('',(1.82123199577617E-16,-1.,0.));
#9264=DIRECTION('',(0.,0.,-1.));
#9265=DIRECTION('',(0.,0.,1.));
#9266=DIRECTION('',(1.,0.,0.));
#9267=DIRECTION('',(-1.,0.,0.));
#9268=DIRECTION('',(0.,0.,1.));
#9269=DIRECTION('',(1.,0.,0.));
#9270=DIRECTION('',(0.,0.,1.));
#9271=DIRECTION('',(1.,0.,0.));
#9272=DIRECTION('',(1.82123199577617E-16,-1.,0.));
#9273=DIRECTION('',(1.82123199577617E-16,-1.,0.));
#9274=DIRECTION('',(-1.,0.,0.));
#9275=DIRECTION('',(1.82123199577617E-16,-1.,0.));
#9276=DIRECTION('',(0.,0.,1.));
#9277=DIRECTION('',(1.,0.,0.));
#9278=DIRECTION('',(0.,0.,1.));
#9279=DIRECTION('',(1.,0.,0.));
#9280=DIRECTION('',(0.,0.,-1.));
#9281=DIRECTION('',(-1.,0.,0.));
#9282=DIRECTION('',(-1.82122759937969E-16,0.999997586031603,-0.0021972553257304));
#9283=DIRECTION('',(4.00171170210981E-19,-0.0021972553257304,-0.999997586031603));
#9284=DIRECTION('',(0.,0.,-1.));
#9285=DIRECTION('',(-1.,0.,0.));
#9286=DIRECTION('',(-1.82122759937969E-16,0.999997586031603,-0.0021972553257304));
#9287=DIRECTION('',(4.00171170210981E-19,-0.0021972553257304,-0.999997586031603));
#9288=DIRECTION('',(0.,0.,-1.));
#9289=DIRECTION('',(0.,-1.,0.));
#9290=DIRECTION('',(0.,0.,-1.));
#9291=DIRECTION('',(0.,-1.,0.));
#9292=DIRECTION('',(0.,0.,-1.));
#9293=DIRECTION('',(-1.,0.,0.));
#9294=DIRECTION('',(0.,0.,-1.));
#9295=DIRECTION('',(1.,1.82123199577617E-16,0.));
#9296=DIRECTION('',(-1.82123199577617E-16,1.,0.));
#9297=DIRECTION('',(1.82123199577617E-16,-1.,0.));
#9298=DIRECTION('',(0.,0.,1.));
#9299=DIRECTION('',(1.,0.,0.));
#9300=DIRECTION('',(1.,1.82123199577617E-16,0.));
#9301=DIRECTION('',(1.,1.82123199577617E-16,0.));
#9302=DIRECTION('',(-1.82122759937969E-16,0.999997586031603,-0.0021972553257304));
#9303=DIRECTION('',(0.,0.0021972553257304,0.999997586031603));
#9304=DIRECTION('',(0.,0.,-1.));
#9305=DIRECTION('',(-1.,0.,0.));
#9306=DIRECTION('',(0.,0.,-1.));
#9307=DIRECTION('',(0.,0.,-1.));
#9308=DIRECTION('',(0.,0.,-1.));
#9309=DIRECTION('',(-1.,0.,0.));
#9310=DIRECTION('',(0.,0.,1.));
#9311=DIRECTION('',(0.,-1.,0.));
#9312=DIRECTION('',(0.,0.,-1.));
#9313=DIRECTION('',(0.,-1.,0.));
#9314=DIRECTION('',(0.,0.,-1.));
#9315=DIRECTION('',(-1.,0.,0.));
#9316=DIRECTION('',(0.,0.,-1.));
#9317=DIRECTION('',(0.,0.,-1.));
#9318=DIRECTION('',(1.,1.82123199577617E-16,0.));
#9319=DIRECTION('',(-1.82123199577617E-16,1.,0.));
#9320=DIRECTION('',(1.82123199577617E-16,-1.,0.));
#9321=DIRECTION('',(1.,1.82123199577617E-16,0.));
#9322=DIRECTION('',(-1.82123199577617E-16,1.,0.));
#9323=DIRECTION('',(1.82123199577617E-16,-1.,0.));
#9324=DIRECTION('',(0.,0.,1.));
#9325=DIRECTION('',(1.,0.,0.));
#9326=DIRECTION('',(1.,0.,0.));
#9327=DIRECTION('',(0.,1.,0.));
#9328=DIRECTION('',(0.,0.,1.));
#9329=DIRECTION('',(0.,-1.,0.));
#9330=DIRECTION('',(0.,0.,-1.));
#9331=DIRECTION('',(0.,1.,0.));
#9332=DIRECTION('',(0.,0.,1.));
#9333=DIRECTION('',(0.,-1.,0.));
#9334=DIRECTION('',(0.,0.,-1.));
#9335=DIRECTION('',(0.,-1.,0.));
#9336=DIRECTION('',(1.,0.,0.));
#9337=DIRECTION('',(-1.79344292392782E-16,0.984741607926503,-0.174022888202458));
#9338=DIRECTION('',(0.,0.174022888202458,0.984741607926503));
#9339=DIRECTION('',(-1.,-1.82123199577617E-16,0.));
#9340=DIRECTION('',(3.16936051991697E-17,-0.174022888202458,-0.984741607926503));
#9341=DIRECTION('',(-1.,-1.82123199577617E-16,0.));
#9342=DIRECTION('',(0.,0.,1.));
#9343=DIRECTION('',(1.,0.,0.));
#9344=DIRECTION('',(-1.,-1.82123199577617E-16,0.));
#9345=DIRECTION('',(-1.82123199577617E-16,1.,0.));
#9346=DIRECTION('',(1.57814104457075E-16,-0.866523896038943,0.499135590389517));
#9347=DIRECTION('',(0.,-0.499135590389517,-0.866523896038943));
#9348=DIRECTION('',(-1.,-1.82123199577617E-16,0.));
#9349=DIRECTION('',(-9.0904170744802E-17,0.499135590389517,0.866523896038943));
#9350=DIRECTION('',(-1.77470772594139E-16,0.974454506651165,0.224584982728667));
#9351=DIRECTION('',(0.,-0.224584982728667,0.974454506651165));
#9352=DIRECTION('',(-1.,-1.82123199577617E-16,0.));
#9353=DIRECTION('',(-4.09021356316289E-17,0.224584982728667,-0.974454506651164));
#9354=DIRECTION('',(0.,0.,1.));
#9355=DIRECTION('',(1.,0.,0.));
#9356=DIRECTION('',(-1.,-1.82123199577617E-16,0.));
#9357=DIRECTION('',(-1.82123199577617E-16,1.,0.));
#9358=DIRECTION('',(1.79344292392782E-16,-0.984741607926503,0.174022888202459));
#9359=DIRECTION('',(0.,-0.174022888202459,-0.984741607926503));
#9360=DIRECTION('',(-1.,-1.82123199577617E-16,0.));
#9361=DIRECTION('',(-3.16936051991697E-17,0.174022888202459,0.984741607926503));
#9362=DIRECTION('',(0.,0.,-1.));
#9363=DIRECTION('',(-1.,0.,0.));
#9364=DIRECTION('',(-1.,-1.82123199577617E-16,0.));
#9365=DIRECTION('',(1.82123199577617E-16,-1.,0.));
#9366=DIRECTION('',(-1.7940505301758E-16,0.98507523167646,-0.172124338597328));
#9367=DIRECTION('',(0.,0.172124338597328,0.985075231676461));
#9368=DIRECTION('',(-1.,-1.82123199577617E-16,0.));
#9369=DIRECTION('',(3.13478352705265E-17,-0.172124338597328,-0.985075231676461));
#9370=DIRECTION('',(1.78629505798894E-16,-0.980816865798392,-0.194931464277626));
#9371=DIRECTION('',(0.,0.194931464277626,-0.980816865798392));
#9372=DIRECTION('',(-1.,-1.82123199577617E-16,0.));
#9373=DIRECTION('',(3.55015419725913E-17,-0.194931464277626,0.980816865798392));
#9374=DIRECTION('',(0.,0.,-1.));
#9375=DIRECTION('',(-1.,0.,0.));
#9376=DIRECTION('',(-1.,-1.82123199577617E-16,0.));
#9377=DIRECTION('',(1.82123199577617E-16,-1.,0.));
#9378=DIRECTION('',(-1.59496674503298E-16,0.875762532577973,-0.48274215325846));
#9379=DIRECTION('',(0.,0.48274215325846,0.875762532577973));
#9380=DIRECTION('',(-1.,-1.82123199577617E-16,0.));
#9381=DIRECTION('',(8.79185455224193E-17,-0.48274215325846,-0.875762532577973));
#9382=DIRECTION('',(1.79299426738381E-16,-0.984495260099841,0.175411182200415));
#9383=DIRECTION('',(0.,-0.175411182200415,-0.98449526009984));
#9384=DIRECTION('',(-1.,-1.82123199577617E-16,0.));
#9385=DIRECTION('',(-3.19464457440321E-17,0.175411182200415,0.984495260099841));
#9386=DIRECTION('',(0.,0.,-1.));
#9387=DIRECTION('',(-1.,0.,0.));
#9388=DIRECTION('',(1.82123199577617E-16,-1.,0.));
#9389=DIRECTION('',(1.,1.82123199577617E-16,0.));
#9390=DIRECTION('',(-1.82123199577617E-16,1.,0.));
#9391=DIRECTION('',(-1.,-1.82123199577617E-16,0.));
#9392=DIRECTION('',(0.,0.99620049378589,-0.0870894722727638));
#9393=DIRECTION('',(-1.,-1.82123199577617E-16,0.));
#9394=DIRECTION('',(1.82123199577617E-16,-1.,0.));
#9395=DIRECTION('',(-1.,-1.82123199577617E-16,0.));
#9396=DIRECTION('',(-1.,-1.82123199577617E-16,0.));
#9397=DIRECTION('',(1.82123199577617E-16,-1.,0.));
#9398=DIRECTION('',(-1.,-1.82123199577617E-16,0.));
#9399=DIRECTION('',(-1.,-1.82123199577617E-16,0.));
#9400=DIRECTION('',(-1.,-1.82123199577617E-16,0.));
#9401=DIRECTION('',(-1.,-1.82123199577617E-16,0.));
#9402=DIRECTION('',(-1.,-1.82123199577617E-16,0.));
#9403=DIRECTION('',(-1.,-1.82123199577617E-16,0.));
#9404=DIRECTION('',(0.,-0.996200493785871,0.0870894722729873));
#9405=DIRECTION('',(-1.,-1.82123199577617E-16,0.));
#9406=DIRECTION('',(1.82123199577617E-16,-1.,0.));
#9407=DIRECTION('',(-1.,-1.82123199577617E-16,0.));
#9408=DIRECTION('',(-1.,-1.82123199577617E-16,0.));
#9409=DIRECTION('',(1.82123199577617E-16,-1.,0.));
#9410=DIRECTION('',(-1.,-1.82123199577617E-16,0.));
#9411=DIRECTION('',(-1.,-1.82123199577617E-16,0.));
#9412=DIRECTION('',(-1.,-1.82123199577617E-16,0.));
#9413=DIRECTION('',(-1.,-1.82123199577617E-16,0.));
#9414=DIRECTION('',(-1.,-1.82123199577617E-16,0.));
#9415=DIRECTION('',(-1.,-1.82123199577617E-16,0.));
#9416=DIRECTION('',(0.,-0.996163771523031,0.0875085156142532));
#9417=DIRECTION('',(-1.,-1.82123199577617E-16,0.));
#9418=DIRECTION('',(-1.,-1.82123199577617E-16,0.));
#9419=DIRECTION('',(1.82123199577617E-16,-1.,0.));
#9420=DIRECTION('',(-1.,-1.82123199577617E-16,0.));
#9421=DIRECTION('',(-1.,-1.82123199577617E-16,0.));
#9422=DIRECTION('',(-1.,-1.82123199577617E-16,0.));
#9423=DIRECTION('',(-1.,-1.82123199577617E-16,0.));
#9424=DIRECTION('',(-1.,-1.82123199577617E-16,0.));
#9425=DIRECTION('',(1.78931356644698E-16,-0.982474265001263,0.186398279525935));
#9426=DIRECTION('',(0.,-0.186398279525935,-0.982474265001263));
#9427=DIRECTION('',(-1.,-1.82123199577617E-16,0.));
#9428=DIRECTION('',(-3.39474510630264E-17,0.186398279525935,0.982474265001263));
#9429=DIRECTION('',(0.,0.,-1.));
#9430=DIRECTION('',(-1.,0.,0.));
#9431=DIRECTION('',(-1.,-1.82123199577617E-16,0.));
#9432=DIRECTION('',(1.82123199577617E-16,-1.,0.));
#9433=DIRECTION('',(-1.79318976936534E-16,0.984602606106271,-0.174807631551772));
#9434=DIRECTION('',(0.,0.174807631551772,0.984602606106271));
#9435=DIRECTION('',(-1.,-1.82123199577617E-16,0.));
#9436=DIRECTION('',(3.18365251687939E-17,-0.174807631551772,-0.984602606106271));
#9437=DIRECTION('',(0.,0.,1.));
#9438=DIRECTION('',(1.,0.,0.));
#9439=DIRECTION('',(-1.,-1.82123199577617E-16,0.));
#9440=DIRECTION('',(-1.82123199577617E-16,1.,0.));
#9441=DIRECTION('',(1.79298061020892E-16,-0.984487761233729,0.175453264378296));
#9442=DIRECTION('',(0.,-0.175453264378296,-0.984487761233729));
#9443=DIRECTION('',(-1.,-1.82123199577617E-16,0.));
#9444=DIRECTION('',(-3.19541098849128E-17,0.175453264378296,0.984487761233729));
#9445=DIRECTION('',(-1.,-1.82123199577617E-16,0.));
#9446=DIRECTION('',(-1.,-1.82123199577617E-16,0.));
#9447=DIRECTION('',(-1.,-1.82123199577617E-16,0.));
#9448=DIRECTION('',(0.,-0.256777923586533,0.966470433049345));
#9449=DIRECTION('',(-1.,-1.82123199577617E-16,0.));
#9450=DIRECTION('',(-1.,-1.82123199577617E-16,0.));
#9451=DIRECTION('',(1.82123199577617E-16,-1.,0.));
#9452=DIRECTION('',(1.,1.82123199577617E-16,0.));
#9453=DIRECTION('',(-1.82123199577617E-16,1.,0.));
#9454=DIRECTION('',(1.,1.82123199577617E-16,0.));
#9455=DIRECTION('',(-1.82123199577617E-16,1.,0.));
#9456=DIRECTION('',(-1.,-1.82123199577617E-16,0.));
#9457=DIRECTION('',(0.,0.996200493785889,-0.0870894722727726));
#9458=DIRECTION('',(-1.,-1.82123199577617E-16,0.));
#9459=DIRECTION('',(1.82123199577617E-16,-1.,0.));
#9460=DIRECTION('',(-1.,-1.82123199577617E-16,0.));
#9461=DIRECTION('',(-1.,-1.82123199577617E-16,0.));
#9462=DIRECTION('',(1.82123199577617E-16,-1.,0.));
#9463=DIRECTION('',(-1.,-1.82123199577617E-16,0.));
#9464=DIRECTION('',(-1.,-1.82123199577617E-16,0.));
#9465=DIRECTION('',(-1.,-1.82123199577617E-16,0.));
#9466=DIRECTION('',(-1.,-1.82123199577617E-16,0.));
#9467=DIRECTION('',(-1.,-1.82123199577617E-16,0.));
#9468=DIRECTION('',(-1.,-1.82123199577617E-16,0.));
#9469=DIRECTION('',(0.,-0.996200493785882,0.0870894722728505));
#9470=DIRECTION('',(-1.,-1.82123199577617E-16,0.));
#9471=DIRECTION('',(1.82123199577617E-16,-1.,0.));
#9472=DIRECTION('',(-1.,-1.82123199577617E-16,0.));
#9473=DIRECTION('',(-1.,-1.82123199577617E-16,0.));
#9474=DIRECTION('',(1.82123199577617E-16,-1.,0.));
#9475=DIRECTION('',(-1.,-1.82123199577617E-16,0.));
#9476=DIRECTION('',(-1.,-1.82123199577617E-16,0.));
#9477=DIRECTION('',(-1.,-1.82123199577617E-16,0.));
#9478=DIRECTION('',(-1.,-1.82123199577617E-16,0.));
#9479=DIRECTION('',(-1.,-1.82123199577617E-16,0.));
#9480=DIRECTION('',(-1.,-1.82123199577617E-16,0.));
#9481=DIRECTION('',(0.,-0.996090037993384,0.0883438521366252));
#9482=DIRECTION('',(-1.,-1.82123199577617E-16,0.));
#9483=DIRECTION('',(-1.,-1.82123199577617E-16,0.));
#9484=DIRECTION('',(1.82123199577617E-16,-1.,0.));
#9485=DIRECTION('',(-1.,-1.82123199577617E-16,0.));
#9486=DIRECTION('',(-1.,-1.82123199577617E-16,0.));
#9487=DIRECTION('',(-1.,-1.82123199577617E-16,0.));
#9488=DIRECTION('',(-1.,-1.82123199577617E-16,0.));
#9489=DIRECTION('',(-1.,-1.82123199577617E-16,0.));
#9490=DIRECTION('',(0.,0.625604298480719,-0.780140539725021));
#9491=DIRECTION('',(-1.,-1.82123199577617E-16,0.));
#9492=DIRECTION('',(-1.,-1.82123199577617E-16,0.));
#9493=DIRECTION('',(1.82123199577617E-16,-1.,0.));
#9494=DIRECTION('',(1.79373053891559E-16,-0.984899531237995,0.173126870725423));
#9495=DIRECTION('',(0.,-0.173126870725423,-0.984899531237995));
#9496=DIRECTION('',(-1.,-1.82123199577617E-16,0.));
#9497=DIRECTION('',(-3.15304196293747E-17,0.173126870725423,0.984899531237995));
#9498=DIRECTION('',(0.,0.,-1.));
#9499=DIRECTION('',(-1.,0.,0.));
#9500=DIRECTION('',(-1.,-1.82123199577617E-16,0.));
#9501=DIRECTION('',(1.82123199577617E-16,-1.,0.));
#9502=DIRECTION('',(-1.79330927486065E-16,0.984668224048181,-0.174437635130157));
#9503=DIRECTION('',(0.,0.174437635130157,0.984668224048181));
#9504=DIRECTION('',(-1.,-1.82123199577617E-16,0.));
#9505=DIRECTION('',(3.17691402366572E-17,-0.174437635130157,-0.984668224048181));
#9506=DIRECTION('',(0.,0.,1.));
#9507=DIRECTION('',(1.,0.,0.));
#9508=DIRECTION('',(-1.,-1.82123199577617E-16,0.));
#9509=DIRECTION('',(-1.82123199577617E-16,1.,0.));
#9510=DIRECTION('',(1.7932573938994E-16,-0.984639737308783,0.174598361139191));
#9511=DIRECTION('',(0.,-0.174598361139191,-0.984639737308783));
#9512=DIRECTION('',(-1.,-1.82123199577617E-16,0.));
#9513=DIRECTION('',(-3.17984121716779E-17,0.174598361139191,0.984639737308783));
#9514=DIRECTION('',(-1.,-1.82123199577617E-16,0.));
#9515=DIRECTION('',(-1.,-1.82123199577617E-16,0.));
#9516=DIRECTION('',(-1.,-1.82123199577617E-16,0.));
#9517=DIRECTION('',(0.,-0.256777923586535,0.966470433049345));
#9518=DIRECTION('',(-1.,-1.82123199577617E-16,0.));
#9519=DIRECTION('',(-1.,-1.82123199577617E-16,0.));
#9520=DIRECTION('',(1.82123199577617E-16,-1.,0.));
#9521=DIRECTION('',(1.,1.82123199577617E-16,0.));
#9522=DIRECTION('',(-1.82123199577617E-16,1.,0.));
#9523=DIRECTION('',(1.,1.82123199577617E-16,0.));
#9524=DIRECTION('',(-1.82123199577617E-16,1.,0.));
#9525=DIRECTION('',(-1.,-1.82123199577617E-16,0.));
#9526=DIRECTION('',(0.,0.995135757384009,-0.0985130670304973));
#9527=DIRECTION('',(-1.,-1.82123199577617E-16,0.));
#9528=DIRECTION('',(1.82123199577617E-16,-1.,0.));
#9529=DIRECTION('',(-1.,-1.82123199577617E-16,0.));
#9530=DIRECTION('',(-1.,-1.82123199577617E-16,0.));
#9531=DIRECTION('',(1.82123199577617E-16,-1.,0.));
#9532=DIRECTION('',(-1.,-1.82123199577617E-16,0.));
#9533=DIRECTION('',(0.,0.,1.));
#9534=DIRECTION('',(1.,0.,0.));
#9535=DIRECTION('',(-1.82123199577617E-16,1.,0.));
#9536=DIRECTION('',(-1.,-1.82123199577617E-16,0.));
#9537=DIRECTION('',(-1.82123199577617E-16,1.,0.));
#9538=DIRECTION('',(-1.,-1.82123199577617E-16,0.));
#9539=DIRECTION('',(-1.,-1.82123199577617E-16,0.));
#9540=DIRECTION('',(0.,-0.325706358736671,0.945470976751005));
#9541=DIRECTION('',(-1.,-1.82123199577617E-16,0.));
#9542=DIRECTION('',(1.82123199577617E-16,-1.,0.));
#9543=DIRECTION('',(-1.,-1.82123199577617E-16,0.));
#9544=DIRECTION('',(-1.,-1.82123199577617E-16,0.));
#9545=DIRECTION('',(1.82123199577617E-16,-1.,0.));
#9546=DIRECTION('',(-1.,-1.82123199577617E-16,0.));
#9547=DIRECTION('',(-1.,-1.82123199577617E-16,0.));
#9548=DIRECTION('',(-1.,-1.82123199577617E-16,0.));
#9549=DIRECTION('',(-1.,-1.82123199577617E-16,0.));
#9550=DIRECTION('',(-1.,-1.82123199577617E-16,0.));
#9551=DIRECTION('',(0.,-0.64908857129358,0.760712841101068));
#9552=DIRECTION('',(-1.,-1.82123199577617E-16,0.));
#9553=DIRECTION('',(-1.,-1.82123199577617E-16,0.));
#9554=DIRECTION('',(1.82123199577617E-16,-1.,0.));
#9555=DIRECTION('',(-1.,-1.82123199577617E-16,0.));
#9556=DIRECTION('',(-1.,-1.82123199577617E-16,0.));
#9557=DIRECTION('',(0.,-0.995627236002788,0.0934152392784428));
#9558=DIRECTION('',(-1.,-1.82123199577617E-16,0.));
#9559=DIRECTION('',(-1.,-1.82123199577617E-16,0.));
#9560=DIRECTION('',(1.82123199577617E-16,-1.,0.));
#9561=DIRECTION('',(-1.,-1.82123199577617E-16,0.));
#9562=DIRECTION('',(-1.,-1.82123199577617E-16,0.));
#9563=DIRECTION('',(-1.,-1.82123199577617E-16,0.));
#9564=DIRECTION('',(-1.,-1.82123199577617E-16,0.));
#9565=DIRECTION('',(0.,0.,1.));
#9566=DIRECTION('',(1.,0.,0.));
#9567=DIRECTION('',(-1.,-1.82123199577617E-16,0.));
#9568=DIRECTION('',(-1.82123199577617E-16,1.,0.));
#9569=DIRECTION('',(-1.,-1.82123199577617E-16,0.));
#9570=DIRECTION('',(-1.,-1.82123199577617E-16,0.));
#9571=DIRECTION('',(-1.,-1.82123199577617E-16,0.));
#9572=DIRECTION('',(-1.,-1.82123199577617E-16,0.));
#9573=DIRECTION('',(0.,-0.998365080299807,0.0571591325857933));
#9574=DIRECTION('',(-1.,-1.82123199577617E-16,0.));
#9575=DIRECTION('',(-1.,-1.82123199577617E-16,0.));
#9576=DIRECTION('',(1.82123199577617E-16,-1.,0.));
#9577=DIRECTION('',(0.,0.,-1.));
#9578=DIRECTION('',(-1.,0.,0.));
#9579=DIRECTION('',(-1.,-1.82123199577617E-16,0.));
#9580=DIRECTION('',(1.82123199577617E-16,-1.,0.));
#9581=DIRECTION('',(-1.,-1.82123199577617E-16,0.));
#9582=DIRECTION('',(0.,0.971575350718311,-0.236730517417151));
#9583=DIRECTION('',(-1.,-1.82123199577617E-16,0.));
#9584=DIRECTION('',(-1.,-1.82123199577617E-16,0.));
#9585=DIRECTION('',(1.82123199577617E-16,-1.,0.));
#9586=DIRECTION('',(-1.,-1.82123199577617E-16,0.));
#9587=DIRECTION('',(0.,0.996118937750873,-0.0880173951788598));
#9588=DIRECTION('',(-1.,-1.82123199577617E-16,0.));
#9589=DIRECTION('',(-1.,-1.82123199577617E-16,0.));
#9590=DIRECTION('',(1.82123199577617E-16,-1.,0.));
#9591=DIRECTION('',(1.,1.82123199577617E-16,0.));
#9592=DIRECTION('',(-1.82123199577617E-16,1.,0.));
#9593=DIRECTION('',(1.,1.82123199577617E-16,0.));
#9594=DIRECTION('',(-1.82123199577617E-16,1.,0.));
#9595=DIRECTION('',(-1.,-1.82123199577617E-16,0.));
#9596=DIRECTION('',(-1.,-1.82123199577617E-16,0.));
#9597=DIRECTION('',(-1.7947514933549E-16,0.985460115744348,-0.169906916507645));
#9598=DIRECTION('',(0.,0.169906916507645,0.985460115744348));
#9599=DIRECTION('',(-1.,-1.82123199577617E-16,0.));
#9600=DIRECTION('',(3.09439912647393E-17,-0.169906916507645,-0.985460115744348));
#9601=DIRECTION('',(-1.,-1.82123199577617E-16,0.));
#9602=DIRECTION('',(0.,0.0465036578653325,0.998918119670048));
#9603=DIRECTION('',(-1.,-1.82123199577617E-16,0.));
#9604=DIRECTION('',(-1.,-1.82123199577617E-16,0.));
#9605=DIRECTION('',(1.82123199577617E-16,-1.,0.));
#9606=DIRECTION('',(-1.,-1.82123199577617E-16,0.));
#9607=DIRECTION('',(-1.,-1.82123199577617E-16,0.));
#9608=DIRECTION('',(1.78783963213965E-16,-0.981664958822398,0.190614555111147));
#9609=DIRECTION('',(0.,-0.190614555111147,-0.981664958822398));
#9610=DIRECTION('',(-1.,-1.82123199577617E-16,0.));
#9611=DIRECTION('',(-3.47153326629062E-17,0.190614555111147,0.981664958822398));
#9612=DIRECTION('',(0.,0.,1.));
#9613=DIRECTION('',(1.,0.,0.));
#9614=DIRECTION('',(-1.,-1.82123199577617E-16,0.));
#9615=DIRECTION('',(-1.82123199577617E-16,1.,0.));
#9616=DIRECTION('',(1.79365820565269E-16,-0.984859814571986,0.17335266263093));
#9617=DIRECTION('',(0.,-0.17335266263093,-0.984859814571986));
#9618=DIRECTION('',(-1.,-1.82123199577617E-16,0.));
#9619=DIRECTION('',(-3.15715415736443E-17,0.17335266263093,0.984859814571986));
#9620=DIRECTION('',(0.,0.,-1.));
#9621=DIRECTION('',(-1.,0.,0.));
#9622=DIRECTION('',(-1.,-1.82123199577617E-16,0.));
#9623=DIRECTION('',(1.82123199577617E-16,-1.,0.));
#9624=DIRECTION('',(1.79383725986133E-16,-0.984958129453923,0.172793180486469));
#9625=DIRECTION('',(0.,-0.172793180486469,-0.984958129453923));
#9626=DIRECTION('',(-1.,-1.82123199577617E-16,0.));
#9627=DIRECTION('',(-3.14696468953884E-17,0.172793180486469,0.984958129453923));
#9628=DIRECTION('',(0.,0.,-1.));
#9629=DIRECTION('',(-1.,0.,0.));
#9630=DIRECTION('',(-1.,-1.82123199577617E-16,0.));
#9631=DIRECTION('',(1.82123199577617E-16,-1.,0.));
#9632=DIRECTION('',(-1.79383725986133E-16,0.984958129453923,-0.17279318048647));
#9633=DIRECTION('',(0.,0.17279318048647,0.984958129453923));
#9634=DIRECTION('',(-1.,-1.82123199577617E-16,0.));
#9635=DIRECTION('',(3.14696468953886E-17,-0.17279318048647,-0.984958129453923));
#9636=DIRECTION('',(0.,0.,-1.));
#9637=DIRECTION('',(-1.,0.,0.));
#9638=DIRECTION('',(-1.,-1.82123199577617E-16,0.));
#9639=DIRECTION('',(1.82123199577617E-16,-1.,0.));
#9640=DIRECTION('',(-1.79365820565269E-16,0.984859814571985,-0.173352662630935));
#9641=DIRECTION('',(0.,0.173352662630935,0.984859814571985));
#9642=DIRECTION('',(-1.,-1.82123199577617E-16,0.));
#9643=DIRECTION('',(3.15715415736451E-17,-0.173352662630935,-0.984859814571985));
#9644=DIRECTION('',(0.,0.,1.));
#9645=DIRECTION('',(1.,0.,0.));
#9646=DIRECTION('',(-1.,-1.82123199577617E-16,0.));
#9647=DIRECTION('',(-1.82123199577617E-16,1.,0.));
#9648=DIRECTION('',(-1.77916156835636E-16,0.976900017396254,-0.213696878805467));
#9649=DIRECTION('',(0.,0.213696878805467,0.976900017396254));
#9650=DIRECTION('',(-1.,-1.82123199577617E-16,0.));
#9651=DIRECTION('',(3.89191593078021E-17,-0.213696878805467,-0.976900017396254));
#9652=DIRECTION('',(1.,1.82123199577617E-16,0.));
#9653=DIRECTION('',(-1.82123199577617E-16,1.,0.));
#9654=DIRECTION('',(-1.,-1.82123199577617E-16,0.));
#9655=DIRECTION('',(0.,0.31937360715667,-0.94762888255463));
#9656=DIRECTION('',(-1.,-1.82123199577617E-16,0.));
#9657=DIRECTION('',(1.82123199577617E-16,-1.,0.));
#9658=DIRECTION('',(-1.,-1.82123199577617E-16,0.));
#9659=DIRECTION('',(-1.,-1.82123199577617E-16,0.));
#9660=DIRECTION('',(1.82123199577617E-16,-1.,0.));
#9661=DIRECTION('',(-1.,-1.82123199577617E-16,0.));
#9662=DIRECTION('',(-1.,-1.82123199577617E-16,0.));
#9663=DIRECTION('',(-1.,-1.82123199577617E-16,0.));
#9664=DIRECTION('',(-1.,-1.82123199577617E-16,0.));
#9665=DIRECTION('',(0.,-0.97883331249442,0.204659097895013));
#9666=DIRECTION('',(-1.,-1.82123199577617E-16,0.));
#9667=DIRECTION('',(1.82123199577617E-16,-1.,0.));
#9668=DIRECTION('',(-1.,-1.82123199577617E-16,0.));
#9669=DIRECTION('',(-1.,-1.82123199577617E-16,0.));
#9670=DIRECTION('',(1.82123199577617E-16,-1.,0.));
#9671=DIRECTION('',(-1.,-1.82123199577617E-16,0.));
#9672=DIRECTION('',(-1.,-1.82123199577617E-16,0.));
#9673=DIRECTION('',(-1.,-1.82123199577617E-16,0.));
#9674=DIRECTION('',(-1.,-1.82123199577617E-16,0.));
#9675=DIRECTION('',(-1.,-1.82123199577617E-16,0.));
#9676=DIRECTION('',(0.,0.977102406473206,-0.212769563763873));
#9677=DIRECTION('',(-1.,-1.82123199577617E-16,0.));
#9678=DIRECTION('',(1.82123199577617E-16,-1.,0.));
#9679=DIRECTION('',(-1.,-1.82123199577617E-16,0.));
#9680=DIRECTION('',(-1.,-1.82123199577617E-16,0.));
#9681=DIRECTION('',(1.82123199577617E-16,-1.,0.));
#9682=DIRECTION('',(-1.,-1.82123199577617E-16,0.));
#9683=DIRECTION('',(-1.,-1.82123199577617E-16,0.));
#9684=DIRECTION('',(-1.,-1.82123199577617E-16,0.));
#9685=DIRECTION('',(-1.,-1.82123199577617E-16,0.));
#9686=DIRECTION('',(0.,0.697341360764332,-0.716739162155488));
#9687=DIRECTION('',(-1.,-1.82123199577617E-16,0.));
#9688=DIRECTION('',(-1.,-1.82123199577617E-16,0.));
#9689=DIRECTION('',(1.82123199577617E-16,-1.,0.));
#9690=DIRECTION('',(-1.,-1.82123199577617E-16,0.));
#9691=DIRECTION('',(-1.,-1.82123199577617E-16,0.));
#9692=DIRECTION('',(-1.,-1.82123199577617E-16,0.));
#9693=DIRECTION('',(-1.,-1.82123199577617E-16,0.));
#9694=DIRECTION('',(-1.,-1.82123199577617E-16,0.));
#9695=DIRECTION('',(-1.,-1.82123199577617E-16,0.));
#9696=DIRECTION('',(0.,-0.702842348417864,0.711345649646121));
#9697=DIRECTION('',(-1.,-1.82123199577617E-16,0.));
#9698=DIRECTION('',(-1.,-1.82123199577617E-16,0.));
#9699=DIRECTION('',(1.82123199577617E-16,-1.,0.));
#9700=DIRECTION('',(-1.,-1.82123199577617E-16,0.));
#9701=DIRECTION('',(-1.,-1.82123199577617E-16,0.));
#9702=DIRECTION('',(-1.,-1.82123199577617E-16,0.));
#9703=DIRECTION('',(0.,-0.68866671502375,-0.725078034157978));
#9704=DIRECTION('',(-1.,-1.82123199577617E-16,0.));
#9705=DIRECTION('',(1.82123199577617E-16,-1.,0.));
#9706=DIRECTION('',(-1.,-1.82123199577617E-16,0.));
#9707=DIRECTION('',(0.,0.78399556694729,-0.620766422261222));
#9708=DIRECTION('',(-1.,-1.82123199577617E-16,0.));
#9709=DIRECTION('',(1.82123199577617E-16,-1.,0.));
#9710=DIRECTION('',(-1.,-1.82123199577617E-16,0.));
#9711=DIRECTION('',(1.82123199577617E-16,-1.,0.));
#9712=DIRECTION('',(1.,1.82123199577617E-16,0.));
#9713=DIRECTION('',(-1.82123199577617E-16,1.,0.));
#9714=DIRECTION('',(1.,1.82123199577617E-16,0.));
#9715=DIRECTION('',(-1.82123199577617E-16,1.,0.));
#9716=DIRECTION('',(-1.,-1.82123199577617E-16,0.));
#9717=DIRECTION('',(-1.,-1.82123199577617E-16,0.));
#9718=DIRECTION('',(-1.7930422862373E-16,0.984521626237487,-0.175263137797694));
#9719=DIRECTION('',(0.,0.175263137797694,0.984521626237487));
#9720=DIRECTION('',(-1.,-1.82123199577617E-16,0.));
#9721=DIRECTION('',(3.19194834237289E-17,-0.175263137797694,-0.984521626237487));
#9722=DIRECTION('',(0.,0.,1.));
#9723=DIRECTION('',(1.,0.,0.));
#9724=DIRECTION('',(-1.,-1.82123199577617E-16,0.));
#9725=DIRECTION('',(-1.82123199577617E-16,1.,0.));
#9726=DIRECTION('',(1.79370611043707E-16,-0.984886118076697,0.173203159381733));
#9727=DIRECTION('',(0.,-0.173203159381733,-0.984886118076697));
#9728=DIRECTION('',(-1.,-1.82123199577617E-16,0.));
#9729=DIRECTION('',(-3.15443135635532E-17,0.173203159381733,0.984886118076697));
#9730=DIRECTION('',(0.,0.,-1.));
#9731=DIRECTION('',(-1.,0.,0.));
#9732=DIRECTION('',(-1.,-1.82123199577617E-16,0.));
#9733=DIRECTION('',(1.82123199577617E-16,-1.,0.));
#9734=DIRECTION('',(-1.7932573938994E-16,0.984639737308782,-0.174598361139193));
#9735=DIRECTION('',(0.,0.174598361139193,0.984639737308782));
#9736=DIRECTION('',(-1.,-1.82123199577617E-16,0.));
#9737=DIRECTION('',(3.17984121716783E-17,-0.174598361139193,-0.984639737308782));
#9738=DIRECTION('',(-1.,-1.82123199577617E-16,0.));
#9739=DIRECTION('',(-1.,-1.82123199577617E-16,0.));
#9740=DIRECTION('',(0.,0.,-1.));
#9741=DIRECTION('',(-1.,0.,0.));
#9742=DIRECTION('',(-1.,-1.82123199577617E-16,0.));
#9743=DIRECTION('',(1.82123199577617E-16,-1.,0.));
#9744=DIRECTION('',(-1.79339456731016E-16,0.984715056329688,-0.174173068634673));
#9745=DIRECTION('',(0.,0.174173068634673,0.984715056329688));
#9746=DIRECTION('',(-1.,-1.82123199577617E-16,0.));
#9747=DIRECTION('',(3.17209565399986E-17,-0.174173068634673,-0.984715056329688));
#9748=DIRECTION('',(1.,1.82123199577617E-16,0.));
#9749=DIRECTION('',(-1.82123199577617E-16,1.,0.));
#9750=DIRECTION('',(-1.79351128849403E-16,0.98477914546503,-0.173810341053588));
#9751=DIRECTION('',(0.,0.173810341053588,0.98477914546503));
#9752=DIRECTION('',(-1.,-1.82123199577617E-16,0.));
#9753=DIRECTION('',(3.16548954323564E-17,-0.173810341053588,-0.98477914546503));
#9754=DIRECTION('',(-1.,-1.82123199577617E-16,0.));
#9755=DIRECTION('',(0.,0.,1.));
#9756=DIRECTION('',(1.,0.,0.));
#9757=DIRECTION('',(-1.,-1.82123199577617E-16,0.));
#9758=DIRECTION('',(-1.82123199577617E-16,1.,0.));
#9759=DIRECTION('',(1.79314005364242E-16,-0.984575308253474,0.174961316803389));
#9760=DIRECTION('',(0.,-0.174961316803389,-0.984575308253475));
#9761=DIRECTION('',(-1.,-1.82123199577617E-16,0.));
#9762=DIRECTION('',(-3.18645148185465E-17,0.174961316803389,0.984575308253474));
#9763=DIRECTION('',(0.,0.,1.));
#9764=DIRECTION('',(1.,0.,0.));
#9765=DIRECTION('',(-1.,-1.82123199577617E-16,0.));
#9766=DIRECTION('',(-1.82123199577617E-16,1.,0.));
#9767=DIRECTION('',(-1.79331461172011E-16,0.984671154404927,-0.174421092998721));
#9768=DIRECTION('',(0.,0.174421092998721,0.984671154404927));
#9769=DIRECTION('',(-1.,-1.82123199577617E-16,0.));
#9770=DIRECTION('',(3.17661275307522E-17,-0.174421092998721,-0.984671154404927));
#9771=DIRECTION('',(0.,0.,1.));
#9772=DIRECTION('',(1.,0.,0.));
#9773=DIRECTION('',(-1.,-1.82123199577617E-16,0.));
#9774=DIRECTION('',(-1.82123199577617E-16,1.,0.));
#9775=DIRECTION('',(1.79344292392782E-16,-0.984741607926503,0.174022888202458));
#9776=DIRECTION('',(0.,-0.174022888202459,-0.984741607926503));
#9777=DIRECTION('',(-1.,-1.82123199577617E-16,0.));
#9778=DIRECTION('',(-3.16936051991697E-17,0.174022888202459,0.984741607926503));
#9779=DIRECTION('',(0.,0.,-1.));
#9780=DIRECTION('',(-1.,0.,0.));
#9781=DIRECTION('',(-1.,-1.82123199577617E-16,0.));
#9782=DIRECTION('',(1.82123199577617E-16,-1.,0.));
#9783=DIRECTION('',(-1.79394445905652E-16,0.985016990266512,-0.172457324826468));
#9784=DIRECTION('',(0.,0.172457324826468,0.985016990266512));
#9785=DIRECTION('',(-1.,-1.82123199577617E-16,0.));
#9786=DIRECTION('',(3.14084797879928E-17,-0.172457324826468,-0.985016990266512));
#9787=DIRECTION('',(0.,0.,-1.));
#9788=DIRECTION('',(-1.,0.,0.));
#9789=DIRECTION('',(-1.,-1.82123199577617E-16,0.));
#9790=DIRECTION('',(1.82123199577617E-16,-1.,0.));
#9791=DIRECTION('',(1.7937805659262E-16,-0.984927000012276,0.172970531151458));
#9792=DIRECTION('',(0.,-0.172970531151458,-0.984927000012277));
#9793=DIRECTION('',(-1.,-1.82123199577617E-16,0.));
#9794=DIRECTION('',(-3.15019465659435E-17,0.172970531151458,0.984927000012276));
#9795=DIRECTION('',(0.,0.,-1.));
#9796=DIRECTION('',(-1.,0.,0.));
#9797=DIRECTION('',(1.82123199577617E-16,-1.,0.));
#9798=DIRECTION('',(1.,1.82123199577617E-16,0.));
#9799=DIRECTION('',(-1.82123199577617E-16,1.,0.));
#9800=DIRECTION('',(-1.,-1.82123199577617E-16,0.));
#9801=DIRECTION('',(0.,0.996200493785882,-0.0870894722728589));
#9802=DIRECTION('',(-1.,-1.82123199577617E-16,0.));
#9803=DIRECTION('',(1.82123199577617E-16,-1.,0.));
#9804=DIRECTION('',(-1.,-1.82123199577617E-16,0.));
#9805=DIRECTION('',(-1.,-1.82123199577617E-16,0.));
#9806=DIRECTION('',(1.82123199577617E-16,-1.,0.));
#9807=DIRECTION('',(-1.,-1.82123199577617E-16,0.));
#9808=DIRECTION('',(-1.,-1.82123199577617E-16,0.));
#9809=DIRECTION('',(-1.,-1.82123199577617E-16,0.));
#9810=DIRECTION('',(-1.,-1.82123199577617E-16,0.));
#9811=DIRECTION('',(-1.,-1.82123199577617E-16,0.));
#9812=DIRECTION('',(-1.,-1.82123199577617E-16,0.));
#9813=DIRECTION('',(0.,-0.996200493785883,0.0870894722728482));
#9814=DIRECTION('',(-1.,-1.82123199577617E-16,0.));
#9815=DIRECTION('',(1.82123199577617E-16,-1.,0.));
#9816=DIRECTION('',(-1.,-1.82123199577617E-16,0.));
#9817=DIRECTION('',(-1.,-1.82123199577617E-16,0.));
#9818=DIRECTION('',(1.82123199577617E-16,-1.,0.));
#9819=DIRECTION('',(-1.,-1.82123199577617E-16,0.));
#9820=DIRECTION('',(-1.,-1.82123199577617E-16,0.));
#9821=DIRECTION('',(-1.,-1.82123199577617E-16,0.));
#9822=DIRECTION('',(-1.,-1.82123199577617E-16,0.));
#9823=DIRECTION('',(-1.,-1.82123199577617E-16,0.));
#9824=DIRECTION('',(-1.,-1.82123199577617E-16,0.));
#9825=DIRECTION('',(0.,-0.996163771523036,0.0875085156141964));
#9826=DIRECTION('',(-1.,-1.82123199577617E-16,0.));
#9827=DIRECTION('',(-1.,-1.82123199577617E-16,0.));
#9828=DIRECTION('',(1.82123199577617E-16,-1.,0.));
#9829=DIRECTION('',(-1.,-1.82123199577617E-16,0.));
#9830=DIRECTION('',(-1.,-1.82123199577617E-16,0.));
#9831=DIRECTION('',(-1.,-1.82123199577617E-16,0.));
#9832=DIRECTION('',(-1.,-1.82123199577617E-16,0.));
#9833=DIRECTION('',(-1.,-1.82123199577617E-16,0.));
#9834=DIRECTION('',(1.78931356644698E-16,-0.982474265001263,0.186398279525936));
#9835=DIRECTION('',(0.,-0.186398279525936,-0.982474265001262));
#9836=DIRECTION('',(-1.,-1.82123199577617E-16,0.));
#9837=DIRECTION('',(-3.39474510630266E-17,0.186398279525936,0.982474265001262));
#9838=DIRECTION('',(0.,0.,-1.));
#9839=DIRECTION('',(-1.,0.,0.));
#9840=DIRECTION('',(-1.,-1.82123199577617E-16,0.));
#9841=DIRECTION('',(1.82123199577617E-16,-1.,0.));
#9842=DIRECTION('',(-1.79318976936534E-16,0.984602606106271,-0.174807631551772));
#9843=DIRECTION('',(0.,0.174807631551772,0.984602606106271));
#9844=DIRECTION('',(-1.,-1.82123199577617E-16,0.));
#9845=DIRECTION('',(3.18365251687939E-17,-0.174807631551772,-0.984602606106271));
#9846=DIRECTION('',(0.,0.,1.));
#9847=DIRECTION('',(1.,0.,0.));
#9848=DIRECTION('',(-1.,-1.82123199577617E-16,0.));
#9849=DIRECTION('',(-1.82123199577617E-16,1.,0.));
#9850=DIRECTION('',(1.79298061020892E-16,-0.984487761233731,0.175453264378282));
#9851=DIRECTION('',(0.,-0.175453264378282,-0.984487761233732));
#9852=DIRECTION('',(-1.,-1.82123199577617E-16,0.));
#9853=DIRECTION('',(-3.19541098849104E-17,0.175453264378282,0.984487761233731));
#9854=DIRECTION('',(-1.,-1.82123199577617E-16,0.));
#9855=DIRECTION('',(-1.,-1.82123199577617E-16,0.));
#9856=DIRECTION('',(-1.,-1.82123199577617E-16,0.));
#9857=DIRECTION('',(0.,-0.256777923586633,0.966470433049318));
#9858=DIRECTION('',(-1.,-1.82123199577617E-16,0.));
#9859=DIRECTION('',(-1.,-1.82123199577617E-16,0.));
#9860=DIRECTION('',(1.82123199577617E-16,-1.,0.));
#9861=DIRECTION('',(1.,1.82123199577617E-16,0.));
#9862=DIRECTION('',(-1.82123199577617E-16,1.,0.));
#9863=DIRECTION('',(1.,1.82123199577617E-16,0.));
#9864=DIRECTION('',(-1.82123199577617E-16,1.,0.));
#9865=DIRECTION('',(-1.,-1.82123199577617E-16,0.));
#9866=DIRECTION('',(-1.,-1.82123199577617E-16,0.));
#9867=DIRECTION('',(-1.,-1.82123199577617E-16,0.));
#9868=DIRECTION('',(0.,-0.995786305964968,0.0917040503611685));
#9869=DIRECTION('',(-1.,-1.82123199577617E-16,0.));
#9870=DIRECTION('',(-1.,-1.82123199577617E-16,0.));
#9871=DIRECTION('',(1.82123199577617E-16,-1.,0.));
#9872=DIRECTION('',(-1.,-1.82123199577617E-16,0.));
#9873=DIRECTION('',(-1.,-1.82123199577617E-16,0.));
#9874=DIRECTION('',(-1.,-1.82123199577617E-16,0.));
#9875=DIRECTION('',(-1.,-1.82123199577617E-16,0.));
#9876=DIRECTION('',(0.,0.,1.));
#9877=DIRECTION('',(1.,0.,0.));
#9878=DIRECTION('',(-1.,-1.82123199577617E-16,0.));
#9879=DIRECTION('',(-1.82123199577617E-16,1.,0.));
#9880=DIRECTION('',(-1.,-1.82123199577617E-16,0.));
#9881=DIRECTION('',(-1.,-1.82123199577617E-16,0.));
#9882=DIRECTION('',(-1.,-1.82123199577617E-16,0.));
#9883=DIRECTION('',(-1.,-1.82123199577617E-16,0.));
#9884=DIRECTION('',(0.,-0.996000926840489,0.0893428997340418));
#9885=DIRECTION('',(-1.,-1.82123199577617E-16,0.));
#9886=DIRECTION('',(-1.,-1.82123199577617E-16,0.));
#9887=DIRECTION('',(1.82123199577617E-16,-1.,0.));
#9888=DIRECTION('',(-1.,-1.82123199577617E-16,0.));
#9889=DIRECTION('',(-1.,-1.82123199577617E-16,0.));
#9890=DIRECTION('',(-1.,-1.82123199577617E-16,0.));
#9891=DIRECTION('',(0.,0.,-1.));
#9892=DIRECTION('',(-1.,0.,0.));
#9893=DIRECTION('',(-1.,-1.82123199577617E-16,0.));
#9894=DIRECTION('',(1.82123199577617E-16,-1.,0.));
#9895=DIRECTION('',(-1.,-1.82123199577617E-16,0.));
#9896=DIRECTION('',(-1.,-1.82123199577617E-16,0.));
#9897=DIRECTION('',(-1.,-1.82123199577617E-16,0.));
#9898=DIRECTION('',(-1.,-1.82123199577617E-16,0.));
#9899=DIRECTION('',(0.,-0.650430002130639,0.75956620009604));
#9900=DIRECTION('',(-1.,-1.82123199577617E-16,0.));
#9901=DIRECTION('',(1.82123199577617E-16,-1.,0.));
#9902=DIRECTION('',(1.,1.82123199577617E-16,0.));
#9903=DIRECTION('',(-1.82123199577617E-16,1.,0.));
#9904=DIRECTION('',(-1.51614284585793E-16,0.832481995360387,0.554052098092579));
#9905=DIRECTION('',(0.,-0.554052098092579,0.832481995360387));
#9906=DIRECTION('',(-1.,-1.82123199577617E-16,0.));
#9907=DIRECTION('',(-1.00905740837312E-16,0.554052098092579,-0.832481995360387));
#9908=DIRECTION('',(-1.,-1.82123199577617E-16,0.));
#9909=DIRECTION('',(-1.28565137757951E-16,0.705924001204245,-0.708287586029707));
#9910=DIRECTION('',(0.,0.708287586029707,0.705924001204245));
#9911=DIRECTION('',(-1.,-1.82123199577617E-16,0.));
#9912=DIRECTION('',(1.28995601388837E-16,-0.708287586029707,-0.705924001204245));
#9913=DIRECTION('',(0.,0.,1.));
#9914=DIRECTION('',(1.,0.,0.));
#9915=DIRECTION('',(-1.,-1.82123199577617E-16,0.));
#9916=DIRECTION('',(-1.82123199577617E-16,1.,0.));
#9917=DIRECTION('',(1.3395253899606E-16,-0.735505082859981,0.677519204958157));
#9918=DIRECTION('',(0.,-0.677519204958157,-0.735505082859981));
#9919=DIRECTION('',(-1.,-1.82123199577617E-16,0.));
#9920=DIRECTION('',(-1.23391965382263E-16,0.677519204958157,0.735505082859981));
#9921=DIRECTION('',(-1.79349165904716E-16,0.984768367350593,-0.173871396916361));
#9922=DIRECTION('',(0.,0.173871396916361,0.984768367350593));
#9923=DIRECTION('',(-1.,-1.82123199577617E-16,0.));
#9924=DIRECTION('',(3.16660151214376E-17,-0.173871396916361,-0.984768367350593));
#9925=DIRECTION('',(0.,0.,1.));
#9926=DIRECTION('',(1.,0.,0.));
#9927=DIRECTION('',(-1.,-1.82123199577617E-16,0.));
#9928=DIRECTION('',(-1.82123199577617E-16,1.,0.));
#9929=DIRECTION('',(1.79330927486065E-16,-0.984668224048181,0.174437635130157));
#9930=DIRECTION('',(0.,-0.174437635130157,-0.984668224048181));
#9931=DIRECTION('',(-1.,-1.82123199577617E-16,0.));
#9932=DIRECTION('',(-3.17691402366572E-17,0.174437635130157,0.984668224048181));
#9933=DIRECTION('',(0.,0.,-1.));
#9934=DIRECTION('',(-1.,0.,0.));
#9935=DIRECTION('',(-1.,-1.82123199577617E-16,0.));
#9936=DIRECTION('',(1.82123199577617E-16,-1.,0.));
#9937=DIRECTION('',(-1.79374896597719E-16,0.984909649148094,-0.173069301191685));
#9938=DIRECTION('',(0.,0.173069301191685,0.984909649148094));
#9939=DIRECTION('',(-1.,-1.82123199577617E-16,0.));
#9940=DIRECTION('',(3.1519934881692E-17,-0.173069301191685,-0.984909649148094));
#9941=DIRECTION('',(1.59310045859529E-16,-0.874737794136073,-0.484596524450968));
#9942=DIRECTION('',(0.,0.484596524450968,-0.874737794136073));
#9943=DIRECTION('',(-1.,-1.82123199577617E-16,0.));
#9944=DIRECTION('',(8.82562695372035E-17,-0.484596524450968,0.874737794136073));
#9945=DIRECTION('',(0.,0.,-1.));
#9946=DIRECTION('',(-1.,0.,0.));
#9947=DIRECTION('',(1.82123199577617E-16,-1.,0.));
#9948=DIRECTION('',(1.,1.82123199577617E-16,0.));
#9949=DIRECTION('',(-1.82123199577617E-16,1.,0.));
#9950=DIRECTION('',(-1.,-1.82123199577617E-16,0.));
#9951=DIRECTION('',(-1.,-1.82123199577617E-16,0.));
#9952=DIRECTION('',(-1.,-1.82123199577617E-16,0.));
#9953=DIRECTION('',(0.,-0.99547503885987,0.0950234024172015));
#9954=DIRECTION('',(-1.,-1.82123199577617E-16,0.));
#9955=DIRECTION('',(-1.,-1.82123199577617E-16,0.));
#9956=DIRECTION('',(1.82123199577617E-16,-1.,0.));
#9957=DIRECTION('',(-1.,-1.82123199577617E-16,0.));
#9958=DIRECTION('',(-1.,-1.82123199577617E-16,0.));
#9959=DIRECTION('',(-1.,-1.82123199577617E-16,0.));
#9960=DIRECTION('',(-1.,-1.82123199577617E-16,0.));
#9961=DIRECTION('',(-1.,-1.82123199577617E-16,0.));
#9962=DIRECTION('',(0.,0.,1.));
#9963=DIRECTION('',(1.,0.,0.));
#9964=DIRECTION('',(-1.,-1.82123199577617E-16,0.));
#9965=DIRECTION('',(-1.82123199577617E-16,1.,0.));
#9966=DIRECTION('',(-1.,-1.82123199577617E-16,0.));
#9967=DIRECTION('',(-1.,-1.82123199577617E-16,0.));
#9968=DIRECTION('',(0.,0.244719058539954,-0.96959402967805));
#9969=DIRECTION('',(-1.,-1.82123199577617E-16,0.));
#9970=DIRECTION('',(-1.,-1.82123199577617E-16,0.));
#9971=DIRECTION('',(1.82123199577617E-16,-1.,0.));
#9972=DIRECTION('',(-1.,-1.82123199577617E-16,0.));
#9973=DIRECTION('',(-1.,-1.82123199577617E-16,0.));
#9974=DIRECTION('',(-1.,-1.82123199577617E-16,0.));
#9975=DIRECTION('',(0.,-0.995268035615582,0.097167573201665));
#9976=DIRECTION('',(-1.,-1.82123199577617E-16,0.));
#9977=DIRECTION('',(-1.,-1.82123199577617E-16,0.));
#9978=DIRECTION('',(1.82123199577617E-16,-1.,0.));
#9979=DIRECTION('',(-1.,-1.82123199577617E-16,0.));
#9980=DIRECTION('',(-1.,-1.82123199577617E-16,0.));
#9981=DIRECTION('',(-1.,-1.82123199577617E-16,0.));
#9982=DIRECTION('',(-1.,-1.82123199577617E-16,0.));
#9983=DIRECTION('',(0.,0.,-1.));
#9984=DIRECTION('',(-1.,0.,0.));
#9985=DIRECTION('',(-1.,-1.82123199577617E-16,0.));
#9986=DIRECTION('',(1.82123199577617E-16,-1.,0.));
#9987=DIRECTION('',(-1.,-1.82123199577617E-16,0.));
#9988=DIRECTION('',(-1.,-1.82123199577617E-16,0.));
#9989=DIRECTION('',(-1.,-1.82123199577617E-16,0.));
#9990=DIRECTION('',(-1.,-1.82123199577617E-16,0.));
#9991=DIRECTION('',(0.,-0.651973474777073,0.75824177422977));
#9992=DIRECTION('',(-1.,-1.82123199577617E-16,0.));
#9993=DIRECTION('',(1.82123199577617E-16,-1.,0.));
#9994=DIRECTION('',(1.,1.82123199577617E-16,0.));
#9995=DIRECTION('',(-1.82123199577617E-16,1.,0.));
#9996=DIRECTION('',(-1.79337427859897E-16,0.984703916227142,-0.174236039231068));
#9997=DIRECTION('',(0.,0.174236039231068,0.984703916227142));
#9998=DIRECTION('',(-1.,-1.82123199577617E-16,0.));
#9999=DIRECTION('',(3.17324249464934E-17,-0.174236039231068,-0.984703916227142));
#10000=DIRECTION('',(-1.,-1.82123199577617E-16,0.));
#10001=DIRECTION('',(0.,0.,1.));
#10002=DIRECTION('',(1.,0.,0.));
#10003=DIRECTION('',(-1.,-1.82123199577617E-16,0.));
#10004=DIRECTION('',(-1.82123199577617E-16,1.,0.));
#10005=DIRECTION('',(1.79330927486065E-16,-0.984668224048181,0.174437635130157));
#10006=DIRECTION('',(0.,-0.174437635130157,-0.984668224048181));
#10007=DIRECTION('',(-1.,-1.82123199577617E-16,0.));
#10008=DIRECTION('',(-3.17691402366572E-17,0.174437635130157,0.984668224048181));
#10009=DIRECTION('',(0.,0.,-1.));
#10010=DIRECTION('',(-1.,0.,0.));
#10011=DIRECTION('',(1.82123199577617E-16,-1.,0.));
#10012=DIRECTION('',(1.,1.82123199577617E-16,0.));
#10013=DIRECTION('',(-1.82123199577617E-16,1.,0.));
#10014=DIRECTION('',(-1.79379173304377E-16,0.984933131640534,-0.172935612864355));
#10015=DIRECTION('',(0.,0.172935612864355,0.984933131640534));
#10016=DIRECTION('',(-1.,-1.82123199577617E-16,0.));
#10017=DIRECTION('',(3.14955871357725E-17,-0.172935612864355,-0.984933131640534));
#10018=DIRECTION('',(-1.,-1.82123199577617E-16,0.));
#10019=DIRECTION('',(0.,0.,1.));
#10020=DIRECTION('',(1.,0.,0.));
#10021=DIRECTION('',(-1.,-1.82123199577617E-16,0.));
#10022=DIRECTION('',(-1.82123199577617E-16,1.,0.));
#10023=DIRECTION('',(1.79339216675255E-16,-0.984713738234235,0.174180520531884));
#10024=DIRECTION('',(0.,-0.174180520531884,-0.984713738234235));
#10025=DIRECTION('',(-1.,-1.82123199577617E-16,0.));
#10026=DIRECTION('',(-3.17223137033616E-17,0.174180520531884,0.984713738234235));
#10027=DIRECTION('',(-1.,-1.82123199577617E-16,0.));
#10028=DIRECTION('',(-1.,-1.82123199577617E-16,0.));
#10029=DIRECTION('',(-1.,-1.82123199577617E-16,0.));
#10030=DIRECTION('',(-1.,-1.82123199577617E-16,0.));
#10031=DIRECTION('',(-1.,-1.82123199577617E-16,0.));
#10032=DIRECTION('',(0.,-0.995540408565252,0.0943360742968055));
#10033=DIRECTION('',(-1.,-1.82123199577617E-16,0.));
#10034=DIRECTION('',(-1.,-1.82123199577617E-16,0.));
#10035=DIRECTION('',(1.82123199577617E-16,-1.,0.));
#10036=DIRECTION('',(-1.79402003862717E-16,0.985058489411501,-0.172220127854823));
#10037=DIRECTION('',(0.,0.172220127854823,0.985058489411501));
#10038=DIRECTION('',(-1.,-1.82123199577617E-16,0.));
#10039=DIRECTION('',(3.13652807165867E-17,-0.172220127854823,-0.985058489411501));
#10040=DIRECTION('',(0.,0.,1.));
#10041=DIRECTION('',(1.,0.,0.));
#10042=DIRECTION('',(-1.,-1.82123199577617E-16,0.));
#10043=DIRECTION('',(-1.82123199577617E-16,1.,0.));
#10044=DIRECTION('',(1.7930936933766E-16,-0.984549852811269,0.17510450402348));
#10045=DIRECTION('',(0.,-0.17510450402348,-0.984549852811269));
#10046=DIRECTION('',(-1.,-1.82123199577617E-16,0.));
#10047=DIRECTION('',(-3.1890592533208E-17,0.17510450402348,0.984549852811269));
#10048=DIRECTION('',(-1.,-1.82123199577617E-16,0.));
#10049=DIRECTION('',(0.,-0.996052846201876,0.0887621967570821));
#10050=DIRECTION('',(-1.,-1.82123199577617E-16,0.));
#10051=DIRECTION('',(-1.,-1.82123199577617E-16,0.));
#10052=DIRECTION('',(1.82123199577617E-16,-1.,0.));
#10053=DIRECTION('',(-1.,-1.82123199577617E-16,0.));
#10054=DIRECTION('',(-1.,-1.82123199577617E-16,0.));
#10055=DIRECTION('',(-1.,-1.82123199577617E-16,0.));
#10056=DIRECTION('',(0.,0.21756434122842,-0.976045981204699));
#10057=DIRECTION('',(-1.,-1.82123199577617E-16,0.));
#10058=DIRECTION('',(-1.,-1.82123199577617E-16,0.));
#10059=DIRECTION('',(1.82123199577617E-16,-1.,0.));
#10060=DIRECTION('',(-1.,-1.82123199577617E-16,0.));
#10061=DIRECTION('',(0.,0.594596709458312,-0.80402409982621));
#10062=DIRECTION('',(-1.,-1.82123199577617E-16,0.));
#10063=DIRECTION('',(-1.,-1.82123199577617E-16,0.));
#10064=DIRECTION('',(1.82123199577617E-16,-1.,0.));
#10065=DIRECTION('',(1.79462341941696E-16,-0.985389793051667,0.170314285218805));
#10066=DIRECTION('',(0.,-0.170314285218805,-0.985389793051667));
#10067=DIRECTION('',(-1.,-1.82123199577617E-16,0.));
#10068=DIRECTION('',(-3.10181825578236E-17,0.170314285218805,0.985389793051667));
#10069=DIRECTION('',(0.,0.,-1.));
#10070=DIRECTION('',(-1.,0.,0.));
#10071=DIRECTION('',(1.82123199577617E-16,-1.,0.));
#10072=DIRECTION('',(1.,1.82123199577617E-16,0.));
#10073=DIRECTION('',(-1.82123199577617E-16,1.,0.));
#10074=DIRECTION('',(-1.,-1.82123199577617E-16,0.));
#10075=DIRECTION('',(0.,0.995258994581346,-0.0972601342016816));
#10076=DIRECTION('',(-1.,-1.82123199577617E-16,0.));
#10077=DIRECTION('',(1.82123199577617E-16,-1.,0.));
#10078=DIRECTION('',(-1.,-1.82123199577617E-16,0.));
#10079=DIRECTION('',(-1.,-1.82123199577617E-16,0.));
#10080=DIRECTION('',(1.82123199577617E-16,-1.,0.));
#10081=DIRECTION('',(-1.,-1.82123199577617E-16,0.));
#10082=DIRECTION('',(-1.,-1.82123199577617E-16,0.));
#10083=DIRECTION('',(-1.,-1.82123199577617E-16,0.));
#10084=DIRECTION('',(-1.,-1.82123199577617E-16,0.));
#10085=DIRECTION('',(-1.,-1.82123199577617E-16,0.));
#10086=DIRECTION('',(-1.,-1.82123199577617E-16,0.));
#10087=DIRECTION('',(0.,-0.996244573277251,0.0865837757067028));
#10088=DIRECTION('',(-1.,-1.82123199577617E-16,0.));
#10089=DIRECTION('',(1.82123199577617E-16,-1.,0.));
#10090=DIRECTION('',(-1.,-1.82123199577617E-16,0.));
#10091=DIRECTION('',(-1.,-1.82123199577617E-16,0.));
#10092=DIRECTION('',(1.82123199577617E-16,-1.,0.));
#10093=DIRECTION('',(-1.,-1.82123199577617E-16,0.));
#10094=DIRECTION('',(-1.,-1.82123199577617E-16,0.));
#10095=DIRECTION('',(-1.,-1.82123199577617E-16,0.));
#10096=DIRECTION('',(-1.,-1.82123199577617E-16,0.));
#10097=DIRECTION('',(-1.,-1.82123199577617E-16,0.));
#10098=DIRECTION('',(-1.79235126120676E-16,0.984142198996948,-0.177381318501842));
#10099=DIRECTION('',(0.,0.177381318501842,0.984142198996948));
#10100=DIRECTION('',(-1.,-1.82123199577617E-16,0.));
#10101=DIRECTION('',(3.23052532708519E-17,-0.177381318501842,-0.984142198996948));
#10102=DIRECTION('',(0.,0.,1.));
#10103=DIRECTION('',(1.,0.,0.));
#10104=DIRECTION('',(-1.,-1.82123199577617E-16,0.));
#10105=DIRECTION('',(-1.82123199577617E-16,1.,0.));
#10106=DIRECTION('',(1.79330927486065E-16,-0.984668224048181,0.174437635130157));
#10107=DIRECTION('',(0.,-0.174437635130157,-0.984668224048181));
#10108=DIRECTION('',(-1.,-1.82123199577617E-16,0.));
#10109=DIRECTION('',(-3.17691402366572E-17,0.174437635130157,0.984668224048181));
#10110=DIRECTION('',(0.,0.,-1.));
#10111=DIRECTION('',(-1.,0.,0.));
#10112=DIRECTION('',(-1.,-1.82123199577617E-16,0.));
#10113=DIRECTION('',(1.82123199577617E-16,-1.,0.));
#10114=DIRECTION('',(-1.79293757964364E-16,0.984464134059717,-0.175585787437513));
#10115=DIRECTION('',(0.,0.175585787437513,0.984464134059717));
#10116=DIRECTION('',(-1.,-1.82123199577617E-16,0.));
#10117=DIRECTION('',(3.19782454084754E-17,-0.175585787437513,-0.984464134059717));
#10118=DIRECTION('',(-1.,-1.82123199577617E-16,0.));
#10119=DIRECTION('',(-1.,-1.82123199577617E-16,0.));
#10120=DIRECTION('',(-1.,-1.82123199577617E-16,0.));
#10121=DIRECTION('',(0.,0.259835682757372,-0.965652845470881));
#10122=DIRECTION('',(-1.,-1.82123199577617E-16,0.));
#10123=DIRECTION('',(-1.,-1.82123199577617E-16,0.));
#10124=DIRECTION('',(1.82123199577617E-16,-1.,0.));
#10125=DIRECTION('',(-1.,-1.82123199577617E-16,0.));
#10126=DIRECTION('',(-1.,-1.82123199577617E-16,0.));
#10127=DIRECTION('',(-1.,-1.82123199577617E-16,0.));
#10128=DIRECTION('',(0.,0.996356066897733,-0.0852911950677199));
#10129=DIRECTION('',(-1.,-1.82123199577617E-16,0.));
#10130=DIRECTION('',(-1.,-1.82123199577617E-16,0.));
#10131=DIRECTION('',(1.82123199577617E-16,-1.,0.));
#10132=DIRECTION('',(-1.,-1.82123199577617E-16,0.));
#10133=DIRECTION('',(-1.,-1.82123199577617E-16,0.));
#10134=DIRECTION('',(1.,1.82123199577617E-16,0.));
#10135=DIRECTION('',(-1.82123199577617E-16,1.,0.));
#10136=DIRECTION('',(1.,1.82123199577617E-16,0.));
#10137=DIRECTION('',(-1.82123199577617E-16,1.,0.));
#10138=DIRECTION('',(-1.,-1.82123199577617E-16,0.));
#10139=DIRECTION('',(0.,0.996017868833504,-0.0891538275362625));
#10140=DIRECTION('',(-1.,-1.82123199577617E-16,0.));
#10141=DIRECTION('',(1.82123199577617E-16,-1.,0.));
#10142=DIRECTION('',(-1.,-1.82123199577617E-16,0.));
#10143=DIRECTION('',(-1.,-1.82123199577617E-16,0.));
#10144=DIRECTION('',(1.82123199577617E-16,-1.,0.));
#10145=DIRECTION('',(-1.,-1.82123199577617E-16,0.));
#10146=DIRECTION('',(-1.,-1.82123199577617E-16,0.));
#10147=DIRECTION('',(-1.,-1.82123199577617E-16,0.));
#10148=DIRECTION('',(0.,0.,1.));
#10149=DIRECTION('',(1.,0.,0.));
#10150=DIRECTION('',(-1.82123199577617E-16,1.,0.));
#10151=DIRECTION('',(-1.,-1.82123199577617E-16,0.));
#10152=DIRECTION('',(-1.82123199577617E-16,1.,0.));
#10153=DIRECTION('',(-1.79375915487201E-16,0.984915243654913,-0.173037460730857));
#10154=DIRECTION('',(0.,0.173037460730857,0.984915243654913));
#10155=DIRECTION('',(3.15141359950899E-17,-0.173037460730857,-0.984915243654913));
#10156=DIRECTION('',(-1.,-1.82123199577617E-16,0.));
#10157=DIRECTION('',(3.15141359950899E-17,-0.173037460730857,-0.984915243654913));
#10158=DIRECTION('',(0.,0.,-1.));
#10159=DIRECTION('',(-1.,0.,0.));
#10160=DIRECTION('',(1.82123199577617E-16,-1.,0.));
#10161=DIRECTION('',(-1.,-1.82123199577617E-16,0.));
#10162=DIRECTION('',(1.82123199577617E-16,-1.,0.));
#10163=DIRECTION('',(-1.,-1.82123199577617E-16,0.));
#10164=DIRECTION('',(-1.,-1.82123199577617E-16,0.));
#10165=DIRECTION('',(-1.,-1.82123199577617E-16,0.));
#10166=DIRECTION('',(0.,0.,1.));
#10167=DIRECTION('',(1.,0.,0.));
#10168=DIRECTION('',(-1.,-1.82123199577617E-16,0.));
#10169=DIRECTION('',(-1.82123199577617E-16,1.,0.));
#10170=DIRECTION('',(1.79344292392782E-16,-0.984741607926503,0.174022888202458));
#10171=DIRECTION('',(0.,-0.174022888202458,-0.984741607926503));
#10172=DIRECTION('',(-1.,-1.82123199577617E-16,0.));
#10173=DIRECTION('',(-3.16936051991697E-17,0.174022888202459,0.984741607926503));
#10174=DIRECTION('',(0.,0.,-1.));
#10175=DIRECTION('',(-1.,0.,0.));
#10176=DIRECTION('',(-1.,-1.82123199577617E-16,0.));
#10177=DIRECTION('',(1.82123199577617E-16,-1.,0.));
#10178=DIRECTION('',(-1.79320979343632E-16,0.984613600900466,-0.174745692140945));
#10179=DIRECTION('',(0.,0.174745692140945,0.984613600900466));
#10180=DIRECTION('',(-1.,-1.82123199577617E-16,0.));
#10181=DIRECTION('',(3.18252445651142E-17,-0.174745692140945,-0.984613600900466));
#10182=DIRECTION('',(0.,0.,-1.));
#10183=DIRECTION('',(-1.,0.,0.));
#10184=DIRECTION('',(-1.,-1.82123199577617E-16,0.));
#10185=DIRECTION('',(1.82123199577617E-16,-1.,0.));
#10186=DIRECTION('',(1.70593313000083E-16,-0.936691829463383,-0.350154846627232));
#10187=DIRECTION('',(0.,0.350154846627232,-0.936691829463383));
#10188=DIRECTION('',(-1.,-1.82123199577617E-16,0.));
#10189=DIRECTION('',(6.37713210153614E-17,-0.350154846627232,0.936691829463383));
#10190=DIRECTION('',(0.,0.,-1.));
#10191=DIRECTION('',(-1.,0.,0.));
#10192=DIRECTION('',(-1.,-1.82123199577617E-16,0.));
#10193=DIRECTION('',(1.82123199577617E-16,-1.,0.));
#10194=DIRECTION('',(-1.68721754540263E-16,0.926415497485025,0.376502756988011));
#10195=DIRECTION('',(0.,-0.376502756988011,0.926415497485025));
#10196=DIRECTION('',(-1.,-1.82123199577617E-16,0.));
#10197=DIRECTION('',(-6.85698867524508E-17,0.376502756988011,-0.926415497485025));
#10198=DIRECTION('',(-1.,-1.82123199577617E-16,0.));
#10199=DIRECTION('',(-1.,-1.82123199577617E-16,0.));
#10200=DIRECTION('',(-1.,-1.82123199577617E-16,0.));
#10201=DIRECTION('',(0.,0.995395087393504,-0.095857289722157));
#10202=DIRECTION('',(-1.,-1.82123199577617E-16,0.));
#10203=DIRECTION('',(-1.,-1.82123199577617E-16,0.));
#10204=DIRECTION('',(1.82123199577617E-16,-1.,0.));
#10205=DIRECTION('',(1.,1.82123199577617E-16,0.));
#10206=DIRECTION('',(-1.82123199577617E-16,1.,0.));
#10207=DIRECTION('',(1.,1.82123199577617E-16,0.));
#10208=DIRECTION('',(-1.82123199577617E-16,1.,0.));
#10209=DIRECTION('',(-1.,-1.82123199577617E-16,0.));
#10210=DIRECTION('',(-1.,-1.82123199577617E-16,0.));
#10211=DIRECTION('',(-1.,-1.82123199577617E-16,0.));
#10212=DIRECTION('',(0.,-0.995475038859921,0.095023402416663));
#10213=DIRECTION('',(-1.,-1.82123199577617E-16,0.));
#10214=DIRECTION('',(-1.,-1.82123199577617E-16,0.));
#10215=DIRECTION('',(1.82123199577617E-16,-1.,0.));
#10216=DIRECTION('',(-1.,-1.82123199577617E-16,0.));
#10217=DIRECTION('',(-1.,-1.82123199577617E-16,0.));
#10218=DIRECTION('',(-1.,-1.82123199577617E-16,0.));
#10219=DIRECTION('',(-1.,-1.82123199577617E-16,0.));
#10220=DIRECTION('',(-1.,-1.82123199577617E-16,0.));
#10221=DIRECTION('',(0.,0.,1.));
#10222=DIRECTION('',(1.,0.,0.));
#10223=DIRECTION('',(-1.,-1.82123199577617E-16,0.));
#10224=DIRECTION('',(-1.82123199577617E-16,1.,0.));
#10225=DIRECTION('',(-1.,-1.82123199577617E-16,0.));
#10226=DIRECTION('',(-1.,-1.82123199577617E-16,0.));
#10227=DIRECTION('',(0.,0.244719058539972,-0.969594029678045));
#10228=DIRECTION('',(-1.,-1.82123199577617E-16,0.));
#10229=DIRECTION('',(-1.,-1.82123199577617E-16,0.));
#10230=DIRECTION('',(1.82123199577617E-16,-1.,0.));
#10231=DIRECTION('',(-1.,-1.82123199577617E-16,0.));
#10232=DIRECTION('',(-1.,-1.82123199577617E-16,0.));
#10233=DIRECTION('',(-1.,-1.82123199577617E-16,0.));
#10234=DIRECTION('',(0.,-0.995268035615578,0.0971675732017098));
#10235=DIRECTION('',(-1.,-1.82123199577617E-16,0.));
#10236=DIRECTION('',(-1.,-1.82123199577617E-16,0.));
#10237=DIRECTION('',(1.82123199577617E-16,-1.,0.));
#10238=DIRECTION('',(-1.,-1.82123199577617E-16,0.));
#10239=DIRECTION('',(-1.,-1.82123199577617E-16,0.));
#10240=DIRECTION('',(-1.,-1.82123199577617E-16,0.));
#10241=DIRECTION('',(-1.,-1.82123199577617E-16,0.));
#10242=DIRECTION('',(0.,0.,-1.));
#10243=DIRECTION('',(-1.,0.,0.));
#10244=DIRECTION('',(-1.,-1.82123199577617E-16,0.));
#10245=DIRECTION('',(1.82123199577617E-16,-1.,0.));
#10246=DIRECTION('',(-1.,-1.82123199577617E-16,0.));
#10247=DIRECTION('',(-1.,-1.82123199577617E-16,0.));
#10248=DIRECTION('',(-1.,-1.82123199577617E-16,0.));
#10249=DIRECTION('',(-1.,-1.82123199577617E-16,0.));
#10250=DIRECTION('',(0.,-0.651973474777067,0.758241774229775));
#10251=DIRECTION('',(-1.,-1.82123199577617E-16,0.));
#10252=DIRECTION('',(1.82123199577617E-16,-1.,0.));
#10253=DIRECTION('',(1.,1.82123199577617E-16,0.));
#10254=DIRECTION('',(-1.82123199577617E-16,1.,0.));
#10255=DIRECTION('',(-1.79160253984989E-16,0.98373109192294,-0.17964726211134));
#10256=DIRECTION('',(0.,0.17964726211134,0.98373109192294));
#10257=DIRECTION('',(-1.,-1.82123199577617E-16,0.));
#10258=DIRECTION('',(3.2717934171076E-17,-0.17964726211134,-0.98373109192294));
#10259=DIRECTION('',(-1.,-1.82123199577617E-16,0.));
#10260=DIRECTION('',(0.,0.,1.));
#10261=DIRECTION('',(1.,0.,0.));
#10262=DIRECTION('',(-1.,-1.82123199577617E-16,0.));
#10263=DIRECTION('',(-1.82123199577617E-16,1.,0.));
#10264=DIRECTION('',(1.79160253984989E-16,-0.98373109192294,0.17964726211134));
#10265=DIRECTION('',(0.,-0.17964726211134,-0.98373109192294));
#10266=DIRECTION('',(-1.,-1.82123199577617E-16,0.));
#10267=DIRECTION('',(-3.2717934171076E-17,0.17964726211134,0.98373109192294));
#10268=DIRECTION('',(0.,0.,-1.));
#10269=DIRECTION('',(-1.,0.,0.));
#10270=DIRECTION('',(1.82123199577617E-16,-1.,0.));
#10271=DIRECTION('',(1.,1.82123199577617E-16,0.));
#10272=DIRECTION('',(-1.82123199577617E-16,1.,0.));
#10273=DIRECTION('',(-1.,-1.82123199577617E-16,0.));
#10274=DIRECTION('',(0.,0.994541347732586,-0.104343220432629));
#10275=DIRECTION('',(-1.,-1.82123199577617E-16,0.));
#10276=DIRECTION('',(1.82123199577617E-16,-1.,0.));
#10277=DIRECTION('',(-1.,-1.82123199577617E-16,0.));
#10278=DIRECTION('',(-1.,-1.82123199577617E-16,0.));
#10279=DIRECTION('',(1.82123199577617E-16,-1.,0.));
#10280=DIRECTION('',(-1.,-1.82123199577617E-16,0.));
#10281=DIRECTION('',(-1.,-1.82123199577617E-16,0.));
#10282=DIRECTION('',(-1.,-1.82123199577617E-16,0.));
#10283=DIRECTION('',(0.,0.,1.));
#10284=DIRECTION('',(1.,0.,0.));
#10285=DIRECTION('',(-1.82123199577617E-16,1.,0.));
#10286=DIRECTION('',(-1.,-1.82123199577617E-16,0.));
#10287=DIRECTION('',(-1.82123199577617E-16,1.,0.));
#10288=DIRECTION('',(-1.79308959307379E-16,0.98454760142165,-0.1751171623082));
#10289=DIRECTION('',(0.,0.1751171623082,0.98454760142165));
#10290=DIRECTION('',(3.18928979005223E-17,-0.1751171623082,-0.98454760142165));
#10291=DIRECTION('',(-1.,-1.82123199577617E-16,0.));
#10292=DIRECTION('',(3.18928979005223E-17,-0.1751171623082,-0.98454760142165));
#10293=DIRECTION('',(0.,0.,-1.));
#10294=DIRECTION('',(-1.,0.,0.));
#10295=DIRECTION('',(1.82123199577617E-16,-1.,0.));
#10296=DIRECTION('',(-1.,-1.82123199577617E-16,0.));
#10297=DIRECTION('',(1.82123199577617E-16,-1.,0.));
#10298=DIRECTION('',(-1.,-1.82123199577617E-16,0.));
#10299=DIRECTION('',(-1.,-1.82123199577617E-16,0.));
#10300=DIRECTION('',(-1.,-1.82123199577617E-16,0.));
#10301=DIRECTION('',(0.,0.,1.));
#10302=DIRECTION('',(1.,0.,0.));
#10303=DIRECTION('',(-1.82123199577617E-16,1.,0.));
#10304=DIRECTION('',(-1.,-1.82123199577617E-16,0.));
#10305=DIRECTION('',(-1.82123199577617E-16,1.,0.));
#10306=DIRECTION('',(-1.79428545097999E-16,0.985204221725358,-0.17138448440431));
#10307=DIRECTION('',(0.,0.17138448440431,0.985204221725358));
#10308=DIRECTION('',(3.12130906576732E-17,-0.17138448440431,-0.985204221725358));
#10309=DIRECTION('',(-1.,-1.82123199577617E-16,0.));
#10310=DIRECTION('',(3.12130906576732E-17,-0.17138448440431,-0.985204221725358));
#10311=DIRECTION('',(0.,0.,-1.));
#10312=DIRECTION('',(-1.,0.,0.));
#10313=DIRECTION('',(1.82123199577617E-16,-1.,0.));
#10314=DIRECTION('',(-1.,-1.82123199577617E-16,0.));
#10315=DIRECTION('',(1.82123199577617E-16,-1.,0.));
#10316=DIRECTION('',(-1.,-1.82123199577617E-16,0.));
#10317=DIRECTION('',(-1.,-1.82123199577617E-16,0.));
#10318=DIRECTION('',(-1.,-1.82123199577617E-16,0.));
#10319=DIRECTION('',(0.,0.997238023777521,-0.0742719592599066));
#10320=DIRECTION('',(-1.,-1.82123199577617E-16,0.));
#10321=DIRECTION('',(1.82123199577617E-16,-1.,0.));
#10322=DIRECTION('',(-1.,-1.82123199577617E-16,0.));
#10323=DIRECTION('',(-1.,-1.82123199577617E-16,0.));
#10324=DIRECTION('',(1.82123199577617E-16,-1.,0.));
#10325=DIRECTION('',(-1.,-1.82123199577617E-16,0.));
#10326=DIRECTION('',(-1.,-1.82123199577617E-16,0.));
#10327=DIRECTION('',(-1.,-1.82123199577617E-16,0.));
#10328=DIRECTION('',(0.,0.996498632759596,-0.0836090599651474));
#10329=DIRECTION('',(-1.,-1.82123199577617E-16,0.));
#10330=DIRECTION('',(-1.,-1.82123199577617E-16,0.));
#10331=DIRECTION('',(1.82123199577617E-16,-1.,0.));
#10332=DIRECTION('',(-1.,-1.82123199577617E-16,0.));
#10333=DIRECTION('',(-1.,-1.82123199577617E-16,0.));
#10334=DIRECTION('',(0.,0.,1.));
#10335=DIRECTION('',(1.,0.,0.));
#10336=DIRECTION('',(-1.,-1.82123199577617E-16,0.));
#10337=DIRECTION('',(-1.82123199577617E-16,1.,0.));
#10338=DIRECTION('',(1.79344292392782E-16,-0.984741607926503,0.174022888202459));
#10339=DIRECTION('',(0.,-0.174022888202459,-0.984741607926503));
#10340=DIRECTION('',(-1.,-1.82123199577617E-16,0.));
#10341=DIRECTION('',(-3.16936051991697E-17,0.174022888202459,0.984741607926503));
#10342=DIRECTION('',(0.,0.,-1.));
#10343=DIRECTION('',(-1.,0.,0.));
#10344=DIRECTION('',(-1.,-1.82123199577617E-16,0.));
#10345=DIRECTION('',(1.82123199577617E-16,-1.,0.));
#10346=DIRECTION('',(-1.,-1.82123199577617E-16,0.));
#10347=DIRECTION('',(-1.,-1.82123199577617E-16,0.));
#10348=DIRECTION('',(-1.,-1.82123199577617E-16,0.));
#10349=DIRECTION('',(0.,0.995393361969633,-0.0958752050677963));
#10350=DIRECTION('',(-1.,-1.82123199577617E-16,0.));
#10351=DIRECTION('',(-1.,-1.82123199577617E-16,0.));
#10352=DIRECTION('',(1.82123199577617E-16,-1.,0.));
#10353=DIRECTION('',(-1.,-1.82123199577617E-16,0.));
#10354=DIRECTION('',(-1.,-1.82123199577617E-16,0.));
#10355=DIRECTION('',(-1.,-1.82123199577617E-16,0.));
#10356=DIRECTION('',(0.,0.511075965509783,-0.859535547536135));
#10357=DIRECTION('',(-1.,-1.82123199577617E-16,0.));
#10358=DIRECTION('',(1.82123199577617E-16,-1.,0.));
#10359=DIRECTION('',(1.,1.82123199577617E-16,0.));
#10360=DIRECTION('',(-1.82123199577617E-16,1.,0.));
#10361=DIRECTION('',(1.,1.82123199577617E-16,0.));
#10362=DIRECTION('',(-1.82123199577617E-16,1.,0.));
#10363=DIRECTION('',(1.,1.82123199577617E-16,0.));
#10364=DIRECTION('',(-1.82123199577617E-16,1.,0.));
#10365=DIRECTION('',(-1.,-1.82123199577617E-16,0.));
#10366=DIRECTION('',(-1.,-1.82123199577617E-16,0.));
#10367=DIRECTION('',(-1.,-1.82123199577617E-16,0.));
#10368=DIRECTION('',(-1.,-1.82123199577617E-16,0.));
#10369=DIRECTION('',(-1.,-1.82123199577617E-16,0.));
#10370=DIRECTION('',(-1.,-1.82123199577617E-16,0.));
#10371=DIRECTION('',(0.,-0.756227752345958,0.65430847968048));
#10372=DIRECTION('',(-1.,-1.82123199577617E-16,0.));
#10373=DIRECTION('',(1.82123199577617E-16,-1.,0.));
#10374=DIRECTION('',(-1.,-1.82123199577617E-16,0.));
#10375=DIRECTION('',(-1.,-1.82123199577617E-16,0.));
#10376=DIRECTION('',(1.82123199577617E-16,-1.,0.));
#10377=DIRECTION('',(-1.,-1.82123199577617E-16,0.));
#10378=DIRECTION('',(-1.,-1.82123199577617E-16,0.));
#10379=DIRECTION('',(-1.,-1.82123199577617E-16,0.));
#10380=DIRECTION('',(-1.,-1.82123199577617E-16,0.));
#10381=DIRECTION('',(0.,0.976012200551886,-0.217715833998965));
#10382=DIRECTION('',(-1.,-1.82123199577617E-16,0.));
#10383=DIRECTION('',(1.82123199577617E-16,-1.,0.));
#10384=DIRECTION('',(-1.,-1.82123199577617E-16,0.));
#10385=DIRECTION('',(-1.,-1.82123199577617E-16,0.));
#10386=DIRECTION('',(1.82123199577617E-16,-1.,0.));
#10387=DIRECTION('',(-1.,-1.82123199577617E-16,0.));
#10388=DIRECTION('',(-1.,-1.82123199577617E-16,0.));
#10389=DIRECTION('',(-1.,-1.82123199577617E-16,0.));
#10390=DIRECTION('',(-1.,-1.82123199577617E-16,0.));
#10391=DIRECTION('',(-1.,-1.82123199577617E-16,0.));
#10392=DIRECTION('',(-1.,-1.82123199577617E-16,0.));
#10393=DIRECTION('',(-1.,-1.82123199577617E-16,0.));
#10394=DIRECTION('',(0.,0.700904063035912,0.71325556038474));
#10395=DIRECTION('',(-1.,-1.82123199577617E-16,0.));
#10396=DIRECTION('',(-1.,-1.82123199577617E-16,0.));
#10397=DIRECTION('',(1.82123199577617E-16,-1.,0.));
#10398=DIRECTION('',(-1.,-1.82123199577617E-16,0.));
#10399=DIRECTION('',(-1.,-1.82123199577617E-16,0.));
#10400=DIRECTION('',(-1.,-1.82123199577617E-16,0.));
#10401=DIRECTION('',(0.,-0.713894768887291,0.700252996391563));
#10402=DIRECTION('',(-1.,-1.82123199577617E-16,0.));
#10403=DIRECTION('',(-1.,-1.82123199577617E-16,0.));
#10404=DIRECTION('',(1.82123199577617E-16,-1.,0.));
#10405=DIRECTION('',(-1.,-1.82123199577617E-16,0.));
#10406=DIRECTION('',(-1.,-1.82123199577617E-16,0.));
#10407=DIRECTION('',(-1.,-1.82123199577617E-16,0.));
#10408=DIRECTION('',(0.,-0.705757969483582,-0.708453024914434));
#10409=DIRECTION('',(-1.,-1.82123199577617E-16,0.));
#10410=DIRECTION('',(1.82123199577617E-16,-1.,0.));
#10411=DIRECTION('',(1.,1.82123199577617E-16,0.));
#10412=DIRECTION('',(-1.82123199577617E-16,1.,0.));
#10413=DIRECTION('',(1.,1.82123199577617E-16,0.));
#10414=DIRECTION('',(-1.82123199577617E-16,1.,0.));
#10415=DIRECTION('',(1.79906807626785E-16,-0.987830260197643,-0.155535774141697));
#10416=DIRECTION('',(0.,0.155535774141697,-0.987830260197643));
#10417=DIRECTION('',(2.83266728354675E-17,-0.155535774141697,0.987830260197643));
#10418=DIRECTION('',(-1.,-1.82123199577617E-16,0.));
#10419=DIRECTION('',(2.83266728354675E-17,-0.155535774141697,0.987830260197643));
#10420=DIRECTION('',(-1.,-1.82123199577617E-16,0.));
#10421=DIRECTION('',(0.,0.,1.));
#10422=DIRECTION('',(1.,0.,0.));
#10423=DIRECTION('',(-1.82123199577617E-16,1.,0.));
#10424=DIRECTION('',(-1.,-1.82123199577617E-16,0.));
#10425=DIRECTION('',(-1.82123199577617E-16,1.,0.));
#10426=DIRECTION('',(0.,0.,-1.));
#10427=DIRECTION('',(-1.,0.,0.));
#10428=DIRECTION('',(-1.,-1.82123199577617E-16,0.));
#10429=DIRECTION('',(1.82123199577617E-16,-1.,0.));
#10430=DIRECTION('',(-1.,-1.82123199577617E-16,0.));
#10431=DIRECTION('',(1.79801807754567E-16,-0.987253728089368,-0.159154253394762));
#10432=DIRECTION('',(0.,0.159154253394762,-0.987253728089368));
#10433=DIRECTION('',(-1.,-1.82123199577617E-16,0.));
#10434=DIRECTION('',(2.89856818546409E-17,-0.159154253394762,0.987253728089368));
#10435=DIRECTION('',(0.,0.,-1.));
#10436=DIRECTION('',(-1.,0.,0.));
#10437=DIRECTION('',(-1.,-1.82123199577617E-16,0.));
#10438=DIRECTION('',(1.82123199577617E-16,-1.,0.));
#10439=DIRECTION('',(-1.79078729134703E-16,0.983283456199018,0.182081423449273));
#10440=DIRECTION('',(0.,-0.182081423449273,0.983283456199018));
#10441=DIRECTION('',(-1.,-1.82123199577617E-16,0.));
#10442=DIRECTION('',(-3.31612514222286E-17,0.182081423449273,-0.983283456199018));
#10443=DIRECTION('',(0.,0.,1.));
#10444=DIRECTION('',(1.,0.,0.));
#10445=DIRECTION('',(-1.,-1.82123199577617E-16,0.));
#10446=DIRECTION('',(-1.82123199577617E-16,1.,0.));
#10447=DIRECTION('',(1.6035879776786E-16,-0.880496269227462,0.474053077066821));
#10448=DIRECTION('',(0.,-0.474053077066821,-0.880496269227462));
#10449=DIRECTION('',(-1.,-1.82123199577617E-16,0.));
#10450=DIRECTION('',(-8.63360631650244E-17,0.474053077066821,0.880496269227462));
#10451=DIRECTION('',(0.,0.,-1.));
#10452=DIRECTION('',(-1.,0.,0.));
#10453=DIRECTION('',(-1.,-1.82123199577617E-16,0.));
#10454=DIRECTION('',(1.82123199577617E-16,-1.,0.));
#10455=DIRECTION('',(-1.61905406079872E-16,0.888988368617317,-0.457929776781465));
#10456=DIRECTION('',(0.,0.457929776781465,0.888988368617317));
#10457=DIRECTION('',(8.33996361293045E-17,-0.457929776781465,-0.888988368617317));
#10458=DIRECTION('',(-1.61871676643155E-16,0.888803167408494,-0.458289133195005));
#10459=DIRECTION('',(0.,0.458289133195005,0.888803167408494));
#10460=DIRECTION('',(8.34650832691273E-17,-0.458289133195005,-0.888803167408494));
#10461=DIRECTION('',(8.34650832691273E-17,-0.458289133195005,-0.888803167408494));
#10462=DIRECTION('',(1.,1.82123199577617E-16,0.));
#10463=DIRECTION('',(-1.82123199577617E-16,1.,0.));
#10464=DIRECTION('',(1.,1.82123199577617E-16,0.));
#10465=DIRECTION('',(-1.82123199577617E-16,1.,0.));
#10466=DIRECTION('',(-1.79543099342035E-16,0.985833214870119,-0.16772856780777));
#10467=DIRECTION('',(0.,0.16772856780777,0.985833214870119));
#10468=DIRECTION('',(-1.,-1.82123199577617E-16,0.));
#10469=DIRECTION('',(3.05472634297224E-17,-0.16772856780777,-0.985833214870119));
#10470=DIRECTION('',(-1.,-1.82123199577617E-16,0.));
#10471=DIRECTION('',(0.,0.,1.));
#10472=DIRECTION('',(1.,0.,0.));
#10473=DIRECTION('',(-1.,-1.82123199577617E-16,0.));
#10474=DIRECTION('',(-1.82123199577617E-16,1.,0.));
#10475=DIRECTION('',(1.79297351169249E-16,-0.984483863588373,0.175475133093298));
#10476=DIRECTION('',(0.,-0.175475133093298,-0.984483863588373));
#10477=DIRECTION('',(-1.,-1.82123199577617E-16,0.));
#10478=DIRECTION('',(-3.19580926852597E-17,0.175475133093298,0.984483863588373));
#10479=DIRECTION('',(0.,0.,-1.));
#10480=DIRECTION('',(-1.,0.,0.));
#10481=DIRECTION('',(-1.,-1.82123199577617E-16,0.));
#10482=DIRECTION('',(1.82123199577617E-16,-1.,0.));
#10483=DIRECTION('',(1.79355414353665E-16,-0.984802676263256,0.173676966880265));
#10484=DIRECTION('',(0.,-0.173676966880265,-0.984802676263256));
#10485=DIRECTION('',(-1.,-1.82123199577617E-16,0.));
#10486=DIRECTION('',(-3.16306049011698E-17,0.173676966880265,0.984802676263256));
#10487=DIRECTION('',(0.,0.,-1.));
#10488=DIRECTION('',(-1.,0.,0.));
#10489=DIRECTION('',(-1.,-1.82123199577617E-16,0.));
#10490=DIRECTION('',(1.82123199577617E-16,-1.,0.));
#10491=DIRECTION('',(-1.79355414353665E-16,0.984802676263256,-0.173676966880265));
#10492=DIRECTION('',(0.,0.173676966880265,0.984802676263256));
#10493=DIRECTION('',(-1.,-1.82123199577617E-16,0.));
#10494=DIRECTION('',(3.16306049011698E-17,-0.173676966880265,-0.984802676263256));
#10495=DIRECTION('',(0.,0.,-1.));
#10496=DIRECTION('',(-1.,0.,0.));
#10497=DIRECTION('',(1.82123199577617E-16,-1.,0.));
#10498=DIRECTION('',(1.,1.82123199577617E-16,0.));
#10499=DIRECTION('',(-1.82123199577617E-16,1.,0.));
#10500=DIRECTION('',(0.,0.,1.));
#10501=DIRECTION('',(1.,0.,0.));
#10502=DIRECTION('',(0.,0.,1.));
#10503=DIRECTION('',(1.,0.,0.));
#10504=DIRECTION('',(0.,0.,1.));
#10505=DIRECTION('',(1.,0.,0.));
#10506=DIRECTION('',(0.,0.,1.));
#10507=DIRECTION('',(1.,0.,0.));
#10508=DIRECTION('',(0.,0.,1.));
#10509=DIRECTION('',(1.,0.,0.));
#10510=DIRECTION('',(0.,0.,1.));
#10511=DIRECTION('',(1.,0.,0.));
#10512=DIRECTION('',(-1.,0.,0.));
#10513=DIRECTION('',(-1.95131999547447E-16,1.,0.));
#10514=DIRECTION('',(-1.,0.,0.));
#10515=DIRECTION('',(0.,1.,0.));
#10516=DIRECTION('',(-1.,0.,0.));
#10517=DIRECTION('',(1.79137573355033E-16,-1.,0.));
#10518=DIRECTION('',(0.,0.,1.));
#10519=DIRECTION('',(1.,0.,0.));
#10520=DIRECTION('',(0.,0.,1.));
#10521=DIRECTION('',(1.,0.,0.));
#10522=DIRECTION('',(1.79137573355033E-16,-1.,0.));
#10523=DIRECTION('',(6.82961998416066E-17,1.,0.));
#10524=DIRECTION('',(-1.,-1.36592399683213E-16,0.));
#10525=DIRECTION('',(6.82961998416066E-17,1.,0.));
#10526=DIRECTION('',(-1.,0.,0.));
#10527=DIRECTION('',(0.,0.,1.));
#10528=DIRECTION('',(1.,0.,0.));
#10529=DIRECTION('',(0.,0.,1.));
#10530=DIRECTION('',(1.,0.,0.));
#10531=DIRECTION('',(0.,0.,1.));
#10532=DIRECTION('',(1.,0.,0.));
#10533=DIRECTION('',(1.79137573355033E-16,-1.,0.));
#10534=DIRECTION('',(-1.,0.,0.));
#10535=DIRECTION('',(1.79137573355033E-16,-1.,0.));
#10536=DIRECTION('',(0.,0.,1.));
#10537=DIRECTION('',(1.,0.,0.));
#10538=DIRECTION('',(0.,0.,1.));
#10539=DIRECTION('',(1.,0.,0.));
#10540=DIRECTION('',(0.,0.,1.));
#10541=DIRECTION('',(1.,0.,0.));
#10542=DIRECTION('',(0.,0.,1.));
#10543=DIRECTION('',(1.,0.,0.));
#10544=DIRECTION('',(-1.,-1.36592399683213E-16,0.));
#10545=DIRECTION('',(6.82961998416066E-17,1.,0.));
#10546=DIRECTION('',(-1.,0.,0.));
#10547=DIRECTION('',(6.82961998416066E-17,1.,0.));
#10548=DIRECTION('',(0.,0.,-1.));
#10549=DIRECTION('',(-1.,0.,0.));
#10550=DIRECTION('',(0.,0.,-1.));
#10551=DIRECTION('',(0.,0.,-1.));
#10552=DIRECTION('',(0.,0.,-1.));
#10553=DIRECTION('',(-1.,0.,0.));
#10554=DIRECTION('',(0.,0.,-1.));
#10555=DIRECTION('',(1.,1.79137573355033E-16,0.));
#10556=DIRECTION('',(-1.79137573355033E-16,1.,0.));
#10557=DIRECTION('',(0.,0.,-1.));
#10558=DIRECTION('',(0.,-1.,0.));
#10559=DIRECTION('',(0.,0.,-1.));
#10560=DIRECTION('',(0.,0.,-1.));
#10561=DIRECTION('',(0.,0.,-1.));
#10562=DIRECTION('',(-1.,0.,0.));
#10563=DIRECTION('',(0.,0.,-1.));
#10564=DIRECTION('',(0.,0.,-1.));
#10565=DIRECTION('',(-1.,0.,0.));
#10566=DIRECTION('',(0.,0.,-1.));
#10567=DIRECTION('',(-1.,0.,0.));
#10568=DIRECTION('',(0.,0.,-1.));
#10569=DIRECTION('',(-1.,0.,0.));
#10570=DIRECTION('',(1.,1.79137573355033E-16,0.));
#10571=DIRECTION('',(-1.79137573355033E-16,1.,0.));
#10572=DIRECTION('',(-1.,0.,0.));
#10573=DIRECTION('',(0.,0.,1.));
#10574=DIRECTION('',(0.,0.,-1.));
#10575=DIRECTION('',(0.,1.,0.));
#10576=DIRECTION('',(0.,-1.,0.));
#10577=DIRECTION('',(0.,0.,-1.));
#10578=DIRECTION('',(0.,0.,-1.));
#10579=DIRECTION('',(-1.,0.,0.));
#10580=DIRECTION('',(-1.,-1.95131999547447E-16,0.));
#10581=DIRECTION('',(1.95131999547447E-16,-1.,0.));
#10582=DIRECTION('',(-1.95131999547447E-16,1.,0.));
#10583=DIRECTION('',(0.,0.,1.));
#10584=DIRECTION('',(1.,0.,0.));
#10585=DIRECTION('',(-1.36592399683213E-16,1.,0.));
#10586=DIRECTION('',(-1.,-1.36592399683213E-16,0.));
#10587=DIRECTION('',(0.,0.,1.));
#10588=DIRECTION('',(0.,0.,1.));
#10589=DIRECTION('',(1.,-6.82961998416066E-17,0.));
#10590=DIRECTION('',(6.82961998416066E-17,1.,0.));
#10591=DIRECTION('',(0.,0.,1.));
#10592=DIRECTION('',(0.,1.,0.));
#10593=DIRECTION('',(0.,0.,1.));
#10594=DIRECTION('',(0.,0.,1.));
#10595=DIRECTION('',(1.,-6.82961998416066E-17,0.));
#10596=DIRECTION('',(6.82961998416066E-17,1.,0.));
#10597=DIRECTION('',(0.,0.,1.));
#10598=DIRECTION('',(1.,0.,0.));
#10599=DIRECTION('',(0.,0.,1.));
#10600=DIRECTION('',(1.,0.,0.));
#10601=CARTESIAN_POINT('',(0.,0.,0.));
#10602=CARTESIAN_POINT('',(0.0762,0.,0.0508));
#10603=CARTESIAN_POINT('',(0.0762,0.00571808873191446,0.0244238622131577));
#10604=CARTESIAN_POINT('',(0.0762,0.00586268860179084,0.0252737553259005));
#10605=CARTESIAN_POINT('',(0.0762,0.00557348886203807,0.0235739691004149));
#10606=CARTESIAN_POINT('',(0.0762,0.00439603277875896,0.0235739691004149));
#10607=CARTESIAN_POINT('',(0.0762,0.00321857669547984,0.0235739691004149));
#10608=CARTESIAN_POINT('',(0.0762,0.00258902624159626,0.0200042212923782));
#10609=CARTESIAN_POINT('',(0.0762,0.0019594757877127,0.0164344734843415));
#10610=CARTESIAN_POINT('',(0.0762,0.00088333798060547,0.0164344734843416));
#10611=CARTESIAN_POINT('',(0.0762,-0.00019279982650177,0.0164344734843415));
#10612=CARTESIAN_POINT('',(0.0762,0.0004367506273818,0.0200042212923782));
#10613=CARTESIAN_POINT('',(0.0762,0.00106630108126537,0.0235739691004149));
#10614=CARTESIAN_POINT('',(0.0762,-0.000105252966508578,0.0235739691004149));
#10615=CARTESIAN_POINT('',(0.0762,-0.00127680701428253,0.0235739691004149));
#10616=CARTESIAN_POINT('',(0.0762,-0.0011253214363168,0.0244238622131577));
#10617=CARTESIAN_POINT('',(0.0762,-0.000973835858351067,0.0252737553259005));
#10618=CARTESIAN_POINT('',(0.0762,0.00244442637171989,0.0252737553259005));
#10619=CARTESIAN_POINT('',(0.0762,-0.00720736902438261,0.0179965455480401));
#10620=CARTESIAN_POINT('',(0.0762,-0.00555775010069082,0.0179965455480401));
#10621=CARTESIAN_POINT('',(0.0762,-0.00885698794807441,0.0179965455480401));
#10622=CARTESIAN_POINT('',(0.0762,-0.00925931003500938,0.0172155095161909));
#10623=CARTESIAN_POINT('',(0.0762,-0.00966163212194435,0.0164344734843416));
#10624=CARTESIAN_POINT('',(0.0762,-0.0107889209034296,0.0164344734843416));
#10625=CARTESIAN_POINT('',(0.0762,-0.0119162096849149,0.0164344734843415));
#10626=CARTESIAN_POINT('',(0.0762,-0.00953670570375182,0.020854114405121));
#10627=CARTESIAN_POINT('',(0.0762,-0.00715720172258876,0.0252737553259005));
#10628=CARTESIAN_POINT('',(0.0762,-0.00591088855841613,0.0252737553259005));
#10629=CARTESIAN_POINT('',(0.0762,-0.00466457539424349,0.0252737553259005));
#10630=CARTESIAN_POINT('',(0.0762,-0.00384615980419485,0.020854114405121));
#10631=CARTESIAN_POINT('',(0.0762,-0.00302774421414621,0.0164344734843415));
#10632=CARTESIAN_POINT('',(0.0762,-0.0041668370666418,0.0164344734843416));
#10633=CARTESIAN_POINT('',(0.0762,-0.00530592991913739,0.0164344734843415));
#10634=CARTESIAN_POINT('',(0.0762,-0.00543184000991411,0.0172155095161909));
#10635=CARTESIAN_POINT('',(0.0762,-0.0170273724323821,0.0163459429517642));
#10636=CARTESIAN_POINT('',(0.0762,-0.0181487591783622,0.0163459429517642));
#10637=CARTESIAN_POINT('',(0.0762,-0.0189986522911051,0.0168122037566717));
#10638=CARTESIAN_POINT('',(0.0762,-0.0170273724323821,0.0163459429517642));
#10639=CARTESIAN_POINT('',(0.0762,-0.0189986522911051,0.0168122037566717));
#10640=CARTESIAN_POINT('',(0.0762,-0.0174503125958325,0.0196835208993086));
#10641=CARTESIAN_POINT('',(0.0762,-0.0203138225361712,0.0181214719662326));
#10642=CARTESIAN_POINT('',(0.0762,-0.0203138225361712,0.0181214719662326));
#10643=CARTESIAN_POINT('',(0.0762,-0.0207790996684946,0.0189644793708861));
#10644=CARTESIAN_POINT('',(0.0762,-0.0207790996684946,0.0200602906296772));
#10645=CARTESIAN_POINT('',(0.0762,-0.0207790996684946,0.0200602906296772));
#10646=CARTESIAN_POINT('',(0.0762,-0.0207790996684946,0.0200602906296772));
#10647=CARTESIAN_POINT('',(0.0762,-0.0207790996684946,0.0216085912771971));
#10648=CARTESIAN_POINT('',(0.0762,-0.0201121696564116,0.0228244105912598));
#10649=CARTESIAN_POINT('',(0.0762,-0.0201121696564116,0.0228244105912598));
#10650=CARTESIAN_POINT('',(0.0762,-0.0158954017481236,0.0205525287204285));
#10651=CARTESIAN_POINT('',(0.0762,-0.0182549958174551,0.0247199476609999));
#10652=CARTESIAN_POINT('',(0.0762,-0.0182549958174551,0.0247199476609999));
#10653=CARTESIAN_POINT('',(0.0762,-0.0170647519905815,0.0253996654166773));
#10654=CARTESIAN_POINT('',(0.0762,-0.0155538309012609,0.0253996654166773));
#10655=CARTESIAN_POINT('',(0.0762,-0.0155538309012609,0.0253996654166773));
#10656=CARTESIAN_POINT('',(0.0762,-0.0155538309012609,0.0253996654166773));
#10657=CARTESIAN_POINT('',(0.0762,-0.0144206400842705,0.0253996654166773));
#10658=CARTESIAN_POINT('',(0.0762,-0.0135648449360225,0.0249402903198591));
#10659=CARTESIAN_POINT('',(0.0762,-0.0135648449360225,0.0249402903198591));
#10660=CARTESIAN_POINT('',(0.0762,-0.0150651927272279,0.0220876729910679));
#10661=CARTESIAN_POINT('',(0.0762,-0.012242788982867,0.0236428261813084));
#10662=CARTESIAN_POINT('',(0.0762,-0.012242788982867,0.0236428261813084));
#10663=CARTESIAN_POINT('',(0.0762,-0.0117765281779595,0.0228047371395759));
#10664=CARTESIAN_POINT('',(0.0762,-0.0117765281779595,0.0217226972969635));
#10665=CARTESIAN_POINT('',(0.0762,-0.0117765281779595,0.0217226972969635));
#10666=CARTESIAN_POINT('',(0.0762,-0.0117765281779595,0.0217226972969635));
#10667=CARTESIAN_POINT('',(0.0762,-0.0117765281779595,0.0201743966494436));
#10668=CARTESIAN_POINT('',(0.0762,-0.0124444418626266,0.0189467732643707));
#10669=CARTESIAN_POINT('',(0.0762,-0.0124444418626266,0.0189467732643707));
#10670=CARTESIAN_POINT('',(0.0762,-0.0124444418626266,0.0189467732643707));
#10671=CARTESIAN_POINT('',(0.0762,-0.0131123555472937,0.0177191498792977));
#10672=CARTESIAN_POINT('',(0.0762,-0.0143085014096724,0.0170325464155309));
#10673=CARTESIAN_POINT('',(0.0762,-0.0143085014096724,0.0170325464155309));
#10674=CARTESIAN_POINT('',(0.0762,-0.0143085014096724,0.0170325464155309));
#10675=CARTESIAN_POINT('',(0.0762,-0.0155046472720512,0.0163459429517642));
#10676=CARTESIAN_POINT('',(0.0762,-0.0170273724323821,0.0163459429517642));
#10677=CARTESIAN_POINT('',(0.0762,-0.0215227561421445,0.0229817982047307));
#10678=CARTESIAN_POINT('',(0.0762,-0.0216624376490999,0.0222007621728814));
#10679=CARTESIAN_POINT('',(0.0762,-0.0221660780122067,0.02168433406618));
#10680=CARTESIAN_POINT('',(0.0762,-0.0215227561421445,0.0229817982047307));
#10681=CARTESIAN_POINT('',(0.0762,-0.0221660780122067,0.02168433406618));
#10682=CARTESIAN_POINT('',(0.0762,-0.0240908557171965,0.0235525645277186));
#10683=CARTESIAN_POINT('',(0.0762,-0.0233740279455959,0.0209672367523033));
#10684=CARTESIAN_POINT('',(0.0762,-0.0233740279455959,0.0209672367523033));
#10685=CARTESIAN_POINT('',(0.0762,-0.0227444774917123,0.0208295225905162));
#10686=CARTESIAN_POINT('',(0.0762,-0.0223795349629767,0.0203504740420142));
#10687=CARTESIAN_POINT('',(0.0762,-0.0223795349629767,0.0203504740420142));
#10688=CARTESIAN_POINT('',(0.0762,-0.0223795349629767,0.0203504740420142));
#10689=CARTESIAN_POINT('',(0.0762,-0.0220145924342411,0.0198714254935121));
#10690=CARTESIAN_POINT('',(0.0762,-0.0220145924342411,0.0192300709686182));
#10691=CARTESIAN_POINT('',(0.0762,-0.0220145924342411,0.0192300709686182));
#10692=CARTESIAN_POINT('',(0.0762,-0.0240271426998089,0.0192238238315044));
#10693=CARTESIAN_POINT('',(0.0762,-0.0220519719924404,0.0188385692801094));
#10694=CARTESIAN_POINT('',(0.0762,-0.0220519719924404,0.0188385692801094));
#10695=CARTESIAN_POINT('',(0.0762,-0.0222408371286055,0.017730953950308));
#10696=CARTESIAN_POINT('',(0.0762,-0.023134995507637,0.0170827137173247));
#10697=CARTESIAN_POINT('',(0.0762,-0.023134995507637,0.0170827137173247));
#10698=CARTESIAN_POINT('',(0.0762,-0.023134995507637,0.0170827137173247));
#10699=CARTESIAN_POINT('',(0.0762,-0.0240291538866685,0.0164344734843416));
#10700=CARTESIAN_POINT('',(0.0762,-0.0254141648852123,0.0164344734843416));
#10701=CARTESIAN_POINT('',(0.0762,-0.0254141648852123,0.0164344734843416));
#10702=CARTESIAN_POINT('',(0.0762,-0.0274729916039285,0.0164344734843416));
#10703=CARTESIAN_POINT('',(0.0762,-0.0295318183226445,0.0164344734843415));
#10704=CARTESIAN_POINT('',(0.0762,-0.0287507822907953,0.020854114405121));
#10705=CARTESIAN_POINT('',(0.0762,-0.0279697462589459,0.0252737553259005));
#10706=CARTESIAN_POINT('',(0.0762,-0.0259807602937075,0.0252737553259005));
#10707=CARTESIAN_POINT('',(0.0762,-0.0239917743284692,0.0252737553259005));
#10708=CARTESIAN_POINT('',(0.0762,-0.0239917743284692,0.0252737553259005));
#10709=CARTESIAN_POINT('',(0.0762,-0.0227956284660903,0.0252737553259005));
#10710=CARTESIAN_POINT('',(0.0762,-0.0221405025250177,0.0247829027063882));
#10711=CARTESIAN_POINT('',(0.0762,-0.0221405025250177,0.0247829027063882));
#10712=CARTESIAN_POINT('',(0.0762,-0.0221405025250177,0.0247829027063882));
#10713=CARTESIAN_POINT('',(0.0762,-0.0214853765839451,0.0242920500868758));
#10714=CARTESIAN_POINT('',(0.0762,-0.0214853765839451,0.0234224835224492));
#10715=CARTESIAN_POINT('',(0.0762,-0.0214853765839451,0.0234224835224492));
#10716=CARTESIAN_POINT('',(0.0762,-0.0241881539087935,0.0234310784974719));
#10717=CARTESIAN_POINT('',(0.0762,-0.0335471698113207,0.020854114405121));
#10718=CARTESIAN_POINT('',(0.0762,-0.0333838801623446,0.0217482727841526));
#10719=CARTESIAN_POINT('',(0.0762,-0.0337104594602967,0.0199599560260895));
#10720=CARTESIAN_POINT('',(0.0762,-0.0364804814573845,0.0199599560260895));
#10721=CARTESIAN_POINT('',(0.0762,-0.0392505034544722,0.0199599560260895));
#10722=CARTESIAN_POINT('',(0.0762,-0.0390872138054962,0.020854114405121));
#10723=CARTESIAN_POINT('',(0.0762,-0.0389239241565201,0.0217482727841526));
#10724=CARTESIAN_POINT('',(0.0762,-0.0361539021594324,0.0217482727841526));
#10725=CARTESIAN_POINT('',(0.0762,-0.0518159370449546,0.0208669021487155));
#10726=CARTESIAN_POINT('',(0.0762,-0.0515896923505902,0.0221751866856923));
#10727=CARTESIAN_POINT('',(0.0762,-0.050840133841435,0.0232021408635899));
#10728=CARTESIAN_POINT('',(0.0762,-0.0518159370449546,0.0208669021487155));
#10729=CARTESIAN_POINT('',(0.0762,-0.050840133841435,0.0232021408635899));
#10730=CARTESIAN_POINT('',(0.0762,-0.0465686792276204,0.0201236384871263));
#10731=CARTESIAN_POINT('',(0.0762,-0.0489829600024785,0.0248015924854878));
#10732=CARTESIAN_POINT('',(0.0762,-0.0489829600024785,0.0248015924854878));
#10733=CARTESIAN_POINT('',(0.0762,-0.0478753446726771,0.0253740899294882));
#10734=CARTESIAN_POINT('',(0.0762,-0.0465906682777209,0.0253740899294882));
#10735=CARTESIAN_POINT('',(0.0762,-0.0465906682777209,0.0253740899294882));
#10736=CARTESIAN_POINT('',(0.0762,-0.0465906682777209,0.0253740899294882));
#10737=CARTESIAN_POINT('',(0.0762,-0.045016792143012,0.0253740899294882));
#10738=CARTESIAN_POINT('',(0.0762,-0.0440409889394925,0.0245428865958451));
#10739=CARTESIAN_POINT('',(0.0762,-0.0440409889394925,0.0245428865958451));
#10740=CARTESIAN_POINT('',(0.0762,-0.0440409889394925,0.0245428865958451));
#10741=CARTESIAN_POINT('',(0.0762,-0.0430651857359729,0.0237116832622019));
#10742=CARTESIAN_POINT('',(0.0762,-0.0429392756451962,0.0222774886344484));
#10743=CARTESIAN_POINT('',(0.0762,-0.0429392756451962,0.0222774886344484));
#10744=CARTESIAN_POINT('',(0.0762,-0.0441226337639805,0.0222774886344484));
#10745=CARTESIAN_POINT('',(0.0762,-0.0453059918827648,0.0222774886344484));
#10746=CARTESIAN_POINT('',(0.0762,-0.0453059918827648,0.0222774886344484));
#10747=CARTESIAN_POINT('',(0.0762,-0.0454692815317408,0.0228185085557546));
#10748=CARTESIAN_POINT('',(0.0762,-0.0459040648139542,0.0231018062600022));
#10749=CARTESIAN_POINT('',(0.0762,-0.0459040648139542,0.0231018062600022));
#10750=CARTESIAN_POINT('',(0.0762,-0.0459040648139542,0.0231018062600022));
#10751=CARTESIAN_POINT('',(0.0762,-0.0463388480961675,0.0233851039642498));
#10752=CARTESIAN_POINT('',(0.0762,-0.0469683985500511,0.0233851039642498));
#10753=CARTESIAN_POINT('',(0.0762,-0.0469683985500511,0.0233851039642498));
#10754=CARTESIAN_POINT('',(0.0762,-0.0469683985500511,0.0233851039642498));
#10755=CARTESIAN_POINT('',(0.0762,-0.0479638752052545,0.0233851039642498));
#10756=CARTESIAN_POINT('',(0.0762,-0.0486937602627257,0.0226985005004831));
#10757=CARTESIAN_POINT('',(0.0762,-0.0486937602627257,0.0226985005004831));
#10758=CARTESIAN_POINT('',(0.0762,-0.0486937602627257,0.0226985005004831));
#10759=CARTESIAN_POINT('',(0.0762,-0.049423645320197,0.0220118970367163));
#10760=CARTESIAN_POINT('',(0.0762,-0.0496243145273724,0.0208669021487155));
#10761=CARTESIAN_POINT('',(0.0762,-0.0496243145273724,0.0208669021487155));
#10762=CARTESIAN_POINT('',(0.0762,-0.0460878948049863,0.0201865193798349));
#10763=CARTESIAN_POINT('',(0.0762,-0.0496872695727608,0.0202491557658423));
#10764=CARTESIAN_POINT('',(0.0762,-0.0496872695727608,0.0202491557658423));
#10765=CARTESIAN_POINT('',(0.0762,-0.0496872695727608,0.0193677851304053));
#10766=CARTESIAN_POINT('',(0.0762,-0.0491964169532484,0.0188513570237039));
#10767=CARTESIAN_POINT('',(0.0762,-0.0491964169532484,0.0188513570237039));
#10768=CARTESIAN_POINT('',(0.0762,-0.0491964169532484,0.0188513570237039));
#10769=CARTESIAN_POINT('',(0.0762,-0.0487055643337361,0.0183349289170026));
#10770=CARTESIAN_POINT('',(0.0762,-0.0478497691854881,0.0183349289170026));
#10771=CARTESIAN_POINT('',(0.0762,-0.0478497691854881,0.0183349289170026));
#10772=CARTESIAN_POINT('',(0.0762,-0.0478347899080277,0.0207138352378878));
#10773=CARTESIAN_POINT('',(0.0762,-0.0466969040836537,0.0186251107999753));
#10774=CARTESIAN_POINT('',(0.0762,-0.0466969049168138,0.0186251123293395));
#10775=CARTESIAN_POINT('',(0.0762,-0.0461617870310128,0.0189152957416765));
#10776=CARTESIAN_POINT('',(0.0762,-0.0457978281748613,0.0194563156629826));
#10777=CARTESIAN_POINT('',(0.0762,-0.0457978281748613,0.0194563156629826));
#10778=CARTESIAN_POINT('',(0.0762,-0.0446144700560771,0.0194563156629826));
#10779=CARTESIAN_POINT('',(0.0762,-0.0434311119372928,0.0194563156629826));
#10780=CARTESIAN_POINT('',(0.0762,-0.0434311119372928,0.0194563156629826));
#10781=CARTESIAN_POINT('',(0.0762,-0.0440606623911763,0.0180201536900607));
#10782=CARTESIAN_POINT('',(0.0762,-0.0453315673699538,0.017195836064507));
#10783=CARTESIAN_POINT('',(0.0762,-0.0453315673699538,0.017195836064507));
#10784=CARTESIAN_POINT('',(0.0762,-0.0453315673699538,0.017195836064507));
#10785=CARTESIAN_POINT('',(0.0762,-0.0466024723487313,0.0163715184389531));
#10786=CARTESIAN_POINT('',(0.0762,-0.0481763484834402,0.0163715184389531));
#10787=CARTESIAN_POINT('',(0.0762,-0.0481763484834402,0.0163715184389531));
#10788=CARTESIAN_POINT('',(0.0762,-0.0481763484834402,0.0163715184389531));
#10789=CARTESIAN_POINT('',(0.0762,-0.0493095393004306,0.0163715184389531));
#10790=CARTESIAN_POINT('',(0.0762,-0.0501535303776683,0.0168122037566717));
#10791=CARTESIAN_POINT('',(0.0762,-0.0501535303776683,0.0168122037566717));
#10792=CARTESIAN_POINT('',(0.0762,-0.0501535303776683,0.0168122037566717));
#10793=CARTESIAN_POINT('',(0.0762,-0.0509975214549059,0.0172528890743902));
#10794=CARTESIAN_POINT('',(0.0762,-0.0514509945162189,0.0180585169208443));
#10795=CARTESIAN_POINT('',(0.0762,-0.0514509945162189,0.0180585169208443));
#10796=CARTESIAN_POINT('',(0.0762,-0.0514509945162189,0.0180585169208443));
#10797=CARTESIAN_POINT('',(0.0762,-0.051904467577532,0.0188641447672984));
#10798=CARTESIAN_POINT('',(0.0762,-0.051904467577532,0.0199343805389005));
#10799=CARTESIAN_POINT('',(0.0762,-0.051904467577532,0.0199343805389005));
#10800=CARTESIAN_POINT('',(0.0762,-0.0470385893635973,0.0199441820266323));
#10801=CARTESIAN_POINT('',(0.0762,-0.0552784645413142,0.0252737553259005));
#10802=CARTESIAN_POINT('',(0.0762,-0.0539072249589491,0.0252737553259005));
#10803=CARTESIAN_POINT('',(0.0762,-0.0531891439724881,0.0246501069075221));
#10804=CARTESIAN_POINT('',(0.0762,-0.0552784645413142,0.0252737553259005));
#10805=CARTESIAN_POINT('',(0.0762,-0.0531891439724881,0.0246501069075221));
#10806=CARTESIAN_POINT('',(0.0762,-0.0531891439724881,0.0246501069075221));
#10807=CARTESIAN_POINT('',(0.0762,-0.0524710629860272,0.0240264584891437));
#10808=CARTESIAN_POINT('',(0.0762,-0.0524710629860272,0.0230329491791087));
#10809=CARTESIAN_POINT('',(0.0762,-0.0524710629860272,0.0230329491791087));
#10810=CARTESIAN_POINT('',(0.0762,-0.0552027877914722,0.0230134544880722));
#10811=CARTESIAN_POINT('',(0.0762,-0.0525222139604052,0.0224899619126342));
#10812=CARTESIAN_POINT('',(0.0762,-0.0525222139604052,0.0224899619126342));
#10813=CARTESIAN_POINT('',(0.0762,-0.0526717321932026,0.0216085912771971));
#10814=CARTESIAN_POINT('',(0.0762,-0.0532894785760758,0.0209160857779252));
#10815=CARTESIAN_POINT('',(0.0762,-0.0532894785760758,0.0209160857779252));
#10816=CARTESIAN_POINT('',(0.0762,-0.0532894785760758,0.0209160857779252));
#10817=CARTESIAN_POINT('',(0.0762,-0.0539072249589491,0.0202235802786533));
#10818=CARTESIAN_POINT('',(0.0762,-0.0549381138271834,0.0199343805389005));
#10819=CARTESIAN_POINT('',(0.0762,-0.0549381138271834,0.0199343805389005));
#10820=CARTESIAN_POINT('',(0.0762,-0.0542269185488118,0.018184427011621));
#10821=CARTESIAN_POINT('',(0.0762,-0.0535157232704402,0.0164344734843415));
#10822=CARTESIAN_POINT('',(0.0762,-0.0547305589119187,0.0164344734843416));
#10823=CARTESIAN_POINT('',(0.0762,-0.0559453945533971,0.0164344734843415));
#10824=CARTESIAN_POINT('',(0.0762,-0.0565690429717755,0.018102782187133));
#10825=CARTESIAN_POINT('',(0.0762,-0.0571926913901539,0.0197710908899245));
#10826=CARTESIAN_POINT('',(0.0762,-0.0574504136072125,0.0197710908899245));
#10827=CARTESIAN_POINT('',(0.0762,-0.0577081358242711,0.0197710908899245));
#10828=CARTESIAN_POINT('',(0.0762,-0.0580042212721132,0.018102782187133));
#10829=CARTESIAN_POINT('',(0.0762,-0.0583003067199554,0.0164344734843416));
#10830=CARTESIAN_POINT('',(0.0762,-0.0593774281996468,0.0164344734843416));
#10831=CARTESIAN_POINT('',(0.0762,-0.0604545496793382,0.0164344734843415));
#10832=CARTESIAN_POINT('',(0.0762,-0.0596735136474889,0.020854114405121));
#10833=CARTESIAN_POINT('',(0.0762,-0.0588924776156396,0.0252737553259005));
#10834=CARTESIAN_POINT('',(0.0762,-0.0570854710784769,0.0252737553259005));
#10835=CARTESIAN_POINT('',(0.0762,0.0607830963224589,0.0413528673871206));
#10836=CARTESIAN_POINT('',(0.0762,0.061186402081978,0.0418427363340488));
#10837=CARTESIAN_POINT('',(0.0762,0.0618031647922671,0.042144723817396));
#10838=CARTESIAN_POINT('',(0.0762,0.0607830963224589,0.0413528673871206));
#10839=CARTESIAN_POINT('',(0.0762,0.0618031647922671,0.042144723817396));
#10840=CARTESIAN_POINT('',(0.0762,0.0618031647922671,0.042144723817396));
#10841=CARTESIAN_POINT('',(0.0762,0.0624199275025562,0.0424467113007434));
#10842=CARTESIAN_POINT('',(0.0762,0.0631517799051958,0.0424467113007434));
#10843=CARTESIAN_POINT('',(0.0762,0.0631517799051958,0.0424467113007434));
#10844=CARTESIAN_POINT('',(0.0762,0.0631517799051958,0.0424467113007434));
#10845=CARTESIAN_POINT('',(0.0762,0.0642849707221862,0.0424467113007434));
#10846=CARTESIAN_POINT('',(0.0762,0.0649833782569633,0.0417109242077669));
#10847=CARTESIAN_POINT('',(0.0762,0.0649833782569633,0.0417109242077669));
#10848=CARTESIAN_POINT('',(0.0762,0.0649833782569633,0.0417109242077669));
#10849=CARTESIAN_POINT('',(0.0762,0.0656817857917404,0.0409751371147905));
#10850=CARTESIAN_POINT('',(0.0762,0.0656817857917404,0.0397022647908447));
#10851=CARTESIAN_POINT('',(0.0762,0.0656817857917404,0.0397022647908447));
#10852=CARTESIAN_POINT('',(0.0762,0.0604134664153041,0.0397360478338626));
#10853=CARTESIAN_POINT('',(0.0762,0.0656070266753417,0.0388464696425967));
#10854=CARTESIAN_POINT('',(0.0762,0.0656070266753417,0.0388464696425967));
#10855=CARTESIAN_POINT('',(0.0762,0.0654181615391767,0.0377644297999842));
#10856=CARTESIAN_POINT('',(0.0762,0.0648633702016918,0.0369391285018463));
#10857=CARTESIAN_POINT('',(0.0762,0.0648633702016918,0.0369391285018463));
#10858=CARTESIAN_POINT('',(0.0762,0.0648633702016918,0.0369391285018463));
#10859=CARTESIAN_POINT('',(0.0762,0.0643085788642069,0.0361138272037083));
#10860=CARTESIAN_POINT('',(0.0762,0.0635285265049417,0.0356672398504846));
#10861=CARTESIAN_POINT('',(0.0762,0.0635285265049417,0.0356672398504846));
#10862=CARTESIAN_POINT('',(0.0762,0.0618772216471581,0.0384870528855337));
#10863=CARTESIAN_POINT('',(0.0762,0.06187890758125,0.035220652497261));
#10864=CARTESIAN_POINT('',(0.0762,0.06187890758125,0.035220652497261));
#10865=CARTESIAN_POINT('',(0.0762,0.0611372184527684,0.035220652497261));
#10866=CARTESIAN_POINT('',(0.0762,0.0606335780896615,0.0355167379451031));
#10867=CARTESIAN_POINT('',(0.0762,0.0606335780896615,0.0355167379451031));
#10868=CARTESIAN_POINT('',(0.0762,0.0606335780896615,0.0355167379451031));
#10869=CARTESIAN_POINT('',(0.0762,0.0601299377265546,0.0358128233929452));
#10870=CARTESIAN_POINT('',(0.0762,0.0599017256870219,0.0363026923398733));
#10871=CARTESIAN_POINT('',(0.0762,0.0599017256870219,0.0363026923398733));
#10872=CARTESIAN_POINT('',(0.0762,0.0598141788270287,0.035811839720361));
#10873=CARTESIAN_POINT('',(0.0762,0.0597266319670355,0.0353209871008486));
#10874=CARTESIAN_POINT('',(0.0762,0.0586495104873441,0.0353209871008486));
#10875=CARTESIAN_POINT('',(0.0762,0.0575723890076527,0.0353209871008486));
#10876=CARTESIAN_POINT('',(0.0762,0.0583976903057906,0.0399796604595871));
#10877=CARTESIAN_POINT('',(0.0762,0.0592229916039286,0.0446383338183255));
#10878=CARTESIAN_POINT('',(0.0762,0.0602991294110359,0.0446383338183255));
#10879=CARTESIAN_POINT('',(0.0762,0.0613752672181431,0.0446383338183255));
#10880=CARTESIAN_POINT('',(0.0762,0.061079181770301,0.0429956006027231));
#10881=CARTESIAN_POINT('',(0.0762,0.0566408510704218,0.0388336818990021));
#10882=CARTESIAN_POINT('',(0.0762,0.0572576137807109,0.0423463766971557));
#10883=CARTESIAN_POINT('',(0.0762,0.0560240883601327,0.0353209871008486));
#10884=CARTESIAN_POINT('',(0.0762,0.0549469668804413,0.0353209871008486));
#10885=CARTESIAN_POINT('',(0.0762,0.0538698454007499,0.0353209871008486));
#10886=CARTESIAN_POINT('',(0.0762,0.0539524738978221,0.0357990519767665));
#10887=CARTESIAN_POINT('',(0.0762,0.0540350146829745,0.0362766092065958));
#10888=CARTESIAN_POINT('',(0.0762,0.0516875653213001,0.0384072876574331));
#10889=CARTESIAN_POINT('',(0.0762,0.0530198347680351,0.0355297812894005));
#10890=CARTESIAN_POINT('',(0.0762,0.0517613730830808,0.0381897761400703));
#10891=CARTESIAN_POINT('',(0.0762,0.0517431452737245,0.03524622798445));
#10892=CARTESIAN_POINT('',(0.0762,0.0517431452737245,0.03524622798445));
#10893=CARTESIAN_POINT('',(0.0762,0.0506847135731327,0.03524622798445));
#10894=CARTESIAN_POINT('',(0.0762,0.0500807386064382,0.0358443009156394));
#10895=CARTESIAN_POINT('',(0.0762,0.0500807386064382,0.0358443009156394));
#10896=CARTESIAN_POINT('',(0.0762,0.0500807386064382,0.0358443009156394));
#10897=CARTESIAN_POINT('',(0.0762,0.0494767636397436,0.0364423738468287));
#10898=CARTESIAN_POINT('',(0.0762,0.0494767636397436,0.0375126096184309));
#10899=CARTESIAN_POINT('',(0.0762,0.0494767636397436,0.0375126096184309));
#10900=CARTESIAN_POINT('',(0.0762,0.0533815205212409,0.0375491843501251));
#10901=CARTESIAN_POINT('',(0.0762,0.0495394493145655,0.0382425432878303));
#10902=CARTESIAN_POINT('',(0.0762,0.0499046612138676,0.0402944356865288));
#10903=CARTESIAN_POINT('',(0.0762,0.0502696037426032,0.0423463766971557));
#10904=CARTESIAN_POINT('',(0.0762,0.0513398395142053,0.0423463766971557));
#10905=CARTESIAN_POINT('',(0.0762,0.0524100752858074,0.0423463766971557));
#10906=CARTESIAN_POINT('',(0.0762,0.0520766102797659,0.0404390355564052));
#10907=CARTESIAN_POINT('',(0.0762,0.0517432045812231,0.0385316831081154));
#10908=CARTESIAN_POINT('',(0.0762,0.053832539541989,0.0381333314992151));
#10909=CARTESIAN_POINT('',(0.0762,0.0517057657155251,0.0381421600723144));
#10910=CARTESIAN_POINT('',(0.0762,0.0517057657155251,0.0381421600723144));
#10911=CARTESIAN_POINT('',(0.0762,0.0517057657155251,0.0376129442220185));
#10912=CARTESIAN_POINT('',(0.0762,0.0520008674907831,0.037329646517771));
#10913=CARTESIAN_POINT('',(0.0762,0.0520008674907831,0.037329646517771));
#10914=CARTESIAN_POINT('',(0.0762,0.0520008674907831,0.037329646517771));
#10915=CARTESIAN_POINT('',(0.0762,0.052295969266041,0.0370463488135233));
#10916=CARTESIAN_POINT('',(0.0762,0.0528251851163368,0.0370463488135233));
#10917=CARTESIAN_POINT('',(0.0762,0.0528251851163368,0.0370463488135233));
#10918=CARTESIAN_POINT('',(0.0762,0.0528251851163368,0.0370463488135233));
#10919=CARTESIAN_POINT('',(0.0762,0.0534291600830314,0.0370463488135233));
#10920=CARTESIAN_POINT('',(0.0762,0.0538511556216502,0.0374053893067538));
#10921=CARTESIAN_POINT('',(0.0762,0.0538511556216502,0.0374053893067538));
#10922=CARTESIAN_POINT('',(0.0762,0.0538511556216502,0.0374053893067538));
#10923=CARTESIAN_POINT('',(0.0762,0.0542731511602691,0.0377644297999842));
#10924=CARTESIAN_POINT('',(0.0762,0.0544128326672245,0.0384313598120672));
#10925=CARTESIAN_POINT('',(0.0762,0.0544128326672245,0.0384313598120672));
#10926=CARTESIAN_POINT('',(0.0762,0.0547590854168605,0.0403888682546114));
#10927=CARTESIAN_POINT('',(0.0762,0.0551053381664964,0.0423463766971557));
#10928=CARTESIAN_POINT('',(0.0762,0.0561814759736036,0.0423463766971557));
#10929=CARTESIAN_POINT('',(0.0762,0.0483494748582583,0.0399796604595871));
#10930=CARTESIAN_POINT('',(0.0762,0.0491737924838121,0.0446383338183255));
#10931=CARTESIAN_POINT('',(0.0762,0.0475251572327045,0.0353209871008486));
#10932=CARTESIAN_POINT('',(0.0762,0.0464480357530131,0.0353209871008486));
#10933=CARTESIAN_POINT('',(0.0762,0.0453709142733217,0.0353209871008486));
#10934=CARTESIAN_POINT('',(0.0762,0.0461962155714597,0.0399796604595871));
#10935=CARTESIAN_POINT('',(0.0762,0.0470215168695977,0.0446383338183255));
#10936=CARTESIAN_POINT('',(0.0762,0.0480976546767049,0.0446383338183255));
#10937=CARTESIAN_POINT('',(0.0762,0.0362050531338106,0.0397534157652226));
#10938=CARTESIAN_POINT('',(0.0762,0.036431297828175,0.0410617003021994));
#10939=CARTESIAN_POINT('',(0.0762,0.0371808563373301,0.042088654480097));
#10940=CARTESIAN_POINT('',(0.0762,0.0362050531338106,0.0397534157652226));
#10941=CARTESIAN_POINT('',(0.0762,0.0371808563373301,0.042088654480097));
#10942=CARTESIAN_POINT('',(0.0762,0.0414523109511442,0.0390101521036341));
#10943=CARTESIAN_POINT('',(0.0762,0.0390380301762867,0.043688106101995));
#10944=CARTESIAN_POINT('',(0.0762,0.0390380301762867,0.043688106101995));
#10945=CARTESIAN_POINT('',(0.0762,0.040145645506088,0.0442606035459954));
#10946=CARTESIAN_POINT('',(0.0762,0.0414303219010442,0.0442606035459954));
#10947=CARTESIAN_POINT('',(0.0762,0.0414303219010442,0.0442606035459954));
#10948=CARTESIAN_POINT('',(0.0762,0.0414303219010442,0.0442606035459954));
#10949=CARTESIAN_POINT('',(0.0762,0.0430041980357532,0.0442606035459954));
#10950=CARTESIAN_POINT('',(0.0762,0.0439800012392727,0.0434294002123522));
#10951=CARTESIAN_POINT('',(0.0762,0.0439800012392727,0.0434294002123522));
#10952=CARTESIAN_POINT('',(0.0762,0.0439800012392727,0.0434294002123522));
#10953=CARTESIAN_POINT('',(0.0762,0.0449558044427922,0.0425981968787091));
#10954=CARTESIAN_POINT('',(0.0762,0.0450817145335689,0.0411640022509556));
#10955=CARTESIAN_POINT('',(0.0762,0.0450817145335689,0.0411640022509556));
#10956=CARTESIAN_POINT('',(0.0762,0.0438983564147847,0.0411640022509556));
#10957=CARTESIAN_POINT('',(0.0762,0.0427149982960003,0.0411640022509556));
#10958=CARTESIAN_POINT('',(0.0762,0.0427149982960003,0.0411640022509556));
#10959=CARTESIAN_POINT('',(0.0762,0.0425517086470243,0.0417050221722618));
#10960=CARTESIAN_POINT('',(0.0762,0.042116925364811,0.0419883198765093));
#10961=CARTESIAN_POINT('',(0.0762,0.042116925364811,0.0419883198765093));
#10962=CARTESIAN_POINT('',(0.0762,0.042116925364811,0.0419883198765093));
#10963=CARTESIAN_POINT('',(0.0762,0.0416821420825976,0.0422716175807569));
#10964=CARTESIAN_POINT('',(0.0762,0.0410525916287141,0.0422716175807569));
#10965=CARTESIAN_POINT('',(0.0762,0.0410525916287141,0.0422716175807569));
#10966=CARTESIAN_POINT('',(0.0762,0.0410525916287141,0.0422716175807569));
#10967=CARTESIAN_POINT('',(0.0762,0.0400571149735107,0.0422716175807569));
#10968=CARTESIAN_POINT('',(0.0762,0.0393272299160394,0.0415850141169902));
#10969=CARTESIAN_POINT('',(0.0762,0.0393272299160394,0.0415850141169902));
#10970=CARTESIAN_POINT('',(0.0762,0.0393272299160394,0.0415850141169902));
#10971=CARTESIAN_POINT('',(0.0762,0.0385973448585682,0.0408984106532234));
#10972=CARTESIAN_POINT('',(0.0762,0.0383966756513928,0.0397534157652226));
#10973=CARTESIAN_POINT('',(0.0762,0.0383966756513928,0.0397534157652226));
#10974=CARTESIAN_POINT('',(0.0762,0.0419330953737888,0.0390730329963412));
#10975=CARTESIAN_POINT('',(0.0762,0.0383337206060044,0.0391356693823494));
#10976=CARTESIAN_POINT('',(0.0762,0.0383337206060044,0.0391356693823494));
#10977=CARTESIAN_POINT('',(0.0762,0.0383337206060044,0.0382542987469124));
#10978=CARTESIAN_POINT('',(0.0762,0.0388245732255167,0.0377378706402111));
#10979=CARTESIAN_POINT('',(0.0762,0.0388245732255167,0.0377378706402111));
#10980=CARTESIAN_POINT('',(0.0762,0.0388245732255167,0.0377378706402111));
#10981=CARTESIAN_POINT('',(0.0762,0.0393154258450291,0.0372214425335097));
#10982=CARTESIAN_POINT('',(0.0762,0.0401712209932771,0.0372214425335097));
#10983=CARTESIAN_POINT('',(0.0762,0.0401712209932771,0.0372214425335097));
#10984=CARTESIAN_POINT('',(0.0762,0.0401862002707371,0.039600348854396));
#10985=CARTESIAN_POINT('',(0.0762,0.0413240860951115,0.0375116244164824));
#10986=CARTESIAN_POINT('',(0.0762,0.0413240852619513,0.0375116259458467));
#10987=CARTESIAN_POINT('',(0.0762,0.0418592031477524,0.0378018093581836));
#10988=CARTESIAN_POINT('',(0.0762,0.0422231620039039,0.0383428292794898));
#10989=CARTESIAN_POINT('',(0.0762,0.0422231620039039,0.0383428292794898));
#10990=CARTESIAN_POINT('',(0.0762,0.0434065201226881,0.0383428292794898));
#10991=CARTESIAN_POINT('',(0.0762,0.0445898782414724,0.0383428292794898));
#10992=CARTESIAN_POINT('',(0.0762,0.0445898782414724,0.0383428292794898));
#10993=CARTESIAN_POINT('',(0.0762,0.0439603277875888,0.0369066673065679));
#10994=CARTESIAN_POINT('',(0.0762,0.0426894228088113,0.0360823496810141));
#10995=CARTESIAN_POINT('',(0.0762,0.0426894228088113,0.0360823496810141));
#10996=CARTESIAN_POINT('',(0.0762,0.0426894228088113,0.0360823496810141));
#10997=CARTESIAN_POINT('',(0.0762,0.0414185178300339,0.0352580320554603));
#10998=CARTESIAN_POINT('',(0.0762,0.039844641695325,0.0352580320554603));
#10999=CARTESIAN_POINT('',(0.0762,0.039844641695325,0.0352580320554603));
#11000=CARTESIAN_POINT('',(0.0762,0.039844641695325,0.0352580320554603));
#11001=CARTESIAN_POINT('',(0.0762,0.0387114508783345,0.0352580320554603));
#11002=CARTESIAN_POINT('',(0.0762,0.0378674598010969,0.0356987173731788));
#11003=CARTESIAN_POINT('',(0.0762,0.0378674598010969,0.0356987173731788));
#11004=CARTESIAN_POINT('',(0.0762,0.0378674598010969,0.0356987173731788));
#11005=CARTESIAN_POINT('',(0.0762,0.0370234687238592,0.0361394026908973));
#11006=CARTESIAN_POINT('',(0.0762,0.0365699956625462,0.0369450305373515));
#11007=CARTESIAN_POINT('',(0.0762,0.0365699956625462,0.0369450305373515));
#11008=CARTESIAN_POINT('',(0.0762,0.0365699956625462,0.0369450305373515));
#11009=CARTESIAN_POINT('',(0.0762,0.0361165226012332,0.0377506583838056));
#11010=CARTESIAN_POINT('',(0.0762,0.0361165226012332,0.0388208941554077));
#11011=CARTESIAN_POINT('',(0.0762,0.0361165226012332,0.0388208941554077));
#11012=CARTESIAN_POINT('',(0.0762,0.0409824008110785,0.0388306956435271));
#11013=CARTESIAN_POINT('',(0.0762,0.0308873191436628,0.0370709406281282));
#11014=CARTESIAN_POINT('',(0.0762,0.0297226508039782,0.0388208941554077));
#11015=CARTESIAN_POINT('',(0.0762,0.0320519874833474,0.0353209871008486));
#11016=CARTESIAN_POINT('',(0.0762,0.0307171437865974,0.0353209871008486));
#11017=CARTESIAN_POINT('',(0.0762,0.0293823000898473,0.0353209871008486));
#11018=CARTESIAN_POINT('',(0.0762,0.0285697865353039,0.0367876429238806));
#11019=CARTESIAN_POINT('',(0.0762,0.0277572729807604,0.0382542987469124));
#11020=CARTESIAN_POINT('',(0.0762,0.0274995507637018,0.0367876429238806));
#11021=CARTESIAN_POINT('',(0.0762,0.0272418285466432,0.0353209871008486));
#11022=CARTESIAN_POINT('',(0.0762,0.0261647070669518,0.0353209871008486));
#11023=CARTESIAN_POINT('',(0.0762,0.0250875855872604,0.0353209871008486));
#11024=CARTESIAN_POINT('',(0.0762,0.0259128868853984,0.0399796604595871));
#11025=CARTESIAN_POINT('',(0.0762,0.0267381881835364,0.0446383338183255));
#11026=CARTESIAN_POINT('',(0.0762,0.0278143259906436,0.0446383338183255));
#11027=CARTESIAN_POINT('',(0.0762,0.0288904637977508,0.0446383338183255));
#11028=CARTESIAN_POINT('',(0.0762,0.0284369907364379,0.0420699647009974));
#11029=CARTESIAN_POINT('',(0.0762,0.0279835176751248,0.0395015955836693));
#11030=CARTESIAN_POINT('',(0.0762,0.02929376955727,0.0409239861404124));
#11031=CARTESIAN_POINT('',(0.0762,0.0306040214394152,0.0423463766971557));
#11032=CARTESIAN_POINT('',(0.0762,0.0319319794280758,0.0423463766971557));
#11033=CARTESIAN_POINT('',(0.0762,0.0332599374167365,0.0423463766971557));
#11034=CARTESIAN_POINT('',(0.0762,0.0314912941103573,0.0405836354262816));
#11035=CARTESIAN_POINT('',(0.0762,0.0176726616476129,0.0388346655715863));
#11036=CARTESIAN_POINT('',(0.0762,0.017861526783778,0.039928509485209));
#11037=CARTESIAN_POINT('',(0.0762,0.018452714006878,0.0407469250752577));
#11038=CARTESIAN_POINT('',(0.0762,0.0176726616476129,0.0388346655715863));
#11039=CARTESIAN_POINT('',(0.0762,0.018452714006878,0.0407469250752577));
#11040=CARTESIAN_POINT('',(0.0762,0.0217268132159033,0.038420823346285));
#11041=CARTESIAN_POINT('',(0.0762,0.01991936982991,0.0420060259830249));
#11042=CARTESIAN_POINT('',(0.0762,0.01991936982991,0.0420060259830249));
#11043=CARTESIAN_POINT('',(0.0762,0.0207948384298418,0.0424467113007434));
#11044=CARTESIAN_POINT('',(0.0762,0.0218276946432445,0.0424467113007434));
#11045=CARTESIAN_POINT('',(0.0762,0.0218276946432445,0.0424467113007434));
#11046=CARTESIAN_POINT('',(0.0762,0.0218276946432445,0.0424467113007434));
#11047=CARTESIAN_POINT('',(0.0762,0.0231497505964001,0.0424467113007434));
#11048=CARTESIAN_POINT('',(0.0762,0.0239179988846548,0.0417542058014714));
#11049=CARTESIAN_POINT('',(0.0762,0.0239179988846548,0.0417542058014714));
#11050=CARTESIAN_POINT('',(0.0762,0.0239179988846548,0.0417542058014714));
#11051=CARTESIAN_POINT('',(0.0762,0.0246862471729096,0.0410617003021994));
#11052=CARTESIAN_POINT('',(0.0762,0.0247354308021192,0.0398025993944323));
#11053=CARTESIAN_POINT('',(0.0762,0.0247354308021192,0.0398025993944323));
#11054=CARTESIAN_POINT('',(0.0762,0.0235894522415343,0.0398025993944323));
#11055=CARTESIAN_POINT('',(0.0762,0.0224434736809494,0.0398025993944323));
#11056=CARTESIAN_POINT('',(0.0762,0.0224434736809494,0.0398025993944323));
#11057=CARTESIAN_POINT('',(0.0762,0.0223057595191623,0.0406092109134706));
#11058=CARTESIAN_POINT('',(0.0762,0.0214617684419247,0.0406092109134706));
#11059=CARTESIAN_POINT('',(0.0762,0.0214617684419247,0.0406092109134706));
#11060=CARTESIAN_POINT('',(0.0762,0.0214617684419247,0.0406092109134706));
#11061=CARTESIAN_POINT('',(0.0762,0.0208695975462404,0.0406092109134706));
#11062=CARTESIAN_POINT('',(0.0762,0.0204416999721165,0.0401498358166525));
#11063=CARTESIAN_POINT('',(0.0762,0.0204416999721165,0.0401498358166525));
#11064=CARTESIAN_POINT('',(0.0762,0.0204416999721165,0.0401498358166525));
#11065=CARTESIAN_POINT('',(0.0762,0.0200138023979925,0.0396904607198343));
#11066=CARTESIAN_POINT('',(0.0762,0.0198623168200267,0.0388346655715863));
#11067=CARTESIAN_POINT('',(0.0762,0.0198623168200267,0.0388346655715863));
#11068=CARTESIAN_POINT('',(0.0762,0.0228566723544447,0.0382912644982843));
#11069=CARTESIAN_POINT('',(0.0762,0.0198131331908171,0.0382798742341015));
#11070=CARTESIAN_POINT('',(0.0762,0.0198131331908171,0.0382798742341015));
#11071=CARTESIAN_POINT('',(0.0762,0.0198131331908171,0.0376877033384172));
#11072=CARTESIAN_POINT('',(0.0762,0.0200895451869754,0.0373729281114754));
#11073=CARTESIAN_POINT('',(0.0762,0.0200895451869754,0.0373729281114754));
#11074=CARTESIAN_POINT('',(0.0762,0.0200895451869754,0.0373729281114754));
#11075=CARTESIAN_POINT('',(0.0762,0.0203659571831336,0.0370581528845337));
#11076=CARTESIAN_POINT('',(0.0762,0.0208459894042198,0.0370581528845337));
#11077=CARTESIAN_POINT('',(0.0762,0.0208459894042198,0.0370581528845337));
#11078=CARTESIAN_POINT('',(0.0762,0.0208459894042198,0.0370581528845337));
#11079=CARTESIAN_POINT('',(0.0762,0.0216762090652788,0.0370581528845337));
#11080=CARTESIAN_POINT('',(0.0762,0.0220913188958082,0.0378647644035719));
#11081=CARTESIAN_POINT('',(0.0762,0.0220913188958082,0.0378647644035719));
#11082=CARTESIAN_POINT('',(0.0762,0.0232431994918984,0.0378647644035719));
#11083=CARTESIAN_POINT('',(0.0762,0.0243950800879884,0.0378647644035719));
#11084=CARTESIAN_POINT('',(0.0762,0.0243950800879884,0.0378647644035719));
#11085=CARTESIAN_POINT('',(0.0762,0.0239052111410603,0.0366312389829938));
#11086=CARTESIAN_POINT('',(0.0762,0.0228851426712521,0.0359259457401274));
#11087=CARTESIAN_POINT('',(0.0762,0.0228851426712521,0.0359259457401274));
#11088=CARTESIAN_POINT('',(0.0762,0.0228851426712521,0.0359259457401274));
#11089=CARTESIAN_POINT('',(0.0762,0.0218650742014438,0.035220652497261));
#11090=CARTESIAN_POINT('',(0.0762,0.0205548223192987,0.035220652497261));
#11091=CARTESIAN_POINT('',(0.0762,0.0205548223192987,0.035220652497261));
#11092=CARTESIAN_POINT('',(0.0762,0.0205548223192987,0.035220652497261));
#11093=CARTESIAN_POINT('',(0.0762,0.0191953868079438,0.035220652497261));
#11094=CARTESIAN_POINT('',(0.0762,0.0183956609969948,0.0359692273338319));
#11095=CARTESIAN_POINT('',(0.0762,0.0183956609969948,0.0359692273338319));
#11096=CARTESIAN_POINT('',(0.0762,0.0183956609969948,0.0359692273338319));
#11097=CARTESIAN_POINT('',(0.0762,0.0175959351860459,0.0367178021704029));
#11098=CARTESIAN_POINT('',(0.0762,0.0175959351860459,0.0380162499815377));
#11099=CARTESIAN_POINT('',(0.0762,0.0175959351860459,0.0380162499815377));
#11100=CARTESIAN_POINT('',(0.0762,0.0222526416519793,0.0379885416563784));
#11101=CARTESIAN_POINT('',(0.0762,0.0091225795458067,0.0388464696425967));
#11102=CARTESIAN_POINT('',(0.0762,0.00931144468197177,0.039928509485209));
#11103=CARTESIAN_POINT('',(0.0762,0.00986525234687248,0.0407469250752577));
#11104=CARTESIAN_POINT('',(0.0762,0.0091225795458067,0.0388464696425967));
#11105=CARTESIAN_POINT('',(0.0762,0.00986525234687248,0.0407469250752577));
#11106=CARTESIAN_POINT('',(0.0762,0.00986525234687248,0.0407469250752577));
#11107=CARTESIAN_POINT('',(0.0762,0.0104190600117732,0.0415653406653064));
#11108=CARTESIAN_POINT('',(0.0762,0.0112000960436225,0.0420060259830249));
#11109=CARTESIAN_POINT('',(0.0762,0.0112000960436225,0.0420060259830249));
#11110=CARTESIAN_POINT('',(0.0762,0.0128507637861549,0.0391448397882742));
#11111=CARTESIAN_POINT('',(0.0762,0.0128487312947301,0.0424467113007434));
#11112=CARTESIAN_POINT('',(0.0762,0.0128487312947301,0.0424467113007434));
#11113=CARTESIAN_POINT('',(0.0762,0.01359238776838,0.0424467113007434));
#11114=CARTESIAN_POINT('',(0.0762,0.0140960281314869,0.042144723817396));
#11115=CARTESIAN_POINT('',(0.0762,0.0140960281314869,0.042144723817396));
#11116=CARTESIAN_POINT('',(0.0762,0.0140960281314869,0.042144723817396));
#11117=CARTESIAN_POINT('',(0.0762,0.0145996684945938,0.0418427363340488));
#11118=CARTESIAN_POINT('',(0.0762,0.0148259131889582,0.0413528673871206));
#11119=CARTESIAN_POINT('',(0.0762,0.0148259131889582,0.0413528673871206));
#11120=CARTESIAN_POINT('',(0.0762,0.0149144437215355,0.0418496220421381));
#11121=CARTESIAN_POINT('',(0.0762,0.0150029742541129,0.0423463766971557));
#11122=CARTESIAN_POINT('',(0.0762,0.0160791120612202,0.0423463766971557));
#11123=CARTESIAN_POINT('',(0.0762,0.0171552498683274,0.0423463766971557));
#11124=CARTESIAN_POINT('',(0.0762,0.016531601449949,0.0388336818990021));
#11125=CARTESIAN_POINT('',(0.0762,0.0159079530315706,0.0353209871008486));
#11126=CARTESIAN_POINT('',(0.0762,0.0148318152244633,0.0353209871008486));
#11127=CARTESIAN_POINT('',(0.0762,0.0137556774173561,0.0353209871008486));
#11128=CARTESIAN_POINT('',(0.0762,0.0138501099854386,0.0358187254284504));
#11129=CARTESIAN_POINT('',(0.0762,0.0139445425535212,0.0363164637560521));
#11130=CARTESIAN_POINT('',(0.0762,0.0139445425535212,0.0363164637560521));
#11131=CARTESIAN_POINT('',(0.0762,0.013541236794002,0.0358246274639555));
#11132=CARTESIAN_POINT('',(0.0762,0.012924474083713,0.0355226399806082));
#11133=CARTESIAN_POINT('',(0.0762,0.012924474083713,0.0355226399806082));
#11134=CARTESIAN_POINT('',(0.0762,0.012924474083713,0.0355226399806082));
#11135=CARTESIAN_POINT('',(0.0762,0.0123077113734239,0.035220652497261));
#11136=CARTESIAN_POINT('',(0.0762,0.0115640548997739,0.035220652497261));
#11137=CARTESIAN_POINT('',(0.0762,0.0115640548997739,0.035220652497261));
#11138=CARTESIAN_POINT('',(0.0762,0.0115640548997739,0.035220652497261));
#11139=CARTESIAN_POINT('',(0.0762,0.0108223657712923,0.035220652497261));
#11140=CARTESIAN_POINT('',(0.0762,0.0102488846547078,0.0355600195388076));
#11141=CARTESIAN_POINT('',(0.0762,0.0102488846547078,0.0355600195388076));
#11142=CARTESIAN_POINT('',(0.0762,0.0102488846547078,0.0355600195388076));
#11143=CARTESIAN_POINT('',(0.0762,0.00967540353812321,0.0358993865803542));
#11144=CARTESIAN_POINT('',(0.0762,0.00936062831118142,0.0365230349987326));
#11145=CARTESIAN_POINT('',(0.0762,0.00936062831118142,0.0365230349987326));
#11146=CARTESIAN_POINT('',(0.0762,0.00936062831118142,0.0365230349987326));
#11147=CARTESIAN_POINT('',(0.0762,0.00904585308423965,0.037146683417111));
#11148=CARTESIAN_POINT('',(0.0762,0.00904585308423965,0.0379906744943487));
#11149=CARTESIAN_POINT('',(0.0762,0.00904585308423965,0.0379906744943487));
#11150=CARTESIAN_POINT('',(0.0762,0.0141826346026137,0.037956717982265));
#11151=CARTESIAN_POINT('',(0.0762,0.00815366205037651,0.0397406280216282));
#11152=CARTESIAN_POINT('',(0.0762,0.00893371440964164,0.0441602689424076));
#11153=CARTESIAN_POINT('',(0.0762,0.00737360969111141,0.0353209871008486));
#11154=CARTESIAN_POINT('',(0.0762,0.00629648821141999,0.0353209871008486));
#11155=CARTESIAN_POINT('',(0.0762,0.00521936673172857,0.0353209871008486));
#11156=CARTESIAN_POINT('',(0.0762,0.00554102766675971,0.0371525854526161));
#11157=CARTESIAN_POINT('',(0.0762,0.00586268860179085,0.0389841838043837));
#11158=CARTESIAN_POINT('',(0.0762,0.00418749419091002,0.0389841838043837));
#11159=CARTESIAN_POINT('',(0.0762,0.0025122997800292,0.0389841838043837));
#11160=CARTESIAN_POINT('',(0.0762,0.00219162251758226,0.0371525854526161));
#11161=CARTESIAN_POINT('',(0.0762,0.00187094525513531,0.0353209871008486));
#11162=CARTESIAN_POINT('',(0.0762,0.000793823775443896,0.0353209871008486));
#11163=CARTESIAN_POINT('',(0.0762,-0.00028329770424753,0.0353209871008486));
#11164=CARTESIAN_POINT('',(0.0762,0.000497738327601777,0.0397406280216282));
#11165=CARTESIAN_POINT('',(0.0762,0.00127877435945108,0.0441602689424076));
#11166=CARTESIAN_POINT('',(0.0762,0.00235491216655832,0.0441602689424076));
#11167=CARTESIAN_POINT('',(0.0762,0.00343104997366555,0.0441602689424076));
#11168=CARTESIAN_POINT('',(0.0762,0.00312316045481312,0.0424221194861385));
#11169=CARTESIAN_POINT('',(0.0762,0.00281527093596069,0.0406839700298693));
#11170=CARTESIAN_POINT('',(0.0762,0.0044894816742573,0.0406839700298693));
#11171=CARTESIAN_POINT('',(0.0762,0.00616369241255391,0.0406839700298693));
#11172=CARTESIAN_POINT('',(0.0762,0.00647256560399054,0.0424221194861385));
#11173=CARTESIAN_POINT('',(0.0762,0.00678143879542716,0.0441602689424076));
#11174=CARTESIAN_POINT('',(0.0762,0.0078575766025344,0.0441602689424076));
#11175=CARTESIAN_POINT('',(0.0762,-0.0054180685937354,0.0410754717183782));
#11176=CARTESIAN_POINT('',(0.0762,-0.00492819964680725,0.0417050221722618));
#11177=CARTESIAN_POINT('',(0.0762,-0.00429176348483433,0.0420640626654922));
#11178=CARTESIAN_POINT('',(0.0762,-0.0054180685937354,0.0410754717183782));
#11179=CARTESIAN_POINT('',(0.0762,-0.00429176348483433,0.0420640626654922));
#11180=CARTESIAN_POINT('',(0.0762,-0.00429176348483433,0.0420640626654922));
#11181=CARTESIAN_POINT('',(0.0762,-0.0036553273228614,0.0424231031587227));
#11182=CARTESIAN_POINT('',(0.0762,-0.00296282182358947,0.0424231031587227));
#11183=CARTESIAN_POINT('',(0.0762,-0.00296282182358947,0.0424231031587227));
#11184=CARTESIAN_POINT('',(0.0762,-0.00316447470334905,0.0412830266336429));
#11185=CARTESIAN_POINT('',(0.0762,-0.00336612758310863,0.0401429501085631));
#11186=CARTESIAN_POINT('',(0.0762,-0.00366221303095075,0.0401429501085631));
#11187=CARTESIAN_POINT('',(0.0762,-0.00395829847879286,0.0401429501085631));
#11188=CARTESIAN_POINT('',(0.0762,-0.00395829847879286,0.0401429501085631));
#11189=CARTESIAN_POINT('',(0.0762,-0.00476294265266281,0.0401429501085631));
#11190=CARTESIAN_POINT('',(0.0762,-0.00522920345757033,0.0397966973589272));
#11191=CARTESIAN_POINT('',(0.0762,-0.00522920345757033,0.0397966973589272));
#11192=CARTESIAN_POINT('',(0.0762,-0.00522920345757033,0.0397966973589272));
#11193=CARTESIAN_POINT('',(0.0762,-0.00569546426247785,0.0394504446092912));
#11194=CARTESIAN_POINT('',(0.0762,-0.00584694984044358,0.0385828453900329));
#11195=CARTESIAN_POINT('',(0.0762,-0.00584694984044358,0.0385828453900329));
#11196=CARTESIAN_POINT('',(0.0762,-0.00613614958019634,0.0369519162454408));
#11197=CARTESIAN_POINT('',(0.0762,-0.00642534931994911,0.0353209871008486));
#11198=CARTESIAN_POINT('',(0.0762,-0.00750247079964054,0.0353209871008486));
#11199=CARTESIAN_POINT('',(0.0762,-0.00857959227933196,0.0353209871008486));
#11200=CARTESIAN_POINT('',(0.0762,-0.0079618458964587,0.0388336818990021));
#11201=CARTESIAN_POINT('',(0.0762,-0.00734409951358544,0.0423463766971557));
#11202=CARTESIAN_POINT('',(0.0762,-0.00626796170647822,0.0423463766971557));
#11203=CARTESIAN_POINT('',(0.0762,-0.005191823899371,0.0423463766971557));
#11204=CARTESIAN_POINT('',(0.0762,-0.0053049462465532,0.0417109242077669));
#11205=CARTESIAN_POINT('',(0.0762,-0.0133897512160361,0.035220652497261));
#11206=CARTESIAN_POINT('',(0.0762,-0.0142947299934937,0.035220652497261));
#11207=CARTESIAN_POINT('',(0.0762,-0.0150000232363602,0.0355855950259966));
#11208=CARTESIAN_POINT('',(0.0762,-0.0133897512160361,0.035220652497261));
#11209=CARTESIAN_POINT('',(0.0762,-0.0150000232363602,0.0355855950259966));
#11210=CARTESIAN_POINT('',(0.0762,-0.013825613139791,0.0379207137587347));
#11211=CARTESIAN_POINT('',(0.0762,-0.0160899324596461,0.0366174675668152));
#11212=CARTESIAN_POINT('',(0.0762,-0.0160899324596461,0.0366174675668152));
#11213=CARTESIAN_POINT('',(0.0762,-0.0164745484400656,0.037284397578898));
#11214=CARTESIAN_POINT('',(0.0762,-0.0164745484400656,0.038165768214335));
#11215=CARTESIAN_POINT('',(0.0762,-0.0164745484400656,0.038165768214335));
#11216=CARTESIAN_POINT('',(0.0762,-0.0164745484400656,0.038165768214335));
#11217=CARTESIAN_POINT('',(0.0762,-0.0164745484400656,0.0393619140767138));
#11218=CARTESIAN_POINT('',(0.0762,-0.0159079530315704,0.0403446029883227));
#11219=CARTESIAN_POINT('',(0.0762,-0.0159079530315704,0.0403446029883227));
#11220=CARTESIAN_POINT('',(0.0762,-0.0123726727944591,0.0383254633020617));
#11221=CARTESIAN_POINT('',(0.0762,-0.0143458809678718,0.0418870016003375));
#11222=CARTESIAN_POINT('',(0.0762,-0.0143458809678718,0.0418870016003375));
#11223=CARTESIAN_POINT('',(0.0762,-0.0133504043126684,0.0424467113007434));
#11224=CARTESIAN_POINT('',(0.0762,-0.012130650308269,0.0424467113007434));
#11225=CARTESIAN_POINT('',(0.0762,-0.012130650308269,0.0424467113007434));
#11226=CARTESIAN_POINT('',(0.0762,-0.012130650308269,0.0424467113007434));
#11227=CARTESIAN_POINT('',(0.0762,-0.0112237041856429,0.0424467113007434));
#11228=CARTESIAN_POINT('',(0.0762,-0.0105125089072714,0.0420758667365025));
#11229=CARTESIAN_POINT('',(0.0762,-0.0105125089072714,0.0420758667365025));
#11230=CARTESIAN_POINT('',(0.0762,-0.0105125089072714,0.0420758667365025));
#11231=CARTESIAN_POINT('',(0.0762,-0.00980131362889976,0.0417050221722618));
#11232=CARTESIAN_POINT('',(0.0762,-0.00941079561297511,0.0410371084875946));
#11233=CARTESIAN_POINT('',(0.0762,-0.00941079561297511,0.0410371084875946));
#11234=CARTESIAN_POINT('',(0.0762,-0.00941079561297511,0.0410371084875946));
#11235=CARTESIAN_POINT('',(0.0762,-0.00902027759705046,0.0403691948029275));
#11236=CARTESIAN_POINT('',(0.0762,-0.00902027759705046,0.0394878241674905));
#11237=CARTESIAN_POINT('',(0.0762,-0.00902027759705046,0.0394878241674905));
#11238=CARTESIAN_POINT('',(0.0762,-0.00902027759705046,0.0394878241674905));
#11239=CARTESIAN_POINT('',(0.0762,-0.00902027759705046,0.0382798742341015));
#11240=CARTESIAN_POINT('',(0.0762,-0.00959277504105083,0.0373040710305819));
#11241=CARTESIAN_POINT('',(0.0762,-0.00959277504105083,0.0373040710305819));
#11242=CARTESIAN_POINT('',(0.0762,-0.0131138472206551,0.0393541585080103));
#11243=CARTESIAN_POINT('',(0.0762,-0.0111666511757597,0.0357744601621617));
#11244=CARTESIAN_POINT('',(0.0762,-0.0111666511757597,0.0357744601621617));
#11245=CARTESIAN_POINT('',(0.0762,-0.0121680298664683,0.035220652497261));
#11246=CARTESIAN_POINT('',(0.0762,-0.0133897512160361,0.035220652497261));
#11247=CARTESIAN_POINT('',(0.0762,-0.0162227282585122,0.0433536574233694));
#11248=CARTESIAN_POINT('',(0.0762,-0.016838507296217,0.0433910369815687));
#11249=CARTESIAN_POINT('',(0.0762,-0.0171218050004646,0.0431775800307988));
#11250=CARTESIAN_POINT('',(0.0762,-0.0162227282585122,0.0433536574233694));
#11251=CARTESIAN_POINT('',(0.0762,-0.0171218050004646,0.0431775800307988));
#11252=CARTESIAN_POINT('',(0.0762,-0.0171218050004646,0.0431775800307988));
#11253=CARTESIAN_POINT('',(0.0762,-0.0174051027047123,0.0429641230800289));
#11254=CARTESIAN_POINT('',(0.0762,-0.0175054373083,0.042409331742544));
#11255=CARTESIAN_POINT('',(0.0762,-0.0175054373083,0.042409331742544));
#11256=CARTESIAN_POINT('',(0.0762,-0.0175123230163893,0.0423778542198498));
#11257=CARTESIAN_POINT('',(0.0762,-0.0175192087244786,0.0423463766971557));
#11258=CARTESIAN_POINT('',(0.0762,-0.016939825572389,0.0423463766971557));
#11259=CARTESIAN_POINT('',(0.0762,-0.0163604424202992,0.0423463766971557));
#11260=CARTESIAN_POINT('',(0.0762,-0.0165178300337701,0.0414522183181241));
#11261=CARTESIAN_POINT('',(0.0762,-0.016675217647241,0.0405580599390926));
#11262=CARTESIAN_POINT('',(0.0762,-0.0172546007993308,0.0405580599390926));
#11263=CARTESIAN_POINT('',(0.0762,-0.0178339839514205,0.0405580599390926));
#11264=CARTESIAN_POINT('',(0.0762,-0.0182933590482386,0.0379395235199707));
#11265=CARTESIAN_POINT('',(0.0762,-0.0187527341450568,0.0353209871008486));
#11266=CARTESIAN_POINT('',(0.0762,-0.0198357576602534,0.0353209871008486));
#11267=CARTESIAN_POINT('',(0.0762,-0.02091878117545,0.0353209871008486));
#11268=CARTESIAN_POINT('',(0.0762,-0.0204594060786318,0.0379395235199707));
#11269=CARTESIAN_POINT('',(0.0762,-0.0200000309818136,0.0405580599390926));
#11270=CARTESIAN_POINT('',(0.0762,-0.0203895653251541,0.0405580599390926));
#11271=CARTESIAN_POINT('',(0.0762,-0.0207790996684946,0.0405580599390926));
#11272=CARTESIAN_POINT('',(0.0762,-0.0206217120550237,0.0414522183181242));
#11273=CARTESIAN_POINT('',(0.0762,-0.0204643244415528,0.0423463766971557));
#11274=CARTESIAN_POINT('',(0.0762,-0.0200747900982123,0.0423463766971557));
#11275=CARTESIAN_POINT('',(0.0762,-0.0196852557548718,0.0423463766971557));
#11276=CARTESIAN_POINT('',(0.0762,-0.019665582303188,0.0424476949733275));
#11277=CARTESIAN_POINT('',(0.0762,-0.0196459088515041,0.0425490132494994));
#11278=CARTESIAN_POINT('',(0.0762,-0.0196459088515041,0.0425490132494994));
#11279=CARTESIAN_POINT('',(0.0762,-0.0194078600861293,0.0438454937154659));
#11280=CARTESIAN_POINT('',(0.0762,-0.018545179229792,0.0445193094356382));
#11281=CARTESIAN_POINT('',(0.0762,-0.018545179229792,0.0445193094356382));
#11282=CARTESIAN_POINT('',(0.0762,-0.018545179229792,0.0445193094356382));
#11283=CARTESIAN_POINT('',(0.0762,-0.0176824983734547,0.0451931251558104));
#11284=CARTESIAN_POINT('',(0.0762,-0.0162463364005328,0.0451931251558104));
#11285=CARTESIAN_POINT('',(0.0762,-0.0162463364005328,0.0451931251558104));
#11286=CARTESIAN_POINT('',(0.0762,-0.0161967202422723,0.0420083884148111));
#11287=CARTESIAN_POINT('',(0.0762,-0.0159079530315704,0.0451793537396317));
#11288=CARTESIAN_POINT('',(0.0762,-0.0160653406450413,0.0442665055815005));
#11289=CARTESIAN_POINT('',(0.0762,-0.0274129875762926,0.0424467113007434));
#11290=CARTESIAN_POINT('',(0.0762,-0.0260535520649378,0.0424467113007434));
#11291=CARTESIAN_POINT('',(0.0762,-0.0252538262539889,0.0417109242077669));
#11292=CARTESIAN_POINT('',(0.0762,-0.0274129875762926,0.0424467113007434));
#11293=CARTESIAN_POINT('',(0.0762,-0.0252538262539889,0.0417109242077669));
#11294=CARTESIAN_POINT('',(0.0762,-0.0252538262539889,0.0417109242077669));
#11295=CARTESIAN_POINT('',(0.0762,-0.0244541004430399,0.0409751371147905));
#11296=CARTESIAN_POINT('',(0.0762,-0.0244541004430399,0.0397022647908447));
#11297=CARTESIAN_POINT('',(0.0762,-0.0244541004430399,0.0397022647908447));
#11298=CARTESIAN_POINT('',(0.0762,-0.0284170276232764,0.0396580624533123));
#11299=CARTESIAN_POINT('',(0.0762,-0.0245167190097464,0.0389605151402775));
#11300=CARTESIAN_POINT('',(0.0762,-0.0295861765932519,0.0398802199053259));
#11301=CARTESIAN_POINT('',(0.0762,-0.0246687882962437,0.0383428292794898));
#11302=CARTESIAN_POINT('',(0.0762,-0.0271050980574402,0.0383428292794898));
#11303=CARTESIAN_POINT('',(0.0762,-0.0295422428573836,0.0383428292794898));
#11304=CARTESIAN_POINT('',(0.0762,-0.0277259884052391,0.0381409869487569));
#11305=CARTESIAN_POINT('',(0.0762,-0.0295534591194968,0.0381028131689467));
#11306=CARTESIAN_POINT('',(0.0762,-0.0295534591194968,0.0381028131689467));
#11307=CARTESIAN_POINT('',(0.0762,-0.0295534591194968,0.0375499891766302));
#11308=CARTESIAN_POINT('',(0.0762,-0.0292514716361495,0.0372598057642932));
#11309=CARTESIAN_POINT('',(0.0762,-0.0292514716361495,0.0372598057642932));
#11310=CARTESIAN_POINT('',(0.0762,-0.0292514716361495,0.0372598057642932));
#11311=CARTESIAN_POINT('',(0.0762,-0.0289494841528022,0.0369696223519562));
#11312=CARTESIAN_POINT('',(0.0762,-0.0284458437896954,0.0369696223519562));
#11313=CARTESIAN_POINT('',(0.0762,-0.0284458437896954,0.0369696223519562));
#11314=CARTESIAN_POINT('',(0.0762,-0.0284458437896954,0.0369696223519562));
#11315=CARTESIAN_POINT('',(0.0762,-0.0276411996158254,0.0369696223519562));
#11316=CARTESIAN_POINT('',(0.0762,-0.0272123183691172,0.0376503237802179));
#11317=CARTESIAN_POINT('',(0.0762,-0.0272123183691172,0.0376503237802179));
#11318=CARTESIAN_POINT('',(0.0762,-0.0260663398085323,0.0376503237802179));
#11319=CARTESIAN_POINT('',(0.0762,-0.0249203612479474,0.0376503237802179));
#11320=CARTESIAN_POINT('',(0.0762,-0.0249203612479474,0.0376503237802179));
#11321=CARTESIAN_POINT('',(0.0762,-0.0253748179818446,0.0365800880086158));
#11322=CARTESIAN_POINT('',(0.0762,-0.0263939027790687,0.0359003702529384));
#11323=CARTESIAN_POINT('',(0.0762,-0.0263939027790687,0.0359003702529384));
#11324=CARTESIAN_POINT('',(0.0762,-0.0263939027790687,0.0359003702529384));
#11325=CARTESIAN_POINT('',(0.0762,-0.0274129875762926,0.035220652497261));
#11326=CARTESIAN_POINT('',(0.0762,-0.0286858599002385,0.035220652497261));
#11327=CARTESIAN_POINT('',(0.0762,-0.0286858599002385,0.035220652497261));
#11328=CARTESIAN_POINT('',(0.0762,-0.0286858599002385,0.035220652497261));
#11329=CARTESIAN_POINT('',(0.0762,-0.0300452954115934,0.035220652497261));
#11330=CARTESIAN_POINT('',(0.0762,-0.0308578089661368,0.0359761130419212));
#11331=CARTESIAN_POINT('',(0.0762,-0.0308578089661368,0.0359761130419212));
#11332=CARTESIAN_POINT('',(0.0762,-0.0308578089661368,0.0359761130419212));
#11333=CARTESIAN_POINT('',(0.0762,-0.0316703225206803,0.0367315735865816));
#11334=CARTESIAN_POINT('',(0.0762,-0.0316703225206803,0.038028054052548));
#11335=CARTESIAN_POINT('',(0.0762,-0.0316703225206803,0.038028054052548));
#11336=CARTESIAN_POINT('',(0.0762,-0.027211001400382,0.038007875723297));
#11337=CARTESIAN_POINT('',(0.0762,-0.0315935960591133,0.0388346655715863));
#11338=CARTESIAN_POINT('',(0.0762,-0.0315935960591133,0.0388346655715863));
#11339=CARTESIAN_POINT('',(0.0762,-0.0314047309229482,0.039928509485209));
#11340=CARTESIAN_POINT('',(0.0762,-0.0308135436998482,0.0407469250752577));
#11341=CARTESIAN_POINT('',(0.0762,-0.0308135436998482,0.0407469250752577));
#11342=CARTESIAN_POINT('',(0.0762,-0.0275523054695898,0.0384267079480941));
#11343=CARTESIAN_POINT('',(0.0762,-0.0293409858413111,0.0420060259830249));
#11344=CARTESIAN_POINT('',(0.0762,-0.0293409858413111,0.0420060259830249));
#11345=CARTESIAN_POINT('',(0.0762,-0.0284596152058741,0.0424467113007434));
#11346=CARTESIAN_POINT('',(0.0762,-0.0274129875762926,0.0424467113007434));
#11347=CARTESIAN_POINT('',(0.0762,-0.0401436781609195,0.0388464696425967));
#11348=CARTESIAN_POINT('',(0.0762,-0.0399548130247544,0.039928509485209));
#11349=CARTESIAN_POINT('',(0.0762,-0.0394010053598537,0.0407469250752577));
#11350=CARTESIAN_POINT('',(0.0762,-0.0401436781609195,0.0388464696425967));
#11351=CARTESIAN_POINT('',(0.0762,-0.0394010053598537,0.0407469250752577));
#11352=CARTESIAN_POINT('',(0.0762,-0.0394010053598537,0.0407469250752577));
#11353=CARTESIAN_POINT('',(0.0762,-0.038847197694953,0.0415653406653064));
#11354=CARTESIAN_POINT('',(0.0762,-0.0380661616631037,0.0420060259830249));
#11355=CARTESIAN_POINT('',(0.0762,-0.0380661616631037,0.0420060259830249));
#11356=CARTESIAN_POINT('',(0.0762,-0.0364154939205701,0.0391448397882684));
#11357=CARTESIAN_POINT('',(0.0762,-0.0364175264119961,0.0424467113007434));
#11358=CARTESIAN_POINT('',(0.0762,-0.0364175264119961,0.0424467113007434));
#11359=CARTESIAN_POINT('',(0.0762,-0.0357250209127242,0.0424467113007434));
#11360=CARTESIAN_POINT('',(0.0762,-0.0352026907705176,0.0421575115609906));
#11361=CARTESIAN_POINT('',(0.0762,-0.0352026907705176,0.0421575115609906));
#11362=CARTESIAN_POINT('',(0.0762,-0.0352026907705176,0.0421575115609906));
#11363=CARTESIAN_POINT('',(0.0762,-0.0346803606283112,0.0418683118212378));
#11364=CARTESIAN_POINT('',(0.0762,-0.034440344517768,0.0413764755291413));
#11365=CARTESIAN_POINT('',(0.0762,-0.034440344517768,0.0413764755291413));
#11366=CARTESIAN_POINT('',(0.0762,-0.0341511447780152,0.0430074046737334));
#11367=CARTESIAN_POINT('',(0.0762,-0.0338619450382625,0.0446383338183255));
#11368=CARTESIAN_POINT('',(0.0762,-0.032784823558571,0.0446383338183255));
#11369=CARTESIAN_POINT('',(0.0762,-0.0317077020788797,0.0446383338183255));
#11370=CARTESIAN_POINT('',(0.0762,-0.0325330033770177,0.0399796604595871));
#11371=CARTESIAN_POINT('',(0.0762,-0.0333583046751557,0.0353209871008486));
#11372=CARTESIAN_POINT('',(0.0762,-0.0344344424822629,0.0353209871008486));
#11373=CARTESIAN_POINT('',(0.0762,-0.0355105802893701,0.0353209871008486));
#11374=CARTESIAN_POINT('',(0.0762,-0.0354220497567927,0.0358246274639555));
#11375=CARTESIAN_POINT('',(0.0762,-0.0353336806638091,0.0363273494151512));
#11376=CARTESIAN_POINT('',(0.0762,-0.0376466046126828,0.0381937062004097));
#11377=CARTESIAN_POINT('',(0.0762,-0.0363417836230132,0.0355226399806082));
#11378=CARTESIAN_POINT('',(0.0762,-0.0363417836230132,0.0355226399806082));
#11379=CARTESIAN_POINT('',(0.0762,-0.036946742262292,0.035220652497261));
#11380=CARTESIAN_POINT('',(0.0762,-0.0376884313907735,0.035220652497261));
#11381=CARTESIAN_POINT('',(0.0762,-0.0376884313907735,0.035220652497261));
#11382=CARTESIAN_POINT('',(0.0762,-0.0376884313907735,0.035220652497261));
#11383=CARTESIAN_POINT('',(0.0762,-0.0384320878644236,0.035220652497261));
#11384=CARTESIAN_POINT('',(0.0762,-0.0390045853084239,0.0355600195388076));
#11385=CARTESIAN_POINT('',(0.0762,-0.0390045853084239,0.0355600195388076));
#11386=CARTESIAN_POINT('',(0.0762,-0.0390045853084239,0.0355600195388076));
#11387=CARTESIAN_POINT('',(0.0762,-0.0395770827524243,0.0358993865803542));
#11388=CARTESIAN_POINT('',(0.0762,-0.0398987436874554,0.0365289370342377));
#11389=CARTESIAN_POINT('',(0.0762,-0.0398987436874554,0.0365289370342377));
#11390=CARTESIAN_POINT('',(0.0762,-0.0398987436874554,0.0365289370342377));
#11391=CARTESIAN_POINT('',(0.0762,-0.0402204046224865,0.0371584874881214));
#11392=CARTESIAN_POINT('',(0.0762,-0.0402204046224865,0.038002478565359));
#11393=CARTESIAN_POINT('',(0.0762,-0.0402204046224865,0.038002478565359));
#11394=CARTESIAN_POINT('',(0.0762,-0.035141194293783,0.0379604500489393));
#11395=CARTESIAN_POINT('',(0.0762,-0.0486937602627257,0.0388464696425967));
#11396=CARTESIAN_POINT('',(0.0762,-0.0485048951265607,0.039928509485209));
#11397=CARTESIAN_POINT('',(0.0762,-0.04795108746166,0.0407469250752577));
#11398=CARTESIAN_POINT('',(0.0762,-0.0486937602627257,0.0388464696425967));
#11399=CARTESIAN_POINT('',(0.0762,-0.04795108746166,0.0407469250752577));
#11400=CARTESIAN_POINT('',(0.0762,-0.04795108746166,0.0407469250752577));
#11401=CARTESIAN_POINT('',(0.0762,-0.0473972797967593,0.0415653406653064));
#11402=CARTESIAN_POINT('',(0.0762,-0.04661624376491,0.0420060259830249));
#11403=CARTESIAN_POINT('',(0.0762,-0.04661624376491,0.0420060259830249));
#11404=CARTESIAN_POINT('',(0.0762,-0.0449655760223764,0.0391448397882684));
#11405=CARTESIAN_POINT('',(0.0762,-0.0449676085138023,0.0424467113007434));
#11406=CARTESIAN_POINT('',(0.0762,-0.0449676085138023,0.0424467113007434));
#11407=CARTESIAN_POINT('',(0.0762,-0.0442239520401524,0.0424467113007434));
#11408=CARTESIAN_POINT('',(0.0762,-0.0437203116770455,0.042144723817396));
#11409=CARTESIAN_POINT('',(0.0762,-0.0437203116770455,0.042144723817396));
#11410=CARTESIAN_POINT('',(0.0762,-0.0437203116770455,0.042144723817396));
#11411=CARTESIAN_POINT('',(0.0762,-0.0432166713139387,0.0418427363340488));
#11412=CARTESIAN_POINT('',(0.0762,-0.0429904266195743,0.0413528673871206));
#11413=CARTESIAN_POINT('',(0.0762,-0.0429904266195743,0.0413528673871206));
#11414=CARTESIAN_POINT('',(0.0762,-0.0429018960869969,0.0418496220421381));
#11415=CARTESIAN_POINT('',(0.0762,-0.0428133655544195,0.0423463766971557));
#11416=CARTESIAN_POINT('',(0.0762,-0.0417372277473123,0.0423463766971557));
#11417=CARTESIAN_POINT('',(0.0762,-0.0406610899402051,0.0423463766971557));
#11418=CARTESIAN_POINT('',(0.0762,-0.0412847383585834,0.0388336818990021));
#11419=CARTESIAN_POINT('',(0.0762,-0.0419083867769619,0.0353209871008486));
#11420=CARTESIAN_POINT('',(0.0762,-0.0429845245840691,0.0353209871008486));
#11421=CARTESIAN_POINT('',(0.0762,-0.0440606623911763,0.0353209871008486));
#11422=CARTESIAN_POINT('',(0.0762,-0.0439662298230938,0.0358187254284504));
#11423=CARTESIAN_POINT('',(0.0762,-0.0438717972550113,0.0363164637560521));
#11424=CARTESIAN_POINT('',(0.0762,-0.0438717972550113,0.0363164637560521));
#11425=CARTESIAN_POINT('',(0.0762,-0.0442751030145305,0.0358246274639555));
#11426=CARTESIAN_POINT('',(0.0762,-0.0448918657248195,0.0355226399806082));
#11427=CARTESIAN_POINT('',(0.0762,-0.0448918657248195,0.0355226399806082));
#11428=CARTESIAN_POINT('',(0.0762,-0.0448918657248195,0.0355226399806082));
#11429=CARTESIAN_POINT('',(0.0762,-0.0455086284351086,0.035220652497261));
#11430=CARTESIAN_POINT('',(0.0762,-0.0462522849087585,0.035220652497261));
#11431=CARTESIAN_POINT('',(0.0762,-0.0462522849087585,0.035220652497261));
#11432=CARTESIAN_POINT('',(0.0762,-0.0462522849087585,0.035220652497261));
#11433=CARTESIAN_POINT('',(0.0762,-0.0469939740372401,0.035220652497261));
#11434=CARTESIAN_POINT('',(0.0762,-0.0475674551538247,0.0355600195388076));
#11435=CARTESIAN_POINT('',(0.0762,-0.0475674551538247,0.0355600195388076));
#11436=CARTESIAN_POINT('',(0.0762,-0.0475674551538247,0.0355600195388076));
#11437=CARTESIAN_POINT('',(0.0762,-0.0481409362704092,0.0358993865803542));
#11438=CARTESIAN_POINT('',(0.0762,-0.048455711497351,0.0365230349987326));
#11439=CARTESIAN_POINT('',(0.0762,-0.048455711497351,0.0365230349987326));
#11440=CARTESIAN_POINT('',(0.0762,-0.048455711497351,0.0365230349987326));
#11441=CARTESIAN_POINT('',(0.0762,-0.0487704867242928,0.037146683417111));
#11442=CARTESIAN_POINT('',(0.0762,-0.0487704867242928,0.0379906744943487));
#11443=CARTESIAN_POINT('',(0.0762,-0.0487704867242928,0.0379906744943487));
#11444=CARTESIAN_POINT('',(0.0762,-0.0436337052059202,0.0379567179822648));
#11445=CARTESIAN_POINT('',(0.0762,-0.0496636614307401,0.0397406280216282));
#11446=CARTESIAN_POINT('',(0.0762,-0.0488826253988908,0.0441602689424076));
#11447=CARTESIAN_POINT('',(0.0762,-0.0504446974625894,0.0353209871008486));
#11448=CARTESIAN_POINT('',(0.0762,-0.0515208352696967,0.0353209871008486));
#11449=CARTESIAN_POINT('',(0.0762,-0.0525969730768039,0.0353209871008486));
#11450=CARTESIAN_POINT('',(0.0762,-0.0521248102363912,0.0379710010426648));
#11451=CARTESIAN_POINT('',(0.0762,-0.0516526473959785,0.040621014984481));
#11452=CARTESIAN_POINT('',(0.0762,-0.0531134011835052,0.0379710010426648));
#11453=CARTESIAN_POINT('',(0.0762,-0.054574154971032,0.0353209871008486));
#11454=CARTESIAN_POINT('',(0.0762,-0.0554427378628745,0.0353209871008486));
#11455=CARTESIAN_POINT('',(0.0762,-0.056311320754717,0.0353209871008486));
#11456=CARTESIAN_POINT('',(0.0762,-0.0568405366050128,0.0379837887862593));
#11457=CARTESIAN_POINT('',(0.0762,-0.0573697524553087,0.04064659047167));
#11458=CARTESIAN_POINT('',(0.0762,-0.057835029587632,0.0379837887862593));
#11459=CARTESIAN_POINT('',(0.0762,-0.0583003067199554,0.0353209871008486));
#11460=CARTESIAN_POINT('',(0.0762,-0.0593774281996468,0.0353209871008486));
#11461=CARTESIAN_POINT('',(0.0762,-0.0604545496793382,0.0353209871008486));
#11462=CARTESIAN_POINT('',(0.0762,-0.0596735136474889,0.0397406280216282));
#11463=CARTESIAN_POINT('',(0.0762,-0.0588924776156396,0.0441602689424076));
#11464=CARTESIAN_POINT('',(0.0762,-0.0576205889642779,0.0441602689424076));
#11465=CARTESIAN_POINT('',(0.0762,-0.0563487003129163,0.0441602689424076));
#11466=CARTESIAN_POINT('',(0.0762,-0.0556434070700499,0.041100063532983));
#11467=CARTESIAN_POINT('',(0.0762,-0.0549381138271834,0.0380398581235583));
#11468=CARTESIAN_POINT('',(0.0762,-0.0531753725563094,0.041100063532983));
#11469=CARTESIAN_POINT('',(0.0762,-0.0514126312854354,0.0441602689424076));
#11470=CARTESIAN_POINT('',(0.0762,-0.0501476283421631,0.0441602689424076));
#11471=CARTESIAN_POINT('',(0.0762,0.,0.));
#11472=CARTESIAN_POINT('',(0.0762,0.0762,0.));
#11473=CARTESIAN_POINT('',(0.0762,-0.0762,0.));
#11474=CARTESIAN_POINT('',(0.0762,0.0762,0.0508));
#11475=CARTESIAN_POINT('',(0.0762,0.0762,0.0508));
#11476=CARTESIAN_POINT('',(0.0762,0.,0.0508));
#11477=CARTESIAN_POINT('',(0.0762,-0.0762,0.0508));
#11478=CARTESIAN_POINT('',(0.0762,-0.0762,0.0508));
#11479=CARTESIAN_POINT('',(0.,0.0659911357683743,0.0508));
#11480=CARTESIAN_POINT('',(1.38777878078145E-17,-0.0762,0.0508));
#11481=CARTESIAN_POINT('',(-0.0762,-0.0762,0.0508));
#11482=CARTESIAN_POINT('',(-0.0762,0.0762,0.0508));
#11483=CARTESIAN_POINT('',(1.11022302462516E-16,0.208182271536748,0.0508));
#11484=CARTESIAN_POINT('',(0.0762,0.0762,0.0508));
#11485=CARTESIAN_POINT('',(-0.0762,0.0762,0.0508));
#11486=CARTESIAN_POINT('',(-0.0762,0.,0.0508));
#11487=CARTESIAN_POINT('',(0.06985,-1.15648231731787E-18,0.0508));
#11488=CARTESIAN_POINT('',(0.06985,0.0762,0.0508));
#11489=CARTESIAN_POINT('',(0.06985,-0.06985,0.0508));
#11490=CARTESIAN_POINT('',(1.38777878078145E-17,-0.06985,0.0508));
#11491=CARTESIAN_POINT('',(-0.06985,-0.06985,0.0508));
#11492=CARTESIAN_POINT('',(-0.06985,1.15648231731787E-18,0.0508));
#11493=CARTESIAN_POINT('',(-0.06985,0.0762,0.0508));
#11494=CARTESIAN_POINT('',(0.0762,0.0762,0.0508));
#11495=CARTESIAN_POINT('',(2.77555756156289E-17,0.200795997126714,0.0508));
#11496=CARTESIAN_POINT('',(-0.0762,0.0762,0.0508));
#11497=CARTESIAN_POINT('',(-0.0762,0.0762,0.0508));
#11498=CARTESIAN_POINT('',(-0.0762,0.0762,-60.0159347987168));
#11499=CARTESIAN_POINT('',(1.53871863639576E-7,0.208182182698667,0.0507595687100536));
#11500=CARTESIAN_POINT('',(1.53257186191747E-7,0.208182183053552,0.0507595687088859));
#11501=CARTESIAN_POINT('',(7.10522043905444E-6,0.208178169324933,0.049842416092287));
#11502=CARTESIAN_POINT('',(0.000509679720554972,0.207888997547242,0.0480891164384928));
#11503=CARTESIAN_POINT('',(0.00199639905715493,0.20701405373439,0.0459553239507755));
#11504=CARTESIAN_POINT('',(0.0037209362059173,0.205968607812741,0.0441919142366847));
#11505=CARTESIAN_POINT('',(0.00620717122053666,0.204413719025255,0.0421125883038976));
#11506=CARTESIAN_POINT('',(0.00946141932814024,0.202276977743922,0.0398838149851799));
#11507=CARTESIAN_POINT('',(0.0133807276003985,0.19952419781564,0.0375386038691601));
#11508=CARTESIAN_POINT('',(0.0172867969791499,0.196591158490277,0.0353905107417995));
#11509=CARTESIAN_POINT('',(0.0224303927336768,0.192462959717734,0.0327089499978914));
#11510=CARTESIAN_POINT('',(0.0287088321587487,0.186896686782302,0.0295957809840694));
#11511=CARTESIAN_POINT('',(0.0357729250461261,0.17974465331747,0.0261536702878385));
#11512=CARTESIAN_POINT('',(0.0423682375565612,0.172123648725288,0.0229096805300862));
#11513=CARTESIAN_POINT('',(0.0484737852849382,0.164043872932643,0.0198181147437448));
#11514=CARTESIAN_POINT('',(0.0540745371802942,0.155507377094822,0.0168514185297312));
#11515=CARTESIAN_POINT('',(0.0591543416607394,0.146488692756698,0.0139906592414291));
#11516=CARTESIAN_POINT('',(0.0650477360443919,0.134134575005488,0.0104054790772974));
#11517=CARTESIAN_POINT('',(0.0696778470683575,0.121237448200907,0.00712778882078959));
#11518=CARTESIAN_POINT('',(0.0730101486245947,0.107802727615819,0.00421719930940095));
#11519=CARTESIAN_POINT('',(0.0748421303744758,0.0973973156373192,0.00226375890226832));
#11520=CARTESIAN_POINT('',(0.075763165950254,0.0886415893880563,0.000937933910446039));
#11521=CARTESIAN_POINT('',(0.0761365515982043,0.081566940765025,0.000199459310769158));
#11522=CARTESIAN_POINT('',(0.0762,0.0779987983185363,-2.52746711861842E-33));
#11523=CARTESIAN_POINT('',(0.0762,0.0762,-2.52746711861842E-33));
#11524=CARTESIAN_POINT('',(0.0762,0.0762,0.0508));
#11525=CARTESIAN_POINT('',(0.0762,0.0762,-60.0159347987168));
#11526=CARTESIAN_POINT('',(-1.53871863750598E-7,0.208182182698667,0.0507595687100536));
#11527=CARTESIAN_POINT('',(-0.0762,0.0762,0.));
#11528=CARTESIAN_POINT('',(-0.0762,0.0780048964938064,0.));
#11529=CARTESIAN_POINT('',(-0.0761361402270473,0.0815769638216418,0.000200414027415369));
#11530=CARTESIAN_POINT('',(-0.0757630928059042,0.0886397681410017,0.000937956698343447));
#11531=CARTESIAN_POINT('',(-0.0748454948508265,0.0973543372478971,0.00225766673808015));
#11532=CARTESIAN_POINT('',(-0.0730405448486175,0.107660789290123,0.00418834802054673));
#11533=CARTESIAN_POINT('',(-0.0705163511103494,0.117872265890899,0.00639702848917401));
#11534=CARTESIAN_POINT('',(-0.0673403402821154,0.127749496849043,0.00878403537390065));
#11535=CARTESIAN_POINT('',(-0.0635404767881946,0.137301740129611,0.0113231089637688));
#11536=CARTESIAN_POINT('',(-0.0591245492200695,0.14654071544017,0.0140074156255906));
#11537=CARTESIAN_POINT('',(-0.0541044457438006,0.155457703166442,0.0168350153291746));
#11538=CARTESIAN_POINT('',(-0.0484490107909429,0.164083609313315,0.0198314717881027));
#11539=CARTESIAN_POINT('',(-0.0423050072938497,0.172202301699711,0.0229411827331528));
#11540=CARTESIAN_POINT('',(-0.0357013554399627,0.179821799837888,0.0261885091315159));
#11541=CARTESIAN_POINT('',(-0.0286585953182106,0.186941477195482,0.0296205894614536));
#11542=CARTESIAN_POINT('',(-0.0224475666833309,0.192447770705139,0.0327004882437069));
#11543=CARTESIAN_POINT('',(-0.0172991700239172,0.196581949209661,0.035383734051229));
#11544=CARTESIAN_POINT('',(-0.0133643089117676,0.199536634621444,0.037547472723218));
#11545=CARTESIAN_POINT('',(-0.00941895049006982,0.202306011764256,0.0399101157236944));
#11546=CARTESIAN_POINT('',(-0.00616769240627784,0.204438901982242,0.0421425133566914));
#11547=CARTESIAN_POINT('',(-0.00369622184842325,0.205983777674976,0.0442145844485586));
#11548=CARTESIAN_POINT('',(-0.00197656833346245,0.207025853473919,0.0459798843903176));
#11549=CARTESIAN_POINT('',(-0.000504133989279675,0.207892170935548,0.048101660497295));
#11550=CARTESIAN_POINT('',(-7.03028570947489E-6,0.208178212588635,0.0498523020167263));
#11551=CARTESIAN_POINT('',(-1.53257186316647E-7,0.208182183053552,0.0507595687088859));
#11552=CARTESIAN_POINT('',(-0.0762,0.0762,0.));
#11553=CARTESIAN_POINT('',(-0.0762,0.0762,0.0508));
#11554=CARTESIAN_POINT('',(1.38777878078145E-17,-0.0762,0.0508));
#11555=CARTESIAN_POINT('',(0.,-0.0762,0.0254));
#11556=CARTESIAN_POINT('',(0.,-0.0762,0.00445577284792605));
#11557=CARTESIAN_POINT('',(1.38777878078145E-17,-0.0762,0.));
#11558=CARTESIAN_POINT('',(-0.0762,-0.0762,0.));
#11559=CARTESIAN_POINT('',(-0.0762,-0.0762,0.0508));
#11560=CARTESIAN_POINT('',(-0.0762,0.,0.0508));
#11561=CARTESIAN_POINT('',(-0.0762,0.,0.));
#11562=CARTESIAN_POINT('',(0.,0.0659911357683743,0.));
#11563=CARTESIAN_POINT('',(-0.250428548714554,0.0762,0.));
#11564=CARTESIAN_POINT('',(-0.0771144,0.0762,0.));
#11565=CARTESIAN_POINT('',(0.0771144,0.0762000000000001,0.));
#11566=CARTESIAN_POINT('',(-0.0771144,0.103371074769788,0.));
#11567=CARTESIAN_POINT('',(0.0771144,0.103371074769788,0.));
#11568=CARTESIAN_POINT('',(-0.0771144,0.208071084221172,0.0253730529542676));
#11569=CARTESIAN_POINT('',(0.0771144,0.208071084221172,0.0253730529542676));
#11570=CARTESIAN_POINT('',(-0.0771144,0.208182183053552,0.0507595687088859));
#11571=CARTESIAN_POINT('',(0.0771144,0.208182183053552,0.0507595687088859));
#11572=CARTESIAN_POINT('',(-0.250428548714554,0.208182182698667,0.0507595687100536));
#11573=CARTESIAN_POINT('',(-0.250428548714554,0.208182227117708,0.0507797843550268));
#11574=CARTESIAN_POINT('',(-0.0762,0.0762,0.0508));
#11575=CARTESIAN_POINT('',(2.75254664210526E-17,0.200795997126713,0.0479501003059036));
#11576=CARTESIAN_POINT('',(0.00107837670959734,0.200136487133084,0.0469101196501054));
#11577=CARTESIAN_POINT('',(0.00345513683401552,0.198641705955802,0.0452031187356611));
#11578=CARTESIAN_POINT('',(0.00709135873597304,0.196198664304485,0.0430113388621664));
#11579=CARTESIAN_POINT('',(0.0107243793446954,0.193594640484386,0.0410464295955584));
#11580=CARTESIAN_POINT('',(0.015518515822041,0.189929643405871,0.0386044674942603));
#11581=CARTESIAN_POINT('',(0.0213899035815394,0.184989762591233,0.0357770986469421));
#11582=CARTESIAN_POINT('',(0.0280552444224504,0.178619674664491,0.032631849826333));
#11583=CARTESIAN_POINT('',(0.0343196525047498,0.171827220009694,0.0296573760160752));
#11584=CARTESIAN_POINT('',(0.0401682004217813,0.164619224990745,0.0268099787535119));
#11585=CARTESIAN_POINT('',(0.0455919304092231,0.15698893092204,0.0240623767380217));
#11586=CARTESIAN_POINT('',(0.0505583359460471,0.148951373881966,0.0214081940973735));
#11587=CARTESIAN_POINT('',(0.0549952039396737,0.140605714332235,0.0188719850650827));
#11588=CARTESIAN_POINT('',(0.06015793946892,0.129168566164318,0.015670556982476));
#11589=CARTESIAN_POINT('',(0.0642112634107987,0.117264329516641,0.0127297065382399));
#11590=CARTESIAN_POINT('',(0.0671304421072321,0.104797829274775,0.0100980738681658));
#11591=CARTESIAN_POINT('',(0.0686957034937335,0.0953386939159496,0.00836587797781163));
#11592=CARTESIAN_POINT('',(0.069480041654915,0.0874140337066602,0.00719022788922808));
#11593=CARTESIAN_POINT('',(0.0697965220880602,0.081028148192644,0.00653291660237882));
#11594=CARTESIAN_POINT('',(0.06985,0.0778160595547997,0.00635));
#11595=CARTESIAN_POINT('',(0.06985,0.0762000000000001,0.00635));
#11596=CARTESIAN_POINT('',(9.76654962624944E-19,0.200795997126714,0.0479501003059035));
#11597=CARTESIAN_POINT('',(0.06985,0.0762,0.00635));
#11598=CARTESIAN_POINT('',(0.06985,0.0762,0.0508));
#11599=CARTESIAN_POINT('',(2.77555756156289E-17,0.200795997126714,0.0508));
#11600=CARTESIAN_POINT('',(0.0762,0.0762,0.0508));
#11601=CARTESIAN_POINT('',(-0.06985,0.0762,0.0508));
#11602=CARTESIAN_POINT('',(-0.06985,0.0762000007569766,0.00635));
#11603=CARTESIAN_POINT('',(-4.00533263822178E-17,0.200795997126713,0.0479501003059036));
#11604=CARTESIAN_POINT('',(-0.00108270941078756,0.200133837354292,0.0469059412165533));
#11605=CARTESIAN_POINT('',(-0.00344920656282891,0.198645570191006,0.0452074448335046));
#11606=CARTESIAN_POINT('',(-0.00710219397449522,0.196191341057371,0.0430047393498652));
#11607=CARTESIAN_POINT('',(-0.0107370882310187,0.193585270982228,0.0410398830708259));
#11608=CARTESIAN_POINT('',(-0.0155311908740138,0.189919076549073,0.0385982683253898));
#11609=CARTESIAN_POINT('',(-0.021377978728577,0.185000856821151,0.0357827809324338));
#11610=CARTESIAN_POINT('',(-0.0280936185563887,0.178582778129358,0.0326137512632009));
#11611=CARTESIAN_POINT('',(-0.0343814407798855,0.171756629144443,0.0296278362549598));
#11612=CARTESIAN_POINT('',(-0.0402442554583777,0.16452028483142,0.0267724198928599));
#11613=CARTESIAN_POINT('',(-0.0456777500306272,0.156859994841986,0.0240178268408012));
#11614=CARTESIAN_POINT('',(-0.0522700831112578,0.146162639459451,0.0204910515133934));
#11615=CARTESIAN_POINT('',(-0.0577685884488799,0.134950036070859,0.0172229240675566));
#11616=CARTESIAN_POINT('',(-0.0621929962716701,0.123188222063016,0.0141947750259922));
#11617=CARTESIAN_POINT('',(-0.0649630849476556,0.114071070292865,0.0120538721302278));
#11618=CARTESIAN_POINT('',(-0.0671448668712283,0.104719378510564,0.0100831036514442));
#11619=CARTESIAN_POINT('',(-0.0686960850065459,0.0953271838987192,0.00836452845261235));
#11620=CARTESIAN_POINT('',(-0.0694795919934618,0.0874190865508727,0.00719097583142604));
#11621=CARTESIAN_POINT('',(-0.0697962277546921,0.0810369254218991,0.00653368421490422));
#11622=CARTESIAN_POINT('',(-0.0698499999916002,0.0778206411833941,0.00635000003289435));
#11623=CARTESIAN_POINT('',(-0.06985,0.0762000007569767,0.00635000000000001));
#11624=CARTESIAN_POINT('',(1.38777878078145E-17,-0.06985,0.0508));
#11625=CARTESIAN_POINT('',(0.,-0.06985,0.0254));
#11626=CARTESIAN_POINT('',(0.,-0.06985,0.0145685022524306));
#11627=CARTESIAN_POINT('',(1.38777878078145E-17,-0.06985,0.00635));
#11628=CARTESIAN_POINT('',(0.06985,-0.06985,0.00635));
#11629=CARTESIAN_POINT('',(-0.06985,-0.06985,0.00635));
#11630=CARTESIAN_POINT('',(-0.06985,-0.06985,0.0508));
#11631=CARTESIAN_POINT('',(0.06985,-0.06985,0.0508));
#11632=CARTESIAN_POINT('',(0.06985,-1.15648231731787E-18,0.0508));
#11633=CARTESIAN_POINT('',(0.06985,-1.15648231731787E-18,0.00635));
#11634=CARTESIAN_POINT('',(-0.06985,1.15648231731787E-18,0.0508));
#11635=CARTESIAN_POINT('',(-0.06985,1.15648231731787E-18,0.00635));
#11636=CARTESIAN_POINT('',(0.,0.0659911357683743,0.00635));
#11637=CARTESIAN_POINT('',(0.,0.0762,0.00635));
#11638=CARTESIAN_POINT('',(-0.0706882,0.0762,0.00635));
#11639=CARTESIAN_POINT('',(0.0706882,0.0762000000000001,0.00635));
#11640=CARTESIAN_POINT('',(-0.0706882,0.0775405167000836,0.00635));
#11641=CARTESIAN_POINT('',(0.0706882,0.0775405167000836,0.00635));
#11642=CARTESIAN_POINT('',(-0.0706882,0.0808882535745982,0.00649944753149863));
#11643=CARTESIAN_POINT('',(0.0706882000000001,0.0808882535745982,0.00649944753149863));
#11644=CARTESIAN_POINT('',(-0.0706882,0.0895933537724025,0.0074314141498975));
#11645=CARTESIAN_POINT('',(0.0706882,0.0895933537724025,0.0074314141498975));
#11646=CARTESIAN_POINT('',(-0.0706882,0.103490329427682,0.00972046350547982));
#11647=CARTESIAN_POINT('',(0.0706882000000001,0.103490329427682,0.00972046350547982));
#11648=CARTESIAN_POINT('',(-0.0706882,0.123068628716383,0.0140279077043263));
#11649=CARTESIAN_POINT('',(0.0706882,0.123068628716383,0.0140279077043263));
#11650=CARTESIAN_POINT('',(-0.0706882000000001,0.143795642096194,0.0196456605804682));
#11651=CARTESIAN_POINT('',(0.0706882,0.143795642096195,0.0196456605804682));
#11652=CARTESIAN_POINT('',(-0.0706882,0.163923957892172,0.0263179583596326));
#11653=CARTESIAN_POINT('',(0.0706882,0.163923957892172,0.0263179583596326));
#11654=CARTESIAN_POINT('',(-0.0706882,0.181680456891112,0.0337486866504045));
#11655=CARTESIAN_POINT('',(0.0706882,0.181680456891112,0.0337486866504045));
#11656=CARTESIAN_POINT('',(-0.0706882,0.192939745364372,0.0402648871597419));
#11657=CARTESIAN_POINT('',(0.0706882,0.192939745364372,0.0402648871597419));
#11658=CARTESIAN_POINT('',(-0.0706882,0.198760481562184,0.0451856095414605));
#11659=CARTESIAN_POINT('',(0.0706882,0.198760481562184,0.0451856095414605));
#11660=CARTESIAN_POINT('',(-0.0706882,0.20042579252922,0.047318277687286));
#11661=CARTESIAN_POINT('',(0.0706882000000001,0.20042579252922,0.047318277687286));
#11662=CARTESIAN_POINT('',(-0.0706882,0.200955731217108,0.0482101136790389));
#11663=CARTESIAN_POINT('',(0.0706882000000001,0.200955731217108,0.0482101136790389));
#11664=CARTESIAN_POINT('',(0.,-0.10668,0.0254));
#11665=CARTESIAN_POINT('',(0.,-0.10668,0.0254));
#11666=CARTESIAN_POINT('',(0.,-0.10668,0.0145685022524306));
#11667=CARTESIAN_POINT('',(0.,-0.10668,0.0254));
#11668=CARTESIAN_POINT('',(0.,-0.10668,0.0254));
#11669=CARTESIAN_POINT('',(0.,-0.10668,0.00445577284792605));
#11670=CARTESIAN_POINT('',(1.38777878078145E-17,-0.10668,0.0254));
#11671=CARTESIAN_POINT('',(0.076708,-0.0496636614307401,0.0397406280216282));
#11672=CARTESIAN_POINT('',(0.076708,-0.0488826253988908,0.0441602689424076));
#11673=CARTESIAN_POINT('',(0.076708,-0.0488826253988908,0.0441602689424076));
#11674=CARTESIAN_POINT('',(0.076708,-0.0496636614307401,0.0397406280216282));
#11675=CARTESIAN_POINT('',(0.076708,-0.0504446974625894,0.0353209871008486));
#11676=CARTESIAN_POINT('',(0.076708,-0.0504446974625894,0.0353209871008486));
#11677=CARTESIAN_POINT('',(0.076708,-0.0501476283421631,0.0441602689424076));
#11678=CARTESIAN_POINT('',(0.076708,-0.0514126312854354,0.0441602689424076));
#11679=CARTESIAN_POINT('',(0.076708,-0.0514126312854354,0.0441602689424076));
#11680=CARTESIAN_POINT('',(0.076708,-0.0501476283421631,0.0441602689424076));
#11681=CARTESIAN_POINT('',(0.076708,-0.0531753725563094,0.041100063532983));
#11682=CARTESIAN_POINT('',(0.076708,-0.0549381138271834,0.0380398581235583));
#11683=CARTESIAN_POINT('',(0.076708,-0.0549381138271834,0.0380398581235583));
#11684=CARTESIAN_POINT('',(0.076708,-0.0531753725563094,0.041100063532983));
#11685=CARTESIAN_POINT('',(0.076708,-0.0556434070700499,0.041100063532983));
#11686=CARTESIAN_POINT('',(0.076708,-0.0563487003129163,0.0441602689424076));
#11687=CARTESIAN_POINT('',(0.076708,-0.0563487003129163,0.0441602689424076));
#11688=CARTESIAN_POINT('',(0.076708,-0.0556434070700499,0.041100063532983));
#11689=CARTESIAN_POINT('',(0.076708,-0.0576205889642779,0.0441602689424076));
#11690=CARTESIAN_POINT('',(0.076708,-0.0588924776156396,0.0441602689424076));
#11691=CARTESIAN_POINT('',(0.076708,-0.0588924776156396,0.0441602689424076));
#11692=CARTESIAN_POINT('',(0.076708,-0.0576205889642779,0.0441602689424076));
#11693=CARTESIAN_POINT('',(0.076708,-0.0596735136474889,0.0397406280216282));
#11694=CARTESIAN_POINT('',(0.076708,-0.0604545496793382,0.0353209871008486));
#11695=CARTESIAN_POINT('',(0.076708,-0.0604545496793382,0.0353209871008486));
#11696=CARTESIAN_POINT('',(0.076708,-0.0596735136474889,0.0397406280216282));
#11697=CARTESIAN_POINT('',(0.076708,-0.0593774281996468,0.0353209871008486));
#11698=CARTESIAN_POINT('',(0.076708,-0.0583003067199554,0.0353209871008486));
#11699=CARTESIAN_POINT('',(0.076708,-0.0583003067199554,0.0353209871008486));
#11700=CARTESIAN_POINT('',(0.076708,-0.0593774281996468,0.0353209871008486));
#11701=CARTESIAN_POINT('',(0.076708,-0.057835029587632,0.0379837887862593));
#11702=CARTESIAN_POINT('',(0.076708,-0.0573697524553087,0.04064659047167));
#11703=CARTESIAN_POINT('',(0.076708,-0.0573697524553087,0.04064659047167));
#11704=CARTESIAN_POINT('',(0.076708,-0.057835029587632,0.0379837887862593));
#11705=CARTESIAN_POINT('',(0.076708,-0.0568405366050128,0.0379837887862593));
#11706=CARTESIAN_POINT('',(0.076708,-0.056311320754717,0.0353209871008486));
#11707=CARTESIAN_POINT('',(0.076708,-0.056311320754717,0.0353209871008486));
#11708=CARTESIAN_POINT('',(0.076708,-0.0568405366050128,0.0379837887862593));
#11709=CARTESIAN_POINT('',(0.076708,-0.0554427378628745,0.0353209871008486));
#11710=CARTESIAN_POINT('',(0.076708,-0.054574154971032,0.0353209871008486));
#11711=CARTESIAN_POINT('',(0.076708,-0.054574154971032,0.0353209871008486));
#11712=CARTESIAN_POINT('',(0.076708,-0.0554427378628745,0.0353209871008486));
#11713=CARTESIAN_POINT('',(0.076708,-0.0531134011835052,0.0379710010426648));
#11714=CARTESIAN_POINT('',(0.076708,-0.0516526473959785,0.040621014984481));
#11715=CARTESIAN_POINT('',(0.076708,-0.0516526473959785,0.040621014984481));
#11716=CARTESIAN_POINT('',(0.076708,-0.0531134011835052,0.0379710010426648));
#11717=CARTESIAN_POINT('',(0.076708,-0.0521248102363912,0.0379710010426648));
#11718=CARTESIAN_POINT('',(0.076708,-0.0525969730768039,0.0353209871008486));
#11719=CARTESIAN_POINT('',(0.076708,-0.0525969730768039,0.0353209871008486));
#11720=CARTESIAN_POINT('',(0.076708,-0.0521248102363912,0.0379710010426648));
#11721=CARTESIAN_POINT('',(0.076708,-0.0515208352696967,0.0353209871008486));
#11722=CARTESIAN_POINT('',(0.076708,-0.0515208352696967,0.0353209871008486));
#11723=CARTESIAN_POINT('',(0.076708,1.39703063931999E-17,0.0254));
#11724=CARTESIAN_POINT('',(0.0767080000000005,-0.0459656429919743,0.0392755890522586));
#11725=CARTESIAN_POINT('',(0.0762,-0.0459656429919743,0.0392755890522586));
#11726=CARTESIAN_POINT('',(0.0762,-0.0434311119372928,0.0388346655715863));
#11727=CARTESIAN_POINT('',(0.0762,-0.0433937323790934,0.0392497754021158));
#11728=CARTESIAN_POINT('',(0.076708,-0.0434311119372928,0.0388346655715863));
#11729=CARTESIAN_POINT('',(0.076708,-0.0434311119372928,0.0388346655715863));
#11730=CARTESIAN_POINT('',(0.076708,-0.0459656429919743,0.0392755890522586));
#11731=CARTESIAN_POINT('',(0.076708,-0.0433937323790934,0.0392497754021158));
#11732=CARTESIAN_POINT('',(0.076708,-0.0433937323790934,0.0392497754021158));
#11733=CARTESIAN_POINT('',(0.076708,-0.0441108296929702,0.0375617932476405));
#11734=CARTESIAN_POINT('',(0.0762,-0.0441108296929702,0.0375617932476405));
#11735=CARTESIAN_POINT('',(0.076708,-0.0437586749078291,0.0378726337842455));
#11736=CARTESIAN_POINT('',(0.0762,-0.0437586749078291,0.0378726337842455));
#11737=CARTESIAN_POINT('',(0.076708,-0.0435321023226032,0.0382969245588941));
#11738=CARTESIAN_POINT('',(0.0762,-0.0435321023226032,0.0382969245588941));
#11739=CARTESIAN_POINT('',(0.076708,-0.0434311119372928,0.0388346655715863));
#11740=CARTESIAN_POINT('',(0.0762,-0.0434311119372928,0.0388346655715863));
#11741=CARTESIAN_POINT('',(0.0762,-0.0441108296929702,0.0375617932476405));
#11742=CARTESIAN_POINT('',(0.0762,-0.0435825975152585,0.038028054052548));
#11743=CARTESIAN_POINT('',(0.0762,-0.0434311119372928,0.0388346655715863));
#11744=CARTESIAN_POINT('',(0.0762,-0.0441108296929702,0.0375617932476405));
#11745=CARTESIAN_POINT('',(0.076708,-0.0441108296929702,0.0375617932476405));
#11746=CARTESIAN_POINT('',(0.076708,-0.0441108296929702,0.0375617932476405));
#11747=CARTESIAN_POINT('',(0.076708,-0.0441108296929702,0.0375617932476405));
#11748=CARTESIAN_POINT('',(0.076708,-0.0435825975152585,0.038028054052548));
#11749=CARTESIAN_POINT('',(0.076708,-0.0434311119372928,0.0388346655715863));
#11750=CARTESIAN_POINT('',(0.076708,-0.0452823837407441,0.0370955324427329));
#11751=CARTESIAN_POINT('',(0.0762,-0.0452823837407441,0.0370955324427329));
#11752=CARTESIAN_POINT('',(0.076708,-0.0448535024940359,0.0370955324427329));
#11753=CARTESIAN_POINT('',(0.0762,-0.0448535024940359,0.0370955324427329));
#11754=CARTESIAN_POINT('',(0.076708,-0.0444629844781113,0.0372509527110355));
#11755=CARTESIAN_POINT('',(0.0762,-0.0444629844781113,0.0372509527110355));
#11756=CARTESIAN_POINT('',(0.076708,-0.0441108296929702,0.0375617932476405));
#11757=CARTESIAN_POINT('',(0.0762,-0.0441108296929702,0.0375617932476405));
#11758=CARTESIAN_POINT('',(0.0762,-0.0452823837407441,0.0370955324427329));
#11759=CARTESIAN_POINT('',(0.0762,-0.0446390618706818,0.0370955324427329));
#11760=CARTESIAN_POINT('',(0.0762,-0.0441108296929702,0.0375617932476405));
#11761=CARTESIAN_POINT('',(0.0762,-0.0452823837407441,0.0370955324427329));
#11762=CARTESIAN_POINT('',(0.076708,-0.0452823837407441,0.0370955324427329));
#11763=CARTESIAN_POINT('',(0.076708,-0.0452823837407441,0.0370955324427329));
#11764=CARTESIAN_POINT('',(0.076708,-0.0452823837407441,0.0370955324427329));
#11765=CARTESIAN_POINT('',(0.076708,-0.0446390618706818,0.0370955324427329));
#11766=CARTESIAN_POINT('',(0.076708,-0.0441108296929702,0.0375617932476405));
#11767=CARTESIAN_POINT('',(0.076708,-0.0461824441552808,0.0374545729359634));
#11768=CARTESIAN_POINT('',(0.0762,-0.0461824441552808,0.0374545729359634));
#11769=CARTESIAN_POINT('',(0.076708,-0.0459430838264605,0.0372152126071431));
#11770=CARTESIAN_POINT('',(0.0762,-0.0459430838264605,0.0372152126071431));
#11771=CARTESIAN_POINT('',(0.076708,-0.0456430636882816,0.0370955324427329));
#11772=CARTESIAN_POINT('',(0.0762,-0.0456430636882816,0.0370955324427329));
#11773=CARTESIAN_POINT('',(0.076708,-0.0452823837407441,0.0370955324427329));
#11774=CARTESIAN_POINT('',(0.0762,-0.0452823837407441,0.0370955324427329));
#11775=CARTESIAN_POINT('',(0.0762,-0.0461824441552808,0.0374545729359634));
#11776=CARTESIAN_POINT('',(0.0762,-0.0458234036620503,0.0370955324427329));
#11777=CARTESIAN_POINT('',(0.0762,-0.0452823837407441,0.0370955324427329));
#11778=CARTESIAN_POINT('',(0.0762,-0.0461824441552808,0.0374545729359634));
#11779=CARTESIAN_POINT('',(0.076708,-0.0461824441552808,0.0374545729359634));
#11780=CARTESIAN_POINT('',(0.076708,-0.0461824441552808,0.0374545729359634));
#11781=CARTESIAN_POINT('',(0.076708,-0.0461824441552808,0.0374545729359634));
#11782=CARTESIAN_POINT('',(0.076708,-0.0458234036620503,0.0370955324427329));
#11783=CARTESIAN_POINT('',(0.076708,-0.0452823837407441,0.0370955324427329));
#11784=CARTESIAN_POINT('',(0.076708,-0.0465414846485113,0.0384313598120672));
#11785=CARTESIAN_POINT('',(0.0762,-0.0465414846485113,0.0384313598120672));
#11786=CARTESIAN_POINT('',(0.076708,-0.0465414846485113,0.0380195288901517));
#11787=CARTESIAN_POINT('',(0.0762,-0.0465414846485113,0.0380195288901517));
#11788=CARTESIAN_POINT('',(0.076708,-0.0464218044841011,0.0376939332647837));
#11789=CARTESIAN_POINT('',(0.0762,-0.0464218044841011,0.0376939332647837));
#11790=CARTESIAN_POINT('',(0.076708,-0.0461824441552808,0.0374545729359634));
#11791=CARTESIAN_POINT('',(0.0762,-0.0461824441552808,0.0374545729359634));
#11792=CARTESIAN_POINT('',(0.0762,-0.0465414846485113,0.0384313598120672));
#11793=CARTESIAN_POINT('',(0.0762,-0.0465414846485113,0.0378136134291939));
#11794=CARTESIAN_POINT('',(0.0762,-0.0461824441552808,0.0374545729359634));
#11795=CARTESIAN_POINT('',(0.0762,-0.0465414846485113,0.0384313598120672));
#11796=CARTESIAN_POINT('',(0.076708,-0.0465414846485113,0.0384313598120672));
#11797=CARTESIAN_POINT('',(0.076708,-0.0465414846485113,0.0384313598120672));
#11798=CARTESIAN_POINT('',(0.076708,-0.0465414846485113,0.0384313598120672));
#11799=CARTESIAN_POINT('',(0.076708,-0.0465414846485113,0.0378136134291939));
#11800=CARTESIAN_POINT('',(0.076708,-0.0461824441552808,0.0374545729359634));
#11801=CARTESIAN_POINT('',(0.0767080000000005,-0.0439695740356378,0.0384055461619244));
#11802=CARTESIAN_POINT('',(0.0762,-0.0439695740356378,0.0384055461619244));
#11803=CARTESIAN_POINT('',(0.0762,-0.0465041050903119,0.0388464696425967));
#11804=CARTESIAN_POINT('',(0.076708,-0.0465041050903119,0.0388464696425967));
#11805=CARTESIAN_POINT('',(0.076708,-0.0465041050903119,0.0388464696425967));
#11806=CARTESIAN_POINT('',(0.076708,-0.0439695740356378,0.0384055461619244));
#11807=CARTESIAN_POINT('',(0.076708,-0.0458361914056448,0.0401124562584532));
#11808=CARTESIAN_POINT('',(0.0762,-0.0458361914056448,0.0401124562584532));
#11809=CARTESIAN_POINT('',(0.076708,-0.0461883461907859,0.0398062061939077));
#11810=CARTESIAN_POINT('',(0.0762,-0.0461883461907859,0.0398062061939077));
#11811=CARTESIAN_POINT('',(0.076708,-0.046410984085675,0.0393842106552889));
#11812=CARTESIAN_POINT('',(0.0762,-0.046410984085675,0.0393842106552889));
#11813=CARTESIAN_POINT('',(0.076708,-0.0465041050903119,0.0388464696425967));
#11814=CARTESIAN_POINT('',(0.0762,-0.0465041050903119,0.0388464696425967));
#11815=CARTESIAN_POINT('',(0.0762,-0.0458361914056448,0.0401124562584532));
#11816=CARTESIAN_POINT('',(0.0762,-0.0463644235833565,0.039653081161635));
#11817=CARTESIAN_POINT('',(0.0762,-0.0465041050903119,0.0388464696425967));
#11818=CARTESIAN_POINT('',(0.0762,-0.0458361914056448,0.0401124562584532));
#11819=CARTESIAN_POINT('',(0.076708,-0.0458361914056448,0.0401124562584532));
#11820=CARTESIAN_POINT('',(0.076708,-0.0458361914056448,0.0401124562584532));
#11821=CARTESIAN_POINT('',(0.076708,-0.0458361914056448,0.0401124562584532));
#11822=CARTESIAN_POINT('',(0.076708,-0.0463644235833565,0.039653081161635));
#11823=CARTESIAN_POINT('',(0.076708,-0.0465041050903119,0.0388464696425967));
#11824=CARTESIAN_POINT('',(0.076708,-0.0446646373578709,0.0405718313552713));
#11825=CARTESIAN_POINT('',(0.0762,-0.0446646373578709,0.0405718313552713));
#11826=CARTESIAN_POINT('',(0.076708,-0.0450935186045791,0.0405718313552713));
#11827=CARTESIAN_POINT('',(0.0762,-0.0450935186045791,0.0405718313552713));
#11828=CARTESIAN_POINT('',(0.076708,-0.0454840366205037,0.0404187063229986));
#11829=CARTESIAN_POINT('',(0.0762,-0.0454840366205037,0.0404187063229986));
#11830=CARTESIAN_POINT('',(0.076708,-0.0458361914056448,0.0401124562584532));
#11831=CARTESIAN_POINT('',(0.0762,-0.0458361914056448,0.0401124562584532));
#11832=CARTESIAN_POINT('',(0.0762,-0.0446646373578709,0.0405718313552713));
#11833=CARTESIAN_POINT('',(0.0762,-0.0453079592279332,0.0405718313552713));
#11834=CARTESIAN_POINT('',(0.0762,-0.0458361914056448,0.0401124562584532));
#11835=CARTESIAN_POINT('',(0.0762,-0.0446646373578709,0.0405718313552713));
#11836=CARTESIAN_POINT('',(0.076708,-0.0446646373578709,0.0405718313552713));
#11837=CARTESIAN_POINT('',(0.076708,-0.0446646373578709,0.0405718313552713));
#11838=CARTESIAN_POINT('',(0.076708,-0.0446646373578709,0.0405718313552713));
#11839=CARTESIAN_POINT('',(0.076708,-0.0453079592279332,0.0405718313552713));
#11840=CARTESIAN_POINT('',(0.076708,-0.0458361914056448,0.0401124562584532));
#11841=CARTESIAN_POINT('',(0.076708,-0.0437527728723239,0.040218692897546));
#11842=CARTESIAN_POINT('',(0.0762,-0.0437527728723239,0.040218692897546));
#11843=CARTESIAN_POINT('',(0.076708,-0.0439921332011442,0.0404541185360295));
#11844=CARTESIAN_POINT('',(0.0762,-0.0439921332011442,0.0404541185360295));
#11845=CARTESIAN_POINT('',(0.076708,-0.0442960880296599,0.0405718313552713));
#11846=CARTESIAN_POINT('',(0.0762,-0.0442960880296599,0.0405718313552713));
#11847=CARTESIAN_POINT('',(0.076708,-0.0446646373578709,0.0405718313552713));
#11848=CARTESIAN_POINT('',(0.0762,-0.0446646373578709,0.0405718313552713));
#11849=CARTESIAN_POINT('',(0.0762,-0.0437527728723239,0.040218692897546));
#11850=CARTESIAN_POINT('',(0.0762,-0.0441118133655544,0.0405718313552713));
#11851=CARTESIAN_POINT('',(0.0762,-0.0446646373578709,0.0405718313552713));
#11852=CARTESIAN_POINT('',(0.0762,-0.0437527728723239,0.040218692897546));
#11853=CARTESIAN_POINT('',(0.076708,-0.0437527728723239,0.040218692897546));
#11854=CARTESIAN_POINT('',(0.076708,-0.0437527728723239,0.040218692897546));
#11855=CARTESIAN_POINT('',(0.076708,-0.0437527728723239,0.040218692897546));
#11856=CARTESIAN_POINT('',(0.076708,-0.0441118133655544,0.0405718313552713));
#11857=CARTESIAN_POINT('',(0.076708,-0.0446646373578709,0.0405718313552713));
#11858=CARTESIAN_POINT('',(0.076708,-0.0486937602627257,0.0388464696425967));
#11859=CARTESIAN_POINT('',(0.0762,-0.0486937602627257,0.0388464696425967));
#11860=CARTESIAN_POINT('',(0.076708,-0.048567850171949,0.0395678295376716));
#11861=CARTESIAN_POINT('',(0.0762,-0.048567850171949,0.0395678295376716));
#11862=CARTESIAN_POINT('',(0.076708,-0.0483202925715938,0.0402013146818919));
#11863=CARTESIAN_POINT('',(0.0762,-0.0483202925715938,0.0402013146818919));
#11864=CARTESIAN_POINT('',(0.076708,-0.04795108746166,0.0407469250752577));
#11865=CARTESIAN_POINT('',(0.0762,-0.04795108746166,0.0407469250752577));
#11866=CARTESIAN_POINT('',(0.076708,-0.0486937602627257,0.0388464696425967));
#11867=CARTESIAN_POINT('',(0.076708,-0.0486937602627257,0.0388464696425967));
#11868=CARTESIAN_POINT('',(0.076708,-0.0486937602627257,0.0388464696425967));
#11869=CARTESIAN_POINT('',(0.076708,-0.0485048951265607,0.039928509485209));
#11870=CARTESIAN_POINT('',(0.076708,-0.04795108746166,0.0407469250752577));
#11871=CARTESIAN_POINT('',(0.076708,-0.04795108746166,0.0407469250752577));
#11872=CARTESIAN_POINT('',(0.076708,-0.04795108746166,0.0407469250752577));
#11873=CARTESIAN_POINT('',(0.0767080000000005,-0.0436337052059202,0.0379567179822648));
#11874=CARTESIAN_POINT('',(0.076708,-0.0487704867242928,0.0379906744943487));
#11875=CARTESIAN_POINT('',(0.076708,-0.0487704867242928,0.0379906744943487));
#11876=CARTESIAN_POINT('',(0.076708,-0.0436337052059202,0.0379567179822648));
#11877=CARTESIAN_POINT('',(0.076708,-0.048455711497351,0.0365230349987326));
#11878=CARTESIAN_POINT('',(0.0762,-0.048455711497351,0.0365230349987326));
#11879=CARTESIAN_POINT('',(0.076708,-0.0486655616486455,0.0369388006109849));
#11880=CARTESIAN_POINT('',(0.0762,-0.0486655616486455,0.0369388006109849));
#11881=CARTESIAN_POINT('',(0.076708,-0.0487704867242928,0.0374280137761902));
#11882=CARTESIAN_POINT('',(0.0762,-0.0487704867242928,0.0374280137761902));
#11883=CARTESIAN_POINT('',(0.076708,-0.0487704867242928,0.0379906744943487));
#11884=CARTESIAN_POINT('',(0.0762,-0.0487704867242928,0.0379906744943487));
#11885=CARTESIAN_POINT('',(0.076708,-0.048455711497351,0.0365230349987326));
#11886=CARTESIAN_POINT('',(0.076708,-0.048455711497351,0.0365230349987326));
#11887=CARTESIAN_POINT('',(0.076708,-0.048455711497351,0.0365230349987326));
#11888=CARTESIAN_POINT('',(0.076708,-0.0487704867242928,0.037146683417111));
#11889=CARTESIAN_POINT('',(0.076708,-0.0487704867242928,0.0379906744943487));
#11890=CARTESIAN_POINT('',(0.076708,-0.0475674551538247,0.0355600195388076));
#11891=CARTESIAN_POINT('',(0.0762,-0.0475674551538247,0.0355600195388076));
#11892=CARTESIAN_POINT('',(0.076708,-0.0479497758982144,0.035786264233172));
#11893=CARTESIAN_POINT('',(0.0762,-0.0479497758982144,0.035786264233172));
#11894=CARTESIAN_POINT('',(0.076708,-0.0482458613460565,0.0361072693864803));
#11895=CARTESIAN_POINT('',(0.0762,-0.0482458613460565,0.0361072693864803));
#11896=CARTESIAN_POINT('',(0.076708,-0.048455711497351,0.0365230349987326));
#11897=CARTESIAN_POINT('',(0.0762,-0.048455711497351,0.0365230349987326));
#11898=CARTESIAN_POINT('',(0.076708,-0.0475674551538247,0.0355600195388076));
#11899=CARTESIAN_POINT('',(0.076708,-0.0475674551538247,0.0355600195388076));
#11900=CARTESIAN_POINT('',(0.076708,-0.0475674551538247,0.0355600195388076));
#11901=CARTESIAN_POINT('',(0.076708,-0.0481409362704092,0.0358993865803542));
#11902=CARTESIAN_POINT('',(0.076708,-0.048455711497351,0.0365230349987326));
#11903=CARTESIAN_POINT('',(0.076708,-0.0462522849087585,0.035220652497261));
#11904=CARTESIAN_POINT('',(0.0762,-0.0462522849087585,0.035220652497261));
#11905=CARTESIAN_POINT('',(0.076708,-0.0467467443277462,0.035220652497261));
#11906=CARTESIAN_POINT('',(0.0762,-0.0467467443277462,0.035220652497261));
#11907=CARTESIAN_POINT('',(0.076708,-0.047185134409435,0.0353337748444432));
#11908=CARTESIAN_POINT('',(0.0762,-0.047185134409435,0.0353337748444432));
#11909=CARTESIAN_POINT('',(0.076708,-0.0475674551538247,0.0355600195388076));
#11910=CARTESIAN_POINT('',(0.0762,-0.0475674551538247,0.0355600195388076));
#11911=CARTESIAN_POINT('',(0.076708,-0.0462522849087585,0.035220652497261));
#11912=CARTESIAN_POINT('',(0.076708,-0.0462522849087585,0.035220652497261));
#11913=CARTESIAN_POINT('',(0.076708,-0.0462522849087585,0.035220652497261));
#11914=CARTESIAN_POINT('',(0.076708,-0.0469939740372401,0.035220652497261));
#11915=CARTESIAN_POINT('',(0.076708,-0.0475674551538247,0.0355600195388076));
#11916=CARTESIAN_POINT('',(0.076708,-0.0448918657248195,0.0355226399806082));
#11917=CARTESIAN_POINT('',(0.0762,-0.0448918657248195,0.0355226399806082));
#11918=CARTESIAN_POINT('',(0.076708,-0.0453030408650122,0.03532131499171));
#11919=CARTESIAN_POINT('',(0.0762,-0.0453030408650122,0.03532131499171));
#11920=CARTESIAN_POINT('',(0.076708,-0.0457565139263252,0.035220652497261));
#11921=CARTESIAN_POINT('',(0.0762,-0.0457565139263252,0.035220652497261));
#11922=CARTESIAN_POINT('',(0.076708,-0.0462522849087585,0.035220652497261));
#11923=CARTESIAN_POINT('',(0.0762,-0.0462522849087585,0.035220652497261));
#11924=CARTESIAN_POINT('',(0.076708,-0.0448918657248195,0.0355226399806082));
#11925=CARTESIAN_POINT('',(0.076708,-0.0448918657248195,0.0355226399806082));
#11926=CARTESIAN_POINT('',(0.076708,-0.0448918657248195,0.0355226399806082));
#11927=CARTESIAN_POINT('',(0.076708,-0.0455086284351086,0.035220652497261));
#11928=CARTESIAN_POINT('',(0.076708,-0.0462522849087585,0.035220652497261));
#11929=CARTESIAN_POINT('',(0.076708,-0.0438717972550113,0.0363164637560521));
#11930=CARTESIAN_POINT('',(0.0762,-0.0438717972550113,0.0363164637560521));
#11931=CARTESIAN_POINT('',(0.076708,-0.0441406677613574,0.0359885728946544));
#11932=CARTESIAN_POINT('',(0.0762,-0.0441406677613574,0.0359885728946544));
#11933=CARTESIAN_POINT('',(0.076708,-0.0444806905846268,0.0357239649695064));
#11934=CARTESIAN_POINT('',(0.0762,-0.0444806905846268,0.0357239649695064));
#11935=CARTESIAN_POINT('',(0.076708,-0.0448918657248195,0.0355226399806082));
#11936=CARTESIAN_POINT('',(0.0762,-0.0448918657248195,0.0355226399806082));
#11937=CARTESIAN_POINT('',(0.076708,-0.0438717972550113,0.0363164637560521));
#11938=CARTESIAN_POINT('',(0.076708,-0.0438717972550113,0.0363164637560521));
#11939=CARTESIAN_POINT('',(0.076708,-0.0438717972550113,0.0363164637560521));
#11940=CARTESIAN_POINT('',(0.076708,-0.0442751030145305,0.0358246274639555));
#11941=CARTESIAN_POINT('',(0.076708,-0.0448918657248195,0.0355226399806082));
#11942=CARTESIAN_POINT('',(0.076708,-0.0439662298230938,0.0358187254284504));
#11943=CARTESIAN_POINT('',(0.076708,-0.0440606623911763,0.0353209871008486));
#11944=CARTESIAN_POINT('',(0.076708,-0.0440606623911763,0.0353209871008486));
#11945=CARTESIAN_POINT('',(0.076708,-0.0439662298230938,0.0358187254284504));
#11946=CARTESIAN_POINT('',(0.076708,-0.0429845245840691,0.0353209871008486));
#11947=CARTESIAN_POINT('',(0.076708,-0.0419083867769619,0.0353209871008486));
#11948=CARTESIAN_POINT('',(0.076708,-0.0419083867769619,0.0353209871008486));
#11949=CARTESIAN_POINT('',(0.076708,-0.0429845245840691,0.0353209871008486));
#11950=CARTESIAN_POINT('',(0.076708,-0.0412847383585834,0.0388336818990021));
#11951=CARTESIAN_POINT('',(0.076708,-0.0406610899402051,0.0423463766971557));
#11952=CARTESIAN_POINT('',(0.076708,-0.0406610899402051,0.0423463766971557));
#11953=CARTESIAN_POINT('',(0.076708,-0.0412847383585834,0.0388336818990021));
#11954=CARTESIAN_POINT('',(0.076708,-0.0417372277473123,0.0423463766971557));
#11955=CARTESIAN_POINT('',(0.076708,-0.0428133655544195,0.0423463766971557));
#11956=CARTESIAN_POINT('',(0.076708,-0.0428133655544195,0.0423463766971557));
#11957=CARTESIAN_POINT('',(0.076708,-0.0417372277473123,0.0423463766971557));
#11958=CARTESIAN_POINT('',(0.076708,-0.0429018960869969,0.0418496220421381));
#11959=CARTESIAN_POINT('',(0.076708,-0.0429904266195743,0.0413528673871206));
#11960=CARTESIAN_POINT('',(0.076708,-0.0429904266195743,0.0413528673871206));
#11961=CARTESIAN_POINT('',(0.076708,-0.0429018960869969,0.0418496220421381));
#11962=CARTESIAN_POINT('',(0.076708,-0.0437203116770455,0.042144723817396));
#11963=CARTESIAN_POINT('',(0.0762,-0.0437203116770455,0.042144723817396));
#11964=CARTESIAN_POINT('',(0.076708,-0.0433845514349743,0.0419433988284979));
#11965=CARTESIAN_POINT('',(0.0762,-0.0433845514349743,0.0419433988284979));
#11966=CARTESIAN_POINT('',(0.076708,-0.0431412564158172,0.0416794466850727));
#11967=CARTESIAN_POINT('',(0.0762,-0.0431412564158172,0.0416794466850727));
#11968=CARTESIAN_POINT('',(0.076708,-0.0429904266195743,0.0413528673871206));
#11969=CARTESIAN_POINT('',(0.0762,-0.0429904266195743,0.0413528673871206));
#11970=CARTESIAN_POINT('',(0.076708,-0.0437203116770455,0.042144723817396));
#11971=CARTESIAN_POINT('',(0.076708,-0.0437203116770455,0.042144723817396));
#11972=CARTESIAN_POINT('',(0.076708,-0.0437203116770455,0.042144723817396));
#11973=CARTESIAN_POINT('',(0.076708,-0.0432166713139387,0.0418427363340488));
#11974=CARTESIAN_POINT('',(0.076708,-0.0429904266195743,0.0413528673871206));
#11975=CARTESIAN_POINT('',(0.076708,-0.0449676085138023,0.0424467113007434));
#11976=CARTESIAN_POINT('',(0.0762,-0.0449676085138023,0.0424467113007434));
#11977=CARTESIAN_POINT('',(0.076708,-0.044471837531369,0.0424467113007434));
#11978=CARTESIAN_POINT('',(0.0762,-0.044471837531369,0.0424467113007434));
#11979=CARTESIAN_POINT('',(0.076708,-0.0440560719191168,0.0423460488062943));
#11980=CARTESIAN_POINT('',(0.0762,-0.0440560719191168,0.0423460488062943));
#11981=CARTESIAN_POINT('',(0.076708,-0.0437203116770455,0.042144723817396));
#11982=CARTESIAN_POINT('',(0.0762,-0.0437203116770455,0.042144723817396));
#11983=CARTESIAN_POINT('',(0.076708,-0.0449676085138023,0.0424467113007434));
#11984=CARTESIAN_POINT('',(0.076708,-0.0449676085138023,0.0424467113007434));
#11985=CARTESIAN_POINT('',(0.076708,-0.0449676085138023,0.0424467113007434));
#11986=CARTESIAN_POINT('',(0.076708,-0.0442239520401524,0.0424467113007434));
#11987=CARTESIAN_POINT('',(0.076708,-0.0437203116770455,0.042144723817396));
#11988=CARTESIAN_POINT('',(0.076708,-0.0449655760223764,0.0391448397882684));
#11989=CARTESIAN_POINT('',(0.076708,-0.04661624376491,0.0420060259830249));
#11990=CARTESIAN_POINT('',(0.076708,-0.04661624376491,0.0420060259830249));
#11991=CARTESIAN_POINT('',(0.076708,-0.0449655760223764,0.0391448397882684));
#11992=CARTESIAN_POINT('',(0.076708,-0.04795108746166,0.0407469250752577));
#11993=CARTESIAN_POINT('',(0.0762,-0.04795108746166,0.0407469250752577));
#11994=CARTESIAN_POINT('',(0.076708,-0.0475818823517262,0.0412925354686235));
#11995=CARTESIAN_POINT('',(0.0762,-0.0475818823517262,0.0412925354686235));
#11996=CARTESIAN_POINT('',(0.076708,-0.0471369344528095,0.0417122357712125));
#11997=CARTESIAN_POINT('',(0.0762,-0.0471369344528095,0.0417122357712125));
#11998=CARTESIAN_POINT('',(0.076708,-0.04661624376491,0.0420060259830249));
#11999=CARTESIAN_POINT('',(0.0762,-0.04661624376491,0.0420060259830249));
#12000=CARTESIAN_POINT('',(0.076708,-0.04795108746166,0.0407469250752577));
#12001=CARTESIAN_POINT('',(0.076708,-0.0473972797967593,0.0415653406653064));
#12002=CARTESIAN_POINT('',(0.076708,-0.04661624376491,0.0420060259830249));
#12003=CARTESIAN_POINT('',(0.076708,-0.0433937323790934,0.0392497754021158));
#12004=CARTESIAN_POINT('',(0.0762,-0.0433937323790934,0.0392497754021158));
#12005=CARTESIAN_POINT('',(0.076708,-0.0433937323790934,0.0396602947605857));
#12006=CARTESIAN_POINT('',(0.0762,-0.0433937323790934,0.0396602947605857));
#12007=CARTESIAN_POINT('',(0.076708,-0.0435134125435036,0.0399832672590625));
#12008=CARTESIAN_POINT('',(0.0762,-0.0435134125435036,0.0399832672590625));
#12009=CARTESIAN_POINT('',(0.076708,-0.0437527728723239,0.040218692897546));
#12010=CARTESIAN_POINT('',(0.0762,-0.0437527728723239,0.040218692897546));
#12011=CARTESIAN_POINT('',(0.0762,-0.0433937323790934,0.0392497754021158));
#12012=CARTESIAN_POINT('',(0.0762,-0.0433937323790934,0.0398655544398207));
#12013=CARTESIAN_POINT('',(0.0762,-0.0437527728723239,0.040218692897546));
#12014=CARTESIAN_POINT('',(0.076708,-0.0433937323790934,0.0392497754021158));
#12015=CARTESIAN_POINT('',(0.076708,-0.0433937323790934,0.0398655544398207));
#12016=CARTESIAN_POINT('',(0.076708,-0.0437527728723239,0.040218692897546));
#12017=CARTESIAN_POINT('',(0.076708,1.39703063931999E-17,0.0254));
#12018=CARTESIAN_POINT('',(0.0762,0.,0.0508));
#12019=CARTESIAN_POINT('',(0.0767080000000005,-0.0374155608901667,0.0392755890522585));
#12020=CARTESIAN_POINT('',(0.0762,-0.0374155608901667,0.0392755890522585));
#12021=CARTESIAN_POINT('',(0.0762,-0.0348810298354865,0.0388346655715863));
#12022=CARTESIAN_POINT('',(0.0762,-0.0348436502772872,0.0392497754021158));
#12023=CARTESIAN_POINT('',(0.076708,-0.0348810298354865,0.0388346655715863));
#12024=CARTESIAN_POINT('',(0.076708,-0.0348810298354865,0.0388346655715863));
#12025=CARTESIAN_POINT('',(0.076708,-0.0374155608901667,0.0392755890522585));
#12026=CARTESIAN_POINT('',(0.076708,-0.0348436502772872,0.0392497754021158));
#12027=CARTESIAN_POINT('',(0.076708,-0.0348436502772872,0.0392497754021158));
#12028=CARTESIAN_POINT('',(0.076708,-0.035560747591164,0.0375617932476405));
#12029=CARTESIAN_POINT('',(0.0762,-0.035560747591164,0.0375617932476405));
#12030=CARTESIAN_POINT('',(0.076708,-0.0352085928060228,0.0378726337842455));
#12031=CARTESIAN_POINT('',(0.0762,-0.0352085928060228,0.0378726337842455));
#12032=CARTESIAN_POINT('',(0.076708,-0.034982020220797,0.0382969245588941));
#12033=CARTESIAN_POINT('',(0.0762,-0.034982020220797,0.0382969245588941));
#12034=CARTESIAN_POINT('',(0.076708,-0.0348810298354865,0.0388346655715863));
#12035=CARTESIAN_POINT('',(0.0762,-0.0348810298354865,0.0388346655715863));
#12036=CARTESIAN_POINT('',(0.0762,-0.035560747591164,0.0375617932476405));
#12037=CARTESIAN_POINT('',(0.0762,-0.0350325154134523,0.038028054052548));
#12038=CARTESIAN_POINT('',(0.0762,-0.0348810298354865,0.0388346655715863));
#12039=CARTESIAN_POINT('',(0.0762,-0.035560747591164,0.0375617932476405));
#12040=CARTESIAN_POINT('',(0.076708,-0.035560747591164,0.0375617932476405));
#12041=CARTESIAN_POINT('',(0.076708,-0.035560747591164,0.0375617932476405));
#12042=CARTESIAN_POINT('',(0.076708,-0.035560747591164,0.0375617932476405));
#12043=CARTESIAN_POINT('',(0.076708,-0.0350325154134523,0.038028054052548));
#12044=CARTESIAN_POINT('',(0.076708,-0.0348810298354865,0.0388346655715863));
#12045=CARTESIAN_POINT('',(0.076708,-0.0367323016389379,0.0370955324427329));
#12046=CARTESIAN_POINT('',(0.0762,-0.0367323016389379,0.0370955324427329));
#12047=CARTESIAN_POINT('',(0.076708,-0.0363034203922297,0.0370955324427329));
#12048=CARTESIAN_POINT('',(0.0762,-0.0363034203922297,0.0370955324427329));
#12049=CARTESIAN_POINT('',(0.076708,-0.0359129023763051,0.0372509527110355));
#12050=CARTESIAN_POINT('',(0.0762,-0.0359129023763051,0.0372509527110355));
#12051=CARTESIAN_POINT('',(0.076708,-0.035560747591164,0.0375617932476405));
#12052=CARTESIAN_POINT('',(0.0762,-0.035560747591164,0.0375617932476405));
#12053=CARTESIAN_POINT('',(0.0762,-0.0367323016389379,0.0370955324427329));
#12054=CARTESIAN_POINT('',(0.0762,-0.0360889797688757,0.0370955324427329));
#12055=CARTESIAN_POINT('',(0.0762,-0.035560747591164,0.0375617932476405));
#12056=CARTESIAN_POINT('',(0.0762,-0.0367323016389379,0.0370955324427329));
#12057=CARTESIAN_POINT('',(0.076708,-0.0367323016389379,0.0370955324427329));
#12058=CARTESIAN_POINT('',(0.076708,-0.0367323016389379,0.0370955324427329));
#12059=CARTESIAN_POINT('',(0.076708,-0.0367323016389379,0.0370955324427329));
#12060=CARTESIAN_POINT('',(0.076708,-0.0360889797688757,0.0370955324427329));
#12061=CARTESIAN_POINT('',(0.076708,-0.035560747591164,0.0375617932476405));
#12062=CARTESIAN_POINT('',(0.076708,-0.0376323620534746,0.0374545729359634));
#12063=CARTESIAN_POINT('',(0.0762,-0.0376323620534746,0.0374545729359634));
#12064=CARTESIAN_POINT('',(0.076708,-0.0373930017246542,0.0372152126071431));
#12065=CARTESIAN_POINT('',(0.0762,-0.0373930017246542,0.0372152126071431));
#12066=CARTESIAN_POINT('',(0.076708,-0.0370929815864754,0.0370955324427329));
#12067=CARTESIAN_POINT('',(0.0762,-0.0370929815864754,0.0370955324427329));
#12068=CARTESIAN_POINT('',(0.076708,-0.0367323016389379,0.0370955324427329));
#12069=CARTESIAN_POINT('',(0.0762,-0.0367323016389379,0.0370955324427329));
#12070=CARTESIAN_POINT('',(0.0762,-0.0376323620534746,0.0374545729359634));
#12071=CARTESIAN_POINT('',(0.0762,-0.0372733215602441,0.0370955324427329));
#12072=CARTESIAN_POINT('',(0.0762,-0.0367323016389379,0.0370955324427329));
#12073=CARTESIAN_POINT('',(0.0762,-0.0376323620534746,0.0374545729359634));
#12074=CARTESIAN_POINT('',(0.076708,-0.0376323620534746,0.0374545729359634));
#12075=CARTESIAN_POINT('',(0.076708,-0.0376323620534746,0.0374545729359634));
#12076=CARTESIAN_POINT('',(0.076708,-0.0376323620534746,0.0374545729359634));
#12077=CARTESIAN_POINT('',(0.076708,-0.0372733215602441,0.0370955324427329));
#12078=CARTESIAN_POINT('',(0.076708,-0.0367323016389379,0.0370955324427329));
#12079=CARTESIAN_POINT('',(0.076708,-0.037991402546705,0.0384313598120672));
#12080=CARTESIAN_POINT('',(0.0762,-0.037991402546705,0.0384313598120672));
#12081=CARTESIAN_POINT('',(0.076708,-0.037991402546705,0.0380195288901517));
#12082=CARTESIAN_POINT('',(0.0762,-0.037991402546705,0.0380195288901517));
#12083=CARTESIAN_POINT('',(0.076708,-0.0378717223822949,0.0376939332647837));
#12084=CARTESIAN_POINT('',(0.0762,-0.0378717223822949,0.0376939332647837));
#12085=CARTESIAN_POINT('',(0.076708,-0.0376323620534746,0.0374545729359634));
#12086=CARTESIAN_POINT('',(0.0762,-0.0376323620534746,0.0374545729359634));
#12087=CARTESIAN_POINT('',(0.0762,-0.037991402546705,0.0384313598120672));
#12088=CARTESIAN_POINT('',(0.0762,-0.037991402546705,0.0378136134291939));
#12089=CARTESIAN_POINT('',(0.0762,-0.0376323620534746,0.0374545729359634));
#12090=CARTESIAN_POINT('',(0.0762,-0.037991402546705,0.0384313598120672));
#12091=CARTESIAN_POINT('',(0.076708,-0.037991402546705,0.0384313598120672));
#12092=CARTESIAN_POINT('',(0.076708,-0.037991402546705,0.0384313598120672));
#12093=CARTESIAN_POINT('',(0.076708,-0.037991402546705,0.0384313598120672));
#12094=CARTESIAN_POINT('',(0.076708,-0.037991402546705,0.0378136134291939));
#12095=CARTESIAN_POINT('',(0.076708,-0.0376323620534746,0.0374545729359634));
#12096=CARTESIAN_POINT('',(0.0767080000000005,-0.035419491933828,0.0384055461619245));
#12097=CARTESIAN_POINT('',(0.0762,-0.035419491933828,0.0384055461619245));
#12098=CARTESIAN_POINT('',(0.0762,-0.0379540229885057,0.0388464696425967));
#12099=CARTESIAN_POINT('',(0.076708,-0.0379540229885057,0.0388464696425967));
#12100=CARTESIAN_POINT('',(0.076708,-0.0379540229885057,0.0388464696425967));
#12101=CARTESIAN_POINT('',(0.076708,-0.035419491933828,0.0384055461619245));
#12102=CARTESIAN_POINT('',(0.076708,-0.0372861093038386,0.0401124562584532));
#12103=CARTESIAN_POINT('',(0.0762,-0.0372861093038386,0.0401124562584532));
#12104=CARTESIAN_POINT('',(0.076708,-0.0376382640889797,0.0398062061939077));
#12105=CARTESIAN_POINT('',(0.0762,-0.0376382640889797,0.0398062061939077));
#12106=CARTESIAN_POINT('',(0.076708,-0.0378609019838688,0.0393842106552889));
#12107=CARTESIAN_POINT('',(0.0762,-0.0378609019838688,0.0393842106552889));
#12108=CARTESIAN_POINT('',(0.076708,-0.0379540229885057,0.0388464696425967));
#12109=CARTESIAN_POINT('',(0.0762,-0.0379540229885057,0.0388464696425967));
#12110=CARTESIAN_POINT('',(0.0762,-0.0372861093038386,0.0401124562584532));
#12111=CARTESIAN_POINT('',(0.0762,-0.0378143414815503,0.039653081161635));
#12112=CARTESIAN_POINT('',(0.0762,-0.0379540229885057,0.0388464696425967));
#12113=CARTESIAN_POINT('',(0.0762,-0.0372861093038386,0.0401124562584532));
#12114=CARTESIAN_POINT('',(0.076708,-0.0372861093038386,0.0401124562584532));
#12115=CARTESIAN_POINT('',(0.076708,-0.0372861093038386,0.0401124562584532));
#12116=CARTESIAN_POINT('',(0.076708,-0.0372861093038386,0.0401124562584532));
#12117=CARTESIAN_POINT('',(0.076708,-0.0378143414815503,0.039653081161635));
#12118=CARTESIAN_POINT('',(0.076708,-0.0379540229885057,0.0388464696425967));
#12119=CARTESIAN_POINT('',(0.076708,-0.0361145552560647,0.0405718313552713));
#12120=CARTESIAN_POINT('',(0.0762,-0.0361145552560647,0.0405718313552713));
#12121=CARTESIAN_POINT('',(0.076708,-0.0365434365027728,0.0405718313552713));
#12122=CARTESIAN_POINT('',(0.0762,-0.0365434365027728,0.0405718313552713));
#12123=CARTESIAN_POINT('',(0.076708,-0.0369339545186975,0.0404187063229986));
#12124=CARTESIAN_POINT('',(0.0762,-0.0369339545186975,0.0404187063229986));
#12125=CARTESIAN_POINT('',(0.076708,-0.0372861093038386,0.0401124562584532));
#12126=CARTESIAN_POINT('',(0.0762,-0.0372861093038386,0.0401124562584532));
#12127=CARTESIAN_POINT('',(0.0762,-0.0361145552560647,0.0405718313552713));
#12128=CARTESIAN_POINT('',(0.0762,-0.0367578771261269,0.0405718313552713));
#12129=CARTESIAN_POINT('',(0.0762,-0.0372861093038386,0.0401124562584532));
#12130=CARTESIAN_POINT('',(0.0762,-0.0361145552560647,0.0405718313552713));
#12131=CARTESIAN_POINT('',(0.076708,-0.0361145552560647,0.0405718313552713));
#12132=CARTESIAN_POINT('',(0.076708,-0.0361145552560647,0.0405718313552713));
#12133=CARTESIAN_POINT('',(0.076708,-0.0361145552560647,0.0405718313552713));
#12134=CARTESIAN_POINT('',(0.076708,-0.0367578771261269,0.0405718313552713));
#12135=CARTESIAN_POINT('',(0.076708,-0.0372861093038386,0.0401124562584532));
#12136=CARTESIAN_POINT('',(0.076708,-0.0352026907705176,0.040218692897546));
#12137=CARTESIAN_POINT('',(0.0762,-0.0352026907705176,0.040218692897546));
#12138=CARTESIAN_POINT('',(0.076708,-0.035442051099338,0.0404541185360295));
#12139=CARTESIAN_POINT('',(0.0762,-0.035442051099338,0.0404541185360295));
#12140=CARTESIAN_POINT('',(0.076708,-0.0357460059278537,0.0405718313552713));
#12141=CARTESIAN_POINT('',(0.0762,-0.0357460059278537,0.0405718313552713));
#12142=CARTESIAN_POINT('',(0.076708,-0.0361145552560647,0.0405718313552713));
#12143=CARTESIAN_POINT('',(0.0762,-0.0361145552560647,0.0405718313552713));
#12144=CARTESIAN_POINT('',(0.0762,-0.0352026907705176,0.040218692897546));
#12145=CARTESIAN_POINT('',(0.0762,-0.0355617312637482,0.0405718313552713));
#12146=CARTESIAN_POINT('',(0.0762,-0.0361145552560647,0.0405718313552713));
#12147=CARTESIAN_POINT('',(0.0762,-0.0352026907705176,0.040218692897546));
#12148=CARTESIAN_POINT('',(0.076708,-0.0352026907705176,0.040218692897546));
#12149=CARTESIAN_POINT('',(0.076708,-0.0352026907705176,0.040218692897546));
#12150=CARTESIAN_POINT('',(0.076708,-0.0352026907705176,0.040218692897546));
#12151=CARTESIAN_POINT('',(0.076708,-0.0355617312637482,0.0405718313552713));
#12152=CARTESIAN_POINT('',(0.076708,-0.0361145552560647,0.0405718313552713));
#12153=CARTESIAN_POINT('',(0.076708,-0.0401436781609195,0.0388464696425967));
#12154=CARTESIAN_POINT('',(0.0762,-0.0401436781609195,0.0388464696425967));
#12155=CARTESIAN_POINT('',(0.076708,-0.0400177680701428,0.0395678295376716));
#12156=CARTESIAN_POINT('',(0.0762,-0.0400177680701428,0.0395678295376716));
#12157=CARTESIAN_POINT('',(0.076708,-0.0397702104697875,0.0402013146818919));
#12158=CARTESIAN_POINT('',(0.0762,-0.0397702104697875,0.0402013146818919));
#12159=CARTESIAN_POINT('',(0.076708,-0.0394010053598537,0.0407469250752577));
#12160=CARTESIAN_POINT('',(0.0762,-0.0394010053598537,0.0407469250752577));
#12161=CARTESIAN_POINT('',(0.076708,-0.0401436781609195,0.0388464696425967));
#12162=CARTESIAN_POINT('',(0.076708,-0.0401436781609195,0.0388464696425967));
#12163=CARTESIAN_POINT('',(0.076708,-0.0401436781609195,0.0388464696425967));
#12164=CARTESIAN_POINT('',(0.076708,-0.0399548130247544,0.039928509485209));
#12165=CARTESIAN_POINT('',(0.076708,-0.0394010053598537,0.0407469250752577));
#12166=CARTESIAN_POINT('',(0.076708,-0.0394010053598537,0.0407469250752577));
#12167=CARTESIAN_POINT('',(0.076708,-0.0394010053598537,0.0407469250752577));
#12168=CARTESIAN_POINT('',(0.0767080000000005,-0.035141194293783,0.0379604500489393));
#12169=CARTESIAN_POINT('',(0.076708,-0.0402204046224865,0.038002478565359));
#12170=CARTESIAN_POINT('',(0.076708,-0.0402204046224865,0.038002478565359));
#12171=CARTESIAN_POINT('',(0.076708,-0.035141194293783,0.0379604500489393));
#12172=CARTESIAN_POINT('',(0.076708,-0.0398987436874554,0.0365289370342377));
#12173=CARTESIAN_POINT('',(0.0762,-0.0398987436874554,0.0365289370342377));
#12174=CARTESIAN_POINT('',(0.076708,-0.0401131843108095,0.0369486373368268));
#12175=CARTESIAN_POINT('',(0.0762,-0.0401131843108095,0.0369486373368268));
#12176=CARTESIAN_POINT('',(0.076708,-0.0402204046224865,0.0374398178472006));
#12177=CARTESIAN_POINT('',(0.0762,-0.0402204046224865,0.0374398178472006));
#12178=CARTESIAN_POINT('',(0.076708,-0.0402204046224865,0.038002478565359));
#12179=CARTESIAN_POINT('',(0.0762,-0.0402204046224865,0.038002478565359));
#12180=CARTESIAN_POINT('',(0.076708,-0.0398987436874554,0.0365289370342377));
#12181=CARTESIAN_POINT('',(0.076708,-0.0398987436874554,0.0365289370342377));
#12182=CARTESIAN_POINT('',(0.076708,-0.0398987436874554,0.0365289370342377));
#12183=CARTESIAN_POINT('',(0.076708,-0.0402204046224865,0.0371584874881214));
#12184=CARTESIAN_POINT('',(0.076708,-0.0402204046224865,0.038002478565359));
#12185=CARTESIAN_POINT('',(0.076708,-0.0390045853084239,0.0355600195388076));
#12186=CARTESIAN_POINT('',(0.0762,-0.0390045853084239,0.0355600195388076));
#12187=CARTESIAN_POINT('',(0.076708,-0.0393862502710908,0.035786264233172));
#12188=CARTESIAN_POINT('',(0.0762,-0.0393862502710908,0.035786264233172));
#12189=CARTESIAN_POINT('',(0.076708,-0.0396843030641013,0.0361092367316487));
#12190=CARTESIAN_POINT('',(0.0762,-0.0396843030641013,0.0361092367316487));
#12191=CARTESIAN_POINT('',(0.076708,-0.0398987436874554,0.0365289370342377));
#12192=CARTESIAN_POINT('',(0.0762,-0.0398987436874554,0.0365289370342377));
#12193=CARTESIAN_POINT('',(0.076708,-0.0390045853084239,0.0355600195388076));
#12194=CARTESIAN_POINT('',(0.076708,-0.0390045853084239,0.0355600195388076));
#12195=CARTESIAN_POINT('',(0.076708,-0.0390045853084239,0.0355600195388076));
#12196=CARTESIAN_POINT('',(0.076708,-0.0395770827524243,0.0358993865803542));
#12197=CARTESIAN_POINT('',(0.076708,-0.0398987436874554,0.0365289370342377));
#12198=CARTESIAN_POINT('',(0.076708,-0.0376884313907735,0.035220652497261));
#12199=CARTESIAN_POINT('',(0.0762,-0.0376884313907735,0.035220652497261));
#12200=CARTESIAN_POINT('',(0.076708,-0.0381842023732069,0.035220652497261));
#12201=CARTESIAN_POINT('',(0.0762,-0.0381842023732069,0.035220652497261));
#12202=CARTESIAN_POINT('',(0.076708,-0.038622920345757,0.0353337748444432));
#12203=CARTESIAN_POINT('',(0.0762,-0.038622920345757,0.0353337748444432));
#12204=CARTESIAN_POINT('',(0.076708,-0.0390045853084239,0.0355600195388076));
#12205=CARTESIAN_POINT('',(0.0762,-0.0390045853084239,0.0355600195388076));
#12206=CARTESIAN_POINT('',(0.076708,-0.0376884313907735,0.035220652497261));
#12207=CARTESIAN_POINT('',(0.076708,-0.0376884313907735,0.035220652497261));
#12208=CARTESIAN_POINT('',(0.076708,-0.0376884313907735,0.035220652497261));
#12209=CARTESIAN_POINT('',(0.076708,-0.0384320878644236,0.035220652497261));
#12210=CARTESIAN_POINT('',(0.076708,-0.0390045853084239,0.0355600195388076));
#12211=CARTESIAN_POINT('',(0.076708,-0.0363417836230132,0.0355226399806082));
#12212=CARTESIAN_POINT('',(0.0762,-0.0363417836230132,0.0355226399806082));
#12213=CARTESIAN_POINT('',(0.076708,-0.0367450893825324,0.03532131499171));
#12214=CARTESIAN_POINT('',(0.0762,-0.0367450893825324,0.03532131499171));
#12215=CARTESIAN_POINT('',(0.076708,-0.0371939719717858,0.035220652497261));
#12216=CARTESIAN_POINT('',(0.0762,-0.0371939719717858,0.035220652497261));
#12217=CARTESIAN_POINT('',(0.076708,-0.0376884313907735,0.035220652497261));
#12218=CARTESIAN_POINT('',(0.0762,-0.0376884313907735,0.035220652497261));
#12219=CARTESIAN_POINT('',(0.076708,-0.0363417836230132,0.0355226399806082));
#12220=CARTESIAN_POINT('',(0.076708,-0.0363417836230132,0.0355226399806082));
#12221=CARTESIAN_POINT('',(0.076708,-0.0363417836230132,0.0355226399806082));
#12222=CARTESIAN_POINT('',(0.076708,-0.036946742262292,0.035220652497261));
#12223=CARTESIAN_POINT('',(0.076708,-0.0376884313907735,0.035220652497261));
#12224=CARTESIAN_POINT('',(0.0767080000000001,-0.0376466046126828,0.0381937062004097));
#12225=CARTESIAN_POINT('',(0.076708,-0.0353336806638091,0.0363273494151512));
#12226=CARTESIAN_POINT('',(0.076708,-0.0353336806638091,0.0363273494151512));
#12227=CARTESIAN_POINT('',(0.076708,-0.0376466046126828,0.0381937062004097));
#12228=CARTESIAN_POINT('',(0.076708,-0.0354220497567927,0.0358246274639555));
#12229=CARTESIAN_POINT('',(0.076708,-0.0355105802893701,0.0353209871008486));
#12230=CARTESIAN_POINT('',(0.076708,-0.0355105802893701,0.0353209871008486));
#12231=CARTESIAN_POINT('',(0.076708,-0.0354220497567927,0.0358246274639555));
#12232=CARTESIAN_POINT('',(0.076708,-0.0344344424822629,0.0353209871008486));
#12233=CARTESIAN_POINT('',(0.076708,-0.0333583046751557,0.0353209871008486));
#12234=CARTESIAN_POINT('',(0.076708,-0.0333583046751557,0.0353209871008486));
#12235=CARTESIAN_POINT('',(0.076708,-0.0344344424822629,0.0353209871008486));
#12236=CARTESIAN_POINT('',(0.076708,-0.0325330033770177,0.0399796604595871));
#12237=CARTESIAN_POINT('',(0.076708,-0.0317077020788797,0.0446383338183255));
#12238=CARTESIAN_POINT('',(0.076708,-0.0317077020788797,0.0446383338183255));
#12239=CARTESIAN_POINT('',(0.076708,-0.0325330033770177,0.0399796604595871));
#12240=CARTESIAN_POINT('',(0.076708,-0.032784823558571,0.0446383338183255));
#12241=CARTESIAN_POINT('',(0.076708,-0.0338619450382625,0.0446383338183255));
#12242=CARTESIAN_POINT('',(0.076708,-0.0338619450382625,0.0446383338183255));
#12243=CARTESIAN_POINT('',(0.076708,-0.032784823558571,0.0446383338183255));
#12244=CARTESIAN_POINT('',(0.076708,-0.0341511447780152,0.0430074046737334));
#12245=CARTESIAN_POINT('',(0.076708,-0.034440344517768,0.0413764755291413));
#12246=CARTESIAN_POINT('',(0.076708,-0.034440344517768,0.0413764755291413));
#12247=CARTESIAN_POINT('',(0.076708,-0.0341511447780152,0.0430074046737334));
#12248=CARTESIAN_POINT('',(0.076708,-0.0352026907705176,0.0421575115609906));
#12249=CARTESIAN_POINT('',(0.0762,-0.0352026907705176,0.0421575115609906));
#12250=CARTESIAN_POINT('',(0.076708,-0.0348544706757133,0.0419647117344887));
#12251=CARTESIAN_POINT('',(0.0762,-0.0348544706757133,0.0419647117344887));
#12252=CARTESIAN_POINT('',(0.076708,-0.0346003552581301,0.041704366390539));
#12253=CARTESIAN_POINT('',(0.0762,-0.0346003552581301,0.041704366390539));
#12254=CARTESIAN_POINT('',(0.076708,-0.034440344517768,0.0413764755291413));
#12255=CARTESIAN_POINT('',(0.0762,-0.034440344517768,0.0413764755291413));
#12256=CARTESIAN_POINT('',(0.076708,-0.0352026907705176,0.0421575115609906));
#12257=CARTESIAN_POINT('',(0.076708,-0.0352026907705176,0.0421575115609906));
#12258=CARTESIAN_POINT('',(0.076708,-0.0352026907705176,0.0421575115609906));
#12259=CARTESIAN_POINT('',(0.076708,-0.0346803606283112,0.0418683118212378));
#12260=CARTESIAN_POINT('',(0.076708,-0.034440344517768,0.0413764755291413));
#12261=CARTESIAN_POINT('',(0.076708,-0.0364175264119961,0.0424467113007434));
#12262=CARTESIAN_POINT('',(0.0762,-0.0364175264119961,0.0424467113007434));
#12263=CARTESIAN_POINT('',(0.076708,-0.0359558560791482,0.0424467113007434));
#12264=CARTESIAN_POINT('',(0.0762,-0.0359558560791482,0.0424467113007434));
#12265=CARTESIAN_POINT('',(0.076708,-0.035550910865322,0.0423503113874924));
#12266=CARTESIAN_POINT('',(0.0762,-0.035550910865322,0.0423503113874924));
#12267=CARTESIAN_POINT('',(0.076708,-0.0352026907705176,0.0421575115609906));
#12268=CARTESIAN_POINT('',(0.0762,-0.0352026907705176,0.0421575115609906));
#12269=CARTESIAN_POINT('',(0.076708,-0.0364175264119961,0.0424467113007434));
#12270=CARTESIAN_POINT('',(0.076708,-0.0364175264119961,0.0424467113007434));
#12271=CARTESIAN_POINT('',(0.076708,-0.0364175264119961,0.0424467113007434));
#12272=CARTESIAN_POINT('',(0.076708,-0.0357250209127242,0.0424467113007434));
#12273=CARTESIAN_POINT('',(0.076708,-0.0352026907705176,0.0421575115609906));
#12274=CARTESIAN_POINT('',(0.076708,-0.0364154939205701,0.0391448397882684));
#12275=CARTESIAN_POINT('',(0.076708,-0.0380661616631037,0.0420060259830249));
#12276=CARTESIAN_POINT('',(0.076708,-0.0380661616631037,0.0420060259830249));
#12277=CARTESIAN_POINT('',(0.076708,-0.0364154939205701,0.0391448397882684));
#12278=CARTESIAN_POINT('',(0.076708,-0.0394010053598537,0.0407469250752577));
#12279=CARTESIAN_POINT('',(0.0762,-0.0394010053598537,0.0407469250752577));
#12280=CARTESIAN_POINT('',(0.076708,-0.0390318002499199,0.0412925354686235));
#12281=CARTESIAN_POINT('',(0.0762,-0.0390318002499199,0.0412925354686235));
#12282=CARTESIAN_POINT('',(0.076708,-0.0385868523510032,0.0417122357712125));
#12283=CARTESIAN_POINT('',(0.0762,-0.0385868523510032,0.0417122357712125));
#12284=CARTESIAN_POINT('',(0.076708,-0.0380661616631037,0.0420060259830249));
#12285=CARTESIAN_POINT('',(0.0762,-0.0380661616631037,0.0420060259830249));
#12286=CARTESIAN_POINT('',(0.076708,-0.0394010053598537,0.0407469250752577));
#12287=CARTESIAN_POINT('',(0.076708,-0.038847197694953,0.0415653406653064));
#12288=CARTESIAN_POINT('',(0.076708,-0.0380661616631037,0.0420060259830249));
#12289=CARTESIAN_POINT('',(0.076708,-0.0348436502772872,0.0392497754021158));
#12290=CARTESIAN_POINT('',(0.0762,-0.0348436502772872,0.0392497754021158));
#12291=CARTESIAN_POINT('',(0.076708,-0.0348436502772872,0.0396602947605857));
#12292=CARTESIAN_POINT('',(0.0762,-0.0348436502772872,0.0396602947605857));
#12293=CARTESIAN_POINT('',(0.076708,-0.0349633304416973,0.0399832672590625));
#12294=CARTESIAN_POINT('',(0.0762,-0.0349633304416973,0.0399832672590625));
#12295=CARTESIAN_POINT('',(0.076708,-0.0352026907705176,0.040218692897546));
#12296=CARTESIAN_POINT('',(0.0762,-0.0352026907705176,0.040218692897546));
#12297=CARTESIAN_POINT('',(0.0762,-0.0348436502772872,0.0392497754021158));
#12298=CARTESIAN_POINT('',(0.0762,-0.0348436502772872,0.0398655544398207));
#12299=CARTESIAN_POINT('',(0.0762,-0.0352026907705176,0.040218692897546));
#12300=CARTESIAN_POINT('',(0.076708,-0.0348436502772872,0.0392497754021158));
#12301=CARTESIAN_POINT('',(0.076708,-0.0348436502772872,0.0398655544398207));
#12302=CARTESIAN_POINT('',(0.076708,-0.0352026907705176,0.040218692897546));
#12303=CARTESIAN_POINT('',(0.076708,1.39703063931999E-17,0.0254));
#12304=CARTESIAN_POINT('',(0.0762,0.,0.0508));
#12305=CARTESIAN_POINT('',(0.076708,-0.0288307806748831,0.0398050759213917));
#12306=CARTESIAN_POINT('',(0.0762,-0.0288307806748831,0.0398050759213917));
#12307=CARTESIAN_POINT('',(0.0762,-0.026634358222263,0.0394386405382809));
#12308=CARTESIAN_POINT('',(0.0762,-0.0266083434024227,0.0396766893036556));
#12309=CARTESIAN_POINT('',(0.076708,-0.026634358222263,0.0394386405382809));
#12310=CARTESIAN_POINT('',(0.076708,-0.026634358222263,0.0394386405382809));
#12311=CARTESIAN_POINT('',(0.076708,-0.0288307806748831,0.0398050759213917));
#12312=CARTESIAN_POINT('',(0.076708,-0.0266083434024227,0.0396766893036556));
#12313=CARTESIAN_POINT('',(0.076708,-0.0266083434024227,0.0396766893036556));
#12314=CARTESIAN_POINT('',(0.076708,-0.0279874523654614,0.0394386405382809));
#12315=CARTESIAN_POINT('',(0.0762,-0.0279874523654614,0.0394386405382809));
#12316=CARTESIAN_POINT('',(0.0762,-0.0293409858413111,0.0394386405382809));
#12317=CARTESIAN_POINT('',(0.076708,-0.0293409858413111,0.0394386405382809));
#12318=CARTESIAN_POINT('',(0.076708,-0.0293409858413111,0.0394386405382809));
#12319=CARTESIAN_POINT('',(0.076708,-0.0279874523654614,0.0394386405382809));
#12320=CARTESIAN_POINT('',(0.076708,-0.0287301251665272,0.0403888682546114));
#12321=CARTESIAN_POINT('',(0.0762,-0.0287301251665272,0.0403888682546114));
#12322=CARTESIAN_POINT('',(0.076708,-0.0290114555256064,0.040165902468861));
#12323=CARTESIAN_POINT('',(0.0762,-0.0290114555256064,0.040165902468861));
#12324=CARTESIAN_POINT('',(0.076708,-0.0292150757505344,0.0398491598967508));
#12325=CARTESIAN_POINT('',(0.0762,-0.0292150757505344,0.0398491598967508));
#12326=CARTESIAN_POINT('',(0.076708,-0.0293409858413111,0.0394386405382809));
#12327=CARTESIAN_POINT('',(0.0762,-0.0293409858413111,0.0394386405382809));
#12328=CARTESIAN_POINT('',(0.0762,-0.0287301251665272,0.0403888682546114));
#12329=CARTESIAN_POINT('',(0.0762,-0.029152120705146,0.0400544195759858));
#12330=CARTESIAN_POINT('',(0.0762,-0.0293409858413111,0.0394386405382809));
#12331=CARTESIAN_POINT('',(0.0762,-0.0287301251665272,0.0403888682546114));
#12332=CARTESIAN_POINT('',(0.076708,-0.0287301251665272,0.0403888682546114));
#12333=CARTESIAN_POINT('',(0.076708,-0.0287301251665272,0.0403888682546114));
#12334=CARTESIAN_POINT('',(0.076708,-0.0287301251665272,0.0403888682546114));
#12335=CARTESIAN_POINT('',(0.076708,-0.029152120705146,0.0400544195759858));
#12336=CARTESIAN_POINT('',(0.076708,-0.0293409858413111,0.0394386405382809));
#12337=CARTESIAN_POINT('',(0.076708,-0.0277781544370792,0.0391976465865981));
#12338=CARTESIAN_POINT('',(0.0762,-0.0277781544370792,0.0391976465865981));
#12339=CARTESIAN_POINT('',(0.0762,-0.0277533382904235,0.0407233169332371));
#12340=CARTESIAN_POINT('',(0.076708,-0.0277533382904235,0.0407233169332371));
#12341=CARTESIAN_POINT('',(0.076708,-0.0277533382904235,0.0407233169332371));
#12342=CARTESIAN_POINT('',(0.076708,-0.0277781544370792,0.0391976465865981));
#12343=CARTESIAN_POINT('',(0.076708,-0.0269231186293645,0.0404518232999998));
#12344=CARTESIAN_POINT('',(0.0762,-0.0269231186293645,0.0404518232999998));
#12345=CARTESIAN_POINT('',(0.076708,-0.027132968780659,0.0406328190554913));
#12346=CARTESIAN_POINT('',(0.0762,-0.027132968780659,0.0406328190554913));
#12347=CARTESIAN_POINT('',(0.076708,-0.0274097086676787,0.0407233169332371));
#12348=CARTESIAN_POINT('',(0.0762,-0.0274097086676787,0.0407233169332371));
#12349=CARTESIAN_POINT('',(0.076708,-0.0277533382904235,0.0407233169332371));
#12350=CARTESIAN_POINT('',(0.0762,-0.0277533382904235,0.0407233169332371));
#12351=CARTESIAN_POINT('',(0.0762,-0.0269231186293645,0.0404518232999998));
#12352=CARTESIAN_POINT('',(0.0762,-0.0272378938563063,0.0407233169332371));
#12353=CARTESIAN_POINT('',(0.0762,-0.0277533382904235,0.0407233169332371));
#12354=CARTESIAN_POINT('',(0.0762,-0.0269231186293645,0.0404518232999998));
#12355=CARTESIAN_POINT('',(0.076708,-0.0269231186293645,0.0404518232999998));
#12356=CARTESIAN_POINT('',(0.076708,-0.0269231186293645,0.0404518232999998));
#12357=CARTESIAN_POINT('',(0.076708,-0.0269231186293645,0.0404518232999998));
#12358=CARTESIAN_POINT('',(0.076708,-0.0272378938563063,0.0407233169332371));
#12359=CARTESIAN_POINT('',(0.076708,-0.0277533382904235,0.0407233169332371));
#12360=CARTESIAN_POINT('',(0.076708,-0.0274129875762926,0.0424467113007434));
#12361=CARTESIAN_POINT('',(0.0762,-0.0274129875762926,0.0424467113007434));
#12362=CARTESIAN_POINT('',(0.076708,-0.0265066972353894,0.0424467113007434));
#12363=CARTESIAN_POINT('',(0.0762,-0.0265066972353894,0.0424467113007434));
#12364=CARTESIAN_POINT('',(0.076708,-0.0257869767946215,0.0422014489364179));
#12365=CARTESIAN_POINT('',(0.0762,-0.0257869767946215,0.0422014489364179));
#12366=CARTESIAN_POINT('',(0.076708,-0.0252538262539889,0.0417109242077669));
#12367=CARTESIAN_POINT('',(0.0762,-0.0252538262539889,0.0417109242077669));
#12368=CARTESIAN_POINT('',(0.076708,-0.0274129875762926,0.0424467113007434));
#12369=CARTESIAN_POINT('',(0.076708,-0.0274129875762926,0.0424467113007434));
#12370=CARTESIAN_POINT('',(0.076708,-0.0274129875762926,0.0424467113007434));
#12371=CARTESIAN_POINT('',(0.076708,-0.0260535520649378,0.0424467113007434));
#12372=CARTESIAN_POINT('',(0.076708,-0.0252538262539889,0.0417109242077669));
#12373=CARTESIAN_POINT('',(0.076708,-0.0252538262539889,0.0417109242077669));
#12374=CARTESIAN_POINT('',(0.076708,-0.0252538262539889,0.0417109242077669));
#12375=CARTESIAN_POINT('',(0.076708,-0.0293409858413111,0.0420060259830249));
#12376=CARTESIAN_POINT('',(0.0762,-0.0293409858413111,0.0420060259830249));
#12377=CARTESIAN_POINT('',(0.076708,-0.0287534054176864,0.0422998161948372));
#12378=CARTESIAN_POINT('',(0.0762,-0.0287534054176864,0.0422998161948372));
#12379=CARTESIAN_POINT('',(0.076708,-0.0281107393293469,0.0424467113007434));
#12380=CARTESIAN_POINT('',(0.0762,-0.0281107393293469,0.0424467113007434));
#12381=CARTESIAN_POINT('',(0.076708,-0.0274129875762926,0.0424467113007434));
#12382=CARTESIAN_POINT('',(0.0762,-0.0274129875762926,0.0424467113007434));
#12383=CARTESIAN_POINT('',(0.076708,-0.0293409858413111,0.0420060259830249));
#12384=CARTESIAN_POINT('',(0.076708,-0.0293409858413111,0.0420060259830249));
#12385=CARTESIAN_POINT('',(0.076708,-0.0293409858413111,0.0420060259830249));
#12386=CARTESIAN_POINT('',(0.076708,-0.0284596152058741,0.0424467113007434));
#12387=CARTESIAN_POINT('',(0.076708,-0.0274129875762926,0.0424467113007434));
#12388=CARTESIAN_POINT('',(0.0767080000000001,-0.0275523054695898,0.0384267079480941));
#12389=CARTESIAN_POINT('',(0.076708,-0.0308135436998482,0.0407469250752577));
#12390=CARTESIAN_POINT('',(0.076708,-0.0308135436998482,0.0407469250752577));
#12391=CARTESIAN_POINT('',(0.076708,-0.0275523054695898,0.0384267079480941));
#12392=CARTESIAN_POINT('',(0.076708,-0.0315935960591133,0.0388346655715863));
#12393=CARTESIAN_POINT('',(0.0762,-0.0315935960591133,0.0388346655715863));
#12394=CARTESIAN_POINT('',(0.076708,-0.0314676859683366,0.0395638948473348));
#12395=CARTESIAN_POINT('',(0.0762,-0.0314676859683366,0.0395638948473348));
#12396=CARTESIAN_POINT('',(0.076708,-0.0312076685152482,0.0402013146818919));
#12397=CARTESIAN_POINT('',(0.0762,-0.0312076685152482,0.0402013146818919));
#12398=CARTESIAN_POINT('',(0.076708,-0.0308135436998482,0.0407469250752577));
#12399=CARTESIAN_POINT('',(0.0762,-0.0308135436998482,0.0407469250752577));
#12400=CARTESIAN_POINT('',(0.076708,-0.0315935960591133,0.0388346655715863));
#12401=CARTESIAN_POINT('',(0.076708,-0.0315935960591133,0.0388346655715863));
#12402=CARTESIAN_POINT('',(0.076708,-0.0315935960591133,0.0388346655715863));
#12403=CARTESIAN_POINT('',(0.076708,-0.0314047309229482,0.039928509485209));
#12404=CARTESIAN_POINT('',(0.076708,-0.0308135436998482,0.0407469250752577));
#12405=CARTESIAN_POINT('',(0.0767080000000004,-0.027211001400382,0.038007875723297));
#12406=CARTESIAN_POINT('',(0.076708,-0.0316703225206803,0.038028054052548));
#12407=CARTESIAN_POINT('',(0.076708,-0.0316703225206803,0.038028054052548));
#12408=CARTESIAN_POINT('',(0.076708,-0.027211001400382,0.038007875723297));
#12409=CARTESIAN_POINT('',(0.076708,-0.0308578089661368,0.0359761130419212));
#12410=CARTESIAN_POINT('',(0.0762,-0.0308578089661368,0.0359761130419212));
#12411=CARTESIAN_POINT('',(0.076708,-0.0313994846691658,0.0364797534050281));
#12412=CARTESIAN_POINT('',(0.0762,-0.0313994846691658,0.0364797534050281));
#12413=CARTESIAN_POINT('',(0.076708,-0.0316703225206803,0.0371637337419037));
#12414=CARTESIAN_POINT('',(0.0762,-0.0316703225206803,0.0371637337419037));
#12415=CARTESIAN_POINT('',(0.076708,-0.0316703225206803,0.038028054052548));
#12416=CARTESIAN_POINT('',(0.0762,-0.0316703225206803,0.038028054052548));
#12417=CARTESIAN_POINT('',(0.076708,-0.0308578089661368,0.0359761130419212));
#12418=CARTESIAN_POINT('',(0.076708,-0.0308578089661368,0.0359761130419212));
#12419=CARTESIAN_POINT('',(0.076708,-0.0308578089661368,0.0359761130419212));
#12420=CARTESIAN_POINT('',(0.076708,-0.0316703225206803,0.0367315735865816));
#12421=CARTESIAN_POINT('',(0.076708,-0.0316703225206803,0.038028054052548));
#12422=CARTESIAN_POINT('',(0.076708,-0.0286858599002385,0.035220652497261));
#12423=CARTESIAN_POINT('',(0.0762,-0.0286858599002385,0.035220652497261));
#12424=CARTESIAN_POINT('',(0.076708,-0.0295921502411417,0.035220652497261));
#12425=CARTESIAN_POINT('',(0.0762,-0.0295921502411417,0.035220652497261));
#12426=CARTESIAN_POINT('',(0.076708,-0.0303161332631079,0.0354724726788144));
#12427=CARTESIAN_POINT('',(0.0762,-0.0303161332631079,0.0354724726788144));
#12428=CARTESIAN_POINT('',(0.076708,-0.0308578089661368,0.0359761130419212));
#12429=CARTESIAN_POINT('',(0.0762,-0.0308578089661368,0.0359761130419212));
#12430=CARTESIAN_POINT('',(0.076708,-0.0286858599002385,0.035220652497261));
#12431=CARTESIAN_POINT('',(0.076708,-0.0286858599002385,0.035220652497261));
#12432=CARTESIAN_POINT('',(0.076708,-0.0286858599002385,0.035220652497261));
#12433=CARTESIAN_POINT('',(0.076708,-0.0300452954115934,0.035220652497261));
#12434=CARTESIAN_POINT('',(0.076708,-0.0308578089661368,0.0359761130419212));
#12435=CARTESIAN_POINT('',(0.076708,-0.0263939027790687,0.0359003702529384));
#12436=CARTESIAN_POINT('',(0.0762,-0.0263939027790687,0.0359003702529384));
#12437=CARTESIAN_POINT('',(0.076708,-0.0270732926438846,0.0354472250824868));
#12438=CARTESIAN_POINT('',(0.0762,-0.0270732926438846,0.0354472250824868));
#12439=CARTESIAN_POINT('',(0.076708,-0.0278372783509413,0.035220652497261));
#12440=CARTESIAN_POINT('',(0.0762,-0.0278372783509413,0.035220652497261));
#12441=CARTESIAN_POINT('',(0.076708,-0.0286858599002385,0.035220652497261));
#12442=CARTESIAN_POINT('',(0.0762,-0.0286858599002385,0.035220652497261));
#12443=CARTESIAN_POINT('',(0.076708,-0.0263939027790687,0.0359003702529384));
#12444=CARTESIAN_POINT('',(0.076708,-0.0263939027790687,0.0359003702529384));
#12445=CARTESIAN_POINT('',(0.076708,-0.0263939027790687,0.0359003702529384));
#12446=CARTESIAN_POINT('',(0.076708,-0.0274129875762926,0.035220652497261));
#12447=CARTESIAN_POINT('',(0.076708,-0.0286858599002385,0.035220652497261));
#12448=CARTESIAN_POINT('',(0.076708,-0.0249203612479474,0.0376503237802179));
#12449=CARTESIAN_POINT('',(0.0762,-0.0249203612479474,0.0376503237802179));
#12450=CARTESIAN_POINT('',(0.076708,-0.0252233324038789,0.0369368332658165));
#12451=CARTESIAN_POINT('',(0.0762,-0.0252233324038789,0.0369368332658165));
#12452=CARTESIAN_POINT('',(0.076708,-0.0257145129142526,0.03635351542339));
#12453=CARTESIAN_POINT('',(0.0762,-0.0257145129142526,0.03635351542339));
#12454=CARTESIAN_POINT('',(0.076708,-0.0263939027790687,0.0359003702529384));
#12455=CARTESIAN_POINT('',(0.0762,-0.0263939027790687,0.0359003702529384));
#12456=CARTESIAN_POINT('',(0.076708,-0.0249203612479474,0.0376503237802179));
#12457=CARTESIAN_POINT('',(0.076708,-0.0249203612479474,0.0376503237802179));
#12458=CARTESIAN_POINT('',(0.076708,-0.0249203612479474,0.0376503237802179));
#12459=CARTESIAN_POINT('',(0.076708,-0.0253748179818446,0.0365800880086158));
#12460=CARTESIAN_POINT('',(0.076708,-0.0263939027790687,0.0359003702529384));
#12461=CARTESIAN_POINT('',(0.076708,-0.0260663398085323,0.0376503237802179));
#12462=CARTESIAN_POINT('',(0.076708,-0.0272123183691172,0.0376503237802179));
#12463=CARTESIAN_POINT('',(0.076708,-0.0272123183691172,0.0376503237802179));
#12464=CARTESIAN_POINT('',(0.076708,-0.0260663398085323,0.0376503237802179));
#12465=CARTESIAN_POINT('',(0.076708,-0.0284458437896954,0.0369696223519562));
#12466=CARTESIAN_POINT('',(0.0762,-0.0284458437896954,0.0369696223519562));
#12467=CARTESIAN_POINT('',(0.076708,-0.0279094143404488,0.0369696223519562));
#12468=CARTESIAN_POINT('',(0.0762,-0.0279094143404488,0.0369696223519562));
#12469=CARTESIAN_POINT('',(0.076708,-0.0274982392002561,0.0371965228280435));
#12470=CARTESIAN_POINT('',(0.0762,-0.0274982392002561,0.0371965228280435));
#12471=CARTESIAN_POINT('',(0.076708,-0.0272123183691172,0.0376503237802179));
#12472=CARTESIAN_POINT('',(0.0762,-0.0272123183691172,0.0376503237802179));
#12473=CARTESIAN_POINT('',(0.076708,-0.0284458437896954,0.0369696223519562));
#12474=CARTESIAN_POINT('',(0.076708,-0.0284458437896954,0.0369696223519562));
#12475=CARTESIAN_POINT('',(0.076708,-0.0284458437896954,0.0369696223519562));
#12476=CARTESIAN_POINT('',(0.076708,-0.0276411996158254,0.0369696223519562));
#12477=CARTESIAN_POINT('',(0.076708,-0.0272123183691172,0.0376503237802179));
#12478=CARTESIAN_POINT('',(0.076708,-0.0292514716361495,0.0372598057642932));
#12479=CARTESIAN_POINT('',(0.0762,-0.0292514716361495,0.0372598057642932));
#12480=CARTESIAN_POINT('',(0.076708,-0.0290501466472513,0.0370663501560686));
#12481=CARTESIAN_POINT('',(0.0762,-0.0290501466472513,0.0370663501560686));
#12482=CARTESIAN_POINT('',(0.076708,-0.0287816040317666,0.0369696223519562));
#12483=CARTESIAN_POINT('',(0.0762,-0.0287816040317666,0.0369696223519562));
#12484=CARTESIAN_POINT('',(0.076708,-0.0284458437896954,0.0369696223519562));
#12485=CARTESIAN_POINT('',(0.0762,-0.0284458437896954,0.0369696223519562));
#12486=CARTESIAN_POINT('',(0.076708,-0.0292514716361495,0.0372598057642932));
#12487=CARTESIAN_POINT('',(0.076708,-0.0292514716361495,0.0372598057642932));
#12488=CARTESIAN_POINT('',(0.076708,-0.0292514716361495,0.0372598057642932));
#12489=CARTESIAN_POINT('',(0.076708,-0.0289494841528022,0.0369696223519562));
#12490=CARTESIAN_POINT('',(0.076708,-0.0284458437896954,0.0369696223519562));
#12491=CARTESIAN_POINT('',(0.076708,-0.0295534591194968,0.0381028131689467));
#12492=CARTESIAN_POINT('',(0.0762,-0.0295534591194968,0.0381028131689467));
#12493=CARTESIAN_POINT('',(0.076708,-0.0295534591194968,0.0377342638407357));
#12494=CARTESIAN_POINT('',(0.0762,-0.0295534591194968,0.0377342638407357));
#12495=CARTESIAN_POINT('',(0.076708,-0.0294527966250477,0.0374532613725179));
#12496=CARTESIAN_POINT('',(0.0762,-0.0294527966250477,0.0374532613725179));
#12497=CARTESIAN_POINT('',(0.076708,-0.0292514716361495,0.0372598057642932));
#12498=CARTESIAN_POINT('',(0.0762,-0.0292514716361495,0.0372598057642932));
#12499=CARTESIAN_POINT('',(0.076708,-0.0295534591194968,0.0381028131689467));
#12500=CARTESIAN_POINT('',(0.076708,-0.0295534591194968,0.0381028131689467));
#12501=CARTESIAN_POINT('',(0.076708,-0.0295534591194968,0.0381028131689467));
#12502=CARTESIAN_POINT('',(0.076708,-0.0295534591194968,0.0375499891766302));
#12503=CARTESIAN_POINT('',(0.076708,-0.0292514716361495,0.0372598057642932));
#12504=CARTESIAN_POINT('',(0.0767080000000009,-0.0277259884052391,0.0381409869487569));
#12505=CARTESIAN_POINT('',(0.076708,-0.0295422428573836,0.0383428292794898));
#12506=CARTESIAN_POINT('',(0.076708,-0.0295422428573836,0.0383428292794898));
#12507=CARTESIAN_POINT('',(0.076708,-0.0277259884052391,0.0381409869487569));
#12508=CARTESIAN_POINT('',(0.076708,-0.0271050980574402,0.0383428292794898));
#12509=CARTESIAN_POINT('',(0.076708,-0.0246687882962437,0.0383428292794898));
#12510=CARTESIAN_POINT('',(0.076708,-0.0246687882962437,0.0383428292794898));
#12511=CARTESIAN_POINT('',(0.076708,-0.0271050980574402,0.0383428292794898));
#12512=CARTESIAN_POINT('',(0.0767080000000009,-0.0295861765932519,0.0398802199053259));
#12513=CARTESIAN_POINT('',(0.076708,-0.0245170554884283,0.0389605756623631));
#12514=CARTESIAN_POINT('',(0.076708,-0.0245167190097464,0.0389605151402775));
#12515=CARTESIAN_POINT('',(0.076708,-0.0295861765932519,0.0398802199053259));
#12516=CARTESIAN_POINT('',(0.0767080000000004,-0.0284170276232764,0.0396580624533123));
#12517=CARTESIAN_POINT('',(0.076708,-0.0244541004430399,0.0397022647908447));
#12518=CARTESIAN_POINT('',(0.076708,-0.0244541004430399,0.0397022647908447));
#12519=CARTESIAN_POINT('',(0.076708,-0.0284170276232764,0.0396580624533123));
#12520=CARTESIAN_POINT('',(0.076708,-0.0252538262539889,0.0417109242077669));
#12521=CARTESIAN_POINT('',(0.0762,-0.0252538262539889,0.0417109242077669));
#12522=CARTESIAN_POINT('',(0.076708,-0.0247206757133562,0.041220399479116));
#12523=CARTESIAN_POINT('',(0.0762,-0.0247206757133562,0.041220399479116));
#12524=CARTESIAN_POINT('',(0.076708,-0.0244541004430399,0.0405508463401419));
#12525=CARTESIAN_POINT('',(0.0762,-0.0244541004430399,0.0405508463401419));
#12526=CARTESIAN_POINT('',(0.076708,-0.0244541004430399,0.0397022647908447));
#12527=CARTESIAN_POINT('',(0.0762,-0.0244541004430399,0.0397022647908447));
#12528=CARTESIAN_POINT('',(0.076708,-0.0252538262539889,0.0417109242077669));
#12529=CARTESIAN_POINT('',(0.076708,-0.0244541004430399,0.0409751371147905));
#12530=CARTESIAN_POINT('',(0.076708,-0.0244541004430399,0.0397022647908447));
#12531=CARTESIAN_POINT('',(0.076708,-0.0266083434024227,0.0396766893036556));
#12532=CARTESIAN_POINT('',(0.0762,-0.0266083434024227,0.0396766893036556));
#12533=CARTESIAN_POINT('',(0.076708,-0.0266083434024227,0.0400124495457268));
#12534=CARTESIAN_POINT('',(0.0762,-0.0266083434024227,0.0400124495457268));
#12535=CARTESIAN_POINT('',(0.076708,-0.02671326847807,0.0402708275445082));
#12536=CARTESIAN_POINT('',(0.0762,-0.02671326847807,0.0402708275445082));
#12537=CARTESIAN_POINT('',(0.076708,-0.0269231186293645,0.0404518232999998));
#12538=CARTESIAN_POINT('',(0.0762,-0.0269231186293645,0.0404518232999998));
#12539=CARTESIAN_POINT('',(0.0762,-0.0266083434024227,0.0396766893036556));
#12540=CARTESIAN_POINT('',(0.0762,-0.0266083434024227,0.0401803296667625));
#12541=CARTESIAN_POINT('',(0.0762,-0.0269231186293645,0.0404518232999998));
#12542=CARTESIAN_POINT('',(0.076708,-0.0266083434024227,0.0396766893036556));
#12543=CARTESIAN_POINT('',(0.076708,-0.0266083434024227,0.0401803296667625));
#12544=CARTESIAN_POINT('',(0.076708,-0.0269231186293645,0.0404518232999998));
#12545=CARTESIAN_POINT('',(0.076708,1.39703063931999E-17,0.0254));
#12546=CARTESIAN_POINT('',(0.0762,0.,0.0508));
#12547=CARTESIAN_POINT('',(0.076708,-0.0162227282585122,0.0433536574233694));
#12548=CARTESIAN_POINT('',(0.0762,-0.0162227282585122,0.0433536574233694));
#12549=CARTESIAN_POINT('',(0.076708,-0.0166332476169821,0.0433785771288356));
#12550=CARTESIAN_POINT('',(0.0762,-0.0166332476169821,0.0433785771288356));
#12551=CARTESIAN_POINT('',(0.076708,-0.0169329398642996,0.0433198846646454));
#12552=CARTESIAN_POINT('',(0.0762,-0.0169329398642996,0.0433198846646454));
#12553=CARTESIAN_POINT('',(0.076708,-0.0171218050004646,0.0431775800307988));
#12554=CARTESIAN_POINT('',(0.0762,-0.0171218050004646,0.0431775800307988));
#12555=CARTESIAN_POINT('',(0.076708,-0.0162227282585122,0.0433536574233694));
#12556=CARTESIAN_POINT('',(0.076708,-0.0162227282585122,0.0433536574233694));
#12557=CARTESIAN_POINT('',(0.076708,-0.0162227282585122,0.0433536574233694));
#12558=CARTESIAN_POINT('',(0.076708,-0.016838507296217,0.0433910369815687));
#12559=CARTESIAN_POINT('',(0.076708,-0.0171218050004646,0.0431775800307988));
#12560=CARTESIAN_POINT('',(0.076708,-0.0171218050004646,0.0431775800307988));
#12561=CARTESIAN_POINT('',(0.076708,-0.0171218050004646,0.0431775800307988));
#12562=CARTESIAN_POINT('',(0.076708,-0.0160653406450413,0.0442665055815005));
#12563=CARTESIAN_POINT('',(0.076708,-0.0159078529694461,0.0451799340999524));
#12564=CARTESIAN_POINT('',(0.076708,-0.0159079530315704,0.0451793537396317));
#12565=CARTESIAN_POINT('',(0.076708,-0.0160653406450413,0.0442665055815005));
#12566=CARTESIAN_POINT('',(0.076708000000001,-0.0161967202422723,0.0420083884148111));
#12567=CARTESIAN_POINT('',(0.076708,-0.0162463364005328,0.0451931251558104));
#12568=CARTESIAN_POINT('',(0.076708,-0.0162463364005328,0.0451931251558104));
#12569=CARTESIAN_POINT('',(0.076708,-0.0161967202422723,0.0420083884148111));
#12570=CARTESIAN_POINT('',(0.076708,-0.018545179229792,0.0445193094356382));
#12571=CARTESIAN_POINT('',(0.0762,-0.018545179229792,0.0445193094356382));
#12572=CARTESIAN_POINT('',(0.076708,-0.0179700586589005,0.044968519915753));
#12573=CARTESIAN_POINT('',(0.0762,-0.0179700586589005,0.044968519915753));
#12574=CARTESIAN_POINT('',(0.076708,-0.0172037777158141,0.0451931251558104));
#12575=CARTESIAN_POINT('',(0.0762,-0.0172037777158141,0.0451931251558104));
#12576=CARTESIAN_POINT('',(0.076708,-0.0162463364005328,0.0451931251558104));
#12577=CARTESIAN_POINT('',(0.0762,-0.0162463364005328,0.0451931251558104));
#12578=CARTESIAN_POINT('',(0.076708,-0.018545179229792,0.0445193094356382));
#12579=CARTESIAN_POINT('',(0.076708,-0.018545179229792,0.0445193094356382));
#12580=CARTESIAN_POINT('',(0.076708,-0.018545179229792,0.0445193094356382));
#12581=CARTESIAN_POINT('',(0.076708,-0.0176824983734547,0.0451931251558104));
#12582=CARTESIAN_POINT('',(0.076708,-0.0162463364005328,0.0451931251558104));
#12583=CARTESIAN_POINT('',(0.076708,-0.0196459088515041,0.0425490132494994));
#12584=CARTESIAN_POINT('',(0.0762,-0.0196459088515041,0.0425490132494994));
#12585=CARTESIAN_POINT('',(0.076708,-0.0194872096745876,0.0434133335601437));
#12586=CARTESIAN_POINT('',(0.0762,-0.0194872096745876,0.0434133335601437));
#12587=CARTESIAN_POINT('',(0.076708,-0.0191202998006836,0.0440700989555233));
#12588=CARTESIAN_POINT('',(0.0762,-0.0191202998006836,0.0440700989555233));
#12589=CARTESIAN_POINT('',(0.076708,-0.018545179229792,0.0445193094356382));
#12590=CARTESIAN_POINT('',(0.0762,-0.018545179229792,0.0445193094356382));
#12591=CARTESIAN_POINT('',(0.076708,-0.0196459088515041,0.0425490132494994));
#12592=CARTESIAN_POINT('',(0.076708,-0.0196459088515041,0.0425490132494994));
#12593=CARTESIAN_POINT('',(0.076708,-0.0196459088515041,0.0425490132494994));
#12594=CARTESIAN_POINT('',(0.076708,-0.0194078600861293,0.0438454937154659));
#12595=CARTESIAN_POINT('',(0.076708,-0.018545179229792,0.0445193094356382));
#12596=CARTESIAN_POINT('',(0.076708,-0.019665582303188,0.0424476949733275));
#12597=CARTESIAN_POINT('',(0.076708,-0.0196852557548718,0.0423463766971557));
#12598=CARTESIAN_POINT('',(0.076708,-0.0196852557548718,0.0423463766971557));
#12599=CARTESIAN_POINT('',(0.076708,-0.019665582303188,0.0424476949733275));
#12600=CARTESIAN_POINT('',(0.076708,-0.0200747900982123,0.0423463766971557));
#12601=CARTESIAN_POINT('',(0.076708,-0.0204643244415528,0.0423463766971557));
#12602=CARTESIAN_POINT('',(0.076708,-0.0204643244415528,0.0423463766971557));
#12603=CARTESIAN_POINT('',(0.076708,-0.0200747900982123,0.0423463766971557));
#12604=CARTESIAN_POINT('',(0.076708,-0.0206217120550237,0.0414522183181242));
#12605=CARTESIAN_POINT('',(0.076708,-0.0207790996684946,0.0405580599390926));
#12606=CARTESIAN_POINT('',(0.076708,-0.0207790996684946,0.0405580599390926));
#12607=CARTESIAN_POINT('',(0.076708,-0.0206217120550237,0.0414522183181242));
#12608=CARTESIAN_POINT('',(0.076708,-0.0203895653251541,0.0405580599390926));
#12609=CARTESIAN_POINT('',(0.076708,-0.0200000309818136,0.0405580599390926));
#12610=CARTESIAN_POINT('',(0.076708,-0.0200000309818136,0.0405580599390926));
#12611=CARTESIAN_POINT('',(0.076708,-0.0203895653251541,0.0405580599390926));
#12612=CARTESIAN_POINT('',(0.076708,-0.0204594060786318,0.0379395235199707));
#12613=CARTESIAN_POINT('',(0.076708,-0.02091878117545,0.0353209871008486));
#12614=CARTESIAN_POINT('',(0.076708,-0.02091878117545,0.0353209871008486));
#12615=CARTESIAN_POINT('',(0.076708,-0.0204594060786318,0.0379395235199707));
#12616=CARTESIAN_POINT('',(0.076708,-0.0198357576602534,0.0353209871008486));
#12617=CARTESIAN_POINT('',(0.076708,-0.0187527341450568,0.0353209871008486));
#12618=CARTESIAN_POINT('',(0.076708,-0.0187527341450568,0.0353209871008486));
#12619=CARTESIAN_POINT('',(0.076708,-0.0198357576602534,0.0353209871008486));
#12620=CARTESIAN_POINT('',(0.076708,-0.0182933590482386,0.0379395235199707));
#12621=CARTESIAN_POINT('',(0.076708,-0.0178339839514205,0.0405580599390926));
#12622=CARTESIAN_POINT('',(0.076708,-0.0178339839514205,0.0405580599390926));
#12623=CARTESIAN_POINT('',(0.076708,-0.0182933590482386,0.0379395235199707));
#12624=CARTESIAN_POINT('',(0.076708,-0.0172546007993308,0.0405580599390926));
#12625=CARTESIAN_POINT('',(0.076708,-0.016675217647241,0.0405580599390926));
#12626=CARTESIAN_POINT('',(0.076708,-0.016675217647241,0.0405580599390926));
#12627=CARTESIAN_POINT('',(0.076708,-0.0172546007993308,0.0405580599390926));
#12628=CARTESIAN_POINT('',(0.076708,-0.0165178300337701,0.0414522183181241));
#12629=CARTESIAN_POINT('',(0.076708,-0.0163604424202992,0.0423463766971557));
#12630=CARTESIAN_POINT('',(0.076708,-0.0163604424202992,0.0423463766971557));
#12631=CARTESIAN_POINT('',(0.076708,-0.0165178300337701,0.0414522183181241));
#12632=CARTESIAN_POINT('',(0.076708,-0.016939825572389,0.0423463766971557));
#12633=CARTESIAN_POINT('',(0.076708,-0.0175192087244786,0.0423463766971557));
#12634=CARTESIAN_POINT('',(0.076708,-0.0175192087244786,0.0423463766971557));
#12635=CARTESIAN_POINT('',(0.076708,-0.016939825572389,0.0423463766971557));
#12636=CARTESIAN_POINT('',(0.076708,-0.0175123230163893,0.0423778542198498));
#12637=CARTESIAN_POINT('',(0.076708,-0.0175054373083,0.042409331742544));
#12638=CARTESIAN_POINT('',(0.076708,-0.0175054373083,0.042409331742544));
#12639=CARTESIAN_POINT('',(0.076708,-0.0175123230163893,0.0423778542198498));
#12640=CARTESIAN_POINT('',(0.076708,-0.0171218050004646,0.0431775800307988));
#12641=CARTESIAN_POINT('',(0.0762,-0.0171218050004646,0.0431775800307988));
#12642=CARTESIAN_POINT('',(0.076708,-0.0173106701366297,0.0430352753969522));
#12643=CARTESIAN_POINT('',(0.0762,-0.0173106701366297,0.0430352753969522));
#12644=CARTESIAN_POINT('',(0.076708,-0.0174385475725748,0.0427791926342006));
#12645=CARTESIAN_POINT('',(0.0762,-0.0174385475725748,0.0427791926342006));
#12646=CARTESIAN_POINT('',(0.076708,-0.0175054373083,0.042409331742544));
#12647=CARTESIAN_POINT('',(0.0762,-0.0175054373083,0.042409331742544));
#12648=CARTESIAN_POINT('',(0.076708,-0.0171218050004646,0.0431775800307988));
#12649=CARTESIAN_POINT('',(0.076708,-0.0174051027047123,0.0429641230800289));
#12650=CARTESIAN_POINT('',(0.076708,-0.0175054373083,0.042409331742544));
#12651=CARTESIAN_POINT('',(0.076708,1.39703063931999E-17,0.0254));
#12652=CARTESIAN_POINT('',(0.076708,-0.0130729541846174,0.0386017975038629));
#12653=CARTESIAN_POINT('',(0.0762,-0.0130729541846174,0.0386017975038629));
#12654=CARTESIAN_POINT('',(0.0762,-0.0130867800601046,0.0370719243007124));
#12655=CARTESIAN_POINT('',(0.0762,-0.012135543402882,0.0373925668452682));
#12656=CARTESIAN_POINT('',(0.076708,-0.0130867800601046,0.0370719243007124));
#12657=CARTESIAN_POINT('',(0.076708,-0.0130867800601046,0.0370719243007124));
#12658=CARTESIAN_POINT('',(0.076708,-0.0130729541846174,0.0386017975038629));
#12659=CARTESIAN_POINT('',(0.07670799975,-0.0121355434028812,0.0373925668452672));
#12660=CARTESIAN_POINT('',(0.076708,-0.0121355686711899,0.0373926015631593));
#12661=CARTESIAN_POINT('',(0.076708,-0.0139297874647581,0.0374053893067538));
#12662=CARTESIAN_POINT('',(0.0762,-0.0139297874647581,0.0374053893067538));
#12663=CARTESIAN_POINT('',(0.076708,-0.0137114121510672,0.0371830793027262));
#12664=CARTESIAN_POINT('',(0.0762,-0.0137114121510672,0.0371830793027262));
#12665=CARTESIAN_POINT('',(0.076708,-0.0134304096828494,0.0370719243007124));
#12666=CARTESIAN_POINT('',(0.0762,-0.0134304096828494,0.0370719243007124));
#12667=CARTESIAN_POINT('',(0.076708,-0.0130867800601046,0.0370719243007124));
#12668=CARTESIAN_POINT('',(0.0762,-0.0130867800601046,0.0370719243007124));
#12669=CARTESIAN_POINT('',(0.0762,-0.0139297874647581,0.0374053893067538));
#12670=CARTESIAN_POINT('',(0.0762,-0.0136022244942218,0.0370719243007124));
#12671=CARTESIAN_POINT('',(0.0762,-0.0130867800601046,0.0370719243007124));
#12672=CARTESIAN_POINT('',(0.0762,-0.0139297874647581,0.0374053893067538));
#12673=CARTESIAN_POINT('',(0.076708,-0.0139297874647581,0.0374053893067538));
#12674=CARTESIAN_POINT('',(0.076708,-0.0139297874647581,0.0374053893067538));
#12675=CARTESIAN_POINT('',(0.076708,-0.0139297874647581,0.0374053893067538));
#12676=CARTESIAN_POINT('',(0.076708,-0.0136022244942218,0.0370719243007124));
#12677=CARTESIAN_POINT('',(0.076708,-0.0130867800601046,0.0370719243007124));
#12678=CARTESIAN_POINT('',(0.076708,-0.0142573504352944,0.0383546333505001));
#12679=CARTESIAN_POINT('',(0.0762,-0.0142573504352944,0.0383546333505001));
#12680=CARTESIAN_POINT('',(0.076708,-0.0142573504352944,0.0379441139920302));
#12681=CARTESIAN_POINT('',(0.0762,-0.0142573504352944,0.0379441139920302));
#12682=CARTESIAN_POINT('',(0.076708,-0.014148162778449,0.0376276993107814));
#12683=CARTESIAN_POINT('',(0.0762,-0.014148162778449,0.0376276993107814));
#12684=CARTESIAN_POINT('',(0.076708,-0.0139297874647581,0.0374053893067538));
#12685=CARTESIAN_POINT('',(0.0762,-0.0139297874647581,0.0374053893067538));
#12686=CARTESIAN_POINT('',(0.0762,-0.0142573504352944,0.0383546333505001));
#12687=CARTESIAN_POINT('',(0.0762,-0.0142573504352944,0.0377388543127953));
#12688=CARTESIAN_POINT('',(0.0762,-0.0139297874647581,0.0374053893067538));
#12689=CARTESIAN_POINT('',(0.0762,-0.0142573504352944,0.0383546333505001));
#12690=CARTESIAN_POINT('',(0.076708,-0.0142573504352944,0.0383546333505001));
#12691=CARTESIAN_POINT('',(0.076708,-0.0142573504352944,0.0383546333505001));
#12692=CARTESIAN_POINT('',(0.076708,-0.0142573504352944,0.0383546333505001));
#12693=CARTESIAN_POINT('',(0.076708,-0.0142573504352944,0.0377388543127953));
#12694=CARTESIAN_POINT('',(0.076708,-0.0139297874647581,0.0374053893067538));
#12695=CARTESIAN_POINT('',(0.0767080000000001,-0.0115886738683249,0.0383625334943631));
#12696=CARTESIAN_POINT('',(0.0762,-0.0115886738683249,0.0383625334943631));
#12697=CARTESIAN_POINT('',(0.0762,-0.01403110574093,0.0394376568656967));
#12698=CARTESIAN_POINT('',(0.076708,-0.01403110574093,0.0394376568656967));
#12699=CARTESIAN_POINT('',(0.076708,-0.01403110574093,0.0394376568656967));
#12700=CARTESIAN_POINT('',(0.076708,-0.0115886738683249,0.0383625334943631));
#12701=CARTESIAN_POINT('',(0.076708,-0.0133956532515413,0.0402757459074292));
#12702=CARTESIAN_POINT('',(0.0762,-0.0133956532515413,0.0402757459074292));
#12703=CARTESIAN_POINT('',(0.076708,-0.0136684584482242,0.0400613052840751));
#12704=CARTESIAN_POINT('',(0.0762,-0.0136684584482242,0.0400613052840751));
#12705=CARTESIAN_POINT('',(0.076708,-0.0138802759446871,0.0397819422701643));
#12706=CARTESIAN_POINT('',(0.0762,-0.0138802759446871,0.0397819422701643));
#12707=CARTESIAN_POINT('',(0.076708,-0.01403110574093,0.0394376568656967));
#12708=CARTESIAN_POINT('',(0.0762,-0.01403110574093,0.0394376568656967));
#12709=CARTESIAN_POINT('',(0.0762,-0.0133956532515413,0.0402757459074292));
#12710=CARTESIAN_POINT('',(0.0762,-0.0138048610465656,0.0399540849723981));
#12711=CARTESIAN_POINT('',(0.0762,-0.01403110574093,0.0394376568656967));
#12712=CARTESIAN_POINT('',(0.0762,-0.0133956532515413,0.0402757459074292));
#12713=CARTESIAN_POINT('',(0.076708,-0.0133956532515413,0.0402757459074292));
#12714=CARTESIAN_POINT('',(0.076708,-0.0133956532515413,0.0402757459074292));
#12715=CARTESIAN_POINT('',(0.076708,-0.0133956532515413,0.0402757459074292));
#12716=CARTESIAN_POINT('',(0.076708,-0.0138048610465656,0.0399540849723981));
#12717=CARTESIAN_POINT('',(0.076708,-0.01403110574093,0.0394376568656967));
#12718=CARTESIAN_POINT('',(0.076708,-0.0124454255352108,0.0405974068424603));
#12719=CARTESIAN_POINT('',(0.0762,-0.0124454255352108,0.0405974068424603));
#12720=CARTESIAN_POINT('',(0.076708,-0.0128061054827482,0.0405974068424603));
#12721=CARTESIAN_POINT('',(0.0762,-0.0128061054827482,0.0405974068424603));
#12722=CARTESIAN_POINT('',(0.076708,-0.0131228480548584,0.0404901865307833));
#12723=CARTESIAN_POINT('',(0.0762,-0.0131228480548584,0.0404901865307833));
#12724=CARTESIAN_POINT('',(0.076708,-0.0133956532515413,0.0402757459074292));
#12725=CARTESIAN_POINT('',(0.0762,-0.0133956532515413,0.0402757459074292));
#12726=CARTESIAN_POINT('',(0.0762,-0.0124454255352108,0.0405974068424603));
#12727=CARTESIAN_POINT('',(0.0762,-0.012986445456517,0.0405974068424603));
#12728=CARTESIAN_POINT('',(0.0762,-0.0133956532515413,0.0402757459074292));
#12729=CARTESIAN_POINT('',(0.0762,-0.0124454255352108,0.0405974068424603));
#12730=CARTESIAN_POINT('',(0.076708,-0.0124454255352108,0.0405974068424603));
#12731=CARTESIAN_POINT('',(0.076708,-0.0124454255352108,0.0405974068424603));
#12732=CARTESIAN_POINT('',(0.076708,-0.0124454255352108,0.0405974068424603));
#12733=CARTESIAN_POINT('',(0.076708,-0.012986445456517,0.0405974068424603));
#12734=CARTESIAN_POINT('',(0.076708,-0.0133956532515413,0.0402757459074292));
#12735=CARTESIAN_POINT('',(0.076708,-0.0115886467143786,0.0402570561283295));
#12736=CARTESIAN_POINT('',(0.0762,-0.0115886467143786,0.0402570561283295));
#12737=CARTESIAN_POINT('',(0.076708,-0.011814891408743,0.0404839566044167));
#12738=CARTESIAN_POINT('',(0.0762,-0.011814891408743,0.0404839566044167));
#12739=CARTESIAN_POINT('',(0.076708,-0.0121004843490204,0.0405974068424603));
#12740=CARTESIAN_POINT('',(0.0762,-0.0121004843490204,0.0405974068424603));
#12741=CARTESIAN_POINT('',(0.076708,-0.0124454255352108,0.0405974068424603));
#12742=CARTESIAN_POINT('',(0.0762,-0.0124454255352108,0.0405974068424603));
#12743=CARTESIAN_POINT('',(0.0762,-0.0115886467143786,0.0402570561283295));
#12744=CARTESIAN_POINT('',(0.0762,-0.0119280137559252,0.0405974068424603));
#12745=CARTESIAN_POINT('',(0.0762,-0.0124454255352108,0.0405974068424603));
#12746=CARTESIAN_POINT('',(0.0762,-0.0115886467143786,0.0402570561283295));
#12747=CARTESIAN_POINT('',(0.076708,-0.0115886467143786,0.0402570561283295));
#12748=CARTESIAN_POINT('',(0.076708,-0.0115886467143786,0.0402570561283295));
#12749=CARTESIAN_POINT('',(0.076708,-0.0115886467143786,0.0402570561283295));
#12750=CARTESIAN_POINT('',(0.076708,-0.0119280137559252,0.0405974068424603));
#12751=CARTESIAN_POINT('',(0.076708,-0.0124454255352108,0.0405974068424603));
#12752=CARTESIAN_POINT('',(0.076708,-0.011249279672832,0.0392871549603152));
#12753=CARTESIAN_POINT('',(0.0762,-0.011249279672832,0.0392871549603152));
#12754=CARTESIAN_POINT('',(0.076708,-0.011249279672832,0.0397068552629042));
#12755=CARTESIAN_POINT('',(0.0762,-0.011249279672832,0.0397068552629042));
#12756=CARTESIAN_POINT('',(0.076708,-0.0113624020200142,0.0400301556522423));
#12757=CARTESIAN_POINT('',(0.0762,-0.0113624020200142,0.0400301556522423));
#12758=CARTESIAN_POINT('',(0.076708,-0.0115886467143786,0.0402570561283295));
#12759=CARTESIAN_POINT('',(0.0762,-0.0115886467143786,0.0402570561283295));
#12760=CARTESIAN_POINT('',(0.0762,-0.011249279672832,0.0392871549603152));
#12761=CARTESIAN_POINT('',(0.0762,-0.011249279672832,0.0399167054141987));
#12762=CARTESIAN_POINT('',(0.0762,-0.0115886467143786,0.0402570561283295));
#12763=CARTESIAN_POINT('',(0.0762,-0.011249279672832,0.0392871549603152));
#12764=CARTESIAN_POINT('',(0.076708,-0.011249279672832,0.0392871549603152));
#12765=CARTESIAN_POINT('',(0.076708,-0.011249279672832,0.0392871549603152));
#12766=CARTESIAN_POINT('',(0.076708,-0.011249279672832,0.0392871549603152));
#12767=CARTESIAN_POINT('',(0.076708,-0.011249279672832,0.0399167054141987));
#12768=CARTESIAN_POINT('',(0.076708,-0.0115886467143786,0.0402570561283295));
#12769=CARTESIAN_POINT('',(0.0767080000000001,-0.0137863586300871,0.0392835013045685));
#12770=CARTESIAN_POINT('',(0.0762,-0.0137863586300871,0.0392835013045685));
#12771=CARTESIAN_POINT('',(0.0762,-0.0114817960441645,0.0382229864699699));
#12772=CARTESIAN_POINT('',(0.076708,-0.0114814264027015,0.0382228212242183));
#12773=CARTESIAN_POINT('',(0.076708,-0.0114817960441645,0.0382229864699699));
#12774=CARTESIAN_POINT('',(0.076708,-0.0137863586300871,0.0392835013045685));
#12775=CARTESIAN_POINT('',(0.076708,-0.0133897512160361,0.035220652497261));
#12776=CARTESIAN_POINT('',(0.0762,-0.0133897512160361,0.035220652497261));
#12777=CARTESIAN_POINT('',(0.076708,-0.0139930704010079,0.035220652497261));
#12778=CARTESIAN_POINT('',(0.0762,-0.0139930704010079,0.035220652497261));
#12779=CARTESIAN_POINT('',(0.076708,-0.0145298277411159,0.0353423000068395));
#12780=CARTESIAN_POINT('',(0.0762,-0.0145298277411159,0.0353423000068395));
#12781=CARTESIAN_POINT('',(0.076708,-0.0150000232363602,0.0355855950259966));
#12782=CARTESIAN_POINT('',(0.0762,-0.0150000232363602,0.0355855950259966));
#12783=CARTESIAN_POINT('',(0.076708,-0.0133897512160361,0.035220652497261));
#12784=CARTESIAN_POINT('',(0.076708,-0.0133897512160361,0.035220652497261));
#12785=CARTESIAN_POINT('',(0.076708,-0.0133897512160361,0.035220652497261));
#12786=CARTESIAN_POINT('',(0.076708,-0.0142947299934937,0.035220652497261));
#12787=CARTESIAN_POINT('',(0.076708,-0.0150000232363602,0.0355855950259966));
#12788=CARTESIAN_POINT('',(0.076708,-0.0150000232363602,0.0355855950259966));
#12789=CARTESIAN_POINT('',(0.076708,-0.0150000232363602,0.0355855950259966));
#12790=CARTESIAN_POINT('',(0.076708,-0.0111666511757597,0.0357744601621617));
#12791=CARTESIAN_POINT('',(0.0762,-0.0111666511757597,0.0357744601621617));
#12792=CARTESIAN_POINT('',(0.076708,-0.0118342369695654,0.0354052550522279));
#12793=CARTESIAN_POINT('',(0.0762,-0.0118342369695654,0.0354052550522279));
#12794=CARTESIAN_POINT('',(0.076708,-0.0125752703163242,0.035220652497261));
#12795=CARTESIAN_POINT('',(0.0762,-0.0125752703163242,0.035220652497261));
#12796=CARTESIAN_POINT('',(0.076708,-0.0133897512160361,0.035220652497261));
#12797=CARTESIAN_POINT('',(0.0762,-0.0133897512160361,0.035220652497261));
#12798=CARTESIAN_POINT('',(0.076708,-0.0111666511757597,0.0357744601621617));
#12799=CARTESIAN_POINT('',(0.076708,-0.0111666511757597,0.0357744601621617));
#12800=CARTESIAN_POINT('',(0.076708,-0.0111666511757597,0.0357744601621617));
#12801=CARTESIAN_POINT('',(0.076708,-0.0121680298664683,0.035220652497261));
#12802=CARTESIAN_POINT('',(0.076708,-0.0133897512160361,0.035220652497261));
#12803=CARTESIAN_POINT('',(0.076708,-0.0131138472206551,0.0393541585080103));
#12804=CARTESIAN_POINT('',(0.076708,-0.00959277504105083,0.0373040710305819));
#12805=CARTESIAN_POINT('',(0.076708,-0.00959277504105083,0.0373040710305819));
#12806=CARTESIAN_POINT('',(0.076708,-0.0131138472206551,0.0393541585080103));
#12807=CARTESIAN_POINT('',(0.076708,-0.00902027759705046,0.0394878241674905));
#12808=CARTESIAN_POINT('',(0.0762,-0.00902027759705046,0.0394878241674905));
#12809=CARTESIAN_POINT('',(0.076708,-0.00902027759705046,0.0386825242118978));
#12810=CARTESIAN_POINT('',(0.0762,-0.00902027759705046,0.0386825242118978));
#12811=CARTESIAN_POINT('',(0.076708,-0.00921111007838392,0.0379546064995949));
#12812=CARTESIAN_POINT('',(0.0762,-0.00921111007838392,0.0379546064995949));
#12813=CARTESIAN_POINT('',(0.076708,-0.00959277504105083,0.0373040710305819));
#12814=CARTESIAN_POINT('',(0.0762,-0.00959277504105083,0.0373040710305819));
#12815=CARTESIAN_POINT('',(0.076708,-0.00902027759705046,0.0394878241674905));
#12816=CARTESIAN_POINT('',(0.076708,-0.00902027759705046,0.0394878241674905));
#12817=CARTESIAN_POINT('',(0.076708,-0.00902027759705046,0.0394878241674905));
#12818=CARTESIAN_POINT('',(0.076708,-0.00902027759705046,0.0382798742341015));
#12819=CARTESIAN_POINT('',(0.076708,-0.00959277504105083,0.0373040710305819));
#12820=CARTESIAN_POINT('',(0.076708,-0.00941079561297511,0.0410371084875946));
#12821=CARTESIAN_POINT('',(0.0762,-0.00941079561297511,0.0410371084875946));
#12822=CARTESIAN_POINT('',(0.076708,-0.00915045026902534,0.0405918326978166));
#12823=CARTESIAN_POINT('',(0.0762,-0.00915045026902534,0.0405918326978166));
#12824=CARTESIAN_POINT('',(0.076708,-0.00902027759705046,0.0400754045911152));
#12825=CARTESIAN_POINT('',(0.0762,-0.00902027759705046,0.0400754045911152));
#12826=CARTESIAN_POINT('',(0.076708,-0.00902027759705046,0.0394878241674905));
#12827=CARTESIAN_POINT('',(0.0762,-0.00902027759705046,0.0394878241674905));
#12828=CARTESIAN_POINT('',(0.076708,-0.00941079561297511,0.0410371084875946));
#12829=CARTESIAN_POINT('',(0.076708,-0.00941079561297511,0.0410371084875946));
#12830=CARTESIAN_POINT('',(0.076708,-0.00941079561297511,0.0410371084875946));
#12831=CARTESIAN_POINT('',(0.076708,-0.00902027759705046,0.0403691948029275));
#12832=CARTESIAN_POINT('',(0.076708,-0.00902027759705046,0.0394878241674905));
#12833=CARTESIAN_POINT('',(0.076708,-0.0105125089072714,0.0420758667365025));
#12834=CARTESIAN_POINT('',(0.0762,-0.0105125089072714,0.0420758667365025));
#12835=CARTESIAN_POINT('',(0.076708,-0.0100383787216903,0.0418286370270087));
#12836=CARTESIAN_POINT('',(0.0762,-0.0100383787216903,0.0418286370270087));
#12837=CARTESIAN_POINT('',(0.076708,-0.00967114095692488,0.0414823842773727));
#12838=CARTESIAN_POINT('',(0.0762,-0.00967114095692488,0.0414823842773727));
#12839=CARTESIAN_POINT('',(0.076708,-0.00941079561297511,0.0410371084875946));
#12840=CARTESIAN_POINT('',(0.0762,-0.00941079561297511,0.0410371084875946));
#12841=CARTESIAN_POINT('',(0.076708,-0.0105125089072714,0.0420758667365025));
#12842=CARTESIAN_POINT('',(0.076708,-0.0105125089072714,0.0420758667365025));
#12843=CARTESIAN_POINT('',(0.076708,-0.0105125089072714,0.0420758667365025));
#12844=CARTESIAN_POINT('',(0.076708,-0.00980131362889976,0.0417050221722618));
#12845=CARTESIAN_POINT('',(0.076708,-0.00941079561297511,0.0410371084875946));
#12846=CARTESIAN_POINT('',(0.076708,-0.012130650308269,0.0424467113007434));
#12847=CARTESIAN_POINT('',(0.0762,-0.012130650308269,0.0424467113007434));
#12848=CARTESIAN_POINT('',(0.076708,-0.0115260195598516,0.0424467113007434));
#12849=CARTESIAN_POINT('',(0.0762,-0.0115260195598516,0.0424467113007434));
#12850=CARTESIAN_POINT('',(0.076708,-0.0109866390928524,0.0423230964459964));
#12851=CARTESIAN_POINT('',(0.0762,-0.0109866390928524,0.0423230964459964));
#12852=CARTESIAN_POINT('',(0.076708,-0.0105125089072714,0.0420758667365025));
#12853=CARTESIAN_POINT('',(0.0762,-0.0105125089072714,0.0420758667365025));
#12854=CARTESIAN_POINT('',(0.076708,-0.012130650308269,0.0424467113007434));
#12855=CARTESIAN_POINT('',(0.076708,-0.012130650308269,0.0424467113007434));
#12856=CARTESIAN_POINT('',(0.076708,-0.012130650308269,0.0424467113007434));
#12857=CARTESIAN_POINT('',(0.076708,-0.0112237041856429,0.0424467113007434));
#12858=CARTESIAN_POINT('',(0.076708,-0.0105125089072714,0.0420758667365025));
#12859=CARTESIAN_POINT('',(0.076708,-0.0143458809678718,0.0418870016003375));
#12860=CARTESIAN_POINT('',(0.0762,-0.0143458809678718,0.0418870016003375));
#12861=CARTESIAN_POINT('',(0.076708,-0.0136822298644029,0.0422601414006081));
#12862=CARTESIAN_POINT('',(0.0762,-0.0136822298644029,0.0422601414006081));
#12863=CARTESIAN_POINT('',(0.076708,-0.0129438196445353,0.0424467113007434));
#12864=CARTESIAN_POINT('',(0.0762,-0.0129438196445353,0.0424467113007434));
#12865=CARTESIAN_POINT('',(0.076708,-0.012130650308269,0.0424467113007434));
#12866=CARTESIAN_POINT('',(0.0762,-0.012130650308269,0.0424467113007434));
#12867=CARTESIAN_POINT('',(0.076708,-0.0143458809678718,0.0418870016003375));
#12868=CARTESIAN_POINT('',(0.076708,-0.0143458809678718,0.0418870016003375));
#12869=CARTESIAN_POINT('',(0.076708,-0.0143458809678718,0.0418870016003375));
#12870=CARTESIAN_POINT('',(0.076708,-0.0133504043126684,0.0424467113007434));
#12871=CARTESIAN_POINT('',(0.076708,-0.012130650308269,0.0424467113007434));
#12872=CARTESIAN_POINT('',(0.076708,-0.0123726727944591,0.0383254633020617));
#12873=CARTESIAN_POINT('',(0.076708,-0.0159079530315704,0.0403446029883227));
#12874=CARTESIAN_POINT('',(0.076708,-0.0159079530315704,0.0403446029883227));
#12875=CARTESIAN_POINT('',(0.076708,-0.0123726727944591,0.0383254633020617));
#12876=CARTESIAN_POINT('',(0.076708,-0.0164745484400656,0.038165768214335));
#12877=CARTESIAN_POINT('',(0.0762,-0.0164745484400656,0.038165768214335));
#12878=CARTESIAN_POINT('',(0.076708,-0.0164745484400656,0.0389631987892542));
#12879=CARTESIAN_POINT('',(0.0762,-0.0164745484400656,0.0389631987892542));
#12880=CARTESIAN_POINT('',(0.076708,-0.0162856833039005,0.0396894770472501));
#12881=CARTESIAN_POINT('',(0.0762,-0.0162856833039005,0.0396894770472501));
#12882=CARTESIAN_POINT('',(0.076708,-0.0159079530315704,0.0403446029883227));
#12883=CARTESIAN_POINT('',(0.0762,-0.0159079530315704,0.0403446029883227));
#12884=CARTESIAN_POINT('',(0.076708,-0.0164745484400656,0.038165768214335));
#12885=CARTESIAN_POINT('',(0.076708,-0.0164745484400656,0.038165768214335));
#12886=CARTESIAN_POINT('',(0.076708,-0.0164745484400656,0.038165768214335));
#12887=CARTESIAN_POINT('',(0.076708,-0.0164745484400656,0.0393619140767138));
#12888=CARTESIAN_POINT('',(0.076708,-0.0159079530315704,0.0403446029883227));
#12889=CARTESIAN_POINT('',(0.076708,-0.0160899324596461,0.0366174675668152));
#12890=CARTESIAN_POINT('',(0.0762,-0.0160899324596461,0.0366174675668152));
#12891=CARTESIAN_POINT('',(0.076708,-0.0163463431132591,0.0370620875748704));
#12892=CARTESIAN_POINT('',(0.0762,-0.0163463431132591,0.0370620875748704));
#12893=CARTESIAN_POINT('',(0.076708,-0.0164745484400656,0.0375781877907104));
#12894=CARTESIAN_POINT('',(0.0762,-0.0164745484400656,0.0375781877907104));
#12895=CARTESIAN_POINT('',(0.076708,-0.0164745484400656,0.038165768214335));
#12896=CARTESIAN_POINT('',(0.0762,-0.0164745484400656,0.038165768214335));
#12897=CARTESIAN_POINT('',(0.076708,-0.0160899324596461,0.0366174675668152));
#12898=CARTESIAN_POINT('',(0.076708,-0.0160899324596461,0.0366174675668152));
#12899=CARTESIAN_POINT('',(0.076708,-0.0160899324596461,0.0366174675668152));
#12900=CARTESIAN_POINT('',(0.076708,-0.0164745484400656,0.037284397578898));
#12901=CARTESIAN_POINT('',(0.076708,-0.0164745484400656,0.038165768214335));
#12902=CARTESIAN_POINT('',(0.076708,-0.013825613139791,0.0379207137587347));
#12903=CARTESIAN_POINT('',(0.076708,-0.013825613139791,0.0379207137587347));
#12904=CARTESIAN_POINT('',(0.0767080000000001,-0.0134320923291219,0.0390836353358413));
#12905=CARTESIAN_POINT('',(0.0762,-0.0134320923291219,0.0390836353358413));
#12906=CARTESIAN_POINT('',(0.076708,-0.0134320923291219,0.0390836353358413));
#12907=CARTESIAN_POINT('',(0.076708,1.39703063931999E-17,0.0254));
#12908=CARTESIAN_POINT('',(0.0762,0.,0.0508));
#12909=CARTESIAN_POINT('',(0.076708,-0.0054180685937354,0.0410754717183782));
#12910=CARTESIAN_POINT('',(0.0762,-0.0054180685937354,0.0410754717183782));
#12911=CARTESIAN_POINT('',(0.076708,-0.0050914892957833,0.0414951720209672));
#12912=CARTESIAN_POINT('',(0.0762,-0.0050914892957833,0.0414951720209672));
#12913=CARTESIAN_POINT('',(0.076708,-0.00471605425948294,0.0418247023366719));
#12914=CARTESIAN_POINT('',(0.0762,-0.00471605425948294,0.0418247023366719));
#12915=CARTESIAN_POINT('',(0.076708,-0.00429176348483433,0.0420640626654922));
#12916=CARTESIAN_POINT('',(0.0762,-0.00429176348483433,0.0420640626654922));
#12917=CARTESIAN_POINT('',(0.076708,-0.0054180685937354,0.0410754717183782));
#12918=CARTESIAN_POINT('',(0.076708,-0.0054180685937354,0.0410754717183782));
#12919=CARTESIAN_POINT('',(0.076708,-0.0054180685937354,0.0410754717183782));
#12920=CARTESIAN_POINT('',(0.076708,-0.00492819964680725,0.0417050221722618));
#12921=CARTESIAN_POINT('',(0.076708,-0.00429176348483433,0.0420640626654922));
#12922=CARTESIAN_POINT('',(0.076708,-0.00429176348483433,0.0420640626654922));
#12923=CARTESIAN_POINT('',(0.076708,-0.00429176348483433,0.0420640626654922));
#12924=CARTESIAN_POINT('',(0.076708,-0.0053049462465532,0.0417109242077669));
#12925=CARTESIAN_POINT('',(0.076708,-0.005191823899371,0.0423463766971557));
#12926=CARTESIAN_POINT('',(0.076708,-0.005191823899371,0.0423463766971557));
#12927=CARTESIAN_POINT('',(0.076708,-0.0053049462465532,0.0417109242077669));
#12928=CARTESIAN_POINT('',(0.076708,-0.00626796170647822,0.0423463766971557));
#12929=CARTESIAN_POINT('',(0.076708,-0.00734409951358545,0.0423463766971557));
#12930=CARTESIAN_POINT('',(0.076708,-0.00734409951358545,0.0423463766971557));
#12931=CARTESIAN_POINT('',(0.076708,-0.00626796170647822,0.0423463766971557));
#12932=CARTESIAN_POINT('',(0.076708,-0.0079618458964587,0.0388336818990021));
#12933=CARTESIAN_POINT('',(0.076708,-0.00857959227933196,0.0353209871008486));
#12934=CARTESIAN_POINT('',(0.076708,-0.00857959227933196,0.0353209871008486));
#12935=CARTESIAN_POINT('',(0.076708,-0.0079618458964587,0.0388336818990021));
#12936=CARTESIAN_POINT('',(0.076708,-0.00750247079964054,0.0353209871008486));
#12937=CARTESIAN_POINT('',(0.076708,-0.00642534931994911,0.0353209871008486));
#12938=CARTESIAN_POINT('',(0.076708,-0.00642534931994911,0.0353209871008486));
#12939=CARTESIAN_POINT('',(0.076708,-0.00750247079964054,0.0353209871008486));
#12940=CARTESIAN_POINT('',(0.076708,-0.00613614958019634,0.0369519162454408));
#12941=CARTESIAN_POINT('',(0.076708,-0.00584694984044358,0.0385828453900329));
#12942=CARTESIAN_POINT('',(0.076708,-0.00584694984044358,0.0385828453900329));
#12943=CARTESIAN_POINT('',(0.076708,-0.00613614958019634,0.0369519162454408));
#12944=CARTESIAN_POINT('',(0.076708,-0.00522920345757033,0.0397966973589272));
#12945=CARTESIAN_POINT('',(0.0762,-0.00522920345757033,0.0397966973589272));
#12946=CARTESIAN_POINT('',(0.076708,-0.00554004399417534,0.0395658621925032));
#12947=CARTESIAN_POINT('',(0.0762,-0.00554004399417534,0.0395658621925032));
#12948=CARTESIAN_POINT('',(0.076708,-0.00574595945513309,0.0391612448695384));
#12949=CARTESIAN_POINT('',(0.0762,-0.00574595945513309,0.0391612448695384));
#12950=CARTESIAN_POINT('',(0.076708,-0.00584694984044358,0.0385828453900329));
#12951=CARTESIAN_POINT('',(0.0762,-0.00584694984044358,0.0385828453900329));
#12952=CARTESIAN_POINT('',(0.076708,-0.00522920345757033,0.0397966973589272));
#12953=CARTESIAN_POINT('',(0.076708,-0.00522920345757033,0.0397966973589272));
#12954=CARTESIAN_POINT('',(0.076708,-0.00522920345757033,0.0397966973589272));
#12955=CARTESIAN_POINT('',(0.076708,-0.00569546426247785,0.0394504446092912));
#12956=CARTESIAN_POINT('',(0.076708,-0.00584694984044358,0.0385828453900329));
#12957=CARTESIAN_POINT('',(0.076708,-0.00395829847879286,0.0401429501085631));
#12958=CARTESIAN_POINT('',(0.0762,-0.00395829847879286,0.0401429501085631));
#12959=CARTESIAN_POINT('',(0.076708,-0.00449472792803949,0.0401429501085631));
#12960=CARTESIAN_POINT('',(0.0762,-0.00449472792803949,0.0401429501085631));
#12961=CARTESIAN_POINT('',(0.076708,-0.00491836292096532,0.0400275325253511));
#12962=CARTESIAN_POINT('',(0.0762,-0.00491836292096532,0.0400275325253511));
#12963=CARTESIAN_POINT('',(0.076708,-0.00522920345757033,0.0397966973589272));
#12964=CARTESIAN_POINT('',(0.0762,-0.00522920345757033,0.0397966973589272));
#12965=CARTESIAN_POINT('',(0.076708,-0.00395829847879286,0.0401429501085631));
#12966=CARTESIAN_POINT('',(0.076708,-0.00395829847879286,0.0401429501085631));
#12967=CARTESIAN_POINT('',(0.076708,-0.00395829847879286,0.0401429501085631));
#12968=CARTESIAN_POINT('',(0.076708,-0.00476294265266281,0.0401429501085631));
#12969=CARTESIAN_POINT('',(0.076708,-0.00522920345757033,0.0397966973589272));
#12970=CARTESIAN_POINT('',(0.076708,-0.00366221303095075,0.0401429501085631));
#12971=CARTESIAN_POINT('',(0.076708,-0.00336612758310863,0.0401429501085631));
#12972=CARTESIAN_POINT('',(0.076708,-0.00336612758310863,0.0401429501085631));
#12973=CARTESIAN_POINT('',(0.076708,-0.00366221303095075,0.0401429501085631));
#12974=CARTESIAN_POINT('',(0.076708,-0.00316447470334905,0.0412830266336429));
#12975=CARTESIAN_POINT('',(0.076708,-0.00296282182358947,0.0424231031587227));
#12976=CARTESIAN_POINT('',(0.076708,-0.00296282182358947,0.0424231031587227));
#12977=CARTESIAN_POINT('',(0.076708,-0.00316447470334905,0.0412830266336429));
#12978=CARTESIAN_POINT('',(0.076708,-0.00429176348483433,0.0420640626654922));
#12979=CARTESIAN_POINT('',(0.0762,-0.00429176348483433,0.0420640626654922));
#12980=CARTESIAN_POINT('',(0.076708,-0.0038674727101857,0.0423034229943125));
#12981=CARTESIAN_POINT('',(0.0762,-0.0038674727101857,0.0423034229943125));
#12982=CARTESIAN_POINT('',(0.076708,-0.00342449215643742,0.0424231031587227));
#12983=CARTESIAN_POINT('',(0.0762,-0.00342449215643742,0.0424231031587227));
#12984=CARTESIAN_POINT('',(0.076708,-0.00296282182358947,0.0424231031587227));
#12985=CARTESIAN_POINT('',(0.0762,-0.00296282182358947,0.0424231031587227));
#12986=CARTESIAN_POINT('',(0.076708,-0.00429176348483433,0.0420640626654922));
#12987=CARTESIAN_POINT('',(0.076708,-0.0036553273228614,0.0424231031587227));
#12988=CARTESIAN_POINT('',(0.076708,-0.00296282182358947,0.0424231031587227));
#12989=CARTESIAN_POINT('',(0.076708,1.39703063931999E-17,0.0254));
#12990=CARTESIAN_POINT('',(0.076708,0.00815366205037651,0.0397406280216282));
#12991=CARTESIAN_POINT('',(0.076708,0.00893371440964164,0.0441602689424076));
#12992=CARTESIAN_POINT('',(0.076708,0.00893371440964164,0.0441602689424076));
#12993=CARTESIAN_POINT('',(0.076708,0.00815366205037651,0.0397406280216282));
#12994=CARTESIAN_POINT('',(0.076708,0.00737360969111141,0.0353209871008486));
#12995=CARTESIAN_POINT('',(0.076708,0.00737360969111141,0.0353209871008486));
#12996=CARTESIAN_POINT('',(0.076708,0.0078575766025344,0.0441602689424076));
#12997=CARTESIAN_POINT('',(0.076708,0.00678143879542717,0.0441602689424076));
#12998=CARTESIAN_POINT('',(0.076708,0.00678143879542717,0.0441602689424076));
#12999=CARTESIAN_POINT('',(0.076708,0.0078575766025344,0.0441602689424076));
#13000=CARTESIAN_POINT('',(0.076708,0.00647256560399054,0.0424221194861385));
#13001=CARTESIAN_POINT('',(0.076708,0.00616369241255391,0.0406839700298693));
#13002=CARTESIAN_POINT('',(0.076708,0.00616369241255391,0.0406839700298693));
#13003=CARTESIAN_POINT('',(0.076708,0.00647256560399054,0.0424221194861385));
#13004=CARTESIAN_POINT('',(0.076708,0.0044894816742573,0.0406839700298693));
#13005=CARTESIAN_POINT('',(0.076708,0.00281527093596068,0.0406839700298693));
#13006=CARTESIAN_POINT('',(0.076708,0.00281527093596068,0.0406839700298693));
#13007=CARTESIAN_POINT('',(0.076708,0.0044894816742573,0.0406839700298693));
#13008=CARTESIAN_POINT('',(0.076708,0.00312316045481312,0.0424221194861385));
#13009=CARTESIAN_POINT('',(0.076708,0.00343104997366555,0.0441602689424076));
#13010=CARTESIAN_POINT('',(0.076708,0.00343104997366555,0.0441602689424076));
#13011=CARTESIAN_POINT('',(0.076708,0.00312316045481312,0.0424221194861385));
#13012=CARTESIAN_POINT('',(0.076708,0.00235491216655832,0.0441602689424076));
#13013=CARTESIAN_POINT('',(0.076708,0.00127877435945109,0.0441602689424076));
#13014=CARTESIAN_POINT('',(0.076708,0.00127877435945109,0.0441602689424076));
#13015=CARTESIAN_POINT('',(0.076708,0.00235491216655832,0.0441602689424076));
#13016=CARTESIAN_POINT('',(0.076708,0.000497738327601777,0.0397406280216282));
#13017=CARTESIAN_POINT('',(0.076708,-0.000283297704247529,0.0353209871008486));
#13018=CARTESIAN_POINT('',(0.076708,-0.000283297704247529,0.0353209871008486));
#13019=CARTESIAN_POINT('',(0.076708,0.000497738327601777,0.0397406280216282));
#13020=CARTESIAN_POINT('',(0.076708,0.000793823775443896,0.0353209871008486));
#13021=CARTESIAN_POINT('',(0.076708,0.00187094525513531,0.0353209871008486));
#13022=CARTESIAN_POINT('',(0.076708,0.00187094525513531,0.0353209871008486));
#13023=CARTESIAN_POINT('',(0.076708,0.000793823775443896,0.0353209871008486));
#13024=CARTESIAN_POINT('',(0.076708,0.00219162251758226,0.0371525854526161));
#13025=CARTESIAN_POINT('',(0.076708,0.0025122997800292,0.0389841838043837));
#13026=CARTESIAN_POINT('',(0.076708,0.0025122997800292,0.0389841838043837));
#13027=CARTESIAN_POINT('',(0.076708,0.00219162251758226,0.0371525854526161));
#13028=CARTESIAN_POINT('',(0.076708,0.00418749419091002,0.0389841838043837));
#13029=CARTESIAN_POINT('',(0.076708,0.00586268860179084,0.0389841838043837));
#13030=CARTESIAN_POINT('',(0.076708,0.00586268860179084,0.0389841838043837));
#13031=CARTESIAN_POINT('',(0.076708,0.00418749419091002,0.0389841838043837));
#13032=CARTESIAN_POINT('',(0.076708,0.00554102766675971,0.0371525854526161));
#13033=CARTESIAN_POINT('',(0.076708,0.00521936673172857,0.0353209871008486));
#13034=CARTESIAN_POINT('',(0.076708,0.00521936673172857,0.0353209871008486));
#13035=CARTESIAN_POINT('',(0.076708,0.00554102766675971,0.0371525854526161));
#13036=CARTESIAN_POINT('',(0.076708,0.00629648821141999,0.0353209871008486));
#13037=CARTESIAN_POINT('',(0.076708,0.00629648821141999,0.0353209871008486));
#13038=CARTESIAN_POINT('',(0.076708,1.39703063931999E-17,0.0254));
#13039=CARTESIAN_POINT('',(0.0767080000000005,0.0118506968165616,0.0392755890522586));
#13040=CARTESIAN_POINT('',(0.0762,0.0118506968165616,0.0392755890522586));
#13041=CARTESIAN_POINT('',(0.0762,0.0143852278712397,0.0388346655715863));
#13042=CARTESIAN_POINT('',(0.0762,0.014422607429439,0.0392497754021158));
#13043=CARTESIAN_POINT('',(0.076708,0.0143852278712397,0.0388346655715863));
#13044=CARTESIAN_POINT('',(0.076708,0.0143852278712397,0.0388346655715863));
#13045=CARTESIAN_POINT('',(0.076708,0.0118506968165616,0.0392755890522586));
#13046=CARTESIAN_POINT('',(0.076708,0.014422607429439,0.0392497754021158));
#13047=CARTESIAN_POINT('',(0.076708,0.014422607429439,0.0392497754021158));
#13048=CARTESIAN_POINT('',(0.076708,0.0137055101155623,0.0375617932476405));
#13049=CARTESIAN_POINT('',(0.0762,0.0137055101155623,0.0375617932476405));
#13050=CARTESIAN_POINT('',(0.076708,0.0140576649007034,0.0378726337842455));
#13051=CARTESIAN_POINT('',(0.0762,0.0140576649007034,0.0378726337842455));
#13052=CARTESIAN_POINT('',(0.076708,0.0142842374859292,0.0382969245588941));
#13053=CARTESIAN_POINT('',(0.0762,0.0142842374859292,0.0382969245588941));
#13054=CARTESIAN_POINT('',(0.076708,0.0143852278712397,0.0388346655715863));
#13055=CARTESIAN_POINT('',(0.0762,0.0143852278712397,0.0388346655715863));
#13056=CARTESIAN_POINT('',(0.0762,0.0137055101155623,0.0375617932476405));
#13057=CARTESIAN_POINT('',(0.0762,0.0142337422932739,0.038028054052548));
#13058=CARTESIAN_POINT('',(0.0762,0.0143852278712397,0.0388346655715863));
#13059=CARTESIAN_POINT('',(0.0762,0.0137055101155623,0.0375617932476405));
#13060=CARTESIAN_POINT('',(0.076708,0.0137055101155623,0.0375617932476405));
#13061=CARTESIAN_POINT('',(0.076708,0.0137055101155623,0.0375617932476405));
#13062=CARTESIAN_POINT('',(0.076708,0.0137055101155623,0.0375617932476405));
#13063=CARTESIAN_POINT('',(0.076708,0.0142337422932739,0.038028054052548));
#13064=CARTESIAN_POINT('',(0.076708,0.0143852278712397,0.0388346655715863));
#13065=CARTESIAN_POINT('',(0.076708,0.0125339560677883,0.0370955324427329));
#13066=CARTESIAN_POINT('',(0.0762,0.0125339560677883,0.0370955324427329));
#13067=CARTESIAN_POINT('',(0.076708,0.0129628373144965,0.0370955324427329));
#13068=CARTESIAN_POINT('',(0.0762,0.0129628373144965,0.0370955324427329));
#13069=CARTESIAN_POINT('',(0.076708,0.0133533553304211,0.0372509527110355));
#13070=CARTESIAN_POINT('',(0.0762,0.0133533553304211,0.0372509527110355));
#13071=CARTESIAN_POINT('',(0.076708,0.0137055101155623,0.0375617932476405));
#13072=CARTESIAN_POINT('',(0.0762,0.0137055101155623,0.0375617932476405));
#13073=CARTESIAN_POINT('',(0.0762,0.0125339560677883,0.0370955324427329));
#13074=CARTESIAN_POINT('',(0.0762,0.0131772779378506,0.0370955324427329));
#13075=CARTESIAN_POINT('',(0.0762,0.0137055101155623,0.0375617932476405));
#13076=CARTESIAN_POINT('',(0.0762,0.0125339560677883,0.0370955324427329));
#13077=CARTESIAN_POINT('',(0.076708,0.0125339560677883,0.0370955324427329));
#13078=CARTESIAN_POINT('',(0.076708,0.0125339560677883,0.0370955324427329));
#13079=CARTESIAN_POINT('',(0.076708,0.0125339560677883,0.0370955324427329));
#13080=CARTESIAN_POINT('',(0.076708,0.0131772779378506,0.0370955324427329));
#13081=CARTESIAN_POINT('',(0.076708,0.0137055101155623,0.0375617932476405));
#13082=CARTESIAN_POINT('',(0.076708,0.0116338956532516,0.0374545729359634));
#13083=CARTESIAN_POINT('',(0.0762,0.0116338956532516,0.0374545729359634));
#13084=CARTESIAN_POINT('',(0.076708,0.011873255982072,0.0372152126071431));
#13085=CARTESIAN_POINT('',(0.0762,0.011873255982072,0.0372152126071431));
#13086=CARTESIAN_POINT('',(0.076708,0.0121732761202508,0.0370955324427329));
#13087=CARTESIAN_POINT('',(0.0762,0.0121732761202508,0.0370955324427329));
#13088=CARTESIAN_POINT('',(0.076708,0.0125339560677883,0.0370955324427329));
#13089=CARTESIAN_POINT('',(0.0762,0.0125339560677883,0.0370955324427329));
#13090=CARTESIAN_POINT('',(0.0762,0.0116338956532516,0.0374545729359634));
#13091=CARTESIAN_POINT('',(0.0762,0.0119929361464821,0.0370955324427329));
#13092=CARTESIAN_POINT('',(0.0762,0.0125339560677883,0.0370955324427329));
#13093=CARTESIAN_POINT('',(0.0762,0.0116338956532516,0.0374545729359634));
#13094=CARTESIAN_POINT('',(0.076708,0.0116338956532516,0.0374545729359634));
#13095=CARTESIAN_POINT('',(0.076708,0.0116338956532516,0.0374545729359634));
#13096=CARTESIAN_POINT('',(0.076708,0.0116338956532516,0.0374545729359634));
#13097=CARTESIAN_POINT('',(0.076708,0.0119929361464821,0.0370955324427329));
#13098=CARTESIAN_POINT('',(0.076708,0.0125339560677883,0.0370955324427329));
#13099=CARTESIAN_POINT('',(0.076708,0.0112748551600212,0.0384313598120672));
#13100=CARTESIAN_POINT('',(0.0762,0.0112748551600212,0.0384313598120672));
#13101=CARTESIAN_POINT('',(0.076708,0.0112748551600212,0.0380195288901517));
#13102=CARTESIAN_POINT('',(0.0762,0.0112748551600212,0.0380195288901517));
#13103=CARTESIAN_POINT('',(0.076708,0.0113945353244313,0.0376939332647837));
#13104=CARTESIAN_POINT('',(0.0762,0.0113945353244313,0.0376939332647837));
#13105=CARTESIAN_POINT('',(0.076708,0.0116338956532516,0.0374545729359634));
#13106=CARTESIAN_POINT('',(0.0762,0.0116338956532516,0.0374545729359634));
#13107=CARTESIAN_POINT('',(0.0762,0.0112748551600212,0.0384313598120672));
#13108=CARTESIAN_POINT('',(0.0762,0.0112748551600212,0.0378136134291939));
#13109=CARTESIAN_POINT('',(0.0762,0.0116338956532516,0.0374545729359634));
#13110=CARTESIAN_POINT('',(0.0762,0.0112748551600212,0.0384313598120672));
#13111=CARTESIAN_POINT('',(0.076708,0.0112748551600212,0.0384313598120672));
#13112=CARTESIAN_POINT('',(0.076708,0.0112748551600212,0.0384313598120672));
#13113=CARTESIAN_POINT('',(0.076708,0.0112748551600212,0.0384313598120672));
#13114=CARTESIAN_POINT('',(0.076708,0.0112748551600212,0.0378136134291939));
#13115=CARTESIAN_POINT('',(0.076708,0.0116338956532516,0.0374545729359634));
#13116=CARTESIAN_POINT('',(0.0767080000000005,0.0138467657728984,0.0384055461619245));
#13117=CARTESIAN_POINT('',(0.0762,0.0138467657728984,0.0384055461619245));
#13118=CARTESIAN_POINT('',(0.0762,0.0113122347182205,0.0388464696425967));
#13119=CARTESIAN_POINT('',(0.076708,0.0113122347182205,0.0388464696425967));
#13120=CARTESIAN_POINT('',(0.076708,0.0113122347182205,0.0388464696425967));
#13121=CARTESIAN_POINT('',(0.076708,0.0138467657728984,0.0384055461619245));
#13122=CARTESIAN_POINT('',(0.076708,0.0119801484028876,0.0401124562584532));
#13123=CARTESIAN_POINT('',(0.0762,0.0119801484028876,0.0401124562584532));
#13124=CARTESIAN_POINT('',(0.076708,0.0116279936177465,0.0398062061939077));
#13125=CARTESIAN_POINT('',(0.0762,0.0116279936177465,0.0398062061939077));
#13126=CARTESIAN_POINT('',(0.076708,0.0114053557228574,0.0393842106552889));
#13127=CARTESIAN_POINT('',(0.0762,0.0114053557228574,0.0393842106552889));
#13128=CARTESIAN_POINT('',(0.076708,0.0113122347182205,0.0388464696425967));
#13129=CARTESIAN_POINT('',(0.0762,0.0113122347182205,0.0388464696425967));
#13130=CARTESIAN_POINT('',(0.0762,0.0119801484028876,0.0401124562584532));
#13131=CARTESIAN_POINT('',(0.0762,0.0114519162251759,0.039653081161635));
#13132=CARTESIAN_POINT('',(0.0762,0.0113122347182205,0.0388464696425967));
#13133=CARTESIAN_POINT('',(0.0762,0.0119801484028876,0.0401124562584532));
#13134=CARTESIAN_POINT('',(0.076708,0.0119801484028876,0.0401124562584532));
#13135=CARTESIAN_POINT('',(0.076708,0.0119801484028876,0.0401124562584532));
#13136=CARTESIAN_POINT('',(0.076708,0.0119801484028876,0.0401124562584532));
#13137=CARTESIAN_POINT('',(0.076708,0.0114519162251759,0.039653081161635));
#13138=CARTESIAN_POINT('',(0.076708,0.0113122347182205,0.0388464696425967));
#13139=CARTESIAN_POINT('',(0.076708,0.0131517024506615,0.0405718313552713));
#13140=CARTESIAN_POINT('',(0.0762,0.0131517024506615,0.0405718313552713));
#13141=CARTESIAN_POINT('',(0.076708,0.0127228212039534,0.0405718313552713));
#13142=CARTESIAN_POINT('',(0.0762,0.0127228212039534,0.0405718313552713));
#13143=CARTESIAN_POINT('',(0.076708,0.0123323031880287,0.0404187063229986));
#13144=CARTESIAN_POINT('',(0.0762,0.0123323031880287,0.0404187063229986));
#13145=CARTESIAN_POINT('',(0.076708,0.0119801484028876,0.0401124562584532));
#13146=CARTESIAN_POINT('',(0.0762,0.0119801484028876,0.0401124562584532));
#13147=CARTESIAN_POINT('',(0.0762,0.0131517024506615,0.0405718313552713));
#13148=CARTESIAN_POINT('',(0.0762,0.0125083805805993,0.0405718313552713));
#13149=CARTESIAN_POINT('',(0.0762,0.0119801484028876,0.0401124562584532));
#13150=CARTESIAN_POINT('',(0.0762,0.0131517024506615,0.0405718313552713));
#13151=CARTESIAN_POINT('',(0.076708,0.0131517024506615,0.0405718313552713));
#13152=CARTESIAN_POINT('',(0.076708,0.0131517024506615,0.0405718313552713));
#13153=CARTESIAN_POINT('',(0.076708,0.0131517024506615,0.0405718313552713));
#13154=CARTESIAN_POINT('',(0.076708,0.0125083805805993,0.0405718313552713));
#13155=CARTESIAN_POINT('',(0.076708,0.0119801484028876,0.0401124562584532));
#13156=CARTESIAN_POINT('',(0.076708,0.0140635669362085,0.040218692897546));
#13157=CARTESIAN_POINT('',(0.0762,0.0140635669362085,0.040218692897546));
#13158=CARTESIAN_POINT('',(0.076708,0.0138242066073882,0.0404541185360295));
#13159=CARTESIAN_POINT('',(0.0762,0.0138242066073882,0.0404541185360295));
#13160=CARTESIAN_POINT('',(0.076708,0.0135202517788726,0.0405718313552713));
#13161=CARTESIAN_POINT('',(0.0762,0.0135202517788726,0.0405718313552713));
#13162=CARTESIAN_POINT('',(0.076708,0.0131517024506615,0.0405718313552713));
#13163=CARTESIAN_POINT('',(0.0762,0.0131517024506615,0.0405718313552713));
#13164=CARTESIAN_POINT('',(0.0762,0.0140635669362085,0.040218692897546));
#13165=CARTESIAN_POINT('',(0.0762,0.0137045264429781,0.0405718313552713));
#13166=CARTESIAN_POINT('',(0.0762,0.0131517024506615,0.0405718313552713));
#13167=CARTESIAN_POINT('',(0.0762,0.0140635669362085,0.040218692897546));
#13168=CARTESIAN_POINT('',(0.076708,0.0140635669362085,0.040218692897546));
#13169=CARTESIAN_POINT('',(0.076708,0.0140635669362085,0.040218692897546));
#13170=CARTESIAN_POINT('',(0.076708,0.0140635669362085,0.040218692897546));
#13171=CARTESIAN_POINT('',(0.076708,0.0137045264429781,0.0405718313552713));
#13172=CARTESIAN_POINT('',(0.076708,0.0131517024506615,0.0405718313552713));
#13173=CARTESIAN_POINT('',(0.076708,0.0091225795458067,0.0388464696425967));
#13174=CARTESIAN_POINT('',(0.0762,0.0091225795458067,0.0388464696425967));
#13175=CARTESIAN_POINT('',(0.076708,0.00924848963658341,0.0395678295376716));
#13176=CARTESIAN_POINT('',(0.0762,0.00924848963658341,0.0395678295376716));
#13177=CARTESIAN_POINT('',(0.076708,0.00949604723693867,0.0402013146818919));
#13178=CARTESIAN_POINT('',(0.0762,0.00949604723693867,0.0402013146818919));
#13179=CARTESIAN_POINT('',(0.076708,0.00986525234687248,0.0407469250752577));
#13180=CARTESIAN_POINT('',(0.0762,0.00986525234687248,0.0407469250752577));
#13181=CARTESIAN_POINT('',(0.076708,0.0091225795458067,0.0388464696425967));
#13182=CARTESIAN_POINT('',(0.076708,0.0091225795458067,0.0388464696425967));
#13183=CARTESIAN_POINT('',(0.076708,0.0091225795458067,0.0388464696425967));
#13184=CARTESIAN_POINT('',(0.076708,0.00931144468197177,0.039928509485209));
#13185=CARTESIAN_POINT('',(0.076708,0.00986525234687248,0.0407469250752577));
#13186=CARTESIAN_POINT('',(0.076708,0.00986525234687248,0.0407469250752577));
#13187=CARTESIAN_POINT('',(0.076708,0.00986525234687248,0.0407469250752577));
#13188=CARTESIAN_POINT('',(0.0767080000000005,0.0141826346026137,0.037956717982265));
#13189=CARTESIAN_POINT('',(0.076708,0.00904585308423965,0.0379906744943487));
#13190=CARTESIAN_POINT('',(0.076708,0.00904585308423965,0.0379906744943487));
#13191=CARTESIAN_POINT('',(0.076708,0.0141826346026137,0.037956717982265));
#13192=CARTESIAN_POINT('',(0.076708,0.00936062831118142,0.0365230349987326));
#13193=CARTESIAN_POINT('',(0.0762,0.00936062831118142,0.0365230349987326));
#13194=CARTESIAN_POINT('',(0.076708,0.00915077815988691,0.0369388006109849));
#13195=CARTESIAN_POINT('',(0.0762,0.00915077815988691,0.0369388006109849));
#13196=CARTESIAN_POINT('',(0.076708,0.00904585308423965,0.0374280137761902));
#13197=CARTESIAN_POINT('',(0.0762,0.00904585308423965,0.0374280137761902));
#13198=CARTESIAN_POINT('',(0.076708,0.00904585308423965,0.0379906744943487));
#13199=CARTESIAN_POINT('',(0.0762,0.00904585308423965,0.0379906744943487));
#13200=CARTESIAN_POINT('',(0.076708,0.00936062831118142,0.0365230349987326));
#13201=CARTESIAN_POINT('',(0.076708,0.00936062831118142,0.0365230349987326));
#13202=CARTESIAN_POINT('',(0.076708,0.00936062831118142,0.0365230349987326));
#13203=CARTESIAN_POINT('',(0.076708,0.00904585308423965,0.037146683417111));
#13204=CARTESIAN_POINT('',(0.076708,0.00904585308423965,0.0379906744943487));
#13205=CARTESIAN_POINT('',(0.076708,0.0102488846547078,0.0355600195388076));
#13206=CARTESIAN_POINT('',(0.0762,0.0102488846547078,0.0355600195388076));
#13207=CARTESIAN_POINT('',(0.076708,0.00986656391031806,0.035786264233172));
#13208=CARTESIAN_POINT('',(0.0762,0.00986656391031806,0.035786264233172));
#13209=CARTESIAN_POINT('',(0.076708,0.00957047846247595,0.0361072693864803));
#13210=CARTESIAN_POINT('',(0.0762,0.00957047846247595,0.0361072693864803));
#13211=CARTESIAN_POINT('',(0.076708,0.00936062831118142,0.0365230349987326));
#13212=CARTESIAN_POINT('',(0.0762,0.00936062831118142,0.0365230349987326));
#13213=CARTESIAN_POINT('',(0.076708,0.0102488846547078,0.0355600195388076));
#13214=CARTESIAN_POINT('',(0.076708,0.0102488846547078,0.0355600195388076));
#13215=CARTESIAN_POINT('',(0.076708,0.0102488846547078,0.0355600195388076));
#13216=CARTESIAN_POINT('',(0.076708,0.00967540353812321,0.0358993865803542));
#13217=CARTESIAN_POINT('',(0.076708,0.00936062831118142,0.0365230349987326));
#13218=CARTESIAN_POINT('',(0.076708,0.0115640548997739,0.035220652497261));
#13219=CARTESIAN_POINT('',(0.0762,0.0115640548997739,0.035220652497261));
#13220=CARTESIAN_POINT('',(0.076708,0.0110695954807862,0.035220652497261));
#13221=CARTESIAN_POINT('',(0.0762,0.0110695954807862,0.035220652497261));
#13222=CARTESIAN_POINT('',(0.076708,0.0106312053990975,0.0353337748444432));
#13223=CARTESIAN_POINT('',(0.0762,0.0106312053990975,0.0353337748444432));
#13224=CARTESIAN_POINT('',(0.076708,0.0102488846547078,0.0355600195388076));
#13225=CARTESIAN_POINT('',(0.0762,0.0102488846547078,0.0355600195388076));
#13226=CARTESIAN_POINT('',(0.076708,0.0115640548997739,0.035220652497261));
#13227=CARTESIAN_POINT('',(0.076708,0.0115640548997739,0.035220652497261));
#13228=CARTESIAN_POINT('',(0.076708,0.0115640548997739,0.035220652497261));
#13229=CARTESIAN_POINT('',(0.076708,0.0108223657712923,0.035220652497261));
#13230=CARTESIAN_POINT('',(0.076708,0.0102488846547078,0.0355600195388076));
#13231=CARTESIAN_POINT('',(0.076708,0.012924474083713,0.0355226399806082));
#13232=CARTESIAN_POINT('',(0.0762,0.012924474083713,0.0355226399806082));
#13233=CARTESIAN_POINT('',(0.076708,0.0125132989435203,0.03532131499171));
#13234=CARTESIAN_POINT('',(0.0762,0.0125132989435203,0.03532131499171));
#13235=CARTESIAN_POINT('',(0.076708,0.0120598258822072,0.035220652497261));
#13236=CARTESIAN_POINT('',(0.0762,0.0120598258822072,0.035220652497261));
#13237=CARTESIAN_POINT('',(0.076708,0.0115640548997739,0.035220652497261));
#13238=CARTESIAN_POINT('',(0.0762,0.0115640548997739,0.035220652497261));
#13239=CARTESIAN_POINT('',(0.076708,0.012924474083713,0.0355226399806082));
#13240=CARTESIAN_POINT('',(0.076708,0.012924474083713,0.0355226399806082));
#13241=CARTESIAN_POINT('',(0.076708,0.012924474083713,0.0355226399806082));
#13242=CARTESIAN_POINT('',(0.076708,0.0123077113734239,0.035220652497261));
#13243=CARTESIAN_POINT('',(0.076708,0.0115640548997739,0.035220652497261));
#13244=CARTESIAN_POINT('',(0.076708,0.0139445425535212,0.0363164637560521));
#13245=CARTESIAN_POINT('',(0.0762,0.0139445425535212,0.0363164637560521));
#13246=CARTESIAN_POINT('',(0.076708,0.0136756720471751,0.0359885728946544));
#13247=CARTESIAN_POINT('',(0.0762,0.0136756720471751,0.0359885728946544));
#13248=CARTESIAN_POINT('',(0.076708,0.0133356492239057,0.0357239649695064));
#13249=CARTESIAN_POINT('',(0.0762,0.0133356492239057,0.0357239649695064));
#13250=CARTESIAN_POINT('',(0.076708,0.012924474083713,0.0355226399806082));
#13251=CARTESIAN_POINT('',(0.0762,0.012924474083713,0.0355226399806082));
#13252=CARTESIAN_POINT('',(0.076708,0.0139445425535212,0.0363164637560521));
#13253=CARTESIAN_POINT('',(0.076708,0.0139445425535212,0.0363164637560521));
#13254=CARTESIAN_POINT('',(0.076708,0.0139445425535212,0.0363164637560521));
#13255=CARTESIAN_POINT('',(0.076708,0.013541236794002,0.0358246274639555));
#13256=CARTESIAN_POINT('',(0.076708,0.012924474083713,0.0355226399806082));
#13257=CARTESIAN_POINT('',(0.076708,0.0138501099854386,0.0358187254284504));
#13258=CARTESIAN_POINT('',(0.076708,0.0137556774173561,0.0353209871008486));
#13259=CARTESIAN_POINT('',(0.076708,0.0137556774173561,0.0353209871008486));
#13260=CARTESIAN_POINT('',(0.076708,0.0138501099854386,0.0358187254284504));
#13261=CARTESIAN_POINT('',(0.076708,0.0148318152244633,0.0353209871008486));
#13262=CARTESIAN_POINT('',(0.076708,0.0159079530315706,0.0353209871008486));
#13263=CARTESIAN_POINT('',(0.076708,0.0159079530315706,0.0353209871008486));
#13264=CARTESIAN_POINT('',(0.076708,0.0148318152244633,0.0353209871008486));
#13265=CARTESIAN_POINT('',(0.076708,0.016531601449949,0.0388336818990021));
#13266=CARTESIAN_POINT('',(0.076708,0.0171552498683274,0.0423463766971557));
#13267=CARTESIAN_POINT('',(0.076708,0.0171552498683274,0.0423463766971557));
#13268=CARTESIAN_POINT('',(0.076708,0.016531601449949,0.0388336818990021));
#13269=CARTESIAN_POINT('',(0.076708,0.0160791120612202,0.0423463766971557));
#13270=CARTESIAN_POINT('',(0.076708,0.0150029742541129,0.0423463766971557));
#13271=CARTESIAN_POINT('',(0.076708,0.0150029742541129,0.0423463766971557));
#13272=CARTESIAN_POINT('',(0.076708,0.0160791120612202,0.0423463766971557));
#13273=CARTESIAN_POINT('',(0.076708,0.0149144437215355,0.0418496220421381));
#13274=CARTESIAN_POINT('',(0.076708,0.0148259131889582,0.0413528673871206));
#13275=CARTESIAN_POINT('',(0.076708,0.0148259131889582,0.0413528673871206));
#13276=CARTESIAN_POINT('',(0.076708,0.0149144437215355,0.0418496220421381));
#13277=CARTESIAN_POINT('',(0.076708,0.0140960281314869,0.042144723817396));
#13278=CARTESIAN_POINT('',(0.0762,0.0140960281314869,0.042144723817396));
#13279=CARTESIAN_POINT('',(0.076708,0.0144317883735581,0.0419433988284979));
#13280=CARTESIAN_POINT('',(0.0762,0.0144317883735581,0.0419433988284979));
#13281=CARTESIAN_POINT('',(0.076708,0.0146750833927152,0.0416794466850727));
#13282=CARTESIAN_POINT('',(0.0762,0.0146750833927152,0.0416794466850727));
#13283=CARTESIAN_POINT('',(0.076708,0.0148259131889582,0.0413528673871206));
#13284=CARTESIAN_POINT('',(0.0762,0.0148259131889582,0.0413528673871206));
#13285=CARTESIAN_POINT('',(0.076708,0.0140960281314869,0.042144723817396));
#13286=CARTESIAN_POINT('',(0.076708,0.0140960281314869,0.042144723817396));
#13287=CARTESIAN_POINT('',(0.076708,0.0140960281314869,0.042144723817396));
#13288=CARTESIAN_POINT('',(0.076708,0.0145996684945938,0.0418427363340488));
#13289=CARTESIAN_POINT('',(0.076708,0.0148259131889582,0.0413528673871206));
#13290=CARTESIAN_POINT('',(0.076708,0.0128487312947301,0.0424467113007434));
#13291=CARTESIAN_POINT('',(0.0762,0.0128487312947301,0.0424467113007434));
#13292=CARTESIAN_POINT('',(0.076708,0.0133445022771634,0.0424467113007434));
#13293=CARTESIAN_POINT('',(0.0762,0.0133445022771634,0.0424467113007434));
#13294=CARTESIAN_POINT('',(0.076708,0.0137602678894157,0.0423460488062943));
#13295=CARTESIAN_POINT('',(0.0762,0.0137602678894157,0.0423460488062943));
#13296=CARTESIAN_POINT('',(0.076708,0.0140960281314869,0.042144723817396));
#13297=CARTESIAN_POINT('',(0.0762,0.0140960281314869,0.042144723817396));
#13298=CARTESIAN_POINT('',(0.076708,0.0128487312947301,0.0424467113007434));
#13299=CARTESIAN_POINT('',(0.076708,0.0128487312947301,0.0424467113007434));
#13300=CARTESIAN_POINT('',(0.076708,0.0128487312947301,0.0424467113007434));
#13301=CARTESIAN_POINT('',(0.076708,0.01359238776838,0.0424467113007434));
#13302=CARTESIAN_POINT('',(0.076708,0.0140960281314869,0.042144723817396));
#13303=CARTESIAN_POINT('',(0.076708,0.0128507637861549,0.0391448397882742));
#13304=CARTESIAN_POINT('',(0.076708,0.0112000960436225,0.0420060259830249));
#13305=CARTESIAN_POINT('',(0.076708,0.0112000960436225,0.0420060259830249));
#13306=CARTESIAN_POINT('',(0.076708,0.0128507637861549,0.0391448397882742));
#13307=CARTESIAN_POINT('',(0.076708,0.00986525234687248,0.0407469250752577));
#13308=CARTESIAN_POINT('',(0.0762,0.00986525234687248,0.0407469250752577));
#13309=CARTESIAN_POINT('',(0.076708,0.0102344574568063,0.0412925354686235));
#13310=CARTESIAN_POINT('',(0.0762,0.0102344574568063,0.0412925354686235));
#13311=CARTESIAN_POINT('',(0.076708,0.010679405355723,0.0417122357712125));
#13312=CARTESIAN_POINT('',(0.0762,0.010679405355723,0.0417122357712125));
#13313=CARTESIAN_POINT('',(0.076708,0.0112000960436225,0.0420060259830249));
#13314=CARTESIAN_POINT('',(0.0762,0.0112000960436225,0.0420060259830249));
#13315=CARTESIAN_POINT('',(0.076708,0.00986525234687248,0.0407469250752577));
#13316=CARTESIAN_POINT('',(0.076708,0.0104190600117732,0.0415653406653064));
#13317=CARTESIAN_POINT('',(0.076708,0.0112000960436225,0.0420060259830249));
#13318=CARTESIAN_POINT('',(0.076708,0.014422607429439,0.0392497754021158));
#13319=CARTESIAN_POINT('',(0.0762,0.014422607429439,0.0392497754021158));
#13320=CARTESIAN_POINT('',(0.076708,0.014422607429439,0.0396602947605857));
#13321=CARTESIAN_POINT('',(0.0762,0.014422607429439,0.0396602947605857));
#13322=CARTESIAN_POINT('',(0.076708,0.0143029272650289,0.0399832672590625));
#13323=CARTESIAN_POINT('',(0.0762,0.0143029272650289,0.0399832672590625));
#13324=CARTESIAN_POINT('',(0.076708,0.0140635669362085,0.040218692897546));
#13325=CARTESIAN_POINT('',(0.0762,0.0140635669362085,0.040218692897546));
#13326=CARTESIAN_POINT('',(0.0762,0.014422607429439,0.0392497754021158));
#13327=CARTESIAN_POINT('',(0.0762,0.014422607429439,0.0398655544398207));
#13328=CARTESIAN_POINT('',(0.0762,0.0140635669362085,0.040218692897546));
#13329=CARTESIAN_POINT('',(0.076708,0.014422607429439,0.0392497754021158));
#13330=CARTESIAN_POINT('',(0.076708,0.014422607429439,0.0398655544398207));
#13331=CARTESIAN_POINT('',(0.076708,0.0140635669362085,0.040218692897546));
#13332=CARTESIAN_POINT('',(0.076708,1.39703063931999E-17,0.0254));
#13333=CARTESIAN_POINT('',(0.0762,0.,0.0508));
#13334=CARTESIAN_POINT('',(0.076708,0.0176726616476129,0.0388346655715863));
#13335=CARTESIAN_POINT('',(0.0762,0.0176726616476129,0.0388346655715863));
#13336=CARTESIAN_POINT('',(0.076708,0.0177985717383897,0.0395638948473348));
#13337=CARTESIAN_POINT('',(0.0762,0.0177985717383897,0.0395638948473348));
#13338=CARTESIAN_POINT('',(0.076708,0.018058589191478,0.0402013146818919));
#13339=CARTESIAN_POINT('',(0.0762,0.018058589191478,0.0402013146818919));
#13340=CARTESIAN_POINT('',(0.076708,0.018452714006878,0.0407469250752577));
#13341=CARTESIAN_POINT('',(0.0762,0.018452714006878,0.0407469250752577));
#13342=CARTESIAN_POINT('',(0.076708,0.0176726616476129,0.0388346655715863));
#13343=CARTESIAN_POINT('',(0.076708,0.0176726616476129,0.0388346655715863));
#13344=CARTESIAN_POINT('',(0.076708,0.0176726616476129,0.0388346655715863));
#13345=CARTESIAN_POINT('',(0.076708,0.017861526783778,0.039928509485209));
#13346=CARTESIAN_POINT('',(0.076708,0.018452714006878,0.0407469250752577));
#13347=CARTESIAN_POINT('',(0.076708,0.018452714006878,0.0407469250752577));
#13348=CARTESIAN_POINT('',(0.076708,0.018452714006878,0.0407469250752577));
#13349=CARTESIAN_POINT('',(0.0767080000000004,0.0222526416519793,0.0379885416563784));
#13350=CARTESIAN_POINT('',(0.076708,0.0175959351860459,0.0380162499815377));
#13351=CARTESIAN_POINT('',(0.076708,0.0175959351860459,0.0380162499815377));
#13352=CARTESIAN_POINT('',(0.076708,0.0222526416519793,0.0379885416563784));
#13353=CARTESIAN_POINT('',(0.076708,0.0183956609969948,0.0359692273338319));
#13354=CARTESIAN_POINT('',(0.0762,0.0183956609969948,0.0359692273338319));
#13355=CARTESIAN_POINT('',(0.076708,0.0178625104563622,0.0364682772248792));
#13356=CARTESIAN_POINT('',(0.0762,0.0178625104563622,0.0364682772248792));
#13357=CARTESIAN_POINT('',(0.076708,0.0175959351860459,0.0371506181074478));
#13358=CARTESIAN_POINT('',(0.0762,0.0175959351860459,0.0371506181074478));
#13359=CARTESIAN_POINT('',(0.076708,0.0175959351860459,0.0380162499815377));
#13360=CARTESIAN_POINT('',(0.0762,0.0175959351860459,0.0380162499815377));
#13361=CARTESIAN_POINT('',(0.076708,0.0183956609969948,0.0359692273338319));
#13362=CARTESIAN_POINT('',(0.076708,0.0183956609969948,0.0359692273338319));
#13363=CARTESIAN_POINT('',(0.076708,0.0183956609969948,0.0359692273338319));
#13364=CARTESIAN_POINT('',(0.076708,0.0175959351860459,0.0367178021704029));
#13365=CARTESIAN_POINT('',(0.076708,0.0175959351860459,0.0380162499815377));
#13366=CARTESIAN_POINT('',(0.076708,0.0205548223192987,0.035220652497261));
#13367=CARTESIAN_POINT('',(0.0762,0.0205548223192987,0.035220652497261));
#13368=CARTESIAN_POINT('',(0.076708,0.0196485319783954,0.035220652497261));
#13369=CARTESIAN_POINT('',(0.0762,0.0196485319783954,0.035220652497261));
#13370=CARTESIAN_POINT('',(0.076708,0.0189288115376275,0.0354701774427846));
#13371=CARTESIAN_POINT('',(0.0762,0.0189288115376275,0.0354701774427846));
#13372=CARTESIAN_POINT('',(0.076708,0.0183956609969948,0.0359692273338319));
#13373=CARTESIAN_POINT('',(0.0762,0.0183956609969948,0.0359692273338319));
#13374=CARTESIAN_POINT('',(0.076708,0.0205548223192987,0.035220652497261));
#13375=CARTESIAN_POINT('',(0.076708,0.0205548223192987,0.035220652497261));
#13376=CARTESIAN_POINT('',(0.076708,0.0205548223192987,0.035220652497261));
#13377=CARTESIAN_POINT('',(0.076708,0.0191953868079438,0.035220652497261));
#13378=CARTESIAN_POINT('',(0.076708,0.0183956609969948,0.0359692273338319));
#13379=CARTESIAN_POINT('',(0.076708,0.0228851426712521,0.0359259457401274));
#13380=CARTESIAN_POINT('',(0.0762,0.0228851426712521,0.0359259457401274));
#13381=CARTESIAN_POINT('',(0.076708,0.0222050970247133,0.0354557502448831));
#13382=CARTESIAN_POINT('',(0.0762,0.0222050970247133,0.0354557502448831));
#13383=CARTESIAN_POINT('',(0.076708,0.0214283235740621,0.035220652497261));
#13384=CARTESIAN_POINT('',(0.0762,0.0214283235740621,0.035220652497261));
#13385=CARTESIAN_POINT('',(0.076708,0.0205548223192987,0.035220652497261));
#13386=CARTESIAN_POINT('',(0.0762,0.0205548223192987,0.035220652497261));
#13387=CARTESIAN_POINT('',(0.076708,0.0228851426712521,0.0359259457401274));
#13388=CARTESIAN_POINT('',(0.076708,0.0228851426712521,0.0359259457401274));
#13389=CARTESIAN_POINT('',(0.076708,0.0228851426712521,0.0359259457401274));
#13390=CARTESIAN_POINT('',(0.076708,0.0218650742014438,0.035220652497261));
#13391=CARTESIAN_POINT('',(0.076708,0.0205548223192987,0.035220652497261));
#13392=CARTESIAN_POINT('',(0.076708,0.0243950800879884,0.0378647644035719));
#13393=CARTESIAN_POINT('',(0.0762,0.0243950800879884,0.0378647644035719));
#13394=CARTESIAN_POINT('',(0.076708,0.0240685007900364,0.0370424141231865));
#13395=CARTESIAN_POINT('',(0.0762,0.0240685007900364,0.0370424141231865));
#13396=CARTESIAN_POINT('',(0.076708,0.0235651883177909,0.0363961412353717));
#13397=CARTESIAN_POINT('',(0.0762,0.0235651883177909,0.0363961412353717));
#13398=CARTESIAN_POINT('',(0.076708,0.0228851426712521,0.0359259457401274));
#13399=CARTESIAN_POINT('',(0.0762,0.0228851426712521,0.0359259457401274));
#13400=CARTESIAN_POINT('',(0.076708,0.0243950800879884,0.0378647644035719));
#13401=CARTESIAN_POINT('',(0.076708,0.0243950800879884,0.0378647644035719));
#13402=CARTESIAN_POINT('',(0.076708,0.0243950800879884,0.0378647644035719));
#13403=CARTESIAN_POINT('',(0.076708,0.0239052111410603,0.0366312389829938));
#13404=CARTESIAN_POINT('',(0.076708,0.0228851426712521,0.0359259457401274));
#13405=CARTESIAN_POINT('',(0.076708,0.0232431994918984,0.0378647644035719));
#13406=CARTESIAN_POINT('',(0.076708,0.0220913188958082,0.0378647644035719));
#13407=CARTESIAN_POINT('',(0.076708,0.0220913188958082,0.0378647644035719));
#13408=CARTESIAN_POINT('',(0.076708,0.0232431994918984,0.0378647644035719));
#13409=CARTESIAN_POINT('',(0.076708,0.0208459894042198,0.0370581528845337));
#13410=CARTESIAN_POINT('',(0.0762,0.0208459894042198,0.0370581528845337));
#13411=CARTESIAN_POINT('',(0.076708,0.0213994691782591,0.0370581528845337));
#13412=CARTESIAN_POINT('',(0.0762,0.0213994691782591,0.0370581528845337));
#13413=CARTESIAN_POINT('',(0.076708,0.0218145790087886,0.0373270233908798));
#13414=CARTESIAN_POINT('',(0.0762,0.0218145790087886,0.0373270233908798));
#13415=CARTESIAN_POINT('',(0.076708,0.0220913188958082,0.0378647644035719));
#13416=CARTESIAN_POINT('',(0.0762,0.0220913188958082,0.0378647644035719));
#13417=CARTESIAN_POINT('',(0.076708,0.0208459894042198,0.0370581528845337));
#13418=CARTESIAN_POINT('',(0.076708,0.0208459894042198,0.0370581528845337));
#13419=CARTESIAN_POINT('',(0.076708,0.0208459894042198,0.0370581528845337));
#13420=CARTESIAN_POINT('',(0.076708,0.0216762090652788,0.0370581528845337));
#13421=CARTESIAN_POINT('',(0.076708,0.0220913188958082,0.0378647644035719));
#13422=CARTESIAN_POINT('',(0.076708,0.0200895451869754,0.0373729281114754));
#13423=CARTESIAN_POINT('',(0.0762,0.0200895451869754,0.0373729281114754));
#13424=CARTESIAN_POINT('',(0.076708,0.0202738198510809,0.0371630779601809));
#13425=CARTESIAN_POINT('',(0.0762,0.0202738198510809,0.0371630779601809));
#13426=CARTESIAN_POINT('',(0.076708,0.0205259679234957,0.0370581528845337));
#13427=CARTESIAN_POINT('',(0.0762,0.0205259679234957,0.0370581528845337));
#13428=CARTESIAN_POINT('',(0.076708,0.0208459894042198,0.0370581528845337));
#13429=CARTESIAN_POINT('',(0.0762,0.0208459894042198,0.0370581528845337));
#13430=CARTESIAN_POINT('',(0.076708,0.0200895451869754,0.0373729281114754));
#13431=CARTESIAN_POINT('',(0.076708,0.0200895451869754,0.0373729281114754));
#13432=CARTESIAN_POINT('',(0.076708,0.0200895451869754,0.0373729281114754));
#13433=CARTESIAN_POINT('',(0.076708,0.0203659571831336,0.0370581528845337));
#13434=CARTESIAN_POINT('',(0.076708,0.0208459894042198,0.0370581528845337));
#13435=CARTESIAN_POINT('',(0.076708,0.0198131331908171,0.0382798742341015));
#13436=CARTESIAN_POINT('',(0.0762,0.0198131331908171,0.0382798742341015));
#13437=CARTESIAN_POINT('',(0.076708,0.0198131331908171,0.0378850936369786));
#13438=CARTESIAN_POINT('',(0.0762,0.0198131331908171,0.0378850936369786));
#13439=CARTESIAN_POINT('',(0.076708,0.0199052705228699,0.0375827782627699));
#13440=CARTESIAN_POINT('',(0.0762,0.0199052705228699,0.0375827782627699));
#13441=CARTESIAN_POINT('',(0.076708,0.0200895451869754,0.0373729281114754));
#13442=CARTESIAN_POINT('',(0.0762,0.0200895451869754,0.0373729281114754));
#13443=CARTESIAN_POINT('',(0.076708,0.0198131331908171,0.0382798742341015));
#13444=CARTESIAN_POINT('',(0.076708,0.0198131331908171,0.0382798742341015));
#13445=CARTESIAN_POINT('',(0.076708,0.0198131331908171,0.0382798742341015));
#13446=CARTESIAN_POINT('',(0.076708,0.0198131331908171,0.0376877033384172));
#13447=CARTESIAN_POINT('',(0.076708,0.0200895451869754,0.0373729281114754));
#13448=CARTESIAN_POINT('',(0.0767080000000004,0.0228566723544447,0.0382912644982843));
#13449=CARTESIAN_POINT('',(0.076708,0.0198623168200267,0.0388346655715863));
#13450=CARTESIAN_POINT('',(0.076708,0.0198623168200267,0.0388346655715863));
#13451=CARTESIAN_POINT('',(0.076708,0.0228566723544447,0.0382912644982843));
#13452=CARTESIAN_POINT('',(0.076708,0.0204416999721165,0.0401498358166525));
#13453=CARTESIAN_POINT('',(0.0762,0.0204416999721165,0.0401498358166525));
#13454=CARTESIAN_POINT('',(0.076708,0.0201564349227005,0.039843585752107));
#13455=CARTESIAN_POINT('',(0.0762,0.0201564349227005,0.039843585752107));
#13456=CARTESIAN_POINT('',(0.076708,0.0199633072053373,0.0394051956704183));
#13457=CARTESIAN_POINT('',(0.0762,0.0199633072053373,0.0394051956704183));
#13458=CARTESIAN_POINT('',(0.076708,0.0198623168200267,0.0388346655715863));
#13459=CARTESIAN_POINT('',(0.0762,0.0198623168200267,0.0388346655715863));
#13460=CARTESIAN_POINT('',(0.076708,0.0204416999721165,0.0401498358166525));
#13461=CARTESIAN_POINT('',(0.076708,0.0204416999721165,0.0401498358166525));
#13462=CARTESIAN_POINT('',(0.076708,0.0204416999721165,0.0401498358166525));
#13463=CARTESIAN_POINT('',(0.076708,0.0200138023979925,0.0396904607198343));
#13464=CARTESIAN_POINT('',(0.076708,0.0198623168200267,0.0388346655715863));
#13465=CARTESIAN_POINT('',(0.076708,0.0214617684419247,0.0406092109134706));
#13466=CARTESIAN_POINT('',(0.0762,0.0214617684419247,0.0406092109134706));
#13467=CARTESIAN_POINT('',(0.076708,0.0210669878448019,0.0406092109134706));
#13468=CARTESIAN_POINT('',(0.0762,0.0210669878448019,0.0406092109134706));
#13469=CARTESIAN_POINT('',(0.076708,0.0207269650215324,0.0404560858811979));
#13470=CARTESIAN_POINT('',(0.0762,0.0207269650215324,0.0404560858811979));
#13471=CARTESIAN_POINT('',(0.076708,0.0204416999721165,0.0401498358166525));
#13472=CARTESIAN_POINT('',(0.0762,0.0204416999721165,0.0401498358166525));
#13473=CARTESIAN_POINT('',(0.076708,0.0214617684419247,0.0406092109134706));
#13474=CARTESIAN_POINT('',(0.076708,0.0214617684419247,0.0406092109134706));
#13475=CARTESIAN_POINT('',(0.076708,0.0214617684419247,0.0406092109134706));
#13476=CARTESIAN_POINT('',(0.076708,0.0208695975462404,0.0406092109134706));
#13477=CARTESIAN_POINT('',(0.076708,0.0204416999721165,0.0401498358166525));
#13478=CARTESIAN_POINT('',(0.076708,0.0224434736809494,0.0398025993944323));
#13479=CARTESIAN_POINT('',(0.0762,0.0224434736809494,0.0398025993944323));
#13480=CARTESIAN_POINT('',(0.076708,0.022351664239758,0.0403403404071246));
#13481=CARTESIAN_POINT('',(0.0762,0.022351664239758,0.0403403404071246));
#13482=CARTESIAN_POINT('',(0.076708,0.0220244291600831,0.0406092109134706));
#13483=CARTESIAN_POINT('',(0.0762,0.0220244291600831,0.0406092109134706));
#13484=CARTESIAN_POINT('',(0.076708,0.0214617684419247,0.0406092109134706));
#13485=CARTESIAN_POINT('',(0.0762,0.0214617684419247,0.0406092109134706));
#13486=CARTESIAN_POINT('',(0.076708,0.0224434736809494,0.0398025993944323));
#13487=CARTESIAN_POINT('',(0.076708,0.0224434736809494,0.0398025993944323));
#13488=CARTESIAN_POINT('',(0.076708,0.0224434736809494,0.0398025993944323));
#13489=CARTESIAN_POINT('',(0.076708,0.0223057595191623,0.0406092109134706));
#13490=CARTESIAN_POINT('',(0.076708,0.0214617684419247,0.0406092109134706));
#13491=CARTESIAN_POINT('',(0.076708,0.0235894522415343,0.0398025993944323));
#13492=CARTESIAN_POINT('',(0.076708,0.0247354308021192,0.0398025993944323));
#13493=CARTESIAN_POINT('',(0.076708,0.0247354308021192,0.0398025993944323));
#13494=CARTESIAN_POINT('',(0.076708,0.0235894522415343,0.0398025993944323));
#13495=CARTESIAN_POINT('',(0.076708,0.0239179988846548,0.0417542058014714));
#13496=CARTESIAN_POINT('',(0.0762,0.0239179988846548,0.0417542058014714));
#13497=CARTESIAN_POINT('',(0.076708,0.024430164410158,0.0412925354686234));
#13498=CARTESIAN_POINT('',(0.0762,0.024430164410158,0.0412925354686234));
#13499=CARTESIAN_POINT('',(0.076708,0.0247026417159795,0.0406419999996104));
#13500=CARTESIAN_POINT('',(0.0762,0.0247026417159795,0.0406419999996104));
#13501=CARTESIAN_POINT('',(0.076708,0.0247354308021192,0.0398025993944323));
#13502=CARTESIAN_POINT('',(0.0762,0.0247354308021192,0.0398025993944323));
#13503=CARTESIAN_POINT('',(0.076708,0.0239179988846548,0.0417542058014714));
#13504=CARTESIAN_POINT('',(0.076708,0.0239179988846548,0.0417542058014714));
#13505=CARTESIAN_POINT('',(0.076708,0.0239179988846548,0.0417542058014714));
#13506=CARTESIAN_POINT('',(0.076708,0.0246862471729096,0.0410617003021994));
#13507=CARTESIAN_POINT('',(0.076708,0.0247354308021192,0.0398025993944323));
#13508=CARTESIAN_POINT('',(0.076708,0.0218276946432445,0.0424467113007434));
#13509=CARTESIAN_POINT('',(0.0762,0.0218276946432445,0.0424467113007434));
#13510=CARTESIAN_POINT('',(0.076708,0.0227090652786815,0.0424467113007434));
#13511=CARTESIAN_POINT('',(0.0762,0.0227090652786815,0.0424467113007434));
#13512=CARTESIAN_POINT('',(0.076708,0.0234058333591516,0.0422158761343194));
#13513=CARTESIAN_POINT('',(0.0762,0.0234058333591516,0.0422158761343194));
#13514=CARTESIAN_POINT('',(0.076708,0.0239179988846548,0.0417542058014714));
#13515=CARTESIAN_POINT('',(0.0762,0.0239179988846548,0.0417542058014714));
#13516=CARTESIAN_POINT('',(0.076708,0.0218276946432445,0.0424467113007434));
#13517=CARTESIAN_POINT('',(0.076708,0.0218276946432445,0.0424467113007434));
#13518=CARTESIAN_POINT('',(0.076708,0.0218276946432445,0.0424467113007434));
#13519=CARTESIAN_POINT('',(0.076708,0.0231497505964001,0.0424467113007434));
#13520=CARTESIAN_POINT('',(0.076708,0.0239179988846548,0.0417542058014714));
#13521=CARTESIAN_POINT('',(0.076708,0.01991936982991,0.0420060259830249));
#13522=CARTESIAN_POINT('',(0.0762,0.01991936982991,0.0420060259830249));
#13523=CARTESIAN_POINT('',(0.076708,0.0205030155631979,0.0422998161948372));
#13524=CARTESIAN_POINT('',(0.0762,0.0205030155631979,0.0422998161948372));
#13525=CARTESIAN_POINT('',(0.076708,0.0211391238343094,0.0424467113007434));
#13526=CARTESIAN_POINT('',(0.0762,0.0211391238343094,0.0424467113007434));
#13527=CARTESIAN_POINT('',(0.076708,0.0218276946432445,0.0424467113007434));
#13528=CARTESIAN_POINT('',(0.0762,0.0218276946432445,0.0424467113007434));
#13529=CARTESIAN_POINT('',(0.076708,0.01991936982991,0.0420060259830249));
#13530=CARTESIAN_POINT('',(0.076708,0.01991936982991,0.0420060259830249));
#13531=CARTESIAN_POINT('',(0.076708,0.01991936982991,0.0420060259830249));
#13532=CARTESIAN_POINT('',(0.076708,0.0207948384298418,0.0424467113007434));
#13533=CARTESIAN_POINT('',(0.076708,0.0218276946432445,0.0424467113007434));
#13534=CARTESIAN_POINT('',(0.0767080000000001,0.0217268132159033,0.038420823346285));
#13535=CARTESIAN_POINT('',(0.076708,0.0217268132159033,0.038420823346285));
#13536=CARTESIAN_POINT('',(0.076708,1.39703063931999E-17,0.0254));
#13537=CARTESIAN_POINT('',(0.076708,0.0308873191436628,0.0370709406281282));
#13538=CARTESIAN_POINT('',(0.076708,0.0297226508039782,0.0388208941554077));
#13539=CARTESIAN_POINT('',(0.076708,0.0297226508039782,0.0388208941554077));
#13540=CARTESIAN_POINT('',(0.076708,0.0308873191436628,0.0370709406281282));
#13541=CARTESIAN_POINT('',(0.076708,0.0320519874833474,0.0353209871008486));
#13542=CARTESIAN_POINT('',(0.076708,0.0320519874833474,0.0353209871008486));
#13543=CARTESIAN_POINT('',(0.076708,0.0314912941103573,0.0405836354262816));
#13544=CARTESIAN_POINT('',(0.076708,0.0332599374167365,0.0423463766971557));
#13545=CARTESIAN_POINT('',(0.076708,0.0332599374167365,0.0423463766971557));
#13546=CARTESIAN_POINT('',(0.076708,0.0314912941103573,0.0405836354262816));
#13547=CARTESIAN_POINT('',(0.076708,0.0319319794280758,0.0423463766971557));
#13548=CARTESIAN_POINT('',(0.076708,0.0306040214394152,0.0423463766971557));
#13549=CARTESIAN_POINT('',(0.076708,0.0306040214394152,0.0423463766971557));
#13550=CARTESIAN_POINT('',(0.076708,0.0319319794280758,0.0423463766971557));
#13551=CARTESIAN_POINT('',(0.076708,0.02929376955727,0.0409239861404124));
#13552=CARTESIAN_POINT('',(0.076708,0.0279835176751248,0.0395015955836693));
#13553=CARTESIAN_POINT('',(0.076708,0.0279835176751248,0.0395015955836693));
#13554=CARTESIAN_POINT('',(0.076708,0.02929376955727,0.0409239861404124));
#13555=CARTESIAN_POINT('',(0.076708,0.0284369907364379,0.0420699647009974));
#13556=CARTESIAN_POINT('',(0.076708,0.0288904637977508,0.0446383338183255));
#13557=CARTESIAN_POINT('',(0.076708,0.0288904637977508,0.0446383338183255));
#13558=CARTESIAN_POINT('',(0.076708,0.0284369907364379,0.0420699647009974));
#13559=CARTESIAN_POINT('',(0.076708,0.0278143259906436,0.0446383338183255));
#13560=CARTESIAN_POINT('',(0.076708,0.0267381881835364,0.0446383338183255));
#13561=CARTESIAN_POINT('',(0.076708,0.0267381881835364,0.0446383338183255));
#13562=CARTESIAN_POINT('',(0.076708,0.0278143259906436,0.0446383338183255));
#13563=CARTESIAN_POINT('',(0.076708,0.0259128868853984,0.0399796604595871));
#13564=CARTESIAN_POINT('',(0.076708,0.0250875855872604,0.0353209871008486));
#13565=CARTESIAN_POINT('',(0.076708,0.0250875855872604,0.0353209871008486));
#13566=CARTESIAN_POINT('',(0.076708,0.0259128868853984,0.0399796604595871));
#13567=CARTESIAN_POINT('',(0.076708,0.0261647070669518,0.0353209871008486));
#13568=CARTESIAN_POINT('',(0.076708,0.0272418285466432,0.0353209871008486));
#13569=CARTESIAN_POINT('',(0.076708,0.0272418285466432,0.0353209871008486));
#13570=CARTESIAN_POINT('',(0.076708,0.0261647070669518,0.0353209871008486));
#13571=CARTESIAN_POINT('',(0.076708,0.0274995507637018,0.0367876429238806));
#13572=CARTESIAN_POINT('',(0.076708,0.0277572729807604,0.0382542987469124));
#13573=CARTESIAN_POINT('',(0.076708,0.0277572729807604,0.0382542987469124));
#13574=CARTESIAN_POINT('',(0.076708,0.0274995507637018,0.0367876429238806));
#13575=CARTESIAN_POINT('',(0.076708,0.0285697865353039,0.0367876429238806));
#13576=CARTESIAN_POINT('',(0.076708,0.0293823000898473,0.0353209871008486));
#13577=CARTESIAN_POINT('',(0.076708,0.0293823000898473,0.0353209871008486));
#13578=CARTESIAN_POINT('',(0.076708,0.0285697865353039,0.0367876429238806));
#13579=CARTESIAN_POINT('',(0.076708,0.0307171437865974,0.0353209871008486));
#13580=CARTESIAN_POINT('',(0.076708,0.0307171437865974,0.0353209871008486));
#13581=CARTESIAN_POINT('',(0.076708,1.39703063931999E-17,0.0254));
#13582=CARTESIAN_POINT('',(0.076708,0.0362050531338106,0.0397534157652226));
#13583=CARTESIAN_POINT('',(0.0762,0.0362050531338106,0.0397534157652226));
#13584=CARTESIAN_POINT('',(0.076708,0.0363558829300535,0.0406256054565405));
#13585=CARTESIAN_POINT('',(0.0762,0.0363558829300535,0.0406256054565405));
#13586=CARTESIAN_POINT('',(0.076708,0.03668115066456,0.0414040183614986));
#13587=CARTESIAN_POINT('',(0.0762,0.03668115066456,0.0414040183614986));
#13588=CARTESIAN_POINT('',(0.076708,0.0371808563373301,0.042088654480097));
#13589=CARTESIAN_POINT('',(0.0762,0.0371808563373301,0.042088654480097));
#13590=CARTESIAN_POINT('',(0.076708,0.0362050531338106,0.0397534157652226));
#13591=CARTESIAN_POINT('',(0.076708,0.0362050531338106,0.0397534157652226));
#13592=CARTESIAN_POINT('',(0.076708,0.0362050531338106,0.0397534157652226));
#13593=CARTESIAN_POINT('',(0.076708,0.036431297828175,0.0410617003021994));
#13594=CARTESIAN_POINT('',(0.076708,0.0371808563373301,0.042088654480097));
#13595=CARTESIAN_POINT('',(0.076708,0.0371808563373301,0.042088654480097));
#13596=CARTESIAN_POINT('',(0.076708,0.0371808563373301,0.042088654480097));
#13597=CARTESIAN_POINT('',(0.0767080000000004,0.0409824008110785,0.0388306956435271));
#13598=CARTESIAN_POINT('',(0.076708,0.0361165226012332,0.0388208941554077));
#13599=CARTESIAN_POINT('',(0.076708,0.0361165226012332,0.0388208941554077));
#13600=CARTESIAN_POINT('',(0.076708,0.0409824008110785,0.0388306956435271));
#13601=CARTESIAN_POINT('',(0.076708,0.0365699956625462,0.0369450305373515));
#13602=CARTESIAN_POINT('',(0.0762,0.0365699956625462,0.0369450305373515));
#13603=CARTESIAN_POINT('',(0.076708,0.0362676802883375,0.0374821157683209));
#13604=CARTESIAN_POINT('',(0.0762,0.0362676802883375,0.0374821157683209));
#13605=CARTESIAN_POINT('',(0.076708,0.0361165226012332,0.0381074036410063));
#13606=CARTESIAN_POINT('',(0.0762,0.0361165226012332,0.0381074036410063));
#13607=CARTESIAN_POINT('',(0.076708,0.0361165226012332,0.0388208941554077));
#13608=CARTESIAN_POINT('',(0.0762,0.0361165226012332,0.0388208941554077));
#13609=CARTESIAN_POINT('',(0.076708,0.0365699956625462,0.0369450305373515));
#13610=CARTESIAN_POINT('',(0.076708,0.0365699956625462,0.0369450305373515));
#13611=CARTESIAN_POINT('',(0.076708,0.0365699956625462,0.0369450305373515));
#13612=CARTESIAN_POINT('',(0.076708,0.0361165226012332,0.0377506583838056));
#13613=CARTESIAN_POINT('',(0.076708,0.0361165226012332,0.0388208941554077));
#13614=CARTESIAN_POINT('',(0.076708,0.0378674598010969,0.0356987173731788));
#13615=CARTESIAN_POINT('',(0.0762,0.0378674598010969,0.0356987173731788));
#13616=CARTESIAN_POINT('',(0.076708,0.0373047990829384,0.0359925075849911));
#13617=CARTESIAN_POINT('',(0.0762,0.0373047990829384,0.0359925075849911));
#13618=CARTESIAN_POINT('',(0.076708,0.0368723110367549,0.036407945306382));
#13619=CARTESIAN_POINT('',(0.0762,0.0368723110367549,0.036407945306382));
#13620=CARTESIAN_POINT('',(0.076708,0.0365699956625462,0.0369450305373515));
#13621=CARTESIAN_POINT('',(0.0762,0.0365699956625462,0.0369450305373515));
#13622=CARTESIAN_POINT('',(0.076708,0.0378674598010969,0.0356987173731788));
#13623=CARTESIAN_POINT('',(0.076708,0.0378674598010969,0.0356987173731788));
#13624=CARTESIAN_POINT('',(0.076708,0.0378674598010969,0.0356987173731788));
#13625=CARTESIAN_POINT('',(0.076708,0.0370234687238592,0.0361394026908973));
#13626=CARTESIAN_POINT('',(0.076708,0.0365699956625462,0.0369450305373515));
#13627=CARTESIAN_POINT('',(0.076708,0.039844641695325,0.0352580320554603));
#13628=CARTESIAN_POINT('',(0.0762,0.039844641695325,0.0352580320554603));
#13629=CARTESIAN_POINT('',(0.076708,0.0390891811506647,0.0352580320554603));
#13630=CARTESIAN_POINT('',(0.0762,0.0390891811506647,0.0352580320554603));
#13631=CARTESIAN_POINT('',(0.076708,0.0384301205192553,0.0354049271613665));
#13632=CARTESIAN_POINT('',(0.0762,0.0384301205192553,0.0354049271613665));
#13633=CARTESIAN_POINT('',(0.076708,0.0378674598010969,0.0356987173731788));
#13634=CARTESIAN_POINT('',(0.0762,0.0378674598010969,0.0356987173731788));
#13635=CARTESIAN_POINT('',(0.076708,0.039844641695325,0.0352580320554603));
#13636=CARTESIAN_POINT('',(0.076708,0.039844641695325,0.0352580320554603));
#13637=CARTESIAN_POINT('',(0.076708,0.039844641695325,0.0352580320554603));
#13638=CARTESIAN_POINT('',(0.076708,0.0387114508783345,0.0352580320554603));
#13639=CARTESIAN_POINT('',(0.076708,0.0378674598010969,0.0356987173731788));
#13640=CARTESIAN_POINT('',(0.076708,0.0426894228088113,0.0360823496810141));
#13641=CARTESIAN_POINT('',(0.0762,0.0426894228088113,0.0360823496810141));
#13642=CARTESIAN_POINT('',(0.076708,0.0418421528229597,0.0355328045973116));
#13643=CARTESIAN_POINT('',(0.0762,0.0418421528229597,0.0355328045973116));
#13644=CARTESIAN_POINT('',(0.076708,0.0408938924517976,0.0352580320554603));
#13645=CARTESIAN_POINT('',(0.0762,0.0408938924517976,0.0352580320554603));
#13646=CARTESIAN_POINT('',(0.076708,0.039844641695325,0.0352580320554603));
#13647=CARTESIAN_POINT('',(0.0762,0.039844641695325,0.0352580320554603));
#13648=CARTESIAN_POINT('',(0.076708,0.0426894228088113,0.0360823496810141));
#13649=CARTESIAN_POINT('',(0.076708,0.0426894228088113,0.0360823496810141));
#13650=CARTESIAN_POINT('',(0.076708,0.0426894228088113,0.0360823496810141));
#13651=CARTESIAN_POINT('',(0.076708,0.0414185178300339,0.0352580320554603));
#13652=CARTESIAN_POINT('',(0.076708,0.039844641695325,0.0352580320554603));
#13653=CARTESIAN_POINT('',(0.076708,0.0445898782414724,0.0383428292794898));
#13654=CARTESIAN_POINT('',(0.0762,0.0445898782414724,0.0383428292794898));
#13655=CARTESIAN_POINT('',(0.076708,0.0441701779388833,0.0373853879642085));
#13656=CARTESIAN_POINT('',(0.0762,0.0441701779388833,0.0373853879642085));
#13657=CARTESIAN_POINT('',(0.076708,0.043536692794663,0.0366318947647166));
#13658=CARTESIAN_POINT('',(0.0762,0.043536692794663,0.0366318947647166));
#13659=CARTESIAN_POINT('',(0.076708,0.0426894228088113,0.0360823496810141));
#13660=CARTESIAN_POINT('',(0.0762,0.0426894228088113,0.0360823496810141));
#13661=CARTESIAN_POINT('',(0.076708,0.0445898782414724,0.0383428292794898));
#13662=CARTESIAN_POINT('',(0.076708,0.0445898782414724,0.0383428292794898));
#13663=CARTESIAN_POINT('',(0.076708,0.0445898782414724,0.0383428292794898));
#13664=CARTESIAN_POINT('',(0.076708,0.0439603277875888,0.0369066673065679));
#13665=CARTESIAN_POINT('',(0.076708,0.0426894228088113,0.0360823496810141));
#13666=CARTESIAN_POINT('',(0.076708,0.0434065201226881,0.0383428292794898));
#13667=CARTESIAN_POINT('',(0.076708,0.0422231620039039,0.0383428292794898));
#13668=CARTESIAN_POINT('',(0.076708,0.0422231620039039,0.0383428292794898));
#13669=CARTESIAN_POINT('',(0.076708,0.0434065201226881,0.0383428292794898));
#13670=CARTESIAN_POINT('',(0.076708,0.0413240852619513,0.0375116259458467));
#13671=CARTESIAN_POINT('',(0.0762,0.0413240852619513,0.0375116259458467));
#13672=CARTESIAN_POINT('',(0.076708,0.041680830519152,0.0377050815540713));
#13673=CARTESIAN_POINT('',(0.0762,0.041680830519152,0.0377050815540713));
#13674=CARTESIAN_POINT('',(0.076708,0.0419805227664695,0.0379821493319523));
#13675=CARTESIAN_POINT('',(0.0762,0.0419805227664695,0.0379821493319523));
#13676=CARTESIAN_POINT('',(0.076708,0.0422231620039039,0.0383428292794898));
#13677=CARTESIAN_POINT('',(0.0762,0.0422231620039039,0.0383428292794898));
#13678=CARTESIAN_POINT('',(0.076708,0.0413240852619513,0.0375116259458467));
#13679=CARTESIAN_POINT('',(0.076708,0.0413240860951115,0.0375116244164824));
#13680=CARTESIAN_POINT('',(0.076708,0.0413240852619513,0.0375116259458467));
#13681=CARTESIAN_POINT('',(0.076708,0.0418592031477524,0.0378018093581836));
#13682=CARTESIAN_POINT('',(0.076708,0.0422231620039039,0.0383428292794898));
#13683=CARTESIAN_POINT('',(0.076708,0.0401862002707371,0.039600348854396));
#13684=CARTESIAN_POINT('',(0.076708,0.0401712209932771,0.0372214425335097));
#13685=CARTESIAN_POINT('',(0.076708,0.0401712209932771,0.0372214425335097));
#13686=CARTESIAN_POINT('',(0.076708,0.0401862002707371,0.039600348854396));
#13687=CARTESIAN_POINT('',(0.076708,0.0388245732255167,0.0377378706402111));
#13688=CARTESIAN_POINT('',(0.0762,0.0388245732255167,0.0377378706402111));
#13689=CARTESIAN_POINT('',(0.076708,0.0391518083051916,0.0373935852357435));
#13690=CARTESIAN_POINT('',(0.0762,0.0391518083051916,0.0373935852357435));
#13691=CARTESIAN_POINT('',(0.076708,0.0396006908944451,0.0372214425335097));
#13692=CARTESIAN_POINT('',(0.0762,0.0396006908944451,0.0372214425335097));
#13693=CARTESIAN_POINT('',(0.076708,0.0401712209932771,0.0372214425335097));
#13694=CARTESIAN_POINT('',(0.0762,0.0401712209932771,0.0372214425335097));
#13695=CARTESIAN_POINT('',(0.076708,0.0388245732255167,0.0377378706402111));
#13696=CARTESIAN_POINT('',(0.076708,0.0388245732255167,0.0377378706402111));
#13697=CARTESIAN_POINT('',(0.076708,0.0388245732255167,0.0377378706402111));
#13698=CARTESIAN_POINT('',(0.076708,0.0393154258450291,0.0372214425335097));
#13699=CARTESIAN_POINT('',(0.076708,0.0401712209932771,0.0372214425335097));
#13700=CARTESIAN_POINT('',(0.076708,0.0383337206060044,0.0391356693823494));
#13701=CARTESIAN_POINT('',(0.0762,0.0383337206060044,0.0391356693823494));
#13702=CARTESIAN_POINT('',(0.076708,0.0383337206060044,0.0385480889587247));
#13703=CARTESIAN_POINT('',(0.0762,0.0383337206060044,0.0385480889587247));
#13704=CARTESIAN_POINT('',(0.076708,0.0384973381458419,0.0380821560446786));
#13705=CARTESIAN_POINT('',(0.0762,0.0384973381458419,0.0380821560446786));
#13706=CARTESIAN_POINT('',(0.076708,0.0388245732255167,0.0377378706402111));
#13707=CARTESIAN_POINT('',(0.0762,0.0388245732255167,0.0377378706402111));
#13708=CARTESIAN_POINT('',(0.076708,0.0383337206060044,0.0391356693823494));
#13709=CARTESIAN_POINT('',(0.076708,0.0383337206060044,0.0391356693823494));
#13710=CARTESIAN_POINT('',(0.076708,0.0383337206060044,0.0391356693823494));
#13711=CARTESIAN_POINT('',(0.076708,0.0383337206060044,0.0382542987469124));
#13712=CARTESIAN_POINT('',(0.076708,0.0388245732255167,0.0377378706402111));
#13713=CARTESIAN_POINT('',(0.0767080000000004,0.0419330953737888,0.0390730329963412));
#13714=CARTESIAN_POINT('',(0.076708,0.0383966756513928,0.0397534157652226));
#13715=CARTESIAN_POINT('',(0.076708,0.0383966756513928,0.0397534157652226));
#13716=CARTESIAN_POINT('',(0.076708,0.0419330953737888,0.0390730329963412));
#13717=CARTESIAN_POINT('',(0.076708,0.0393272299160394,0.0415850141169902));
#13718=CARTESIAN_POINT('',(0.0762,0.0393272299160394,0.0415850141169902));
#13719=CARTESIAN_POINT('',(0.076708,0.0388406398777252,0.041127278474479));
#13720=CARTESIAN_POINT('',(0.0762,0.0388406398777252,0.041127278474479));
#13721=CARTESIAN_POINT('',(0.076708,0.038530455122843,0.0405167456905565));
#13722=CARTESIAN_POINT('',(0.0762,0.038530455122843,0.0405167456905565));
#13723=CARTESIAN_POINT('',(0.076708,0.0383966756513928,0.0397534157652226));
#13724=CARTESIAN_POINT('',(0.0762,0.0383966756513928,0.0397534157652226));
#13725=CARTESIAN_POINT('',(0.076708,0.0393272299160394,0.0415850141169902));
#13726=CARTESIAN_POINT('',(0.076708,0.0393272299160394,0.0415850141169902));
#13727=CARTESIAN_POINT('',(0.076708,0.0393272299160394,0.0415850141169902));
#13728=CARTESIAN_POINT('',(0.076708,0.0385973448585682,0.0408984106532234));
#13729=CARTESIAN_POINT('',(0.076708,0.0383966756513928,0.0397534157652226));
#13730=CARTESIAN_POINT('',(0.076708,0.0410525916287141,0.0422716175807569));
#13731=CARTESIAN_POINT('',(0.0762,0.0410525916287141,0.0422716175807569));
#13732=CARTESIAN_POINT('',(0.076708,0.0403889405252451,0.0422716175807569));
#13733=CARTESIAN_POINT('',(0.0762,0.0403889405252451,0.0422716175807569));
#13734=CARTESIAN_POINT('',(0.076708,0.0398138199543536,0.0420427497595014));
#13735=CARTESIAN_POINT('',(0.0762,0.0398138199543536,0.0420427497595014));
#13736=CARTESIAN_POINT('',(0.076708,0.0393272299160394,0.0415850141169902));
#13737=CARTESIAN_POINT('',(0.0762,0.0393272299160394,0.0415850141169902));
#13738=CARTESIAN_POINT('',(0.076708,0.0410525916287141,0.0422716175807569));
#13739=CARTESIAN_POINT('',(0.076708,0.0410525916287141,0.0422716175807569));
#13740=CARTESIAN_POINT('',(0.076708,0.0410525916287141,0.0422716175807569));
#13741=CARTESIAN_POINT('',(0.076708,0.0400571149735107,0.0422716175807569));
#13742=CARTESIAN_POINT('',(0.076708,0.0393272299160394,0.0415850141169902));
#13743=CARTESIAN_POINT('',(0.076708,0.042116925364811,0.0419883198765093));
#13744=CARTESIAN_POINT('',(0.0762,0.042116925364811,0.0419883198765093));
#13745=CARTESIAN_POINT('',(0.076708,0.0418270698433354,0.0421771850126744));
#13746=CARTESIAN_POINT('',(0.0762,0.0418270698433354,0.0421771850126744));
#13747=CARTESIAN_POINT('',(0.076708,0.0414722919313031,0.0422716175807569));
#13748=CARTESIAN_POINT('',(0.0762,0.0414722919313031,0.0422716175807569));
#13749=CARTESIAN_POINT('',(0.076708,0.0410525916287141,0.0422716175807569));
#13750=CARTESIAN_POINT('',(0.0762,0.0410525916287141,0.0422716175807569));
#13751=CARTESIAN_POINT('',(0.076708,0.042116925364811,0.0419883198765093));
#13752=CARTESIAN_POINT('',(0.076708,0.042116925364811,0.0419883198765093));
#13753=CARTESIAN_POINT('',(0.076708,0.042116925364811,0.0419883198765093));
#13754=CARTESIAN_POINT('',(0.076708,0.0416821420825976,0.0422716175807569));
#13755=CARTESIAN_POINT('',(0.076708,0.0410525916287141,0.0422716175807569));
#13756=CARTESIAN_POINT('',(0.076708,0.0427149982960003,0.0411640022509556));
#13757=CARTESIAN_POINT('',(0.0762,0.0427149982960003,0.0411640022509556));
#13758=CARTESIAN_POINT('',(0.076708,0.0426061385300163,0.041524682198493));
#13759=CARTESIAN_POINT('',(0.0762,0.0426061385300163,0.041524682198493));
#13760=CARTESIAN_POINT('',(0.076708,0.0424067808862865,0.0417994547403443));
#13761=CARTESIAN_POINT('',(0.0762,0.0424067808862865,0.0417994547403443));
#13762=CARTESIAN_POINT('',(0.076708,0.042116925364811,0.0419883198765093));
#13763=CARTESIAN_POINT('',(0.0762,0.042116925364811,0.0419883198765093));
#13764=CARTESIAN_POINT('',(0.076708,0.0427149982960003,0.0411640022509556));
#13765=CARTESIAN_POINT('',(0.076708,0.0427149982960003,0.0411640022509556));
#13766=CARTESIAN_POINT('',(0.076708,0.0427149982960003,0.0411640022509556));
#13767=CARTESIAN_POINT('',(0.076708,0.0425517086470243,0.0417050221722618));
#13768=CARTESIAN_POINT('',(0.076708,0.042116925364811,0.0419883198765093));
#13769=CARTESIAN_POINT('',(0.076708,0.0438983564147847,0.0411640022509556));
#13770=CARTESIAN_POINT('',(0.076708,0.0450817145335689,0.0411640022509556));
#13771=CARTESIAN_POINT('',(0.076708,0.0450817145335689,0.0411640022509556));
#13772=CARTESIAN_POINT('',(0.076708,0.0438983564147847,0.0411640022509556));
#13773=CARTESIAN_POINT('',(0.076708,0.0439800012392727,0.0434294002123522));
#13774=CARTESIAN_POINT('',(0.0762,0.0439800012392727,0.0434294002123522));
#13775=CARTESIAN_POINT('',(0.076708,0.0446305367082857,0.0428752646565901));
#13776=CARTESIAN_POINT('',(0.0762,0.0446305367082857,0.0428752646565901));
#13777=CARTESIAN_POINT('',(0.076708,0.0449977744730511,0.0421201320027912));
#13778=CARTESIAN_POINT('',(0.0762,0.0449977744730511,0.0421201320027912));
#13779=CARTESIAN_POINT('',(0.076708,0.0450817145335689,0.0411640022509556));
#13780=CARTESIAN_POINT('',(0.0762,0.0450817145335689,0.0411640022509556));
#13781=CARTESIAN_POINT('',(0.076708,0.0439800012392727,0.0434294002123522));
#13782=CARTESIAN_POINT('',(0.076708,0.0439800012392727,0.0434294002123522));
#13783=CARTESIAN_POINT('',(0.076708,0.0439800012392727,0.0434294002123522));
#13784=CARTESIAN_POINT('',(0.076708,0.0449558044427922,0.0425981968787091));
#13785=CARTESIAN_POINT('',(0.076708,0.0450817145335689,0.0411640022509556));
#13786=CARTESIAN_POINT('',(0.076708,0.0414303219010442,0.0442606035459954));
#13787=CARTESIAN_POINT('',(0.0762,0.0414303219010442,0.0442606035459954));
#13788=CARTESIAN_POINT('',(0.076708,0.0424795726575168,0.0442606035459953));
#13789=CARTESIAN_POINT('',(0.0762,0.0424795726575168,0.0442606035459953));
#13790=CARTESIAN_POINT('',(0.076708,0.0433294657702597,0.0439835357681143));
#13791=CARTESIAN_POINT('',(0.0762,0.0433294657702597,0.0439835357681143));
#13792=CARTESIAN_POINT('',(0.076708,0.0439800012392727,0.0434294002123522));
#13793=CARTESIAN_POINT('',(0.0762,0.0439800012392727,0.0434294002123522));
#13794=CARTESIAN_POINT('',(0.076708,0.0414303219010442,0.0442606035459954));
#13795=CARTESIAN_POINT('',(0.076708,0.0414303219010442,0.0442606035459954));
#13796=CARTESIAN_POINT('',(0.076708,0.0414303219010442,0.0442606035459954));
#13797=CARTESIAN_POINT('',(0.076708,0.0430041980357532,0.0442606035459954));
#13798=CARTESIAN_POINT('',(0.076708,0.0439800012392727,0.0434294002123522));
#13799=CARTESIAN_POINT('',(0.076708,0.0390380301762867,0.043688106101995));
#13800=CARTESIAN_POINT('',(0.0762,0.0390380301762867,0.043688106101995));
#13801=CARTESIAN_POINT('',(0.076708,0.0397764403961543,0.0440697710646619));
#13802=CARTESIAN_POINT('',(0.0762,0.0397764403961543,0.0440697710646619));
#13803=CARTESIAN_POINT('',(0.076708,0.0405738709710734,0.0442606035459953));
#13804=CARTESIAN_POINT('',(0.0762,0.0405738709710734,0.0442606035459953));
#13805=CARTESIAN_POINT('',(0.076708,0.0414303219010442,0.0442606035459954));
#13806=CARTESIAN_POINT('',(0.0762,0.0414303219010442,0.0442606035459954));
#13807=CARTESIAN_POINT('',(0.076708,0.0390380301762867,0.043688106101995));
#13808=CARTESIAN_POINT('',(0.076708,0.0390380301762867,0.043688106101995));
#13809=CARTESIAN_POINT('',(0.076708,0.0390380301762867,0.043688106101995));
#13810=CARTESIAN_POINT('',(0.076708,0.040145645506088,0.0442606035459954));
#13811=CARTESIAN_POINT('',(0.076708,0.0414303219010442,0.0442606035459954));
#13812=CARTESIAN_POINT('',(0.0767080000000001,0.0414523109511442,0.0390101521036341));
#13813=CARTESIAN_POINT('',(0.076708,0.0414523109511442,0.0390101521036341));
#13814=CARTESIAN_POINT('',(0.076708,1.39703063931999E-17,0.0254));
#13815=CARTESIAN_POINT('',(0.076708,0.0483494748582583,0.0399796604595871));
#13816=CARTESIAN_POINT('',(0.076708,0.0491737924838121,0.0446383338183255));
#13817=CARTESIAN_POINT('',(0.076708,0.0491737924838121,0.0446383338183255));
#13818=CARTESIAN_POINT('',(0.076708,0.0483494748582583,0.0399796604595871));
#13819=CARTESIAN_POINT('',(0.076708,0.0475251572327045,0.0353209871008486));
#13820=CARTESIAN_POINT('',(0.076708,0.0475251572327045,0.0353209871008486));
#13821=CARTESIAN_POINT('',(0.076708,0.0480976546767049,0.0446383338183255));
#13822=CARTESIAN_POINT('',(0.076708,0.0470215168695977,0.0446383338183255));
#13823=CARTESIAN_POINT('',(0.076708,0.0470215168695977,0.0446383338183255));
#13824=CARTESIAN_POINT('',(0.076708,0.0480976546767049,0.0446383338183255));
#13825=CARTESIAN_POINT('',(0.076708,0.0461962155714597,0.0399796604595871));
#13826=CARTESIAN_POINT('',(0.076708,0.0453709142733217,0.0353209871008486));
#13827=CARTESIAN_POINT('',(0.076708,0.0453709142733217,0.0353209871008486));
#13828=CARTESIAN_POINT('',(0.076708,0.0461962155714597,0.0399796604595871));
#13829=CARTESIAN_POINT('',(0.076708,0.0464480357530131,0.0353209871008486));
#13830=CARTESIAN_POINT('',(0.076708,0.0464480357530131,0.0353209871008486));
#13831=CARTESIAN_POINT('',(0.076708,1.39703063931999E-17,0.0254));
#13832=CARTESIAN_POINT('',(0.076708,0.0566408510704218,0.0388336818990021));
#13833=CARTESIAN_POINT('',(0.076708,0.0572576137807109,0.0423463766971557));
#13834=CARTESIAN_POINT('',(0.076708,0.0572576137807109,0.0423463766971557));
#13835=CARTESIAN_POINT('',(0.076708,0.0566408510704218,0.0388336818990021));
#13836=CARTESIAN_POINT('',(0.076708,0.0560240883601327,0.0353209871008486));
#13837=CARTESIAN_POINT('',(0.076708,0.0560240883601327,0.0353209871008486));
#13838=CARTESIAN_POINT('',(0.076708,0.0561814759736036,0.0423463766971557));
#13839=CARTESIAN_POINT('',(0.076708,0.0551053381664964,0.0423463766971557));
#13840=CARTESIAN_POINT('',(0.076708,0.0551053381664964,0.0423463766971557));
#13841=CARTESIAN_POINT('',(0.076708,0.0561814759736036,0.0423463766971557));
#13842=CARTESIAN_POINT('',(0.076708,0.0547590854168605,0.0403888682546114));
#13843=CARTESIAN_POINT('',(0.076708,0.0544128326672245,0.0384313598120672));
#13844=CARTESIAN_POINT('',(0.076708,0.0544128326672245,0.0384313598120672));
#13845=CARTESIAN_POINT('',(0.076708,0.0547590854168605,0.0403888682546114));
#13846=CARTESIAN_POINT('',(0.076708,0.0538511556216502,0.0374053893067538));
#13847=CARTESIAN_POINT('',(0.0762,0.0538511556216502,0.0374053893067538));
#13848=CARTESIAN_POINT('',(0.076708,0.0541324859807295,0.0376447496355741));
#13849=CARTESIAN_POINT('',(0.0762,0.0541324859807295,0.0376447496355741));
#13850=CARTESIAN_POINT('',(0.076708,0.0543197116625876,0.0379867398040119));
#13851=CARTESIAN_POINT('',(0.0762,0.0543197116625876,0.0379867398040119));
#13852=CARTESIAN_POINT('',(0.076708,0.0544128326672245,0.0384313598120672));
#13853=CARTESIAN_POINT('',(0.0762,0.0544128326672245,0.0384313598120672));
#13854=CARTESIAN_POINT('',(0.076708,0.0538511556216502,0.0374053893067538));
#13855=CARTESIAN_POINT('',(0.076708,0.0538511556216502,0.0374053893067538));
#13856=CARTESIAN_POINT('',(0.076708,0.0538511556216502,0.0374053893067538));
#13857=CARTESIAN_POINT('',(0.076708,0.0542731511602691,0.0377644297999842));
#13858=CARTESIAN_POINT('',(0.076708,0.0544128326672245,0.0384313598120672));
#13859=CARTESIAN_POINT('',(0.076708,0.0528251851163368,0.0370463488135233));
#13860=CARTESIAN_POINT('',(0.0762,0.0528251851163368,0.0370463488135233));
#13861=CARTESIAN_POINT('',(0.076708,0.0532278350941332,0.0370463488135233));
#13862=CARTESIAN_POINT('',(0.0762,0.0532278350941332,0.0370463488135233));
#13863=CARTESIAN_POINT('',(0.076708,0.053569825262571,0.0371660289779335));
#13864=CARTESIAN_POINT('',(0.0762,0.053569825262571,0.0371660289779335));
#13865=CARTESIAN_POINT('',(0.076708,0.0538511556216502,0.0374053893067538));
#13866=CARTESIAN_POINT('',(0.0762,0.0538511556216502,0.0374053893067538));
#13867=CARTESIAN_POINT('',(0.076708,0.0528251851163368,0.0370463488135233));
#13868=CARTESIAN_POINT('',(0.076708,0.0528251851163368,0.0370463488135233));
#13869=CARTESIAN_POINT('',(0.076708,0.0528251851163368,0.0370463488135233));
#13870=CARTESIAN_POINT('',(0.076708,0.0534291600830314,0.0370463488135233));
#13871=CARTESIAN_POINT('',(0.076708,0.0538511556216502,0.0374053893067538));
#13872=CARTESIAN_POINT('',(0.076708,0.0520008674907831,0.037329646517771));
#13873=CARTESIAN_POINT('',(0.0762,0.0520008674907831,0.037329646517771));
#13874=CARTESIAN_POINT('',(0.076708,0.0521976020076217,0.0371407813816058));
#13875=CARTESIAN_POINT('',(0.0762,0.0521976020076217,0.0371407813816058));
#13876=CARTESIAN_POINT('',(0.076708,0.0524723745494729,0.0370463488135233));
#13877=CARTESIAN_POINT('',(0.0762,0.0524723745494729,0.0370463488135233));
#13878=CARTESIAN_POINT('',(0.076708,0.0528251851163368,0.0370463488135233));
#13879=CARTESIAN_POINT('',(0.0762,0.0528251851163368,0.0370463488135233));
#13880=CARTESIAN_POINT('',(0.076708,0.0520008674907831,0.037329646517771));
#13881=CARTESIAN_POINT('',(0.076708,0.0520008674907831,0.037329646517771));
#13882=CARTESIAN_POINT('',(0.076708,0.0520008674907831,0.037329646517771));
#13883=CARTESIAN_POINT('',(0.076708,0.052295969266041,0.0370463488135233));
#13884=CARTESIAN_POINT('',(0.076708,0.0528251851163368,0.0370463488135233));
#13885=CARTESIAN_POINT('',(0.076708,0.0517057657155251,0.0381421600723144));
#13886=CARTESIAN_POINT('',(0.0762,0.0517057657155251,0.0381421600723144));
#13887=CARTESIAN_POINT('',(0.076708,0.0517057657155251,0.0377893495054505));
#13888=CARTESIAN_POINT('',(0.0762,0.0517057657155251,0.0377893495054505));
#13889=CARTESIAN_POINT('',(0.076708,0.0518041329739444,0.037518511653936));
#13890=CARTESIAN_POINT('',(0.0762,0.0518041329739444,0.037518511653936));
#13891=CARTESIAN_POINT('',(0.076708,0.0520008674907831,0.037329646517771));
#13892=CARTESIAN_POINT('',(0.0762,0.0520008674907831,0.037329646517771));
#13893=CARTESIAN_POINT('',(0.076708,0.0517057657155251,0.0381421600723144));
#13894=CARTESIAN_POINT('',(0.076708,0.0517057657155251,0.0381421600723144));
#13895=CARTESIAN_POINT('',(0.076708,0.0517057657155251,0.0381421600723144));
#13896=CARTESIAN_POINT('',(0.076708,0.0517057657155251,0.0376129442220185));
#13897=CARTESIAN_POINT('',(0.076708,0.0520008674907831,0.037329646517771));
#13898=CARTESIAN_POINT('',(0.0767080000000004,0.053832539541989,0.0381333314992151));
#13899=CARTESIAN_POINT('',(0.076708,0.0517431452737245,0.0385316944156548));
#13900=CARTESIAN_POINT('',(0.07670799975,0.0517432045812231,0.0385316831081154));
#13901=CARTESIAN_POINT('',(0.076708,0.053832539541989,0.0381333314992151));
#13902=CARTESIAN_POINT('',(0.076708,0.0520766102797659,0.0404390355564052));
#13903=CARTESIAN_POINT('',(0.076708,0.0524100752858074,0.0423463766971557));
#13904=CARTESIAN_POINT('',(0.076708,0.0524100752858074,0.0423463766971557));
#13905=CARTESIAN_POINT('',(0.076708,0.0520766102797659,0.0404390355564052));
#13906=CARTESIAN_POINT('',(0.076708,0.0513398395142053,0.0423463766971557));
#13907=CARTESIAN_POINT('',(0.076708,0.0502696037426032,0.0423463766971557));
#13908=CARTESIAN_POINT('',(0.076708,0.0502696037426032,0.0423463766971557));
#13909=CARTESIAN_POINT('',(0.076708,0.0513398395142053,0.0423463766971557));
#13910=CARTESIAN_POINT('',(0.076708,0.0499046612138676,0.0402944356865288));
#13911=CARTESIAN_POINT('',(0.076708,0.049539718685132,0.0382424946759021));
#13912=CARTESIAN_POINT('',(0.076708,0.0495394493145655,0.0382425432878304));
#13913=CARTESIAN_POINT('',(0.076708,0.0499046612138676,0.0402944356865288));
#13914=CARTESIAN_POINT('',(0.0767080000000004,0.0533815205212409,0.0375491843501251));
#13915=CARTESIAN_POINT('',(0.076708,0.0494767636397436,0.0375126096184309));
#13916=CARTESIAN_POINT('',(0.076708,0.0494767636397436,0.0375126096184309));
#13917=CARTESIAN_POINT('',(0.076708,0.0533815205212409,0.0375491843501251));
#13918=CARTESIAN_POINT('',(0.076708,0.0500807386064382,0.0358443009156394));
#13919=CARTESIAN_POINT('',(0.0762,0.0500807386064382,0.0358443009156394));
#13920=CARTESIAN_POINT('',(0.076708,0.0496780886286418,0.036243016203099));
#13921=CARTESIAN_POINT('',(0.0762,0.0496780886286418,0.036243016203099));
#13922=CARTESIAN_POINT('',(0.076708,0.0494767636397436,0.0367991191040294));
#13923=CARTESIAN_POINT('',(0.0762,0.0494767636397436,0.0367991191040294));
#13924=CARTESIAN_POINT('',(0.076708,0.0494767636397436,0.0375126096184309));
#13925=CARTESIAN_POINT('',(0.0762,0.0494767636397436,0.0375126096184309));
#13926=CARTESIAN_POINT('',(0.076708,0.0500807386064382,0.0358443009156394));
#13927=CARTESIAN_POINT('',(0.076708,0.0500807386064382,0.0358443009156394));
#13928=CARTESIAN_POINT('',(0.076708,0.0500807386064382,0.0358443009156394));
#13929=CARTESIAN_POINT('',(0.076708,0.0494767636397436,0.0364423738468287));
#13930=CARTESIAN_POINT('',(0.076708,0.0494767636397436,0.0375126096184309));
#13931=CARTESIAN_POINT('',(0.076708,0.0517431452737245,0.03524622798445));
#13932=CARTESIAN_POINT('',(0.0762,0.0517431452737245,0.03524622798445));
#13933=CARTESIAN_POINT('',(0.076708,0.0510375241399966,0.03524622798445));
#13934=CARTESIAN_POINT('',(0.0762,0.0510375241399966,0.03524622798445));
#13935=CARTESIAN_POINT('',(0.076708,0.0504833885842345,0.0354455856281798));
#13936=CARTESIAN_POINT('',(0.0762,0.0504833885842345,0.0354455856281798));
#13937=CARTESIAN_POINT('',(0.076708,0.0500807386064382,0.0358443009156394));
#13938=CARTESIAN_POINT('',(0.0762,0.0500807386064382,0.0358443009156394));
#13939=CARTESIAN_POINT('',(0.076708,0.0517431452737245,0.03524622798445));
#13940=CARTESIAN_POINT('',(0.076708,0.0517431452737245,0.03524622798445));
#13941=CARTESIAN_POINT('',(0.076708,0.0517431452737245,0.03524622798445));
#13942=CARTESIAN_POINT('',(0.076708,0.0506847135731327,0.03524622798445));
#13943=CARTESIAN_POINT('',(0.076708,0.0500807386064382,0.0358443009156394));
#13944=CARTESIAN_POINT('',(0.0767080000000001,0.0517613730830808,0.0381897761400703));
#13945=CARTESIAN_POINT('',(0.076708,0.0530199522880071,0.0355295256886976));
#13946=CARTESIAN_POINT('',(0.076708,0.0530198347680351,0.0355297812894005));
#13947=CARTESIAN_POINT('',(0.076708,0.0517613730830808,0.0381897761400703));
#13948=CARTESIAN_POINT('',(0.0767080000000001,0.0516875653213001,0.0384072876574331));
#13949=CARTESIAN_POINT('',(0.076708,0.0540351023948943,0.0362771168526844));
#13950=CARTESIAN_POINT('',(0.0767079997500252,0.0540352997663404,0.0362769233169788));
#13951=CARTESIAN_POINT('',(0.076708,0.0516875653213001,0.0384072876574331));
#13952=CARTESIAN_POINT('',(0.076708,0.0539524738978221,0.0357990519767665));
#13953=CARTESIAN_POINT('',(0.076708,0.0538698454007499,0.0353209871008486));
#13954=CARTESIAN_POINT('',(0.076708,0.0538698454007499,0.0353209871008486));
#13955=CARTESIAN_POINT('',(0.076708,0.0539524738978221,0.0357990519767665));
#13956=CARTESIAN_POINT('',(0.076708,0.0549469668804413,0.0353209871008486));
#13957=CARTESIAN_POINT('',(0.076708,0.0549469668804413,0.0353209871008486));
#13958=CARTESIAN_POINT('',(0.076708,1.39703063931999E-17,0.0254));
#13959=CARTESIAN_POINT('',(0.0767080000000004,0.0612803716678423,0.0392637536334351));
#13960=CARTESIAN_POINT('',(0.0762,0.0612803716678423,0.0392637536334351));
#13961=CARTESIAN_POINT('',(0.0762,0.0634272082287699,0.0388464696425967));
#13962=CARTESIAN_POINT('',(0.0762,0.0634665551321376,0.0392360039859371));
#13963=CARTESIAN_POINT('',(0.076708,0.0634272082287699,0.0388464696425967));
#13964=CARTESIAN_POINT('',(0.076708,0.0634272082287699,0.0388464696425967));
#13965=CARTESIAN_POINT('',(0.076708,0.0612803716678423,0.0392637536334351));
#13966=CARTESIAN_POINT('',(0.076708,0.0634665551321376,0.0392360039859371));
#13967=CARTESIAN_POINT('',(0.076708,0.0634665551321376,0.0392360039859371));
#13968=CARTESIAN_POINT('',(0.076708,0.0627425721101715,0.0375676952831457));
#13969=CARTESIAN_POINT('',(0.0762,0.0627425721101715,0.0375676952831457));
#13970=CARTESIAN_POINT('',(0.076708,0.0630993173673722,0.0378824705100874));
#13971=CARTESIAN_POINT('',(0.0762,0.0630993173673722,0.0378824705100874));
#13972=CARTESIAN_POINT('',(0.076708,0.063327529406905,0.0383087286299044));
#13973=CARTESIAN_POINT('',(0.0762,0.063327529406905,0.0383087286299044));
#13974=CARTESIAN_POINT('',(0.076708,0.0634272082287699,0.0388464696425967));
#13975=CARTESIAN_POINT('',(0.0762,0.0634272082287699,0.0388464696425967));
#13976=CARTESIAN_POINT('',(0.0762,0.0627425721101715,0.0375676952831457));
#13977=CARTESIAN_POINT('',(0.0762,0.0632776899959725,0.0380398581235583));
#13978=CARTESIAN_POINT('',(0.0762,0.0634272082287699,0.0388464696425967));
#13979=CARTESIAN_POINT('',(0.0762,0.0627425721101715,0.0375676952831457));
#13980=CARTESIAN_POINT('',(0.076708,0.0627425721101715,0.0375676952831457));
#13981=CARTESIAN_POINT('',(0.076708,0.0627425721101715,0.0375676952831457));
#13982=CARTESIAN_POINT('',(0.076708,0.0627425721101715,0.0375676952831457));
#13983=CARTESIAN_POINT('',(0.076708,0.0632776899959725,0.0380398581235583));
#13984=CARTESIAN_POINT('',(0.076708,0.0634272082287699,0.0388464696425967));
#13985=CARTESIAN_POINT('',(0.076708,0.0615641323543082,0.0370955324427329));
#13986=CARTESIAN_POINT('',(0.0762,0.0615641323543082,0.0370955324427329));
#13987=CARTESIAN_POINT('',(0.076708,0.0619930136010163,0.0370955324427329));
#13988=CARTESIAN_POINT('',(0.0762,0.0619930136010163,0.0370955324427329));
#13989=CARTESIAN_POINT('',(0.076708,0.0623858268529708,0.0372529200562038));
#13990=CARTESIAN_POINT('',(0.0762,0.0623858268529708,0.0372529200562038));
#13991=CARTESIAN_POINT('',(0.076708,0.0627425721101715,0.0375676952831457));
#13992=CARTESIAN_POINT('',(0.0762,0.0627425721101715,0.0375676952831457));
#13993=CARTESIAN_POINT('',(0.0762,0.0615641323543082,0.0370955324427329));
#13994=CARTESIAN_POINT('',(0.0762,0.0622074542243704,0.0370955324427329));
#13995=CARTESIAN_POINT('',(0.0762,0.0627425721101715,0.0375676952831457));
#13996=CARTESIAN_POINT('',(0.0762,0.0615641323543082,0.0370955324427329));
#13997=CARTESIAN_POINT('',(0.076708,0.0615641323543082,0.0370955324427329));
#13998=CARTESIAN_POINT('',(0.076708,0.0615641323543082,0.0370955324427329));
#13999=CARTESIAN_POINT('',(0.076708,0.0615641323543082,0.0370955324427329));
#14000=CARTESIAN_POINT('',(0.076708,0.0622074542243704,0.0370955324427329));
#14001=CARTESIAN_POINT('',(0.076708,0.0627425721101715,0.0375676952831457));
#14002=CARTESIAN_POINT('',(0.076708,0.0606581699042663,0.0374486709004583));
#14003=CARTESIAN_POINT('',(0.0762,0.0606581699042663,0.0374486709004583));
#14004=CARTESIAN_POINT('',(0.076708,0.0608935955427499,0.0372132452619747));
#14005=CARTESIAN_POINT('',(0.0762,0.0608935955427499,0.0372132452619747));
#14006=CARTESIAN_POINT('',(0.076708,0.0611955830260972,0.0370955324427329));
#14007=CARTESIAN_POINT('',(0.0762,0.0611955830260972,0.0370955324427329));
#14008=CARTESIAN_POINT('',(0.076708,0.0615641323543082,0.0370955324427329));
#14009=CARTESIAN_POINT('',(0.0762,0.0615641323543082,0.0370955324427329));
#14010=CARTESIAN_POINT('',(0.0762,0.0606581699042663,0.0374486709004583));
#14011=CARTESIAN_POINT('',(0.0762,0.0610113083619917,0.0370955324427329));
#14012=CARTESIAN_POINT('',(0.0762,0.0615641323543082,0.0370955324427329));
#14013=CARTESIAN_POINT('',(0.0762,0.0606581699042663,0.0374486709004583));
#14014=CARTESIAN_POINT('',(0.076708,0.0606581699042663,0.0374486709004583));
#14015=CARTESIAN_POINT('',(0.076708,0.0606581699042663,0.0374486709004583));
#14016=CARTESIAN_POINT('',(0.076708,0.0606581699042663,0.0374486709004583));
#14017=CARTESIAN_POINT('',(0.076708,0.0610113083619917,0.0370955324427329));
#14018=CARTESIAN_POINT('',(0.076708,0.0615641323543082,0.0370955324427329));
#14019=CARTESIAN_POINT('',(0.076708,0.060305031446541,0.0384175883958884));
#14020=CARTESIAN_POINT('',(0.0762,0.060305031446541,0.0384175883958884));
#14021=CARTESIAN_POINT('',(0.076708,0.060305031446541,0.0380070690374186));
#14022=CARTESIAN_POINT('',(0.0762,0.060305031446541,0.0380070690374186));
#14023=CARTESIAN_POINT('',(0.076708,0.0604227442657828,0.0376840965389418));
#14024=CARTESIAN_POINT('',(0.0762,0.0604227442657828,0.0376840965389418));
#14025=CARTESIAN_POINT('',(0.076708,0.0606581699042663,0.0374486709004583));
#14026=CARTESIAN_POINT('',(0.0762,0.0606581699042663,0.0374486709004583));
#14027=CARTESIAN_POINT('',(0.0762,0.060305031446541,0.0384175883958884));
#14028=CARTESIAN_POINT('',(0.0762,0.060305031446541,0.0378018093581836));
#14029=CARTESIAN_POINT('',(0.0762,0.0606581699042663,0.0374486709004583));
#14030=CARTESIAN_POINT('',(0.0762,0.060305031446541,0.0384175883958884));
#14031=CARTESIAN_POINT('',(0.076708,0.060305031446541,0.0384175883958884));
#14032=CARTESIAN_POINT('',(0.076708,0.060305031446541,0.0384175883958884));
#14033=CARTESIAN_POINT('',(0.076708,0.060305031446541,0.0384175883958884));
#14034=CARTESIAN_POINT('',(0.076708,0.060305031446541,0.0378018093581836));
#14035=CARTESIAN_POINT('',(0.076708,0.0606581699042663,0.0374486709004583));
#14036=CARTESIAN_POINT('',(0.0767080000000005,0.0629136908230438,0.0383903834187855));
#14037=CARTESIAN_POINT('',(0.0762,0.0629136908230438,0.0383903834187855));
#14038=CARTESIAN_POINT('',(0.0762,0.0603424110047404,0.0388346655715863));
#14039=CARTESIAN_POINT('',(0.076708,0.0603424110047404,0.0388346655715863));
#14040=CARTESIAN_POINT('',(0.076708,0.0603424110047404,0.0388346655715863));
#14041=CARTESIAN_POINT('',(0.076708,0.0629136908230438,0.0383903834187855));
#14042=CARTESIAN_POINT('',(0.076708,0.061023112433002,0.0401055705503638));
#14043=CARTESIAN_POINT('',(0.0762,0.061023112433002,0.0401055705503638));
#14044=CARTESIAN_POINT('',(0.076708,0.0606703018661381,0.0397947300137588));
#14045=CARTESIAN_POINT('',(0.0762,0.0606703018661381,0.0397947300137588));
#14046=CARTESIAN_POINT('',(0.076708,0.0604434013900509,0.0393710950208329));
#14047=CARTESIAN_POINT('',(0.0762,0.0604434013900509,0.0393710950208329));
#14048=CARTESIAN_POINT('',(0.076708,0.0603424110047404,0.0388346655715863));
#14049=CARTESIAN_POINT('',(0.0762,0.0603424110047404,0.0388346655715863));
#14050=CARTESIAN_POINT('',(0.0762,0.061023112433002,0.0401055705503638));
#14051=CARTESIAN_POINT('',(0.0762,0.0604938965827061,0.0396393097454562));
#14052=CARTESIAN_POINT('',(0.0762,0.0603424110047404,0.0388346655715863));
#14053=CARTESIAN_POINT('',(0.0762,0.061023112433002,0.0401055705503638));
#14054=CARTESIAN_POINT('',(0.076708,0.061023112433002,0.0401055705503638));
#14055=CARTESIAN_POINT('',(0.076708,0.061023112433002,0.0401055705503638));
#14056=CARTESIAN_POINT('',(0.076708,0.061023112433002,0.0401055705503638));
#14057=CARTESIAN_POINT('',(0.076708,0.0604938965827061,0.0396393097454562));
#14058=CARTESIAN_POINT('',(0.076708,0.0603424110047404,0.0388346655715863));
#14059=CARTESIAN_POINT('',(0.076708,0.0621936828081917,0.0405718313552713));
#14060=CARTESIAN_POINT('',(0.0762,0.0621936828081917,0.0405718313552713));
#14061=CARTESIAN_POINT('',(0.076708,0.0617661131249292,0.0405718313552713));
#14062=CARTESIAN_POINT('',(0.0762,0.0617661131249292,0.0405718313552713));
#14063=CARTESIAN_POINT('',(0.076708,0.0613759229998659,0.0404164110869688));
#14064=CARTESIAN_POINT('',(0.0762,0.0613759229998659,0.0404164110869688));
#14065=CARTESIAN_POINT('',(0.076708,0.061023112433002,0.0401055705503638));
#14066=CARTESIAN_POINT('',(0.0762,0.061023112433002,0.0401055705503638));
#14067=CARTESIAN_POINT('',(0.0762,0.0621936828081917,0.0405718313552713));
#14068=CARTESIAN_POINT('',(0.0762,0.0615523282832979,0.0405718313552713));
#14069=CARTESIAN_POINT('',(0.0762,0.061023112433002,0.0401055705503638));
#14070=CARTESIAN_POINT('',(0.0762,0.0621936828081917,0.0405718313552713));
#14071=CARTESIAN_POINT('',(0.076708,0.0621936828081917,0.0405718313552713));
#14072=CARTESIAN_POINT('',(0.076708,0.0621936828081917,0.0405718313552713));
#14073=CARTESIAN_POINT('',(0.076708,0.0621936828081917,0.0405718313552713));
#14074=CARTESIAN_POINT('',(0.076708,0.0615523282832979,0.0405718313552713));
#14075=CARTESIAN_POINT('',(0.076708,0.061023112433002,0.0401055705503638));
#14076=CARTESIAN_POINT('',(0.076708,0.0631075146389071,0.040218692897546));
#14077=CARTESIAN_POINT('',(0.0762,0.0631075146389071,0.040218692897546));
#14078=CARTESIAN_POINT('',(0.076708,0.0628681543100868,0.0404541185360295));
#14079=CARTESIAN_POINT('',(0.0762,0.0628681543100868,0.0404541185360295));
#14080=CARTESIAN_POINT('',(0.076708,0.0625635436998483,0.0405718313552713));
#14081=CARTESIAN_POINT('',(0.0762,0.0625635436998483,0.0405718313552713));
#14082=CARTESIAN_POINT('',(0.076708,0.0621936828081917,0.0405718313552713));
#14083=CARTESIAN_POINT('',(0.0762,0.0621936828081917,0.0405718313552713));
#14084=CARTESIAN_POINT('',(0.0762,0.0631075146389071,0.040218692897546));
#14085=CARTESIAN_POINT('',(0.0762,0.0627484741456766,0.0405718313552713));
#14086=CARTESIAN_POINT('',(0.0762,0.0621936828081917,0.0405718313552713));
#14087=CARTESIAN_POINT('',(0.0762,0.0631075146389071,0.040218692897546));
#14088=CARTESIAN_POINT('',(0.076708,0.0631075146389071,0.040218692897546));
#14089=CARTESIAN_POINT('',(0.076708,0.0631075146389071,0.040218692897546));
#14090=CARTESIAN_POINT('',(0.076708,0.0631075146389071,0.040218692897546));
#14091=CARTESIAN_POINT('',(0.076708,0.0627484741456766,0.0405718313552713));
#14092=CARTESIAN_POINT('',(0.076708,0.0621936828081917,0.0405718313552713));
#14093=CARTESIAN_POINT('',(0.076708,0.0607830963224589,0.0413528673871206));
#14094=CARTESIAN_POINT('',(0.0762,0.0607830963224589,0.0413528673871206));
#14095=CARTESIAN_POINT('',(0.076708,0.061051966828805,0.0416794466850727));
#14096=CARTESIAN_POINT('',(0.0762,0.061051966828805,0.0416794466850727));
#14097=CARTESIAN_POINT('',(0.076708,0.0613919896520744,0.0419433988284979));
#14098=CARTESIAN_POINT('',(0.0762,0.0613919896520744,0.0419433988284979));
#14099=CARTESIAN_POINT('',(0.076708,0.0618031647922671,0.042144723817396));
#14100=CARTESIAN_POINT('',(0.0762,0.0618031647922671,0.042144723817396));
#14101=CARTESIAN_POINT('',(0.076708,0.0607830963224589,0.0413528673871206));
#14102=CARTESIAN_POINT('',(0.076708,0.0607830963224589,0.0413528673871206));
#14103=CARTESIAN_POINT('',(0.076708,0.0607830963224589,0.0413528673871206));
#14104=CARTESIAN_POINT('',(0.076708,0.061186402081978,0.0418427363340488));
#14105=CARTESIAN_POINT('',(0.076708,0.0618031647922671,0.042144723817396));
#14106=CARTESIAN_POINT('',(0.076708,0.0618031647922671,0.042144723817396));
#14107=CARTESIAN_POINT('',(0.076708,0.0618031647922671,0.042144723817396));
#14108=CARTESIAN_POINT('',(0.076708,0.061079181770301,0.0429956006027231));
#14109=CARTESIAN_POINT('',(0.076708,0.0613752672181431,0.0446383338183255));
#14110=CARTESIAN_POINT('',(0.076708,0.0613752672181431,0.0446383338183255));
#14111=CARTESIAN_POINT('',(0.076708,0.061079181770301,0.0429956006027231));
#14112=CARTESIAN_POINT('',(0.076708,0.0602991294110359,0.0446383338183255));
#14113=CARTESIAN_POINT('',(0.076708,0.0592229916039286,0.0446383338183255));
#14114=CARTESIAN_POINT('',(0.076708,0.0592229916039286,0.0446383338183255));
#14115=CARTESIAN_POINT('',(0.076708,0.0602991294110359,0.0446383338183255));
#14116=CARTESIAN_POINT('',(0.076708,0.0583976903057906,0.0399796604595871));
#14117=CARTESIAN_POINT('',(0.076708,0.0575723890076527,0.0353209871008486));
#14118=CARTESIAN_POINT('',(0.076708,0.0575723890076527,0.0353209871008486));
#14119=CARTESIAN_POINT('',(0.076708,0.0583976903057906,0.0399796604595871));
#14120=CARTESIAN_POINT('',(0.076708,0.0586495104873441,0.0353209871008486));
#14121=CARTESIAN_POINT('',(0.076708,0.0597266319670355,0.0353209871008486));
#14122=CARTESIAN_POINT('',(0.076708,0.0597266319670355,0.0353209871008486));
#14123=CARTESIAN_POINT('',(0.076708,0.0586495104873441,0.0353209871008486));
#14124=CARTESIAN_POINT('',(0.076708,0.0598141788270287,0.035811839720361));
#14125=CARTESIAN_POINT('',(0.076708,0.0599017256870219,0.0363026923398733));
#14126=CARTESIAN_POINT('',(0.076708,0.0599017256870219,0.0363026923398733));
#14127=CARTESIAN_POINT('',(0.076708,0.0598141788270287,0.035811839720361));
#14128=CARTESIAN_POINT('',(0.076708,0.0606335780896615,0.0355167379451031));
#14129=CARTESIAN_POINT('',(0.0762,0.0606335780896615,0.0355167379451031));
#14130=CARTESIAN_POINT('',(0.076708,0.0602978178475902,0.0357141282436645));
#14131=CARTESIAN_POINT('',(0.0762,0.0602978178475902,0.0357141282436645));
#14132=CARTESIAN_POINT('',(0.076708,0.0600538670467104,0.0359761130419212));
#14133=CARTESIAN_POINT('',(0.0762,0.0600538670467104,0.0359761130419212));
#14134=CARTESIAN_POINT('',(0.076708,0.0599017256870219,0.0363026923398733));
#14135=CARTESIAN_POINT('',(0.0762,0.0599017256870219,0.0363026923398733));
#14136=CARTESIAN_POINT('',(0.076708,0.0606335780896615,0.0355167379451031));
#14137=CARTESIAN_POINT('',(0.076708,0.0606335780896615,0.0355167379451031));
#14138=CARTESIAN_POINT('',(0.076708,0.0606335780896615,0.0355167379451031));
#14139=CARTESIAN_POINT('',(0.076708,0.0601299377265546,0.0358128233929452));
#14140=CARTESIAN_POINT('',(0.076708,0.0599017256870219,0.0363026923398733));
#14141=CARTESIAN_POINT('',(0.076708,0.06187890758125,0.035220652497261));
#14142=CARTESIAN_POINT('',(0.0762,0.06187890758125,0.035220652497261));
#14143=CARTESIAN_POINT('',(0.076708,0.0613844481622623,0.035220652497261));
#14144=CARTESIAN_POINT('',(0.0762,0.0613844481622623,0.035220652497261));
#14145=CARTESIAN_POINT('',(0.076708,0.0609693383317328,0.0353193476465417));
#14146=CARTESIAN_POINT('',(0.0762,0.0609693383317328,0.0353193476465417));
#14147=CARTESIAN_POINT('',(0.076708,0.0606335780896615,0.0355167379451031));
#14148=CARTESIAN_POINT('',(0.0762,0.0606335780896615,0.0355167379451031));
#14149=CARTESIAN_POINT('',(0.076708,0.06187890758125,0.035220652497261));
#14150=CARTESIAN_POINT('',(0.076708,0.06187890758125,0.035220652497261));
#14151=CARTESIAN_POINT('',(0.076708,0.06187890758125,0.035220652497261));
#14152=CARTESIAN_POINT('',(0.076708,0.0611372184527684,0.035220652497261));
#14153=CARTESIAN_POINT('',(0.076708,0.0606335780896615,0.0355167379451031));
#14154=CARTESIAN_POINT('',(0.076708,0.0618772216471581,0.0384870528855337));
#14155=CARTESIAN_POINT('',(0.076708,0.0635285265049417,0.0356672398504846));
#14156=CARTESIAN_POINT('',(0.076708,0.0635285265049417,0.0356672398504846));
#14157=CARTESIAN_POINT('',(0.076708,0.0618772216471581,0.0384870528855337));
#14158=CARTESIAN_POINT('',(0.076708,0.0648633702016918,0.0369391285018463));
#14159=CARTESIAN_POINT('',(0.0762,0.0648633702016918,0.0369391285018463));
#14160=CARTESIAN_POINT('',(0.076708,0.0644935093100352,0.036388927636421));
#14161=CARTESIAN_POINT('',(0.0762,0.0644935093100352,0.036388927636421));
#14162=CARTESIAN_POINT('',(0.076708,0.0640485614111185,0.0359649647526337));
#14163=CARTESIAN_POINT('',(0.0762,0.0640485614111185,0.0359649647526337));
#14164=CARTESIAN_POINT('',(0.076708,0.0635285265049417,0.0356672398504846));
#14165=CARTESIAN_POINT('',(0.0762,0.0635285265049417,0.0356672398504846));
#14166=CARTESIAN_POINT('',(0.076708,0.0648633702016918,0.0369391285018463));
#14167=CARTESIAN_POINT('',(0.076708,0.0648633702016918,0.0369391285018463));
#14168=CARTESIAN_POINT('',(0.076708,0.0648633702016918,0.0369391285018463));
#14169=CARTESIAN_POINT('',(0.076708,0.0643085788642069,0.0361138272037083));
#14170=CARTESIAN_POINT('',(0.076708,0.0635285265049417,0.0356672398504846));
#14171=CARTESIAN_POINT('',(0.076708,0.0656070266753417,0.0388464696425967));
#14172=CARTESIAN_POINT('',(0.0762,0.0656070266753417,0.0388464696425967));
#14173=CARTESIAN_POINT('',(0.076708,0.065481116584565,0.0381251097475217));
#14174=CARTESIAN_POINT('',(0.0762,0.065481116584565,0.0381251097475217));
#14175=CARTESIAN_POINT('',(0.076708,0.0652332310933484,0.0374893293672716));
#14176=CARTESIAN_POINT('',(0.0762,0.0652332310933484,0.0374893293672716));
#14177=CARTESIAN_POINT('',(0.076708,0.0648633702016918,0.0369391285018463));
#14178=CARTESIAN_POINT('',(0.0762,0.0648633702016918,0.0369391285018463));
#14179=CARTESIAN_POINT('',(0.076708,0.0656070266753417,0.0388464696425967));
#14180=CARTESIAN_POINT('',(0.076708,0.0656070266753417,0.0388464696425967));
#14181=CARTESIAN_POINT('',(0.076708,0.0656070266753417,0.0388464696425967));
#14182=CARTESIAN_POINT('',(0.076708,0.0654181615391767,0.0377644297999842));
#14183=CARTESIAN_POINT('',(0.076708,0.0648633702016918,0.0369391285018463));
#14184=CARTESIAN_POINT('',(0.0767080000000005,0.0604134664153041,0.0397360478338626));
#14185=CARTESIAN_POINT('',(0.076708,0.0656817857917404,0.0397022647908447));
#14186=CARTESIAN_POINT('',(0.076708,0.0656817857917404,0.0397022647908447));
#14187=CARTESIAN_POINT('',(0.076708,0.0604134664153041,0.0397360478338626));
#14188=CARTESIAN_POINT('',(0.076708,0.0649833782569633,0.0417109242077669));
#14189=CARTESIAN_POINT('',(0.0762,0.0649833782569633,0.0417109242077669));
#14190=CARTESIAN_POINT('',(0.076708,0.065448983280148,0.041220399479116));
#14191=CARTESIAN_POINT('',(0.0762,0.065448983280148,0.041220399479116));
#14192=CARTESIAN_POINT('',(0.076708,0.0656817857917404,0.0405508463401419));
#14193=CARTESIAN_POINT('',(0.0762,0.0656817857917404,0.0405508463401419));
#14194=CARTESIAN_POINT('',(0.076708,0.0656817857917404,0.0397022647908447));
#14195=CARTESIAN_POINT('',(0.0762,0.0656817857917404,0.0397022647908447));
#14196=CARTESIAN_POINT('',(0.076708,0.0649833782569633,0.0417109242077669));
#14197=CARTESIAN_POINT('',(0.076708,0.0649833782569633,0.0417109242077669));
#14198=CARTESIAN_POINT('',(0.076708,0.0649833782569633,0.0417109242077669));
#14199=CARTESIAN_POINT('',(0.076708,0.0656817857917404,0.0409751371147905));
#14200=CARTESIAN_POINT('',(0.076708,0.0656817857917404,0.0397022647908447));
#14201=CARTESIAN_POINT('',(0.076708,0.0631517799051958,0.0424467113007434));
#14202=CARTESIAN_POINT('',(0.0762,0.0631517799051958,0.0424467113007434));
#14203=CARTESIAN_POINT('',(0.076708,0.0639072404498561,0.0424467113007434));
#14204=CARTESIAN_POINT('',(0.0762,0.0639072404498561,0.0424467113007434));
#14205=CARTESIAN_POINT('',(0.076708,0.0645177732337786,0.0422014489364179));
#14206=CARTESIAN_POINT('',(0.0762,0.0645177732337786,0.0422014489364179));
#14207=CARTESIAN_POINT('',(0.076708,0.0649833782569633,0.0417109242077669));
#14208=CARTESIAN_POINT('',(0.0762,0.0649833782569633,0.0417109242077669));
#14209=CARTESIAN_POINT('',(0.076708,0.0631517799051958,0.0424467113007434));
#14210=CARTESIAN_POINT('',(0.076708,0.0631517799051958,0.0424467113007434));
#14211=CARTESIAN_POINT('',(0.076708,0.0631517799051958,0.0424467113007434));
#14212=CARTESIAN_POINT('',(0.076708,0.0642849707221862,0.0424467113007434));
#14213=CARTESIAN_POINT('',(0.076708,0.0649833782569633,0.0417109242077669));
#14214=CARTESIAN_POINT('',(0.076708,0.0618031647922671,0.042144723817396));
#14215=CARTESIAN_POINT('',(0.0762,0.0618031647922671,0.042144723817396));
#14216=CARTESIAN_POINT('',(0.076708,0.0622143399324598,0.0423460488062943));
#14217=CARTESIAN_POINT('',(0.0762,0.0622143399324598,0.0423460488062943));
#14218=CARTESIAN_POINT('',(0.076708,0.0626638783034361,0.0424467113007434));
#14219=CARTESIAN_POINT('',(0.0762,0.0626638783034361,0.0424467113007434));
#14220=CARTESIAN_POINT('',(0.076708,0.0631517799051958,0.0424467113007434));
#14221=CARTESIAN_POINT('',(0.0762,0.0631517799051958,0.0424467113007434));
#14222=CARTESIAN_POINT('',(0.076708,0.0618031647922671,0.042144723817396));
#14223=CARTESIAN_POINT('',(0.076708,0.0624199275025562,0.0424467113007434));
#14224=CARTESIAN_POINT('',(0.076708,0.0631517799051958,0.0424467113007434));
#14225=CARTESIAN_POINT('',(0.076708,0.0634665551321376,0.0392360039859371));
#14226=CARTESIAN_POINT('',(0.0762,0.0634665551321376,0.0392360039859371));
#14227=CARTESIAN_POINT('',(0.076708,0.0634665551321376,0.0396557042885262));
#14228=CARTESIAN_POINT('',(0.0762,0.0634665551321376,0.0396557042885262));
#14229=CARTESIAN_POINT('',(0.076708,0.0633468749677274,0.0399832672590625));
#14230=CARTESIAN_POINT('',(0.0762,0.0633468749677274,0.0399832672590625));
#14231=CARTESIAN_POINT('',(0.076708,0.0631075146389071,0.040218692897546));
#14232=CARTESIAN_POINT('',(0.0762,0.0631075146389071,0.040218692897546));
#14233=CARTESIAN_POINT('',(0.0762,0.0634665551321376,0.0392360039859371));
#14234=CARTESIAN_POINT('',(0.0762,0.0634665551321376,0.0398655544398207));
#14235=CARTESIAN_POINT('',(0.0762,0.0631075146389071,0.040218692897546));
#14236=CARTESIAN_POINT('',(0.076708,0.0634665551321376,0.0392360039859371));
#14237=CARTESIAN_POINT('',(0.076708,0.0634665551321376,0.0398655544398207));
#14238=CARTESIAN_POINT('',(0.076708,0.0631075146389071,0.040218692897546));
#14239=CARTESIAN_POINT('',(0.076708,1.39703063931999E-17,0.0254));
#14240=CARTESIAN_POINT('',(0.0762,0.,0.0508));
#14241=CARTESIAN_POINT('',(0.076708,-0.0577388701709439,0.0228410713380385));
#14242=CARTESIAN_POINT('',(0.0762,-0.0577388701709439,0.0228410713380385));
#14243=CARTESIAN_POINT('',(0.0762,-0.0547256405489977,0.0224033987252251));
#14244=CARTESIAN_POINT('',(0.0762,-0.0547000650618087,0.0226670229777889));
#14245=CARTESIAN_POINT('',(0.076708,-0.0547256405489977,0.0224033987252251));
#14246=CARTESIAN_POINT('',(0.076708,-0.0547256405489977,0.0224033987252251));
#14247=CARTESIAN_POINT('',(0.076708,-0.0577388701709439,0.0228410713380385));
#14248=CARTESIAN_POINT('',(0.076708,-0.0547000650618087,0.0226670229777889));
#14249=CARTESIAN_POINT('',(0.076708,-0.0547000650618087,0.0226670229777889));
#14250=CARTESIAN_POINT('',(0.076708,-0.0551722279022214,0.0215839994625923));
#14251=CARTESIAN_POINT('',(0.0762,-0.0551722279022214,0.0215839994625923));
#14252=CARTESIAN_POINT('',(0.076708,-0.0549413927357974,0.0217774550708169));
#14253=CARTESIAN_POINT('',(0.0762,-0.0549413927357974,0.0217774550708169));
#14254=CARTESIAN_POINT('',(0.076708,-0.0547925302847228,0.0220505881583612));
#14255=CARTESIAN_POINT('',(0.0762,-0.0547925302847228,0.0220505881583612));
#14256=CARTESIAN_POINT('',(0.076708,-0.0547256405489977,0.0224033987252251));
#14257=CARTESIAN_POINT('',(0.0762,-0.0547256405489977,0.0224033987252251));
#14258=CARTESIAN_POINT('',(0.0762,-0.0551722279022214,0.0215839994625923));
#14259=CARTESIAN_POINT('',(0.0762,-0.0548259751525854,0.0218741828749292));
#14260=CARTESIAN_POINT('',(0.0762,-0.0547256405489977,0.0224033987252251));
#14261=CARTESIAN_POINT('',(0.0762,-0.0551722279022214,0.0215839994625923));
#14262=CARTESIAN_POINT('',(0.076708,-0.0551722279022214,0.0215839994625923));
#14263=CARTESIAN_POINT('',(0.076708,-0.0551722279022214,0.0215839994625923));
#14264=CARTESIAN_POINT('',(0.076708,-0.0551722279022214,0.0215839994625923));
#14265=CARTESIAN_POINT('',(0.076708,-0.0548259751525854,0.0218741828749292));
#14266=CARTESIAN_POINT('',(0.076708,-0.0547256405489977,0.0224033987252251));
#14267=CARTESIAN_POINT('',(0.076708,-0.0561106515475416,0.0212938160502554));
#14268=CARTESIAN_POINT('',(0.0762,-0.0561106515475416,0.0212938160502554));
#14269=CARTESIAN_POINT('',(0.076708,-0.0557158709504187,0.0212938160502554));
#14270=CARTESIAN_POINT('',(0.0762,-0.0557158709504187,0.0212938160502554));
#14271=CARTESIAN_POINT('',(0.076708,-0.0554030630686453,0.0213905438543677));
#14272=CARTESIAN_POINT('',(0.0762,-0.0554030630686453,0.0213905438543677));
#14273=CARTESIAN_POINT('',(0.076708,-0.0551722279022214,0.0215839994625923));
#14274=CARTESIAN_POINT('',(0.0762,-0.0551722279022214,0.0215839994625923));
#14275=CARTESIAN_POINT('',(0.0762,-0.0561106515475416,0.0212938160502554));
#14276=CARTESIAN_POINT('',(0.0762,-0.0555184806518573,0.0212938160502554));
#14277=CARTESIAN_POINT('',(0.0762,-0.0551722279022214,0.0215839994625923));
#14278=CARTESIAN_POINT('',(0.0762,-0.0561106515475416,0.0212938160502554));
#14279=CARTESIAN_POINT('',(0.076708,-0.0561106515475416,0.0212938160502554));
#14280=CARTESIAN_POINT('',(0.076708,-0.0561106515475416,0.0212938160502554));
#14281=CARTESIAN_POINT('',(0.076708,-0.0561106515475416,0.0212938160502554));
#14282=CARTESIAN_POINT('',(0.076708,-0.0555184806518573,0.0212938160502554));
#14283=CARTESIAN_POINT('',(0.076708,-0.0551722279022214,0.0215839994625923));
#14284=CARTESIAN_POINT('',(0.076708,-0.0567775815596245,0.0212938160502554));
#14285=CARTESIAN_POINT('',(0.0762,-0.0567775815596245,0.0212938160502554));
#14286=CARTESIAN_POINT('',(0.0762,-0.0574445115717074,0.0212938160502554));
#14287=CARTESIAN_POINT('',(0.076708,-0.0574445115717074,0.0212938160502554));
#14288=CARTESIAN_POINT('',(0.076708,-0.0574445115717074,0.0212938160502554));
#14289=CARTESIAN_POINT('',(0.076708,-0.0567775815596245,0.0212938160502554));
#14290=CARTESIAN_POINT('',(0.076708,-0.0572497444000372,0.0224024150526409));
#14291=CARTESIAN_POINT('',(0.0762,-0.0572497444000372,0.0224024150526409));
#14292=CARTESIAN_POINT('',(0.0762,-0.0570549772283669,0.0235110140550265));
#14293=CARTESIAN_POINT('',(0.076708,-0.0570549772283669,0.0235110140550265));
#14294=CARTESIAN_POINT('',(0.076708,-0.0570549772283669,0.0235110140550265));
#14295=CARTESIAN_POINT('',(0.076708,-0.0572497444000372,0.0224024150526409));
#14296=CARTESIAN_POINT('',(0.076708,-0.0563870635436998,0.0235110140550265));
#14297=CARTESIAN_POINT('',(0.0762,-0.0563870635436998,0.0235110140550265));
#14298=CARTESIAN_POINT('',(0.0762,-0.0557191498590327,0.0235110140550265));
#14299=CARTESIAN_POINT('',(0.076708,-0.0557191498590327,0.0235110140550265));
#14300=CARTESIAN_POINT('',(0.076708,-0.0557191498590327,0.0235110140550265));
#14301=CARTESIAN_POINT('',(0.076708,-0.0563870635436998,0.0235110140550265));
#14302=CARTESIAN_POINT('',(0.076708,-0.0549577872788673,0.0232906713961673));
#14303=CARTESIAN_POINT('',(0.0762,-0.0549577872788673,0.0232906713961673));
#14304=CARTESIAN_POINT('',(0.076708,-0.0551296020902397,0.0234375665020735));
#14305=CARTESIAN_POINT('',(0.0762,-0.0551296020902397,0.0234375665020735));
#14306=CARTESIAN_POINT('',(0.076708,-0.0553833896169615,0.0235110140550265));
#14307=CARTESIAN_POINT('',(0.0762,-0.0553833896169615,0.0235110140550265));
#14308=CARTESIAN_POINT('',(0.076708,-0.0557191498590327,0.0235110140550265));
#14309=CARTESIAN_POINT('',(0.0762,-0.0557191498590327,0.0235110140550265));
#14310=CARTESIAN_POINT('',(0.0762,-0.0549577872788673,0.0232906713961673));
#14311=CARTESIAN_POINT('',(0.0762,-0.0552155094959259,0.0235110140550265));
#14312=CARTESIAN_POINT('',(0.0762,-0.0557191498590327,0.0235110140550265));
#14313=CARTESIAN_POINT('',(0.0762,-0.0549577872788673,0.0232906713961673));
#14314=CARTESIAN_POINT('',(0.076708,-0.0549577872788673,0.0232906713961673));
#14315=CARTESIAN_POINT('',(0.076708,-0.0549577872788673,0.0232906713961673));
#14316=CARTESIAN_POINT('',(0.076708,-0.0549577872788673,0.0232906713961673));
#14317=CARTESIAN_POINT('',(0.076708,-0.0552155094959259,0.0235110140550265));
#14318=CARTESIAN_POINT('',(0.076708,-0.0557191498590327,0.0235110140550265));
#14319=CARTESIAN_POINT('',(0.076708,-0.0552784645413142,0.0252737553259005));
#14320=CARTESIAN_POINT('',(0.0762,-0.0552784645413142,0.0252737553259005));
#14321=CARTESIAN_POINT('',(0.076708,-0.0543643048197375,0.0252737553259005));
#14322=CARTESIAN_POINT('',(0.0762,-0.0543643048197375,0.0252737553259005));
#14323=CARTESIAN_POINT('',(0.076708,-0.0536678646301288,0.0250658725197744));
#14324=CARTESIAN_POINT('',(0.0762,-0.0536678646301288,0.0250658725197744));
#14325=CARTESIAN_POINT('',(0.076708,-0.0531891439724881,0.0246501069075221));
#14326=CARTESIAN_POINT('',(0.0762,-0.0531891439724881,0.0246501069075221));
#14327=CARTESIAN_POINT('',(0.076708,-0.0552784645413142,0.0252737553259005));
#14328=CARTESIAN_POINT('',(0.076708,-0.0552784645413142,0.0252737553259005));
#14329=CARTESIAN_POINT('',(0.076708,-0.0552784645413142,0.0252737553259005));
#14330=CARTESIAN_POINT('',(0.076708,-0.0539072249589491,0.0252737553259005));
#14331=CARTESIAN_POINT('',(0.076708,-0.0531891439724881,0.0246501069075221));
#14332=CARTESIAN_POINT('',(0.076708,-0.0531891439724881,0.0246501069075221));
#14333=CARTESIAN_POINT('',(0.076708,-0.0531891439724881,0.0246501069075221));
#14334=CARTESIAN_POINT('',(0.076708,-0.0570854710784769,0.0252737553259005));
#14335=CARTESIAN_POINT('',(0.076708,-0.0588924776156396,0.0252737553259005));
#14336=CARTESIAN_POINT('',(0.076708,-0.0588924776156396,0.0252737553259005));
#14337=CARTESIAN_POINT('',(0.076708,-0.0570854710784769,0.0252737553259005));
#14338=CARTESIAN_POINT('',(0.076708,-0.0596735136474889,0.020854114405121));
#14339=CARTESIAN_POINT('',(0.076708,-0.0604545496793382,0.0164344734843415));
#14340=CARTESIAN_POINT('',(0.076708,-0.0604545496793382,0.0164344734843415));
#14341=CARTESIAN_POINT('',(0.076708,-0.0596735136474889,0.020854114405121));
#14342=CARTESIAN_POINT('',(0.076708,-0.0593774281996468,0.0164344734843416));
#14343=CARTESIAN_POINT('',(0.076708,-0.0583003067199554,0.0164344734843416));
#14344=CARTESIAN_POINT('',(0.076708,-0.0583003067199554,0.0164344734843416));
#14345=CARTESIAN_POINT('',(0.076708,-0.0593774281996468,0.0164344734843416));
#14346=CARTESIAN_POINT('',(0.076708,-0.0580042212721132,0.018102782187133));
#14347=CARTESIAN_POINT('',(0.076708,-0.0577081358242711,0.0197710908899245));
#14348=CARTESIAN_POINT('',(0.076708,-0.0577081358242711,0.0197710908899245));
#14349=CARTESIAN_POINT('',(0.076708,-0.0580042212721132,0.018102782187133));
#14350=CARTESIAN_POINT('',(0.076708,-0.0574504136072125,0.0197710908899245));
#14351=CARTESIAN_POINT('',(0.076708,-0.057192691390154,0.0197710908899245));
#14352=CARTESIAN_POINT('',(0.076708,-0.057192691390154,0.0197710908899245));
#14353=CARTESIAN_POINT('',(0.076708,-0.0574504136072125,0.0197710908899245));
#14354=CARTESIAN_POINT('',(0.076708,-0.0565690429717755,0.018102782187133));
#14355=CARTESIAN_POINT('',(0.076708,-0.0559453945533971,0.0164344734843416));
#14356=CARTESIAN_POINT('',(0.076708,-0.0559453945533971,0.0164344734843416));
#14357=CARTESIAN_POINT('',(0.076708,-0.0565690429717755,0.018102782187133));
#14358=CARTESIAN_POINT('',(0.076708,-0.0547305589119187,0.0164344734843416));
#14359=CARTESIAN_POINT('',(0.076708,-0.0535157232704402,0.0164344734843416));
#14360=CARTESIAN_POINT('',(0.076708,-0.0535157232704402,0.0164344734843416));
#14361=CARTESIAN_POINT('',(0.076708,-0.0547305589119187,0.0164344734843416));
#14362=CARTESIAN_POINT('',(0.076708,-0.0542269185488118,0.018184427011621));
#14363=CARTESIAN_POINT('',(0.076708,-0.0549381138271834,0.0199343805389005));
#14364=CARTESIAN_POINT('',(0.076708,-0.0549381138271834,0.0199343805389005));
#14365=CARTESIAN_POINT('',(0.076708,-0.0542269185488118,0.018184427011621));
#14366=CARTESIAN_POINT('',(0.076708,-0.0532894785760758,0.0209160857779252));
#14367=CARTESIAN_POINT('',(0.0762,-0.0532894785760758,0.0209160857779252));
#14368=CARTESIAN_POINT('',(0.076708,-0.0537013094979913,0.0204544154450772));
#14369=CARTESIAN_POINT('',(0.0762,-0.0537013094979913,0.0204544154450772));
#14370=CARTESIAN_POINT('',(0.076708,-0.0542508545816939,0.0201271803654023));
#14371=CARTESIAN_POINT('',(0.0762,-0.0542508545816939,0.0201271803654023));
#14372=CARTESIAN_POINT('',(0.076708,-0.0549381138271834,0.0199343805389005));
#14373=CARTESIAN_POINT('',(0.0762,-0.0549381138271834,0.0199343805389005));
#14374=CARTESIAN_POINT('',(0.076708,-0.0532894785760758,0.0209160857779252));
#14375=CARTESIAN_POINT('',(0.076708,-0.0532894785760758,0.0209160857779252));
#14376=CARTESIAN_POINT('',(0.076708,-0.0532894785760758,0.0209160857779252));
#14377=CARTESIAN_POINT('',(0.076708,-0.0539072249589491,0.0202235802786533));
#14378=CARTESIAN_POINT('',(0.076708,-0.0549381138271834,0.0199343805389005));
#14379=CARTESIAN_POINT('',(0.076708,-0.0525222139604052,0.0224899619126342));
#14380=CARTESIAN_POINT('',(0.0762,-0.0525222139604052,0.0224899619126342));
#14381=CARTESIAN_POINT('',(0.076708,-0.0526218927822701,0.0219023814890095));
#14382=CARTESIAN_POINT('',(0.0762,-0.0526218927822701,0.0219023814890095));
#14383=CARTESIAN_POINT('',(0.076708,-0.0528776476541603,0.0213777561107731));
#14384=CARTESIAN_POINT('',(0.0762,-0.0528776476541603,0.0213777561107731));
#14385=CARTESIAN_POINT('',(0.076708,-0.0532894785760758,0.0209160857779252));
#14386=CARTESIAN_POINT('',(0.0762,-0.0532894785760758,0.0209160857779252));
#14387=CARTESIAN_POINT('',(0.076708,-0.0525222139604052,0.0224899619126342));
#14388=CARTESIAN_POINT('',(0.076708,-0.0525222139604052,0.0224899619126342));
#14389=CARTESIAN_POINT('',(0.076708,-0.0525222139604052,0.0224899619126342));
#14390=CARTESIAN_POINT('',(0.076708,-0.0526717321932026,0.0216085912771971));
#14391=CARTESIAN_POINT('',(0.076708,-0.0532894785760758,0.0209160857779252));
#14392=CARTESIAN_POINT('',(0.0767080000000003,-0.0552027877914722,0.0230134544880722));
#14393=CARTESIAN_POINT('',(0.076708,-0.0524710629860272,0.0230329491791087));
#14394=CARTESIAN_POINT('',(0.076708,-0.0524710629860272,0.0230329491791087));
#14395=CARTESIAN_POINT('',(0.076708,-0.0552027877914722,0.0230134544880722));
#14396=CARTESIAN_POINT('',(0.076708,-0.0531891439724881,0.0246501069075221));
#14397=CARTESIAN_POINT('',(0.0762,-0.0531891439724881,0.0246501069075221));
#14398=CARTESIAN_POINT('',(0.076708,-0.0527104233148475,0.0242343412952698));
#14399=CARTESIAN_POINT('',(0.0762,-0.0527104233148475,0.0242343412952698));
#14400=CARTESIAN_POINT('',(0.076708,-0.0524710629860272,0.023695288719132));
#14401=CARTESIAN_POINT('',(0.0762,-0.0524710629860272,0.023695288719132));
#14402=CARTESIAN_POINT('',(0.076708,-0.0524710629860272,0.0230329491791087));
#14403=CARTESIAN_POINT('',(0.0762,-0.0524710629860272,0.0230329491791087));
#14404=CARTESIAN_POINT('',(0.076708,-0.0531891439724881,0.0246501069075221));
#14405=CARTESIAN_POINT('',(0.076708,-0.0524710629860272,0.0240264584891437));
#14406=CARTESIAN_POINT('',(0.076708,-0.0524710629860272,0.0230329491791087));
#14407=CARTESIAN_POINT('',(0.076708,-0.0547000650618087,0.0226670229777889));
#14408=CARTESIAN_POINT('',(0.0762,-0.0547000650618087,0.0226670229777889));
#14409=CARTESIAN_POINT('',(0.076708,-0.0547000650618087,0.022935893484135));
#14410=CARTESIAN_POINT('',(0.0762,-0.0547000650618087,0.022935893484135));
#14411=CARTESIAN_POINT('',(0.076708,-0.0547859724674949,0.0231437762902611));
#14412=CARTESIAN_POINT('',(0.0762,-0.0547859724674949,0.0231437762902611));
#14413=CARTESIAN_POINT('',(0.076708,-0.0549577872788673,0.0232906713961673));
#14414=CARTESIAN_POINT('',(0.0762,-0.0549577872788673,0.0232906713961673));
#14415=CARTESIAN_POINT('',(0.0762,-0.0547000650618087,0.0226670229777889));
#14416=CARTESIAN_POINT('',(0.0762,-0.0547000650618087,0.023070328737308));
#14417=CARTESIAN_POINT('',(0.0762,-0.0549577872788673,0.0232906713961673));
#14418=CARTESIAN_POINT('',(0.076708,-0.0547000650618087,0.0226670229777889));
#14419=CARTESIAN_POINT('',(0.076708,-0.0547000650618087,0.023070328737308));
#14420=CARTESIAN_POINT('',(0.076708,-0.0549577872788673,0.0232906713961673));
#14421=CARTESIAN_POINT('',(0.076708,1.39703063931999E-17,0.0254));
#14422=CARTESIAN_POINT('',(0.0762,0.,0.0508));
#14423=CARTESIAN_POINT('',(0.076708,-0.0518159370449546,0.0208669021487155));
#14424=CARTESIAN_POINT('',(0.0762,-0.0518159370449546,0.0208669021487155));
#14425=CARTESIAN_POINT('',(0.076708,-0.0516651072487117,0.0217390918400334));
#14426=CARTESIAN_POINT('',(0.0762,-0.0516651072487117,0.0217390918400334));
#14427=CARTESIAN_POINT('',(0.076708,-0.0513398395142051,0.0225175047449915));
#14428=CARTESIAN_POINT('',(0.0762,-0.0513398395142051,0.0225175047449915));
#14429=CARTESIAN_POINT('',(0.076708,-0.050840133841435,0.0232021408635899));
#14430=CARTESIAN_POINT('',(0.0762,-0.050840133841435,0.0232021408635899));
#14431=CARTESIAN_POINT('',(0.076708,-0.0518159370449546,0.0208669021487155));
#14432=CARTESIAN_POINT('',(0.076708,-0.0518159370449546,0.0208669021487155));
#14433=CARTESIAN_POINT('',(0.076708,-0.0518159370449546,0.0208669021487155));
#14434=CARTESIAN_POINT('',(0.076708,-0.0515896923505902,0.0221751866856923));
#14435=CARTESIAN_POINT('',(0.076708,-0.050840133841435,0.0232021408635899));
#14436=CARTESIAN_POINT('',(0.076708,-0.050840133841435,0.0232021408635899));
#14437=CARTESIAN_POINT('',(0.076708,-0.050840133841435,0.0232021408635899));
#14438=CARTESIAN_POINT('',(0.0767080000000004,-0.0470385893635973,0.0199441820266323));
#14439=CARTESIAN_POINT('',(0.076708,-0.051904467577532,0.0199343805389005));
#14440=CARTESIAN_POINT('',(0.076708,-0.051904467577532,0.0199343805389005));
#14441=CARTESIAN_POINT('',(0.076708,-0.0470385893635973,0.0199441820266323));
#14442=CARTESIAN_POINT('',(0.076708,-0.0514509945162189,0.0180585169208443));
#14443=CARTESIAN_POINT('',(0.0762,-0.0514509945162189,0.0180585169208443));
#14444=CARTESIAN_POINT('',(0.076708,-0.0517533098904276,0.0185956021518137));
#14445=CARTESIAN_POINT('',(0.0762,-0.0517533098904276,0.0185956021518137));
#14446=CARTESIAN_POINT('',(0.076708,-0.051904467577532,0.0192208900244991));
#14447=CARTESIAN_POINT('',(0.0762,-0.051904467577532,0.0192208900244991));
#14448=CARTESIAN_POINT('',(0.076708,-0.051904467577532,0.0199343805389005));
#14449=CARTESIAN_POINT('',(0.0762,-0.051904467577532,0.0199343805389005));
#14450=CARTESIAN_POINT('',(0.076708,-0.0514509945162189,0.0180585169208443));
#14451=CARTESIAN_POINT('',(0.076708,-0.0514509945162189,0.0180585169208443));
#14452=CARTESIAN_POINT('',(0.076708,-0.0514509945162189,0.0180585169208443));
#14453=CARTESIAN_POINT('',(0.076708,-0.051904467577532,0.0188641447672984));
#14454=CARTESIAN_POINT('',(0.076708,-0.051904467577532,0.0199343805389005));
#14455=CARTESIAN_POINT('',(0.076708,-0.0501535303776683,0.0168122037566717));
#14456=CARTESIAN_POINT('',(0.0762,-0.0501535303776683,0.0168122037566717));
#14457=CARTESIAN_POINT('',(0.076708,-0.0507161910958267,0.017105993968484));
#14458=CARTESIAN_POINT('',(0.0762,-0.0507161910958267,0.017105993968484));
#14459=CARTESIAN_POINT('',(0.076708,-0.0511486791420102,0.0175214316898749));
#14460=CARTESIAN_POINT('',(0.0762,-0.0511486791420102,0.0175214316898749));
#14461=CARTESIAN_POINT('',(0.076708,-0.0514509945162189,0.0180585169208443));
#14462=CARTESIAN_POINT('',(0.0762,-0.0514509945162189,0.0180585169208443));
#14463=CARTESIAN_POINT('',(0.076708,-0.0501535303776683,0.0168122037566717));
#14464=CARTESIAN_POINT('',(0.076708,-0.0501535303776683,0.0168122037566717));
#14465=CARTESIAN_POINT('',(0.076708,-0.0501535303776683,0.0168122037566717));
#14466=CARTESIAN_POINT('',(0.076708,-0.0509975214549059,0.0172528890743902));
#14467=CARTESIAN_POINT('',(0.076708,-0.0514509945162189,0.0180585169208443));
#14468=CARTESIAN_POINT('',(0.076708,-0.0481763484834402,0.0163715184389531));
#14469=CARTESIAN_POINT('',(0.0762,-0.0481763484834402,0.0163715184389531));
#14470=CARTESIAN_POINT('',(0.076708,-0.0489318090281005,0.0163715184389531));
#14471=CARTESIAN_POINT('',(0.0762,-0.0489318090281005,0.0163715184389531));
#14472=CARTESIAN_POINT('',(0.076708,-0.0495908696595098,0.0165184135448593));
#14473=CARTESIAN_POINT('',(0.0762,-0.0495908696595098,0.0165184135448593));
#14474=CARTESIAN_POINT('',(0.076708,-0.0501535303776683,0.0168122037566717));
#14475=CARTESIAN_POINT('',(0.0762,-0.0501535303776683,0.0168122037566717));
#14476=CARTESIAN_POINT('',(0.076708,-0.0481763484834402,0.0163715184389531));
#14477=CARTESIAN_POINT('',(0.076708,-0.0481763484834402,0.0163715184389531));
#14478=CARTESIAN_POINT('',(0.076708,-0.0481763484834402,0.0163715184389531));
#14479=CARTESIAN_POINT('',(0.076708,-0.0493095393004306,0.0163715184389531));
#14480=CARTESIAN_POINT('',(0.076708,-0.0501535303776683,0.0168122037566717));
#14481=CARTESIAN_POINT('',(0.076708,-0.0453315673699538,0.017195836064507));
#14482=CARTESIAN_POINT('',(0.0762,-0.0453315673699538,0.017195836064507));
#14483=CARTESIAN_POINT('',(0.076708,-0.0461788373558055,0.0166462909808044));
#14484=CARTESIAN_POINT('',(0.0762,-0.0461788373558055,0.0166462909808044));
#14485=CARTESIAN_POINT('',(0.076708,-0.0471270977269676,0.0163715184389531));
#14486=CARTESIAN_POINT('',(0.0762,-0.0471270977269676,0.0163715184389531));
#14487=CARTESIAN_POINT('',(0.076708,-0.0481763484834402,0.0163715184389531));
#14488=CARTESIAN_POINT('',(0.0762,-0.0481763484834402,0.0163715184389531));
#14489=CARTESIAN_POINT('',(0.076708,-0.0453315673699538,0.017195836064507));
#14490=CARTESIAN_POINT('',(0.076708,-0.0453315673699538,0.017195836064507));
#14491=CARTESIAN_POINT('',(0.076708,-0.0453315673699538,0.017195836064507));
#14492=CARTESIAN_POINT('',(0.076708,-0.0466024723487313,0.0163715184389531));
#14493=CARTESIAN_POINT('',(0.076708,-0.0481763484834402,0.0163715184389531));
#14494=CARTESIAN_POINT('',(0.076708,-0.0434311119372928,0.0194563156629826));
#14495=CARTESIAN_POINT('',(0.0762,-0.0434311119372928,0.0194563156629826));
#14496=CARTESIAN_POINT('',(0.076708,-0.0438508122398818,0.0184988743477014));
#14497=CARTESIAN_POINT('',(0.0762,-0.0438508122398818,0.0184988743477014));
#14498=CARTESIAN_POINT('',(0.076708,-0.0444842973841022,0.0177453811482095));
#14499=CARTESIAN_POINT('',(0.0762,-0.0444842973841022,0.0177453811482095));
#14500=CARTESIAN_POINT('',(0.076708,-0.0453315673699538,0.017195836064507));
#14501=CARTESIAN_POINT('',(0.0762,-0.0453315673699538,0.017195836064507));
#14502=CARTESIAN_POINT('',(0.076708,-0.0434311119372928,0.0194563156629826));
#14503=CARTESIAN_POINT('',(0.076708,-0.0434311119372928,0.0194563156629826));
#14504=CARTESIAN_POINT('',(0.076708,-0.0434311119372928,0.0194563156629826));
#14505=CARTESIAN_POINT('',(0.076708,-0.0440606623911763,0.0180201536900607));
#14506=CARTESIAN_POINT('',(0.076708,-0.0453315673699538,0.017195836064507));
#14507=CARTESIAN_POINT('',(0.076708,-0.0446144700560771,0.0194563156629826));
#14508=CARTESIAN_POINT('',(0.076708,-0.0457978281748613,0.0194563156629826));
#14509=CARTESIAN_POINT('',(0.076708,-0.0457978281748613,0.0194563156629826));
#14510=CARTESIAN_POINT('',(0.076708,-0.0446144700560771,0.0194563156629826));
#14511=CARTESIAN_POINT('',(0.076708,-0.0466969049168138,0.0186251123293395));
#14512=CARTESIAN_POINT('',(0.0762,-0.0466969049168138,0.0186251123293395));
#14513=CARTESIAN_POINT('',(0.076708,-0.0463401596596131,0.0188185679375641));
#14514=CARTESIAN_POINT('',(0.0762,-0.0463401596596131,0.0188185679375641));
#14515=CARTESIAN_POINT('',(0.076708,-0.0460404674122956,0.0190956357154452));
#14516=CARTESIAN_POINT('',(0.0762,-0.0460404674122956,0.0190956357154452));
#14517=CARTESIAN_POINT('',(0.076708,-0.0457978281748613,0.0194563156629826));
#14518=CARTESIAN_POINT('',(0.0762,-0.0457978281748613,0.0194563156629826));
#14519=CARTESIAN_POINT('',(0.076708,-0.0466969049168138,0.0186251123293395));
#14520=CARTESIAN_POINT('',(0.076708,-0.0466969040836537,0.0186251107999753));
#14521=CARTESIAN_POINT('',(0.076708,-0.0466969049168138,0.0186251123293395));
#14522=CARTESIAN_POINT('',(0.076708,-0.0461617870310128,0.0189152957416765));
#14523=CARTESIAN_POINT('',(0.076708,-0.0457978281748613,0.0194563156629826));
#14524=CARTESIAN_POINT('',(0.076708,-0.0478347899080277,0.0207138352378878));
#14525=CARTESIAN_POINT('',(0.076708,-0.0478497691854881,0.0183349289170026));
#14526=CARTESIAN_POINT('',(0.076708,-0.0478497691854881,0.0183349289170026));
#14527=CARTESIAN_POINT('',(0.076708,-0.0478347899080277,0.0207138352378878));
#14528=CARTESIAN_POINT('',(0.076708,-0.0491964169532484,0.0188513570237039));
#14529=CARTESIAN_POINT('',(0.0762,-0.0491964169532484,0.0188513570237039));
#14530=CARTESIAN_POINT('',(0.076708,-0.0488691818735735,0.0185070716192363));
#14531=CARTESIAN_POINT('',(0.0762,-0.0488691818735735,0.0185070716192363));
#14532=CARTESIAN_POINT('',(0.076708,-0.0484202992843201,0.0183349289170026));
#14533=CARTESIAN_POINT('',(0.0762,-0.0484202992843201,0.0183349289170026));
#14534=CARTESIAN_POINT('',(0.076708,-0.0478497691854881,0.0183349289170026));
#14535=CARTESIAN_POINT('',(0.0762,-0.0478497691854881,0.0183349289170026));
#14536=CARTESIAN_POINT('',(0.076708,-0.0491964169532484,0.0188513570237039));
#14537=CARTESIAN_POINT('',(0.076708,-0.0491964169532484,0.0188513570237039));
#14538=CARTESIAN_POINT('',(0.076708,-0.0491964169532484,0.0188513570237039));
#14539=CARTESIAN_POINT('',(0.076708,-0.0487055643337361,0.0183349289170026));
#14540=CARTESIAN_POINT('',(0.076708,-0.0478497691854881,0.0183349289170026));
#14541=CARTESIAN_POINT('',(0.076708,-0.0496872695727608,0.0202491557658423));
#14542=CARTESIAN_POINT('',(0.0762,-0.0496872695727608,0.0202491557658423));
#14543=CARTESIAN_POINT('',(0.076708,-0.0496872695727608,0.0196615753422176));
#14544=CARTESIAN_POINT('',(0.0762,-0.0496872695727608,0.0196615753422176));
#14545=CARTESIAN_POINT('',(0.076708,-0.0495236520329233,0.0191956424281715));
#14546=CARTESIAN_POINT('',(0.0762,-0.0495236520329233,0.0191956424281715));
#14547=CARTESIAN_POINT('',(0.076708,-0.0491964169532484,0.0188513570237039));
#14548=CARTESIAN_POINT('',(0.0762,-0.0491964169532484,0.0188513570237039));
#14549=CARTESIAN_POINT('',(0.076708,-0.0496872695727608,0.0202491557658423));
#14550=CARTESIAN_POINT('',(0.076708,-0.0496872695727608,0.0202491557658423));
#14551=CARTESIAN_POINT('',(0.076708,-0.0496872695727608,0.0202491557658423));
#14552=CARTESIAN_POINT('',(0.076708,-0.0496872695727608,0.0193677851304053));
#14553=CARTESIAN_POINT('',(0.076708,-0.0491964169532484,0.0188513570237039));
#14554=CARTESIAN_POINT('',(0.0767080000000004,-0.0460878948049863,0.0201865193798349));
#14555=CARTESIAN_POINT('',(0.076708,-0.0496243145273724,0.0208669021487155));
#14556=CARTESIAN_POINT('',(0.076708,-0.0496243145273724,0.0208669021487155));
#14557=CARTESIAN_POINT('',(0.076708,-0.0460878948049863,0.0201865193798349));
#14558=CARTESIAN_POINT('',(0.076708,-0.0486937602627257,0.0226985005004831));
#14559=CARTESIAN_POINT('',(0.0762,-0.0486937602627257,0.0226985005004831));
#14560=CARTESIAN_POINT('',(0.076708,-0.0491803503010399,0.0222407648579719));
#14561=CARTESIAN_POINT('',(0.0762,-0.0491803503010399,0.0222407648579719));
#14562=CARTESIAN_POINT('',(0.076708,-0.0494905350559221,0.0216302320740494));
#14563=CARTESIAN_POINT('',(0.0762,-0.0494905350559221,0.0216302320740494));
#14564=CARTESIAN_POINT('',(0.076708,-0.0496243145273724,0.0208669021487155));
#14565=CARTESIAN_POINT('',(0.0762,-0.0496243145273724,0.0208669021487155));
#14566=CARTESIAN_POINT('',(0.076708,-0.0486937602627257,0.0226985005004831));
#14567=CARTESIAN_POINT('',(0.076708,-0.0486937602627257,0.0226985005004831));
#14568=CARTESIAN_POINT('',(0.076708,-0.0486937602627257,0.0226985005004831));
#14569=CARTESIAN_POINT('',(0.076708,-0.049423645320197,0.0220118970367163));
#14570=CARTESIAN_POINT('',(0.076708,-0.0496243145273724,0.0208669021487155));
#14571=CARTESIAN_POINT('',(0.076708,-0.0469683985500511,0.0233851039642498));
#14572=CARTESIAN_POINT('',(0.0762,-0.0469683985500511,0.0233851039642498));
#14573=CARTESIAN_POINT('',(0.076708,-0.04763204965352,0.0233851039642498));
#14574=CARTESIAN_POINT('',(0.0762,-0.04763204965352,0.0233851039642498));
#14575=CARTESIAN_POINT('',(0.076708,-0.0482071702244116,0.0231562361429942));
#14576=CARTESIAN_POINT('',(0.0762,-0.0482071702244116,0.0231562361429942));
#14577=CARTESIAN_POINT('',(0.076708,-0.0486937602627257,0.0226985005004831));
#14578=CARTESIAN_POINT('',(0.0762,-0.0486937602627257,0.0226985005004831));
#14579=CARTESIAN_POINT('',(0.076708,-0.0469683985500511,0.0233851039642498));
#14580=CARTESIAN_POINT('',(0.076708,-0.0469683985500511,0.0233851039642498));
#14581=CARTESIAN_POINT('',(0.076708,-0.0469683985500511,0.0233851039642498));
#14582=CARTESIAN_POINT('',(0.076708,-0.0479638752052545,0.0233851039642498));
#14583=CARTESIAN_POINT('',(0.076708,-0.0486937602627257,0.0226985005004831));
#14584=CARTESIAN_POINT('',(0.076708,-0.0459040648139542,0.0231018062600022));
#14585=CARTESIAN_POINT('',(0.0762,-0.0459040648139542,0.0231018062600022));
#14586=CARTESIAN_POINT('',(0.076708,-0.0461939203354297,0.0232906713961673));
#14587=CARTESIAN_POINT('',(0.0762,-0.0461939203354297,0.0232906713961673));
#14588=CARTESIAN_POINT('',(0.076708,-0.046548698247462,0.0233851039642498));
#14589=CARTESIAN_POINT('',(0.0762,-0.046548698247462,0.0233851039642498));
#14590=CARTESIAN_POINT('',(0.076708,-0.0469683985500511,0.0233851039642498));
#14591=CARTESIAN_POINT('',(0.0762,-0.0469683985500511,0.0233851039642498));
#14592=CARTESIAN_POINT('',(0.076708,-0.0459040648139542,0.0231018062600022));
#14593=CARTESIAN_POINT('',(0.076708,-0.0459040648139542,0.0231018062600022));
#14594=CARTESIAN_POINT('',(0.076708,-0.0459040648139542,0.0231018062600022));
#14595=CARTESIAN_POINT('',(0.076708,-0.0463388480961675,0.0233851039642498));
#14596=CARTESIAN_POINT('',(0.076708,-0.0469683985500511,0.0233851039642498));
#14597=CARTESIAN_POINT('',(0.076708,-0.0453059918827648,0.0222774886344484));
#14598=CARTESIAN_POINT('',(0.0762,-0.0453059918827648,0.0222774886344484));
#14599=CARTESIAN_POINT('',(0.076708,-0.0454148516487488,0.0226381685819859));
#14600=CARTESIAN_POINT('',(0.0762,-0.0454148516487488,0.0226381685819859));
#14601=CARTESIAN_POINT('',(0.076708,-0.0456142092924786,0.0229129411238371));
#14602=CARTESIAN_POINT('',(0.0762,-0.0456142092924786,0.0229129411238371));
#14603=CARTESIAN_POINT('',(0.076708,-0.0459040648139542,0.0231018062600022));
#14604=CARTESIAN_POINT('',(0.0762,-0.0459040648139542,0.0231018062600022));
#14605=CARTESIAN_POINT('',(0.076708,-0.0453059918827648,0.0222774886344484));
#14606=CARTESIAN_POINT('',(0.076708,-0.0453059918827648,0.0222774886344484));
#14607=CARTESIAN_POINT('',(0.076708,-0.0453059918827648,0.0222774886344484));
#14608=CARTESIAN_POINT('',(0.076708,-0.0454692815317408,0.0228185085557546));
#14609=CARTESIAN_POINT('',(0.076708,-0.0459040648139542,0.0231018062600022));
#14610=CARTESIAN_POINT('',(0.076708,-0.0441226337639805,0.0222774886344484));
#14611=CARTESIAN_POINT('',(0.076708,-0.0429392756451962,0.0222774886344484));
#14612=CARTESIAN_POINT('',(0.076708,-0.0429392756451962,0.0222774886344484));
#14613=CARTESIAN_POINT('',(0.076708,-0.0441226337639805,0.0222774886344484));
#14614=CARTESIAN_POINT('',(0.076708,-0.0440409889394925,0.0245428865958451));
#14615=CARTESIAN_POINT('',(0.0762,-0.0440409889394925,0.0245428865958451));
#14616=CARTESIAN_POINT('',(0.076708,-0.0433904534704795,0.023988751040083));
#14617=CARTESIAN_POINT('',(0.0762,-0.0433904534704795,0.023988751040083));
#14618=CARTESIAN_POINT('',(0.076708,-0.043023215705714,0.0232336183862841));
#14619=CARTESIAN_POINT('',(0.0762,-0.043023215705714,0.0232336183862841));
#14620=CARTESIAN_POINT('',(0.076708,-0.0429392756451962,0.0222774886344484));
#14621=CARTESIAN_POINT('',(0.0762,-0.0429392756451962,0.0222774886344484));
#14622=CARTESIAN_POINT('',(0.076708,-0.0440409889394925,0.0245428865958451));
#14623=CARTESIAN_POINT('',(0.076708,-0.0440409889394925,0.0245428865958451));
#14624=CARTESIAN_POINT('',(0.076708,-0.0440409889394925,0.0245428865958451));
#14625=CARTESIAN_POINT('',(0.076708,-0.0430651857359729,0.0237116832622019));
#14626=CARTESIAN_POINT('',(0.076708,-0.0429392756451962,0.0222774886344484));
#14627=CARTESIAN_POINT('',(0.076708,-0.0465906682777209,0.0253740899294882));
#14628=CARTESIAN_POINT('',(0.0762,-0.0465906682777209,0.0253740899294882));
#14629=CARTESIAN_POINT('',(0.076708,-0.0455414175212483,0.0253740899294882));
#14630=CARTESIAN_POINT('',(0.0762,-0.0455414175212483,0.0253740899294882));
#14631=CARTESIAN_POINT('',(0.076708,-0.0446915244085055,0.0250970221516072));
#14632=CARTESIAN_POINT('',(0.0762,-0.0446915244085055,0.0250970221516072));
#14633=CARTESIAN_POINT('',(0.076708,-0.0440409889394925,0.0245428865958451));
#14634=CARTESIAN_POINT('',(0.0762,-0.0440409889394925,0.0245428865958451));
#14635=CARTESIAN_POINT('',(0.076708,-0.0465906682777209,0.0253740899294882));
#14636=CARTESIAN_POINT('',(0.076708,-0.0465906682777209,0.0253740899294882));
#14637=CARTESIAN_POINT('',(0.076708,-0.0465906682777209,0.0253740899294882));
#14638=CARTESIAN_POINT('',(0.076708,-0.045016792143012,0.0253740899294882));
#14639=CARTESIAN_POINT('',(0.076708,-0.0440409889394925,0.0245428865958451));
#14640=CARTESIAN_POINT('',(0.076708,-0.0489829600024785,0.0248015924854878));
#14641=CARTESIAN_POINT('',(0.0762,-0.0489829600024785,0.0248015924854878));
#14642=CARTESIAN_POINT('',(0.076708,-0.0482445497826109,0.0251832574481548));
#14643=CARTESIAN_POINT('',(0.0762,-0.0482445497826109,0.0251832574481548));
#14644=CARTESIAN_POINT('',(0.076708,-0.0474471192076917,0.0253740899294882));
#14645=CARTESIAN_POINT('',(0.0762,-0.0474471192076917,0.0253740899294882));
#14646=CARTESIAN_POINT('',(0.076708,-0.0465906682777209,0.0253740899294882));
#14647=CARTESIAN_POINT('',(0.0762,-0.0465906682777209,0.0253740899294882));
#14648=CARTESIAN_POINT('',(0.076708,-0.0489829600024785,0.0248015924854878));
#14649=CARTESIAN_POINT('',(0.076708,-0.0489829600024785,0.0248015924854878));
#14650=CARTESIAN_POINT('',(0.076708,-0.0489829600024785,0.0248015924854878));
#14651=CARTESIAN_POINT('',(0.076708,-0.0478753446726771,0.0253740899294882));
#14652=CARTESIAN_POINT('',(0.076708,-0.0465906682777209,0.0253740899294882));
#14653=CARTESIAN_POINT('',(0.0767080000000001,-0.0465686792276204,0.0201236384871263));
#14654=CARTESIAN_POINT('',(0.076708,-0.0465686792276204,0.0201236384871263));
#14655=CARTESIAN_POINT('',(0.076708,1.39703063931999E-17,0.0254));
#14656=CARTESIAN_POINT('',(0.076708,-0.0335471698113207,0.020854114405121));
#14657=CARTESIAN_POINT('',(0.076708,-0.0333838801623446,0.0217482727841526));
#14658=CARTESIAN_POINT('',(0.076708,-0.0333838801623446,0.0217482727841526));
#14659=CARTESIAN_POINT('',(0.076708,-0.0335471698113207,0.020854114405121));
#14660=CARTESIAN_POINT('',(0.076708,-0.0337104594602967,0.0199599560260895));
#14661=CARTESIAN_POINT('',(0.076708,-0.0337104594602967,0.0199599560260895));
#14662=CARTESIAN_POINT('',(0.076708,-0.0361539021594324,0.0217482727841526));
#14663=CARTESIAN_POINT('',(0.076708,-0.0389239241565201,0.0217482727841526));
#14664=CARTESIAN_POINT('',(0.076708,-0.0389239241565201,0.0217482727841526));
#14665=CARTESIAN_POINT('',(0.076708,-0.0361539021594324,0.0217482727841526));
#14666=CARTESIAN_POINT('',(0.076708,-0.0390872138054962,0.020854114405121));
#14667=CARTESIAN_POINT('',(0.076708,-0.0392505034544722,0.0199599560260895));
#14668=CARTESIAN_POINT('',(0.076708,-0.0392505034544722,0.0199599560260895));
#14669=CARTESIAN_POINT('',(0.076708,-0.0390872138054962,0.020854114405121));
#14670=CARTESIAN_POINT('',(0.076708,-0.0364804814573845,0.0199599560260895));
#14671=CARTESIAN_POINT('',(0.076708,-0.0364804814573845,0.0199599560260895));
#14672=CARTESIAN_POINT('',(0.076708,1.39703063931999E-17,0.0254));
#14673=CARTESIAN_POINT('',(0.0767080000000005,-0.0257015097143208,0.0194213941782572));
#14674=CARTESIAN_POINT('',(0.0762,-0.0257015097143208,0.0194213941782572));
#14675=CARTESIAN_POINT('',(0.0762,-0.0241924435356445,0.0191297363650305));
#14676=CARTESIAN_POINT('',(0.0762,-0.0241668680484555,0.0193559810593949));
#14677=CARTESIAN_POINT('',(0.076708,-0.0241924435356445,0.0191297363650305));
#14678=CARTESIAN_POINT('',(0.076708,-0.0241924435356445,0.0191297363650305));
#14679=CARTESIAN_POINT('',(0.076708,-0.0257015097143208,0.0194213941782572));
#14680=CARTESIAN_POINT('',(0.076708,-0.0241668680484555,0.0193559810593949));
#14681=CARTESIAN_POINT('',(0.076708,-0.0241668680484555,0.0193559810593949));
#14682=CARTESIAN_POINT('',(0.076708,-0.0246085370387582,0.0183978839623909));
#14683=CARTESIAN_POINT('',(0.0762,-0.0246085370387582,0.0183978839623909));
#14684=CARTESIAN_POINT('',(0.076708,-0.0243901617250673,0.0185657640834265));
#14685=CARTESIAN_POINT('',(0.0762,-0.0243901617250673,0.0185657640834265));
#14686=CARTESIAN_POINT('',(0.076708,-0.0242514638906961,0.0188097148843064));
#14687=CARTESIAN_POINT('',(0.0762,-0.0242514638906961,0.0188097148843064));
#14688=CARTESIAN_POINT('',(0.076708,-0.0241924435356445,0.0191297363650305));
#14689=CARTESIAN_POINT('',(0.0762,-0.0241924435356445,0.0191297363650305));
#14690=CARTESIAN_POINT('',(0.0762,-0.0246085370387582,0.0183978839623909));
#14691=CARTESIAN_POINT('',(0.0762,-0.0242809740682219,0.0186497041439443));
#14692=CARTESIAN_POINT('',(0.0762,-0.0241924435356445,0.0191297363650305));
#14693=CARTESIAN_POINT('',(0.0762,-0.0246085370387582,0.0183978839623909));
#14694=CARTESIAN_POINT('',(0.076708,-0.0246085370387582,0.0183978839623909));
#14695=CARTESIAN_POINT('',(0.076708,-0.0246085370387582,0.0183978839623909));
#14696=CARTESIAN_POINT('',(0.076708,-0.0246085370387582,0.0183978839623909));
#14697=CARTESIAN_POINT('',(0.076708,-0.0242809740682219,0.0186497041439443));
#14698=CARTESIAN_POINT('',(0.076708,-0.0241924435356445,0.0191297363650305));
#14699=CARTESIAN_POINT('',(0.076708,-0.025488924001611,0.0181460637808375));
#14700=CARTESIAN_POINT('',(0.0762,-0.025488924001611,0.0181460637808375));
#14701=CARTESIAN_POINT('',(0.076708,-0.0251203746734,0.0181460637808375));
#14702=CARTESIAN_POINT('',(0.0762,-0.0251203746734,0.0181460637808375));
#14703=CARTESIAN_POINT('',(0.076708,-0.0248269123524491,0.0182300038413553));
#14704=CARTESIAN_POINT('',(0.0762,-0.0248269123524491,0.0182300038413553));
#14705=CARTESIAN_POINT('',(0.076708,-0.0246085370387582,0.0183978839623909));
#14706=CARTESIAN_POINT('',(0.0762,-0.0246085370387582,0.0183978839623909));
#14707=CARTESIAN_POINT('',(0.0762,-0.025488924001611,0.0181460637808375));
#14708=CARTESIAN_POINT('',(0.0762,-0.0249361000092945,0.0181460637808375));
#14709=CARTESIAN_POINT('',(0.0762,-0.0246085370387582,0.0183978839623909));
#14710=CARTESIAN_POINT('',(0.0762,-0.025488924001611,0.0181460637808375));
#14711=CARTESIAN_POINT('',(0.076708,-0.025488924001611,0.0181460637808375));
#14712=CARTESIAN_POINT('',(0.076708,-0.025488924001611,0.0181460637808375));
#14713=CARTESIAN_POINT('',(0.076708,-0.025488924001611,0.0181460637808375));
#14714=CARTESIAN_POINT('',(0.076708,-0.0249361000092945,0.0181460637808375));
#14715=CARTESIAN_POINT('',(0.076708,-0.0246085370387582,0.0183978839623909));
#14716=CARTESIAN_POINT('',(0.076708,-0.0262827477770548,0.0181460637808375));
#14717=CARTESIAN_POINT('',(0.0762,-0.0262827477770548,0.0181460637808375));
#14718=CARTESIAN_POINT('',(0.0762,-0.0270765715524987,0.0181460637808375));
#14719=CARTESIAN_POINT('',(0.076708,-0.0270765715524987,0.0181460637808375));
#14720=CARTESIAN_POINT('',(0.076708,-0.0270765715524987,0.0181460637808375));
#14721=CARTESIAN_POINT('',(0.076708,-0.0262827477770548,0.0181460637808375));
#14722=CARTESIAN_POINT('',(0.076708,-0.0268995104873439,0.0191415404360409));
#14723=CARTESIAN_POINT('',(0.0762,-0.0268995104873439,0.0191415404360409));
#14724=CARTESIAN_POINT('',(0.0762,-0.0267224494221891,0.0201370170912443));
#14725=CARTESIAN_POINT('',(0.076708,-0.0267224494221891,0.0201370170912443));
#14726=CARTESIAN_POINT('',(0.076708,-0.0267224494221891,0.0201370170912443));
#14727=CARTESIAN_POINT('',(0.076708,-0.0268995104873439,0.0191415404360409));
#14728=CARTESIAN_POINT('',(0.076708,-0.025942397062924,0.0201370170912443));
#14729=CARTESIAN_POINT('',(0.0762,-0.025942397062924,0.0201370170912443));
#14730=CARTESIAN_POINT('',(0.0762,-0.0251623447036589,0.0201370170912443));
#14731=CARTESIAN_POINT('',(0.076708,-0.0251623447036589,0.0201370170912443));
#14732=CARTESIAN_POINT('',(0.076708,-0.0251623447036589,0.0201370170912443));
#14733=CARTESIAN_POINT('',(0.076708,-0.025942397062924,0.0201370170912443));
#14734=CARTESIAN_POINT('',(0.076708,-0.0244314759736034,0.0199284785033953));
#14735=CARTESIAN_POINT('',(0.0762,-0.0244314759736034,0.0199284785033953));
#14736=CARTESIAN_POINT('',(0.076708,-0.0246078812570354,0.020067504228628));
#14737=CARTESIAN_POINT('',(0.0762,-0.0246078812570354,0.020067504228628));
#14738=CARTESIAN_POINT('',(0.076708,-0.0248515041670539,0.0201370170912443));
#14739=CARTESIAN_POINT('',(0.0762,-0.0248515041670539,0.0201370170912443));
#14740=CARTESIAN_POINT('',(0.076708,-0.0251623447036589,0.0201370170912443));
#14741=CARTESIAN_POINT('',(0.0762,-0.0251623447036589,0.0201370170912443));
#14742=CARTESIAN_POINT('',(0.0762,-0.0244314759736034,0.0199284785033953));
#14743=CARTESIAN_POINT('',(0.0762,-0.0246960838987514,0.0201370170912443));
#14744=CARTESIAN_POINT('',(0.0762,-0.0251623447036589,0.0201370170912443));
#14745=CARTESIAN_POINT('',(0.0762,-0.0244314759736034,0.0199284785033953));
#14746=CARTESIAN_POINT('',(0.076708,-0.0244314759736034,0.0199284785033953));
#14747=CARTESIAN_POINT('',(0.076708,-0.0244314759736034,0.0199284785033953));
#14748=CARTESIAN_POINT('',(0.076708,-0.0244314759736034,0.0199284785033953));
#14749=CARTESIAN_POINT('',(0.076708,-0.0246960838987514,0.0201370170912443));
#14750=CARTESIAN_POINT('',(0.076708,-0.0251623447036589,0.0201370170912443));
#14751=CARTESIAN_POINT('',(0.076708,-0.0250482386838925,0.0216853177387642));
#14752=CARTESIAN_POINT('',(0.0762,-0.0250482386838925,0.0216853177387642));
#14753=CARTESIAN_POINT('',(0.076708,-0.024687558736355,0.0216853177387642));
#14754=CARTESIAN_POINT('',(0.0762,-0.024687558736355,0.0216853177387642));
#14755=CARTESIAN_POINT('',(0.076708,-0.0243980311057409,0.0217649952180838));
#14756=CARTESIAN_POINT('',(0.0762,-0.0243980311057409,0.0217649952180838));
#14757=CARTESIAN_POINT('',(0.076708,-0.02417965579205,0.0219243501767231));
#14758=CARTESIAN_POINT('',(0.0762,-0.02417965579205,0.0219243501767231));
#14759=CARTESIAN_POINT('',(0.0762,-0.0250482386838925,0.0216853177387642));
#14760=CARTESIAN_POINT('',(0.0762,-0.0245072187625863,0.0216853177387642));
#14761=CARTESIAN_POINT('',(0.0762,-0.02417965579205,0.0219243501767231));
#14762=CARTESIAN_POINT('',(0.0762,-0.0250482386838925,0.0216853177387642));
#14763=CARTESIAN_POINT('',(0.0762,-0.02417965579205,0.0219243501767231));
#14764=CARTESIAN_POINT('',(0.076708,-0.0250482386838925,0.0216853177387642));
#14765=CARTESIAN_POINT('',(0.076708,-0.0250482386838925,0.0216853177387642));
#14766=CARTESIAN_POINT('',(0.076708,-0.0250482386838925,0.0216853177387642));
#14767=CARTESIAN_POINT('',(0.076708,-0.0245072187625863,0.0216853177387642));
#14768=CARTESIAN_POINT('',(0.076708,-0.02417965579205,0.0219243501767231));
#14769=CARTESIAN_POINT('',(0.076708,-0.02417965579205,0.0219243501767231));
#14770=CARTESIAN_POINT('',(0.076708,-0.02417965579205,0.0219243501767231));
#14771=CARTESIAN_POINT('',(0.076708,-0.0257476298912538,0.0216853177387642));
#14772=CARTESIAN_POINT('',(0.0762,-0.0257476298912538,0.0216853177387642));
#14773=CARTESIAN_POINT('',(0.0762,-0.0264470210986151,0.0216853177387642));
#14774=CARTESIAN_POINT('',(0.076708,-0.0264470210986151,0.0216853177387642));
#14775=CARTESIAN_POINT('',(0.076708,-0.0264470210986151,0.0216853177387642));
#14776=CARTESIAN_POINT('',(0.076708,-0.0257476298912538,0.0216853177387642));
#14777=CARTESIAN_POINT('',(0.076708,-0.0262827477770548,0.0226296434195895));
#14778=CARTESIAN_POINT('',(0.0762,-0.0262827477770548,0.0226296434195895));
#14779=CARTESIAN_POINT('',(0.0762,-0.0261184744554946,0.0235739691004149));
#14780=CARTESIAN_POINT('',(0.076708,-0.0261184744554946,0.0235739691004149));
#14781=CARTESIAN_POINT('',(0.076708,-0.0261184744554946,0.0235739691004149));
#14782=CARTESIAN_POINT('',(0.076708,-0.0262827477770548,0.0226296434195895));
#14783=CARTESIAN_POINT('',(0.076708,-0.0254131812126281,0.0235739691004149));
#14784=CARTESIAN_POINT('',(0.0762,-0.0254131812126281,0.0235739691004149));
#14785=CARTESIAN_POINT('',(0.0762,-0.0247078879697617,0.0235739691004149));
#14786=CARTESIAN_POINT('',(0.076708,-0.0247078879697617,0.0235739691004149));
#14787=CARTESIAN_POINT('',(0.076708,-0.0247078879697617,0.0235739691004149));
#14788=CARTESIAN_POINT('',(0.076708,-0.0254131812126281,0.0235739691004149));
#14789=CARTESIAN_POINT('',(0.076708,-0.0240035783994795,0.0233782182561605));
#14790=CARTESIAN_POINT('',(0.0762,-0.0240035783994795,0.0233782182561605));
#14791=CARTESIAN_POINT('',(0.076708,-0.0241635891398415,0.0235087188189968));
#14792=CARTESIAN_POINT('',(0.0762,-0.0241635891398415,0.0235087188189968));
#14793=CARTESIAN_POINT('',(0.076708,-0.0243983589966023,0.0235739691004149));
#14794=CARTESIAN_POINT('',(0.0762,-0.0243983589966023,0.0235739691004149));
#14795=CARTESIAN_POINT('',(0.076708,-0.0247078879697617,0.0235739691004149));
#14796=CARTESIAN_POINT('',(0.0762,-0.0247078879697617,0.0235739691004149));
#14797=CARTESIAN_POINT('',(0.0762,-0.0240035783994795,0.0233782182561605));
#14798=CARTESIAN_POINT('',(0.0762,-0.0242435945100225,0.0235739691004149));
#14799=CARTESIAN_POINT('',(0.0762,-0.0247078879697617,0.0235739691004149));
#14800=CARTESIAN_POINT('',(0.0762,-0.0240035783994795,0.0233782182561605));
#14801=CARTESIAN_POINT('',(0.076708,-0.0240035783994795,0.0233782182561605));
#14802=CARTESIAN_POINT('',(0.076708,-0.0240035783994795,0.0233782182561605));
#14803=CARTESIAN_POINT('',(0.076708,-0.0240035783994795,0.0233782182561605));
#14804=CARTESIAN_POINT('',(0.076708,-0.0242435945100225,0.0235739691004149));
#14805=CARTESIAN_POINT('',(0.076708,-0.0247078879697617,0.0235739691004149));
#14806=CARTESIAN_POINT('',(0.076708,-0.0237635622889364,0.0228185085557546));
#14807=CARTESIAN_POINT('',(0.0762,-0.0237635622889364,0.0228185085557546));
#14808=CARTESIAN_POINT('',(0.076708,-0.0237635622889364,0.0230611477931889));
#14809=CARTESIAN_POINT('',(0.0762,-0.0237635622889364,0.0230611477931889));
#14810=CARTESIAN_POINT('',(0.076708,-0.0238435676591174,0.0232477176933242));
#14811=CARTESIAN_POINT('',(0.0762,-0.0238435676591174,0.0232477176933242));
#14812=CARTESIAN_POINT('',(0.076708,-0.0240035783994795,0.0233782182561605));
#14813=CARTESIAN_POINT('',(0.0762,-0.0240035783994795,0.0233782182561605));
#14814=CARTESIAN_POINT('',(0.0762,-0.0237635622889364,0.0228185085557546));
#14815=CARTESIAN_POINT('',(0.0762,-0.0237635622889364,0.023182467411906));
#14816=CARTESIAN_POINT('',(0.0762,-0.0240035783994795,0.0233782182561605));
#14817=CARTESIAN_POINT('',(0.0762,-0.0237635622889364,0.0228185085557546));
#14818=CARTESIAN_POINT('',(0.076708,-0.0237635622889364,0.0228185085557546));
#14819=CARTESIAN_POINT('',(0.076708,-0.0237635622889364,0.0228185085557546));
#14820=CARTESIAN_POINT('',(0.076708,-0.0237635622889364,0.0228185085557546));
#14821=CARTESIAN_POINT('',(0.076708,-0.0237635622889364,0.023182467411906));
#14822=CARTESIAN_POINT('',(0.076708,-0.0240035783994795,0.0233782182561605));
#14823=CARTESIAN_POINT('',(0.0767080000000005,-0.0249861684171337,0.0227956948059481));
#14824=CARTESIAN_POINT('',(0.0762,-0.0249861684171337,0.0227956948059481));
#14825=CARTESIAN_POINT('',(0.0762,-0.0237773337051151,0.0226158720034109));
#14826=CARTESIAN_POINT('',(0.076708,-0.0237773337051151,0.0226158720034109));
#14827=CARTESIAN_POINT('',(0.076708,-0.0237773337051151,0.0226158720034109));
#14828=CARTESIAN_POINT('',(0.076708,-0.0249861684171337,0.0227956948059481));
#14829=CARTESIAN_POINT('',(0.076708,-0.0215227561421445,0.0229817982047307));
#14830=CARTESIAN_POINT('',(0.0762,-0.0215227561421445,0.0229817982047307));
#14831=CARTESIAN_POINT('',(0.076708,-0.0216158771467814,0.0224611075168311));
#14832=CARTESIAN_POINT('',(0.0762,-0.0216158771467814,0.0224611075168311));
#14833=CARTESIAN_POINT('',(0.076708,-0.0218303177701355,0.0220286194706476));
#14834=CARTESIAN_POINT('',(0.0762,-0.0218303177701355,0.0220286194706476));
#14835=CARTESIAN_POINT('',(0.076708,-0.0221660780122067,0.02168433406618));
#14836=CARTESIAN_POINT('',(0.0762,-0.0221660780122067,0.02168433406618));
#14837=CARTESIAN_POINT('',(0.076708,-0.0215227561421445,0.0229817982047307));
#14838=CARTESIAN_POINT('',(0.076708,-0.0215227561421445,0.0229817982047307));
#14839=CARTESIAN_POINT('',(0.076708,-0.0215227561421445,0.0229817982047307));
#14840=CARTESIAN_POINT('',(0.076708,-0.0216624376490999,0.0222007621728814));
#14841=CARTESIAN_POINT('',(0.076708,-0.0221660780122067,0.02168433406618));
#14842=CARTESIAN_POINT('',(0.076708,-0.0221660780122067,0.02168433406618));
#14843=CARTESIAN_POINT('',(0.076708,-0.0221660780122067,0.02168433406618));
#14844=CARTESIAN_POINT('',(0.0767080000000005,-0.0241881539087935,0.0234310784974719));
#14845=CARTESIAN_POINT('',(0.076708,-0.0214853765839451,0.0234224835224492));
#14846=CARTESIAN_POINT('',(0.076708,-0.0214853765839451,0.0234224835224492));
#14847=CARTESIAN_POINT('',(0.076708,-0.0241881539087935,0.0234310784974719));
#14848=CARTESIAN_POINT('',(0.076708,-0.0221405025250177,0.0247829027063882));
#14849=CARTESIAN_POINT('',(0.0762,-0.0221405025250177,0.0247829027063882));
#14850=CARTESIAN_POINT('',(0.076708,-0.021703751897636,0.0244556676267133));
#14851=CARTESIAN_POINT('',(0.0762,-0.021703751897636,0.0244556676267133));
#14852=CARTESIAN_POINT('',(0.076708,-0.0214853765839452,0.0240021945654003));
#14853=CARTESIAN_POINT('',(0.0762,-0.0214853765839452,0.0240021945654003));
#14854=CARTESIAN_POINT('',(0.076708,-0.0214853765839451,0.0234224835224492));
#14855=CARTESIAN_POINT('',(0.0762,-0.0214853765839451,0.0234224835224492));
#14856=CARTESIAN_POINT('',(0.076708,-0.0221405025250177,0.0247829027063882));
#14857=CARTESIAN_POINT('',(0.076708,-0.0221405025250177,0.0247829027063882));
#14858=CARTESIAN_POINT('',(0.076708,-0.0221405025250177,0.0247829027063882));
#14859=CARTESIAN_POINT('',(0.076708,-0.0214853765839451,0.0242920500868758));
#14860=CARTESIAN_POINT('',(0.076708,-0.0214853765839451,0.0234224835224492));
#14861=CARTESIAN_POINT('',(0.076708,-0.0239917743284692,0.0252737553259005));
#14862=CARTESIAN_POINT('',(0.0762,-0.0239917743284692,0.0252737553259005));
#14863=CARTESIAN_POINT('',(0.076708,-0.02319434375355,0.0252737553259005));
#14864=CARTESIAN_POINT('',(0.0762,-0.02319434375355,0.0252737553259005));
#14865=CARTESIAN_POINT('',(0.076708,-0.0225772531523995,0.0251101377860631));
#14866=CARTESIAN_POINT('',(0.0762,-0.0225772531523995,0.0251101377860631));
#14867=CARTESIAN_POINT('',(0.076708,-0.0221405025250177,0.0247829027063882));
#14868=CARTESIAN_POINT('',(0.0762,-0.0221405025250177,0.0247829027063882));
#14869=CARTESIAN_POINT('',(0.076708,-0.0239917743284692,0.0252737553259005));
#14870=CARTESIAN_POINT('',(0.076708,-0.0239917743284692,0.0252737553259005));
#14871=CARTESIAN_POINT('',(0.076708,-0.0239917743284692,0.0252737553259005));
#14872=CARTESIAN_POINT('',(0.076708,-0.0227956284660903,0.0252737553259005));
#14873=CARTESIAN_POINT('',(0.076708,-0.0221405025250177,0.0247829027063882));
#14874=CARTESIAN_POINT('',(0.076708,-0.0259807602937075,0.0252737553259005));
#14875=CARTESIAN_POINT('',(0.076708,-0.0279697462589459,0.0252737553259005));
#14876=CARTESIAN_POINT('',(0.076708,-0.0279697462589459,0.0252737553259005));
#14877=CARTESIAN_POINT('',(0.076708,-0.0259807602937075,0.0252737553259005));
#14878=CARTESIAN_POINT('',(0.076708,-0.0287507822907953,0.020854114405121));
#14879=CARTESIAN_POINT('',(0.076708,-0.0295318183226445,0.0164344734843416));
#14880=CARTESIAN_POINT('',(0.076708,-0.0295318183226445,0.0164344734843416));
#14881=CARTESIAN_POINT('',(0.076708,-0.0287507822907953,0.020854114405121));
#14882=CARTESIAN_POINT('',(0.076708,-0.0274729916039285,0.0164344734843416));
#14883=CARTESIAN_POINT('',(0.076708,-0.0254141648852123,0.0164344734843416));
#14884=CARTESIAN_POINT('',(0.076708,-0.0254141648852123,0.0164344734843416));
#14885=CARTESIAN_POINT('',(0.076708,-0.0274729916039285,0.0164344734843416));
#14886=CARTESIAN_POINT('',(0.076708,-0.023134995507637,0.0170827137173247));
#14887=CARTESIAN_POINT('',(0.0762,-0.023134995507637,0.0170827137173247));
#14888=CARTESIAN_POINT('',(0.076708,-0.023731101093658,0.0166505535620026));
#14889=CARTESIAN_POINT('',(0.0762,-0.023731101093658,0.0166505535620026));
#14890=CARTESIAN_POINT('',(0.076708,-0.0244908242195164,0.0164344734843416));
#14891=CARTESIAN_POINT('',(0.0762,-0.0244908242195164,0.0164344734843416));
#14892=CARTESIAN_POINT('',(0.076708,-0.0254141648852123,0.0164344734843416));
#14893=CARTESIAN_POINT('',(0.0762,-0.0254141648852123,0.0164344734843416));
#14894=CARTESIAN_POINT('',(0.076708,-0.023134995507637,0.0170827137173247));
#14895=CARTESIAN_POINT('',(0.076708,-0.023134995507637,0.0170827137173247));
#14896=CARTESIAN_POINT('',(0.076708,-0.023134995507637,0.0170827137173247));
#14897=CARTESIAN_POINT('',(0.076708,-0.0240291538866685,0.0164344734843416));
#14898=CARTESIAN_POINT('',(0.076708,-0.0254141648852123,0.0164344734843416));
#14899=CARTESIAN_POINT('',(0.076708,-0.0220519719924404,0.0188385692801094));
#14900=CARTESIAN_POINT('',(0.0762,-0.0220519719924404,0.0188385692801094));
#14901=CARTESIAN_POINT('',(0.076708,-0.0221778820832171,0.0181001590602418));
#14902=CARTESIAN_POINT('',(0.0762,-0.0221778820832171,0.0181001590602418));
#14903=CARTESIAN_POINT('',(0.076708,-0.022538889921616,0.0175148738726469));
#14904=CARTESIAN_POINT('',(0.0762,-0.022538889921616,0.0175148738726469));
#14905=CARTESIAN_POINT('',(0.076708,-0.023134995507637,0.0170827137173247));
#14906=CARTESIAN_POINT('',(0.0762,-0.023134995507637,0.0170827137173247));
#14907=CARTESIAN_POINT('',(0.076708,-0.0220519719924404,0.0188385692801094));
#14908=CARTESIAN_POINT('',(0.076708,-0.0220519719924404,0.0188385692801094));
#14909=CARTESIAN_POINT('',(0.076708,-0.0220519719924404,0.0188385692801094));
#14910=CARTESIAN_POINT('',(0.076708,-0.0222408371286055,0.017730953950308));
#14911=CARTESIAN_POINT('',(0.076708,-0.023134995507637,0.0170827137173247));
#14912=CARTESIAN_POINT('',(0.0767080000000003,-0.0240271426998089,0.0192238238315044));
#14913=CARTESIAN_POINT('',(0.076708,-0.0220145924342411,0.0192300709686182));
#14914=CARTESIAN_POINT('',(0.076708,-0.0220145924342411,0.0192300709686182));
#14915=CARTESIAN_POINT('',(0.076708,-0.0240271426998089,0.0192238238315044));
#14916=CARTESIAN_POINT('',(0.076708,-0.0223795349629767,0.0203504740420142));
#14917=CARTESIAN_POINT('',(0.0762,-0.0223795349629767,0.0203504740420142));
#14918=CARTESIAN_POINT('',(0.076708,-0.0221362399438196,0.0200311083430128));
#14919=CARTESIAN_POINT('',(0.0762,-0.0221362399438196,0.0200311083430128));
#14920=CARTESIAN_POINT('',(0.076708,-0.022014592434241,0.0196576406518808));
#14921=CARTESIAN_POINT('',(0.0762,-0.022014592434241,0.0196576406518808));
#14922=CARTESIAN_POINT('',(0.076708,-0.0220145924342411,0.0192300709686182));
#14923=CARTESIAN_POINT('',(0.0762,-0.0220145924342411,0.0192300709686182));
#14924=CARTESIAN_POINT('',(0.076708,-0.0223795349629767,0.0203504740420142));
#14925=CARTESIAN_POINT('',(0.076708,-0.0223795349629767,0.0203504740420142));
#14926=CARTESIAN_POINT('',(0.076708,-0.0223795349629767,0.0203504740420142));
#14927=CARTESIAN_POINT('',(0.076708,-0.0220145924342411,0.0198714254935121));
#14928=CARTESIAN_POINT('',(0.076708,-0.0220145924342411,0.0192300709686182));
#14929=CARTESIAN_POINT('',(0.076708,-0.0233740279455959,0.0209672367523033));
#14930=CARTESIAN_POINT('',(0.0762,-0.0233740279455959,0.0209672367523033));
#14931=CARTESIAN_POINT('',(0.076708,-0.0229543276430068,0.0208754273111119));
#14932=CARTESIAN_POINT('',(0.0762,-0.0229543276430068,0.0208754273111119));
#14933=CARTESIAN_POINT('',(0.076708,-0.0226228299821338,0.0206698397410155));
#14934=CARTESIAN_POINT('',(0.0762,-0.0226228299821338,0.0206698397410155));
#14935=CARTESIAN_POINT('',(0.076708,-0.0223795349629767,0.0203504740420142));
#14936=CARTESIAN_POINT('',(0.0762,-0.0223795349629767,0.0203504740420142));
#14937=CARTESIAN_POINT('',(0.076708,-0.0233740279455959,0.0209672367523033));
#14938=CARTESIAN_POINT('',(0.076708,-0.0233740279455959,0.0209672367523033));
#14939=CARTESIAN_POINT('',(0.076708,-0.0233740279455959,0.0209672367523033));
#14940=CARTESIAN_POINT('',(0.076708,-0.0227444774917123,0.0208295225905162));
#14941=CARTESIAN_POINT('',(0.076708,-0.0223795349629767,0.0203504740420142));
#14942=CARTESIAN_POINT('',(0.076708,-0.02417965579205,0.0219243501767231));
#14943=CARTESIAN_POINT('',(0.0762,-0.02417965579205,0.0219243501767231));
#14944=CARTESIAN_POINT('',(0.076708,-0.0239612804783591,0.0220837051353624));
#14945=CARTESIAN_POINT('',(0.0762,-0.0239612804783591,0.0220837051353624));
#14946=CARTESIAN_POINT('',(0.076708,-0.0238271731160475,0.022314212410925));
#14947=CARTESIAN_POINT('',(0.0762,-0.0238271731160475,0.022314212410925));
#14948=CARTESIAN_POINT('',(0.076708,-0.0237773337051151,0.0226158720034109));
#14949=CARTESIAN_POINT('',(0.0762,-0.0237773337051151,0.0226158720034109));
#14950=CARTESIAN_POINT('',(0.0762,-0.02417965579205,0.0219243501767231));
#14951=CARTESIAN_POINT('',(0.0762,-0.0238520928215137,0.022163382614682));
#14952=CARTESIAN_POINT('',(0.0762,-0.0237773337051151,0.0226158720034109));
#14953=CARTESIAN_POINT('',(0.076708,-0.02417965579205,0.0219243501767231));
#14954=CARTESIAN_POINT('',(0.076708,-0.0238520928215137,0.022163382614682));
#14955=CARTESIAN_POINT('',(0.076708,-0.0237773337051151,0.0226158720034109));
#14956=CARTESIAN_POINT('',(0.0767080000000001,-0.0240908557171965,0.0235525645277186));
#14957=CARTESIAN_POINT('',(0.076708,-0.0240908557171965,0.0235525645277186));
#14958=CARTESIAN_POINT('',(0.076708,-0.0241668680484555,0.0193559810593949));
#14959=CARTESIAN_POINT('',(0.0762,-0.0241668680484555,0.0193559810593949));
#14960=CARTESIAN_POINT('',(0.076708,-0.0241668680484555,0.0195986202968292));
#14961=CARTESIAN_POINT('',(0.0762,-0.0241668680484555,0.0195986202968292));
#14962=CARTESIAN_POINT('',(0.076708,-0.0242550706901715,0.0197894527781627));
#14963=CARTESIAN_POINT('',(0.0762,-0.0242550706901715,0.0197894527781627));
#14964=CARTESIAN_POINT('',(0.076708,-0.0244314759736034,0.0199284785033953));
#14965=CARTESIAN_POINT('',(0.0762,-0.0244314759736034,0.0199284785033953));
#14966=CARTESIAN_POINT('',(0.0762,-0.0241668680484555,0.0193559810593949));
#14967=CARTESIAN_POINT('',(0.0762,-0.0241668680484555,0.0197199399155464));
#14968=CARTESIAN_POINT('',(0.0762,-0.0244314759736034,0.0199284785033953));
#14969=CARTESIAN_POINT('',(0.076708,-0.0241668680484555,0.0193559810593949));
#14970=CARTESIAN_POINT('',(0.076708,-0.0241668680484555,0.0197199399155464));
#14971=CARTESIAN_POINT('',(0.076708,-0.0244314759736034,0.0199284785033953));
#14972=CARTESIAN_POINT('',(0.076708,1.39703063931999E-17,0.0254));
#14973=CARTESIAN_POINT('',(0.0762,0.,0.0508));
#14974=CARTESIAN_POINT('',(0.0762,0.,0.0508));
#14975=CARTESIAN_POINT('',(0.076708,-0.01670079313443,0.0183349289170026));
#14976=CARTESIAN_POINT('',(0.0762,-0.01670079313443,0.0183349289170026));
#14977=CARTESIAN_POINT('',(0.076708,-0.0161460017969451,0.0183349289170026));
#14978=CARTESIAN_POINT('',(0.0762,-0.0161460017969451,0.0183349289170026));
#14979=CARTESIAN_POINT('',(0.076708,-0.0156587559769082,0.0184778893325719));
#14980=CARTESIAN_POINT('',(0.0762,-0.0156587559769082,0.0184778893325719));
#14981=CARTESIAN_POINT('',(0.076708,-0.0152390556743191,0.0187638101637108));
#14982=CARTESIAN_POINT('',(0.0762,-0.0152390556743191,0.0187638101637108));
#14983=CARTESIAN_POINT('',(0.0762,-0.01670079313443,0.0183349289170026));
#14984=CARTESIAN_POINT('',(0.0762,-0.0158686061282027,0.0183349289170026));
#14985=CARTESIAN_POINT('',(0.0762,-0.0152390556743191,0.0187638101637108));
#14986=CARTESIAN_POINT('',(0.0762,-0.01670079313443,0.0183349289170026));
#14987=CARTESIAN_POINT('',(0.0762,-0.0152390556743191,0.0187638101637108));
#14988=CARTESIAN_POINT('',(0.076708,-0.01670079313443,0.0183349289170026));
#14989=CARTESIAN_POINT('',(0.076708,-0.01670079313443,0.0183349289170026));
#14990=CARTESIAN_POINT('',(0.076708,-0.01670079313443,0.0183349289170026));
#14991=CARTESIAN_POINT('',(0.076708,-0.0158686061282027,0.0183349289170026));
#14992=CARTESIAN_POINT('',(0.076708,-0.0152390556743191,0.0187638101637108));
#14993=CARTESIAN_POINT('',(0.076708,-0.0152390556743191,0.0187638101637108));
#14994=CARTESIAN_POINT('',(0.076708,-0.0152390556743191,0.0187638101637108));
#14995=CARTESIAN_POINT('',(0.076708,-0.0181231836911732,0.0188582427317933));
#14996=CARTESIAN_POINT('',(0.0762,-0.0181231836911732,0.0188582427317933));
#14997=CARTESIAN_POINT('',(0.076708,-0.017787423449102,0.0185093668552661));
#14998=CARTESIAN_POINT('',(0.0762,-0.017787423449102,0.0185093668552661));
#14999=CARTESIAN_POINT('',(0.076708,-0.0173132932635209,0.0183349289170026));
#15000=CARTESIAN_POINT('',(0.0762,-0.0173132932635209,0.0183349289170026));
#15001=CARTESIAN_POINT('',(0.076708,-0.01670079313443,0.0183349289170026));
#15002=CARTESIAN_POINT('',(0.0762,-0.01670079313443,0.0183349289170026));
#15003=CARTESIAN_POINT('',(0.0762,-0.0181231836911732,0.0188582427317933));
#15004=CARTESIAN_POINT('',(0.0762,-0.0176195433280663,0.0183349289170026));
#15005=CARTESIAN_POINT('',(0.0762,-0.01670079313443,0.0183349289170026));
#15006=CARTESIAN_POINT('',(0.0762,-0.0181231836911732,0.0188582427317933));
#15007=CARTESIAN_POINT('',(0.076708,-0.0181231836911732,0.0188582427317933));
#15008=CARTESIAN_POINT('',(0.076708,-0.0181231836911732,0.0188582427317933));
#15009=CARTESIAN_POINT('',(0.076708,-0.0181231836911732,0.0188582427317933));
#15010=CARTESIAN_POINT('',(0.076708,-0.0176195433280663,0.0183349289170026));
#15011=CARTESIAN_POINT('',(0.076708,-0.01670079313443,0.0183349289170026));
#15012=CARTESIAN_POINT('',(0.076708,-0.01862682405428,0.0202865353240416));
#15013=CARTESIAN_POINT('',(0.0762,-0.01862682405428,0.0202865353240416));
#15014=CARTESIAN_POINT('',(0.076708,-0.01862682405428,0.0196832161390699));
#15015=CARTESIAN_POINT('',(0.0762,-0.01862682405428,0.0196832161390699));
#15016=CARTESIAN_POINT('',(0.076708,-0.0184589439332444,0.0192071186083204));
#15017=CARTESIAN_POINT('',(0.0762,-0.0184589439332444,0.0192071186083204));
#15018=CARTESIAN_POINT('',(0.076708,-0.0181231836911732,0.0188582427317933));
#15019=CARTESIAN_POINT('',(0.0762,-0.0181231836911732,0.0188582427317933));
#15020=CARTESIAN_POINT('',(0.0762,-0.01862682405428,0.0202865353240416));
#15021=CARTESIAN_POINT('',(0.0762,-0.01862682405428,0.019381556546584));
#15022=CARTESIAN_POINT('',(0.0762,-0.0181231836911732,0.0188582427317933));
#15023=CARTESIAN_POINT('',(0.0762,-0.01862682405428,0.0202865353240416));
#15024=CARTESIAN_POINT('',(0.076708,-0.01862682405428,0.0202865353240416));
#15025=CARTESIAN_POINT('',(0.076708,-0.01862682405428,0.0202865353240416));
#15026=CARTESIAN_POINT('',(0.076708,-0.01862682405428,0.0202865353240416));
#15027=CARTESIAN_POINT('',(0.076708,-0.01862682405428,0.019381556546584));
#15028=CARTESIAN_POINT('',(0.076708,-0.0181231836911732,0.0188582427317933));
#15029=CARTESIAN_POINT('',(0.076708,-0.0182805713046441,0.0218554930958296));
#15030=CARTESIAN_POINT('',(0.0762,-0.0182805713046441,0.0218554930958296));
#15031=CARTESIAN_POINT('',(0.076708,-0.0185114064710681,0.0213813629102485));
#15032=CARTESIAN_POINT('',(0.0762,-0.0185114064710681,0.0213813629102485));
#15033=CARTESIAN_POINT('',(0.076708,-0.01862682405428,0.0208583769863192));
#15034=CARTESIAN_POINT('',(0.0762,-0.01862682405428,0.0208583769863192));
#15035=CARTESIAN_POINT('',(0.076708,-0.01862682405428,0.0202865353240416));
#15036=CARTESIAN_POINT('',(0.0762,-0.01862682405428,0.0202865353240416));
#15037=CARTESIAN_POINT('',(0.0762,-0.0182805713046441,0.0218554930958296));
#15038=CARTESIAN_POINT('',(0.0762,-0.01862682405428,0.021144297817458));
#15039=CARTESIAN_POINT('',(0.0762,-0.01862682405428,0.0202865353240416));
#15040=CARTESIAN_POINT('',(0.0762,-0.0182805713046441,0.0218554930958296));
#15041=CARTESIAN_POINT('',(0.076708,-0.0182805713046441,0.0218554930958296));
#15042=CARTESIAN_POINT('',(0.076708,-0.0182805713046441,0.0218554930958296));
#15043=CARTESIAN_POINT('',(0.076708,-0.0182805713046441,0.0218554930958296));
#15044=CARTESIAN_POINT('',(0.076708,-0.01862682405428,0.021144297817458));
#15045=CARTESIAN_POINT('',(0.076708,-0.01862682405428,0.0202865353240416));
#15046=CARTESIAN_POINT('',(0.076708,-0.0157115236215072,0.0206354109267086));
#15047=CARTESIAN_POINT('',(0.0762,-0.0157115236215072,0.0206354109267086));
#15048=CARTESIAN_POINT('',(0.0762,-0.0172978823930352,0.0229945859483252));
#15049=CARTESIAN_POINT('',(0.076708,-0.0172978823930352,0.0229945859483252));
#15050=CARTESIAN_POINT('',(0.076708,-0.0172978823930352,0.0229945859483252));
#15051=CARTESIAN_POINT('',(0.076708,-0.0157115236215072,0.0206354109267086));
#15052=CARTESIAN_POINT('',(0.076708,-0.0158312265700034,0.0234224835224492));
#15053=CARTESIAN_POINT('',(0.0762,-0.0158312265700034,0.0234224835224492));
#15054=CARTESIAN_POINT('',(0.076708,-0.0163847063440427,0.0234224835224492));
#15055=CARTESIAN_POINT('',(0.0762,-0.0163847063440427,0.0234224835224492));
#15056=CARTESIAN_POINT('',(0.076708,-0.0168735916183866,0.0232798509977412));
#15057=CARTESIAN_POINT('',(0.0762,-0.0168735916183866,0.0232798509977412));
#15058=CARTESIAN_POINT('',(0.076708,-0.0172978823930352,0.0229945859483252));
#15059=CARTESIAN_POINT('',(0.0762,-0.0172978823930352,0.0229945859483252));
#15060=CARTESIAN_POINT('',(0.0762,-0.0158312265700034,0.0234224835224492));
#15061=CARTESIAN_POINT('',(0.0762,-0.0166614462310623,0.0234224835224492));
#15062=CARTESIAN_POINT('',(0.0762,-0.0172978823930352,0.0229945859483252));
#15063=CARTESIAN_POINT('',(0.0762,-0.0158312265700034,0.0234224835224492));
#15064=CARTESIAN_POINT('',(0.076708,-0.0158312265700034,0.0234224835224492));
#15065=CARTESIAN_POINT('',(0.076708,-0.0158312265700034,0.0234224835224492));
#15066=CARTESIAN_POINT('',(0.076708,-0.0158312265700034,0.0234224835224492));
#15067=CARTESIAN_POINT('',(0.076708,-0.0166614462310623,0.0234224835224492));
#15068=CARTESIAN_POINT('',(0.076708,-0.0172978823930352,0.0229945859483252));
#15069=CARTESIAN_POINT('',(0.076708,-0.0144206400842705,0.0229060554157478));
#15070=CARTESIAN_POINT('',(0.0762,-0.0144206400842705,0.0229060554157478));
#15071=CARTESIAN_POINT('',(0.076708,-0.0147564003263417,0.0232503408202154));
#15072=CARTESIAN_POINT('',(0.0762,-0.0147564003263417,0.0232503408202154));
#15073=CARTESIAN_POINT('',(0.076708,-0.015226595821586,0.0234224835224492));
#15074=CARTESIAN_POINT('',(0.0762,-0.015226595821586,0.0234224835224492));
#15075=CARTESIAN_POINT('',(0.076708,-0.0158312265700034,0.0234224835224492));
#15076=CARTESIAN_POINT('',(0.0762,-0.0158312265700034,0.0234224835224492));
#15077=CARTESIAN_POINT('',(0.0762,-0.0144206400842705,0.0229060554157478));
#15078=CARTESIAN_POINT('',(0.0762,-0.0149242804473773,0.0234224835224492));
#15079=CARTESIAN_POINT('',(0.0762,-0.0158312265700034,0.0234224835224492));
#15080=CARTESIAN_POINT('',(0.0762,-0.0144206400842705,0.0229060554157478));
#15081=CARTESIAN_POINT('',(0.076708,-0.0144206400842705,0.0229060554157478));
#15082=CARTESIAN_POINT('',(0.076708,-0.0144206400842705,0.0229060554157478));
#15083=CARTESIAN_POINT('',(0.076708,-0.0144206400842705,0.0229060554157478));
#15084=CARTESIAN_POINT('',(0.076708,-0.0149242804473773,0.0234224835224492));
#15085=CARTESIAN_POINT('',(0.076708,-0.0158312265700034,0.0234224835224492));
#15086=CARTESIAN_POINT('',(0.076708,-0.0139169997211636,0.0214826811864204));
#15087=CARTESIAN_POINT('',(0.0762,-0.0139169997211636,0.0214826811864204));
#15088=CARTESIAN_POINT('',(0.076708,-0.0139169997211636,0.0220873119348378));
#15089=CARTESIAN_POINT('',(0.0762,-0.0139169997211636,0.0220873119348378));
#15090=CARTESIAN_POINT('',(0.076708,-0.0140848798421992,0.0225617700112802));
#15091=CARTESIAN_POINT('',(0.0762,-0.0140848798421992,0.0225617700112802));
#15092=CARTESIAN_POINT('',(0.076708,-0.0144206400842705,0.0229060554157478));
#15093=CARTESIAN_POINT('',(0.0762,-0.0144206400842705,0.0229060554157478));
#15094=CARTESIAN_POINT('',(0.0762,-0.0139169997211636,0.0214826811864204));
#15095=CARTESIAN_POINT('',(0.0762,-0.0139169997211636,0.0223896273090465));
#15096=CARTESIAN_POINT('',(0.0762,-0.0144206400842705,0.0229060554157478));
#15097=CARTESIAN_POINT('',(0.0762,-0.0139169997211636,0.0214826811864204));
#15098=CARTESIAN_POINT('',(0.076708,-0.0139169997211636,0.0214826811864204));
#15099=CARTESIAN_POINT('',(0.076708,-0.0139169997211636,0.0214826811864204));
#15100=CARTESIAN_POINT('',(0.076708,-0.0139169997211636,0.0214826811864204));
#15101=CARTESIAN_POINT('',(0.076708,-0.0139169997211636,0.0223896273090465));
#15102=CARTESIAN_POINT('',(0.076708,-0.0144206400842705,0.0229060554157478));
#15103=CARTESIAN_POINT('',(0.0767080000000001,-0.0174983141030109,0.0214497302956283));
#15104=CARTESIAN_POINT('',(0.0762,-0.0174983141030109,0.0214497302956283));
#15105=CARTESIAN_POINT('',(0.0762,-0.0142632524707996,0.0199166744323851));
#15106=CARTESIAN_POINT('',(0.076708,-0.0142632524707996,0.0199166744323851));
#15107=CARTESIAN_POINT('',(0.076708,-0.0142632524707996,0.0199166744323851));
#15108=CARTESIAN_POINT('',(0.076708,-0.0174983141030109,0.0214497302956283));
#15109=CARTESIAN_POINT('',(0.076708,-0.0170273724323821,0.0163459429517642));
#15110=CARTESIAN_POINT('',(0.0762,-0.0170273724323821,0.0163459429517642));
#15111=CARTESIAN_POINT('',(0.076708,-0.0177749635963689,0.0163459429517642));
#15112=CARTESIAN_POINT('',(0.0762,-0.0177749635963689,0.0163459429517642));
#15113=CARTESIAN_POINT('',(0.076708,-0.0184320568826099,0.0165013632200667));
#15114=CARTESIAN_POINT('',(0.0762,-0.0184320568826099,0.0165013632200667));
#15115=CARTESIAN_POINT('',(0.076708,-0.0189986522911051,0.0168122037566717));
#15116=CARTESIAN_POINT('',(0.0762,-0.0189986522911051,0.0168122037566717));
#15117=CARTESIAN_POINT('',(0.076708,-0.0170273724323821,0.0163459429517642));
#15118=CARTESIAN_POINT('',(0.076708,-0.0170273724323821,0.0163459429517642));
#15119=CARTESIAN_POINT('',(0.076708,-0.0170273724323821,0.0163459429517642));
#15120=CARTESIAN_POINT('',(0.076708,-0.0181487591783622,0.0163459429517642));
#15121=CARTESIAN_POINT('',(0.076708,-0.0189986522911051,0.0168122037566717));
#15122=CARTESIAN_POINT('',(0.076708,-0.0189986522911051,0.0168122037566717));
#15123=CARTESIAN_POINT('',(0.076708,-0.0189986522911051,0.0168122037566717));
#15124=CARTESIAN_POINT('',(0.076708,-0.0143085014096724,0.0170325464155309));
#15125=CARTESIAN_POINT('',(0.0762,-0.0143085014096724,0.0170325464155309));
#15126=CARTESIAN_POINT('',(0.076708,-0.0151059319845916,0.0165748107730197));
#15127=CARTESIAN_POINT('',(0.0762,-0.0151059319845916,0.0165748107730197));
#15128=CARTESIAN_POINT('',(0.076708,-0.0160122223254949,0.0163459429517642));
#15129=CARTESIAN_POINT('',(0.0762,-0.0160122223254949,0.0163459429517642));
#15130=CARTESIAN_POINT('',(0.076708,-0.0170273724323821,0.0163459429517642));
#15131=CARTESIAN_POINT('',(0.0762,-0.0170273724323821,0.0163459429517642));
#15132=CARTESIAN_POINT('',(0.076708,-0.0143085014096724,0.0170325464155309));
#15133=CARTESIAN_POINT('',(0.076708,-0.0143085014096724,0.0170325464155309));
#15134=CARTESIAN_POINT('',(0.076708,-0.0143085014096724,0.0170325464155309));
#15135=CARTESIAN_POINT('',(0.076708,-0.0155046472720512,0.0163459429517642));
#15136=CARTESIAN_POINT('',(0.076708,-0.0170273724323821,0.0163459429517642));
#15137=CARTESIAN_POINT('',(0.076708,-0.0124444418626266,0.0189467732643707));
#15138=CARTESIAN_POINT('',(0.0762,-0.0124444418626266,0.0189467732643707));
#15139=CARTESIAN_POINT('',(0.076708,-0.0128897176524046,0.018128357674322));
#15140=CARTESIAN_POINT('',(0.0762,-0.0128897176524046,0.018128357674322));
#15141=CARTESIAN_POINT('',(0.076708,-0.0135110708347533,0.0174902820580421));
#15142=CARTESIAN_POINT('',(0.0762,-0.0135110708347533,0.0174902820580421));
#15143=CARTESIAN_POINT('',(0.076708,-0.0143085014096724,0.0170325464155309));
#15144=CARTESIAN_POINT('',(0.0762,-0.0143085014096724,0.0170325464155309));
#15145=CARTESIAN_POINT('',(0.076708,-0.0124444418626266,0.0189467732643707));
#15146=CARTESIAN_POINT('',(0.076708,-0.0124444418626266,0.0189467732643707));
#15147=CARTESIAN_POINT('',(0.076708,-0.0124444418626266,0.0189467732643707));
#15148=CARTESIAN_POINT('',(0.076708,-0.0131123555472937,0.0177191498792977));
#15149=CARTESIAN_POINT('',(0.076708,-0.0143085014096724,0.0170325464155309));
#15150=CARTESIAN_POINT('',(0.076708,-0.0117765281779595,0.0217226972969635));
#15151=CARTESIAN_POINT('',(0.0762,-0.0117765281779595,0.0217226972969635));
#15152=CARTESIAN_POINT('',(0.076708,-0.0117765281779595,0.0206904968652836));
#15153=CARTESIAN_POINT('',(0.0762,-0.0117765281779595,0.0206904968652836));
#15154=CARTESIAN_POINT('',(0.076708,-0.0119991660728485,0.0197651888544193));
#15155=CARTESIAN_POINT('',(0.0762,-0.0119991660728485,0.0197651888544193));
#15156=CARTESIAN_POINT('',(0.076708,-0.0124444418626266,0.0189467732643707));
#15157=CARTESIAN_POINT('',(0.0762,-0.0124444418626266,0.0189467732643707));
#15158=CARTESIAN_POINT('',(0.076708,-0.0117765281779595,0.0217226972969635));
#15159=CARTESIAN_POINT('',(0.076708,-0.0117765281779595,0.0217226972969635));
#15160=CARTESIAN_POINT('',(0.076708,-0.0117765281779595,0.0217226972969635));
#15161=CARTESIAN_POINT('',(0.076708,-0.0117765281779595,0.0201743966494436));
#15162=CARTESIAN_POINT('',(0.076708,-0.0124444418626266,0.0189467732643707));
#15163=CARTESIAN_POINT('',(0.076708,-0.012242788982867,0.0236428261813084));
#15164=CARTESIAN_POINT('',(0.0762,-0.012242788982867,0.0236428261813084));
#15165=CARTESIAN_POINT('',(0.076708,-0.011931948446262,0.0230841001534867));
#15166=CARTESIAN_POINT('',(0.0762,-0.011931948446262,0.0230841001534867));
#15167=CARTESIAN_POINT('',(0.076708,-0.0117765281779595,0.0224440571920384));
#15168=CARTESIAN_POINT('',(0.0762,-0.0117765281779595,0.0224440571920384));
#15169=CARTESIAN_POINT('',(0.076708,-0.0117765281779595,0.0217226972969635));
#15170=CARTESIAN_POINT('',(0.0762,-0.0117765281779595,0.0217226972969635));
#15171=CARTESIAN_POINT('',(0.076708,-0.012242788982867,0.0236428261813084));
#15172=CARTESIAN_POINT('',(0.076708,-0.012242788982867,0.0236428261813084));
#15173=CARTESIAN_POINT('',(0.076708,-0.012242788982867,0.0236428261813084));
#15174=CARTESIAN_POINT('',(0.076708,-0.0117765281779595,0.0228047371395759));
#15175=CARTESIAN_POINT('',(0.076708,-0.0117765281779595,0.0217226972969635));
#15176=CARTESIAN_POINT('',(0.076708,-0.0150651927272279,0.0220876729910679));
#15177=CARTESIAN_POINT('',(0.076708,-0.0135648449360225,0.0249402903198591));
#15178=CARTESIAN_POINT('',(0.076708,-0.0135648449360225,0.0249402903198591));
#15179=CARTESIAN_POINT('',(0.076708,-0.0150651927272279,0.0220876729910679));
#15180=CARTESIAN_POINT('',(0.076708,-0.0155538309012609,0.0253996654166773));
#15181=CARTESIAN_POINT('',(0.0762,-0.0155538309012609,0.0253996654166773));
#15182=CARTESIAN_POINT('',(0.076708,-0.0147983703566006,0.0253996654166773));
#15183=CARTESIAN_POINT('',(0.0762,-0.0147983703566006,0.0253996654166773));
#15184=CARTESIAN_POINT('',(0.076708,-0.0141353750348545,0.0252465403844045));
#15185=CARTESIAN_POINT('',(0.0762,-0.0141353750348545,0.0252465403844045));
#15186=CARTESIAN_POINT('',(0.076708,-0.0135648449360225,0.0249402903198591));
#15187=CARTESIAN_POINT('',(0.0762,-0.0135648449360225,0.0249402903198591));
#15188=CARTESIAN_POINT('',(0.076708,-0.0155538309012609,0.0253996654166773));
#15189=CARTESIAN_POINT('',(0.076708,-0.0155538309012609,0.0253996654166773));
#15190=CARTESIAN_POINT('',(0.076708,-0.0155538309012609,0.0253996654166773));
#15191=CARTESIAN_POINT('',(0.076708,-0.0144206400842705,0.0253996654166773));
#15192=CARTESIAN_POINT('',(0.076708,-0.0135648449360225,0.0249402903198591));
#15193=CARTESIAN_POINT('',(0.076708,-0.0182549958174551,0.0247199476609999));
#15194=CARTESIAN_POINT('',(0.0762,-0.0182549958174551,0.0247199476609999));
#15195=CARTESIAN_POINT('',(0.076708,-0.0174614999328727,0.0251730928314514));
#15196=CARTESIAN_POINT('',(0.0762,-0.0174614999328727,0.0251730928314514));
#15197=CARTESIAN_POINT('',(0.076708,-0.0165611116274746,0.0253996654166773));
#15198=CARTESIAN_POINT('',(0.0762,-0.0165611116274746,0.0253996654166773));
#15199=CARTESIAN_POINT('',(0.076708,-0.0155538309012609,0.0253996654166773));
#15200=CARTESIAN_POINT('',(0.0762,-0.0155538309012609,0.0253996654166773));
#15201=CARTESIAN_POINT('',(0.076708,-0.0182549958174551,0.0247199476609999));
#15202=CARTESIAN_POINT('',(0.076708,-0.0182549958174551,0.0247199476609999));
#15203=CARTESIAN_POINT('',(0.076708,-0.0182549958174551,0.0247199476609999));
#15204=CARTESIAN_POINT('',(0.076708,-0.0170647519905815,0.0253996654166773));
#15205=CARTESIAN_POINT('',(0.076708,-0.0155538309012609,0.0253996654166773));
#15206=CARTESIAN_POINT('',(0.076708,-0.0158954017481236,0.0205525287204285));
#15207=CARTESIAN_POINT('',(0.076708,-0.0201121696564116,0.0228244105912598));
#15208=CARTESIAN_POINT('',(0.076708,-0.0201121696564116,0.0228244105912598));
#15209=CARTESIAN_POINT('',(0.076708,-0.0158954017481236,0.0205525287204285));
#15210=CARTESIAN_POINT('',(0.076708,-0.0207790996684946,0.0200602906296772));
#15211=CARTESIAN_POINT('',(0.0762,-0.0207790996684946,0.0200602906296772));
#15212=CARTESIAN_POINT('',(0.076708,-0.0207790996684946,0.0210924910613571));
#15213=CARTESIAN_POINT('',(0.0762,-0.0207790996684946,0.0210924910613571));
#15214=CARTESIAN_POINT('',(0.076708,-0.0205567896644669,0.0220138643818847));
#15215=CARTESIAN_POINT('',(0.0762,-0.0205567896644669,0.0220138643818847));
#15216=CARTESIAN_POINT('',(0.076708,-0.0201121696564116,0.0228244105912598));
#15217=CARTESIAN_POINT('',(0.0762,-0.0201121696564116,0.0228244105912598));
#15218=CARTESIAN_POINT('',(0.076708,-0.0207790996684946,0.0200602906296772));
#15219=CARTESIAN_POINT('',(0.076708,-0.0207790996684946,0.0200602906296772));
#15220=CARTESIAN_POINT('',(0.076708,-0.0207790996684946,0.0200602906296772));
#15221=CARTESIAN_POINT('',(0.076708,-0.0207790996684946,0.0216085912771971));
#15222=CARTESIAN_POINT('',(0.076708,-0.0201121696564116,0.0228244105912598));
#15223=CARTESIAN_POINT('',(0.076708,-0.0203138225361712,0.0181214719662326));
#15224=CARTESIAN_POINT('',(0.0762,-0.0203138225361712,0.0181214719662326));
#15225=CARTESIAN_POINT('',(0.076708,-0.0206240072910534,0.0186834769026683));
#15226=CARTESIAN_POINT('',(0.0762,-0.0206240072910534,0.0186834769026683));
#15227=CARTESIAN_POINT('',(0.076708,-0.0207790996684946,0.0193297497904832));
#15228=CARTESIAN_POINT('',(0.0762,-0.0207790996684946,0.0193297497904832));
#15229=CARTESIAN_POINT('',(0.076708,-0.0207790996684946,0.0200602906296772));
#15230=CARTESIAN_POINT('',(0.0762,-0.0207790996684946,0.0200602906296772));
#15231=CARTESIAN_POINT('',(0.076708,-0.0203138225361712,0.0181214719662326));
#15232=CARTESIAN_POINT('',(0.076708,-0.0203138225361712,0.0181214719662326));
#15233=CARTESIAN_POINT('',(0.076708,-0.0203138225361712,0.0181214719662326));
#15234=CARTESIAN_POINT('',(0.076708,-0.0207790996684946,0.0189644793708861));
#15235=CARTESIAN_POINT('',(0.076708,-0.0207790996684946,0.0200602906296772));
#15236=CARTESIAN_POINT('',(0.076708,-0.0174503125958325,0.0196835208993086));
#15237=CARTESIAN_POINT('',(0.076708,-0.0174503125958325,0.0196835208993086));
#15238=CARTESIAN_POINT('',(0.076708,-0.0152390556743191,0.0187638101637108));
#15239=CARTESIAN_POINT('',(0.0762,-0.0152390556743191,0.0187638101637108));
#15240=CARTESIAN_POINT('',(0.076708,-0.01481935537173,0.0190497309948495));
#15241=CARTESIAN_POINT('',(0.0762,-0.01481935537173,0.0190497309948495));
#15242=CARTESIAN_POINT('',(0.076708,-0.0144940876372235,0.0194340190844076));
#15243=CARTESIAN_POINT('',(0.0762,-0.0144940876372235,0.0194340190844076));
#15244=CARTESIAN_POINT('',(0.076708,-0.0142632524707996,0.0199166744323851));
#15245=CARTESIAN_POINT('',(0.0762,-0.0142632524707996,0.0199166744323851));
#15246=CARTESIAN_POINT('',(0.0762,-0.0152390556743191,0.0187638101637108));
#15247=CARTESIAN_POINT('',(0.0762,-0.0146095052204355,0.0191926914104189));
#15248=CARTESIAN_POINT('',(0.0762,-0.0142632524707996,0.0199166744323851));
#15249=CARTESIAN_POINT('',(0.076708,-0.0152390556743191,0.0187638101637108));
#15250=CARTESIAN_POINT('',(0.076708,-0.0146095052204355,0.0191926914104189));
#15251=CARTESIAN_POINT('',(0.076708,-0.0142632524707996,0.0199166744323851));
#15252=CARTESIAN_POINT('',(0.076708,1.39703063931999E-17,0.0254));
#15253=CARTESIAN_POINT('',(0.0762,0.,0.0508));
#15254=CARTESIAN_POINT('',(0.076708,-0.00606729249930283,0.0212702079082347));
#15255=CARTESIAN_POINT('',(0.0762,-0.00606729249930283,0.0212702079082347));
#15256=CARTESIAN_POINT('',(0.0762,-0.00580957028224424,0.0196333767281374));
#15257=CARTESIAN_POINT('',(0.0762,-0.00632501471636142,0.022907039088332));
#15258=CARTESIAN_POINT('',(0.076708,-0.00580957028224424,0.0196333767281374));
#15259=CARTESIAN_POINT('',(0.076708,-0.00580957028224424,0.0196333767281374));
#15260=CARTESIAN_POINT('',(0.076708,-0.00606729249930283,0.0212702079082347));
#15261=CARTESIAN_POINT('',(0.076708,-0.00632501471636142,0.022907039088332));
#15262=CARTESIAN_POINT('',(0.076708,-0.00632501471636142,0.022907039088332));
#15263=CARTESIAN_POINT('',(0.076708,-0.00691128357654049,0.0196333767281374));
#15264=CARTESIAN_POINT('',(0.0762,-0.00691128357654049,0.0196333767281374));
#15265=CARTESIAN_POINT('',(0.0762,-0.00801299687083674,0.0196333767281374));
#15266=CARTESIAN_POINT('',(0.076708,-0.00801299687083674,0.0196333767281374));
#15267=CARTESIAN_POINT('',(0.076708,-0.00801299687083674,0.0196333767281374));
#15268=CARTESIAN_POINT('',(0.076708,-0.00691128357654049,0.0196333767281374));
#15269=CARTESIAN_POINT('',(0.076708,-0.00720736902438261,0.0179965455480401));
#15270=CARTESIAN_POINT('',(0.076708,-0.00555775010069082,0.0179965455480401));
#15271=CARTESIAN_POINT('',(0.076708,-0.00555775010069082,0.0179965455480401));
#15272=CARTESIAN_POINT('',(0.076708,-0.00720736902438261,0.0179965455480401));
#15273=CARTESIAN_POINT('',(0.076708,-0.00885698794807441,0.0179965455480401));
#15274=CARTESIAN_POINT('',(0.076708,-0.00885698794807441,0.0179965455480401));
#15275=CARTESIAN_POINT('',(0.076708,-0.00543184000991411,0.0172155095161909));
#15276=CARTESIAN_POINT('',(0.076708,-0.00530592991913739,0.0164344734843416));
#15277=CARTESIAN_POINT('',(0.076708,-0.00530592991913739,0.0164344734843416));
#15278=CARTESIAN_POINT('',(0.076708,-0.00543184000991411,0.0172155095161909));
#15279=CARTESIAN_POINT('',(0.076708,-0.0041668370666418,0.0164344734843416));
#15280=CARTESIAN_POINT('',(0.076708,-0.00302774421414622,0.0164344734843416));
#15281=CARTESIAN_POINT('',(0.076708,-0.00302774421414622,0.0164344734843416));
#15282=CARTESIAN_POINT('',(0.076708,-0.0041668370666418,0.0164344734843416));
#15283=CARTESIAN_POINT('',(0.076708,-0.00384615980419485,0.020854114405121));
#15284=CARTESIAN_POINT('',(0.076708,-0.00466457539424349,0.0252737553259005));
#15285=CARTESIAN_POINT('',(0.076708,-0.00466457539424349,0.0252737553259005));
#15286=CARTESIAN_POINT('',(0.076708,-0.00384615980419485,0.020854114405121));
#15287=CARTESIAN_POINT('',(0.076708,-0.00591088855841613,0.0252737553259005));
#15288=CARTESIAN_POINT('',(0.076708,-0.00715720172258876,0.0252737553259005));
#15289=CARTESIAN_POINT('',(0.076708,-0.00715720172258876,0.0252737553259005));
#15290=CARTESIAN_POINT('',(0.076708,-0.00591088855841613,0.0252737553259005));
#15291=CARTESIAN_POINT('',(0.076708,-0.00953670570375182,0.020854114405121));
#15292=CARTESIAN_POINT('',(0.076708,-0.0119162096849149,0.0164344734843416));
#15293=CARTESIAN_POINT('',(0.076708,-0.0119162096849149,0.0164344734843416));
#15294=CARTESIAN_POINT('',(0.076708,-0.00953670570375182,0.020854114405121));
#15295=CARTESIAN_POINT('',(0.076708,-0.0107889209034296,0.0164344734843416));
#15296=CARTESIAN_POINT('',(0.076708,-0.00966163212194435,0.0164344734843416));
#15297=CARTESIAN_POINT('',(0.076708,-0.00966163212194435,0.0164344734843416));
#15298=CARTESIAN_POINT('',(0.076708,-0.0107889209034296,0.0164344734843416));
#15299=CARTESIAN_POINT('',(0.076708,-0.00925931003500938,0.0172155095161909));
#15300=CARTESIAN_POINT('',(0.076708,-0.00925931003500938,0.0172155095161909));
#15301=CARTESIAN_POINT('',(0.076708,-0.00716900579359908,0.0212702079082347));
#15302=CARTESIAN_POINT('',(0.0762,-0.00716900579359908,0.0212702079082347));
#15303=CARTESIAN_POINT('',(0.076708,-0.00716900579359908,0.0212702079082347));
#15304=CARTESIAN_POINT('',(0.076708,1.39703063931999E-17,0.0254));
#15305=CARTESIAN_POINT('',(0.0762,0.,0.0508));
#15306=CARTESIAN_POINT('',(0.076708,0.00571808873191446,0.0244238622131577));
#15307=CARTESIAN_POINT('',(0.076708,0.00586268860179084,0.0252737553259005));
#15308=CARTESIAN_POINT('',(0.076708,0.00586268860179084,0.0252737553259005));
#15309=CARTESIAN_POINT('',(0.076708,0.00571808873191446,0.0244238622131577));
#15310=CARTESIAN_POINT('',(0.076708,0.00557348886203807,0.0235739691004149));
#15311=CARTESIAN_POINT('',(0.076708,0.00557348886203807,0.0235739691004149));
#15312=CARTESIAN_POINT('',(0.076708,0.00244442637171989,0.0252737553259005));
#15313=CARTESIAN_POINT('',(0.076708,-0.000973835858351063,0.0252737553259005));
#15314=CARTESIAN_POINT('',(0.076708,-0.000973835858351063,0.0252737553259005));
#15315=CARTESIAN_POINT('',(0.076708,0.00244442637171989,0.0252737553259005));
#15316=CARTESIAN_POINT('',(0.076708,-0.0011253214363168,0.0244238622131577));
#15317=CARTESIAN_POINT('',(0.076708,-0.00127680701428253,0.0235739691004149));
#15318=CARTESIAN_POINT('',(0.076708,-0.00127680701428253,0.0235739691004149));
#15319=CARTESIAN_POINT('',(0.076708,-0.0011253214363168,0.0244238622131577));
#15320=CARTESIAN_POINT('',(0.076708,-0.000105252966508578,0.0235739691004149));
#15321=CARTESIAN_POINT('',(0.076708,0.00106630108126537,0.0235739691004149));
#15322=CARTESIAN_POINT('',(0.076708,0.00106630108126537,0.0235739691004149));
#15323=CARTESIAN_POINT('',(0.076708,-0.000105252966508578,0.0235739691004149));
#15324=CARTESIAN_POINT('',(0.076708,0.0004367506273818,0.0200042212923782));
#15325=CARTESIAN_POINT('',(0.076708,-0.00019279982650177,0.0164344734843416));
#15326=CARTESIAN_POINT('',(0.076708,-0.00019279982650177,0.0164344734843416));
#15327=CARTESIAN_POINT('',(0.076708,0.0004367506273818,0.0200042212923782));
#15328=CARTESIAN_POINT('',(0.076708,0.00088333798060547,0.0164344734843416));
#15329=CARTESIAN_POINT('',(0.076708,0.0019594757877127,0.0164344734843416));
#15330=CARTESIAN_POINT('',(0.076708,0.0019594757877127,0.0164344734843416));
#15331=CARTESIAN_POINT('',(0.076708,0.00088333798060547,0.0164344734843416));
#15332=CARTESIAN_POINT('',(0.076708,0.00258902624159626,0.0200042212923782));
#15333=CARTESIAN_POINT('',(0.076708,0.00321857669547984,0.0235739691004149));
#15334=CARTESIAN_POINT('',(0.076708,0.00321857669547984,0.0235739691004149));
#15335=CARTESIAN_POINT('',(0.076708,0.00258902624159626,0.0200042212923782));
#15336=CARTESIAN_POINT('',(0.076708,0.00439603277875896,0.0235739691004149));
#15337=CARTESIAN_POINT('',(0.076708,0.00439603277875896,0.0235739691004149));
#15338=CARTESIAN_POINT('',(0.076708,1.39703063931999E-17,0.0254));
#15339=CARTESIAN_POINT('',(0.0200547110289335,-0.0169961071166442,0.0151408464218554));
#15340=CARTESIAN_POINT('',(-1.38777878078145E-17,0.0219946000842248,0.00254));
#15341=CARTESIAN_POINT('',(0.0383799823655918,-0.0836426761739971,0.00254));
#15342=CARTESIAN_POINT('',(0.0447299823655918,-0.0836426761739971,0.00254));
#15343=CARTESIAN_POINT('',(1.11022302462516E-16,0.160897180438041,0.00254));
#15344=CARTESIAN_POINT('',(0.00190500000000011,0.160897180438041,0.00254));
#15345=CARTESIAN_POINT('',(0.0735065486936665,0.0320109797217861,0.00254));
#15346=CARTESIAN_POINT('',(0.0760465486936665,0.0320109797217861,0.00254));
#15347=CARTESIAN_POINT('',(-0.0735923799675199,0.0320109797217861,0.00254));
#15348=CARTESIAN_POINT('',(-0.0710523799675199,0.0320109797217861,0.00254));
#15349=CARTESIAN_POINT('',(0.,-0.122929020278214,0.00254));
#15350=CARTESIAN_POINT('',(-0.01778,-0.122929020278214,0.00254));
#15351=CARTESIAN_POINT('',(-0.07874,-0.122929020278214,0.00254));
#15352=CARTESIAN_POINT('',(-0.01778,-0.114039020278214,0.00254));
#15353=CARTESIAN_POINT('',(-0.01778,-0.105149020278214,0.00254));
#15354=CARTESIAN_POINT('',(-0.00889,-0.105149020278214,0.00254));
#15355=CARTESIAN_POINT('',(-3.46944695195361E-18,-0.105149020278214,0.00254));
#15356=CARTESIAN_POINT('',(0.,-0.114039020278214,0.00254));
#15357=CARTESIAN_POINT('',(-1.7347234759768E-18,-0.122929020278214,0.00254));
#15358=CARTESIAN_POINT('',(0.,-0.122929020278214,0.00254));
#15359=CARTESIAN_POINT('',(0.07874,-0.122929020278214,0.00254));
#15360=CARTESIAN_POINT('',(0.07874,-0.0454590202782138,0.00254));
#15361=CARTESIAN_POINT('',(0.07874,0.0320109797217862,0.00254));
#15362=CARTESIAN_POINT('',(-0.0762,0.0320109797217861,0.00254));
#15363=CARTESIAN_POINT('',(5.55111512312578E-17,0.166918220446664,0.00254));
#15364=CARTESIAN_POINT('',(0.0762,0.0320109797217861,0.00254));
#15365=CARTESIAN_POINT('',(-0.07874,0.0320109797217861,0.00254));
#15366=CARTESIAN_POINT('',(-0.07874,-0.0454590202782139,0.00254));
#15367=CARTESIAN_POINT('',(0.0254,1.38777878078145E-17,0.00254));
#15368=CARTESIAN_POINT('',(0.0254,-0.0508,0.00254));
#15369=CARTESIAN_POINT('',(0.0254,0.0508,0.00254));
#15370=CARTESIAN_POINT('',(-3.46944695195361E-18,-0.0508,0.00254));
#15371=CARTESIAN_POINT('',(-0.0254,-0.0508,0.00254));
#15372=CARTESIAN_POINT('',(-0.0254,6.93889390390723E-18,0.00254));
#15373=CARTESIAN_POINT('',(-0.0254,0.0508,0.00254));
#15374=CARTESIAN_POINT('',(3.46944695195361E-18,0.0508,0.00254));
#15375=CARTESIAN_POINT('',(-1.38777878078145E-17,0.0219946000842248,0.));
#15376=CARTESIAN_POINT('',(0.0383799823655918,-0.0836426761739971,0.));
#15377=CARTESIAN_POINT('',(0.0447299823655918,-0.0836426761739971,0.));
#15378=CARTESIAN_POINT('',(-0.0762,0.0320109797217861,0.));
#15379=CARTESIAN_POINT('',(0.07874,0.0320109797217862,0.));
#15380=CARTESIAN_POINT('',(5.55111512312578E-17,0.166918220446664,0.));
#15381=CARTESIAN_POINT('',(0.07874,-0.0454590202782138,0.));
#15382=CARTESIAN_POINT('',(0.07874,-0.122929020278214,0.));
#15383=CARTESIAN_POINT('',(0.,-0.122929020278214,0.));
#15384=CARTESIAN_POINT('',(-0.07874,-0.122929020278214,0.));
#15385=CARTESIAN_POINT('',(-0.07874,-0.0454590202782139,0.));
#15386=CARTESIAN_POINT('',(-0.07874,0.0320109797217861,0.));
#15387=CARTESIAN_POINT('',(0.0762,0.0320109797217861,0.));
#15388=CARTESIAN_POINT('',(-0.0735923799675199,0.0320109797217861,0.));
#15389=CARTESIAN_POINT('',(-0.0710523799675199,0.0320109797217861,0.));
#15390=CARTESIAN_POINT('',(0.0735065486936665,0.0320109797217861,0.));
#15391=CARTESIAN_POINT('',(0.0760465486936665,0.0320109797217861,0.));
#15392=CARTESIAN_POINT('',(1.11022302462516E-16,0.160897180438041,0.));
#15393=CARTESIAN_POINT('',(0.00190500000000011,0.160897180438041,0.));
#15394=CARTESIAN_POINT('',(-3.93459869833036E-18,-0.0508,0.));
#15395=CARTESIAN_POINT('',(0.0254,-0.0508,0.));
#15396=CARTESIAN_POINT('',(-0.0254,-0.0508,0.));
#15397=CARTESIAN_POINT('',(0.0254,0.0219946000842248,0.));
#15398=CARTESIAN_POINT('',(0.0254,0.0508,0.));
#15399=CARTESIAN_POINT('',(-1.38777878078145E-17,0.0508,0.));
#15400=CARTESIAN_POINT('',(-0.0254,0.0508,0.));
#15401=CARTESIAN_POINT('',(-0.0254,0.0219946000842248,0.));
#15402=CARTESIAN_POINT('',(-0.0762,0.0320109797217861,0.00254));
#15403=CARTESIAN_POINT('',(5.55111512312578E-17,0.166918220446664,0.00254));
#15404=CARTESIAN_POINT('',(0.07874,0.0320109797217862,0.00254));
#15405=CARTESIAN_POINT('',(0.0762,0.0320109797217861,0.00254));
#15406=CARTESIAN_POINT('',(-0.07874,0.0320109797217861,0.00254));
#15407=CARTESIAN_POINT('',(-0.07874,-0.0454590202782139,0.00254));
#15408=CARTESIAN_POINT('',(-0.07874,-0.122929020278214,0.00254));
#15409=CARTESIAN_POINT('',(0.,-0.122929020278214,0.00254));
#15410=CARTESIAN_POINT('',(0.07874,-0.122929020278214,0.00254));
#15411=CARTESIAN_POINT('',(0.,-0.122929020278214,0.05334));
#15412=CARTESIAN_POINT('',(0.,-0.122929020278214,0.05334));
#15413=CARTESIAN_POINT('',(0.,-0.122929020278214,0.05334));
#15414=CARTESIAN_POINT('',(-0.01778,-0.122929020278214,0.05334));
#15415=CARTESIAN_POINT('',(-0.01778,-0.122929020278214,0.05334));
#15416=CARTESIAN_POINT('',(-0.0735923799675199,0.0320109797217861,0.00254));
#15417=CARTESIAN_POINT('',(0.0735065486936665,0.0320109797217861,0.00254));
#15418=CARTESIAN_POINT('',(1.11022302462516E-16,0.160897180438041,0.00254));
#15419=CARTESIAN_POINT('',(0.07874,-0.0454590202782138,0.00254));
#15420=CARTESIAN_POINT('',(0.,-0.114039020278214,0.05334));
#15421=CARTESIAN_POINT('',(-3.46944695195361E-18,-0.105149020278214,0.05334));
#15422=CARTESIAN_POINT('',(-3.46944695195361E-18,-0.105149020278214,0.05334));
#15423=CARTESIAN_POINT('',(0.,-0.114039020278214,0.05334));
#15424=CARTESIAN_POINT('',(-0.00889,-0.105149020278214,0.05334));
#15425=CARTESIAN_POINT('',(-0.01778,-0.105149020278214,0.05334));
#15426=CARTESIAN_POINT('',(-0.01778,-0.105149020278214,0.05334));
#15427=CARTESIAN_POINT('',(-0.00889,-0.105149020278214,0.05334));
#15428=CARTESIAN_POINT('',(-0.01778,-0.114039020278214,0.05334));
#15429=CARTESIAN_POINT('',(-0.01778,-0.114039020278214,0.05334));
#15430=CARTESIAN_POINT('',(-1.38777878078145E-17,0.0219946000842247,0.05334));
#15431=CARTESIAN_POINT('',(-3.46944695195361E-18,-0.0508,-0.33162045855995));
#15432=CARTESIAN_POINT('',(-0.0254,-0.0508,-0.33162045855995));
#15433=CARTESIAN_POINT('',(0.0254,-0.0508,-0.33162045855995));
#15434=CARTESIAN_POINT('',(0.0254,1.38777878078145E-17,-0.33162045855995));
#15435=CARTESIAN_POINT('',(0.0254,0.0508,-0.33162045855995));
#15436=CARTESIAN_POINT('',(3.46944695195361E-18,0.0508,-0.33162045855995));
#15437=CARTESIAN_POINT('',(-0.0254,0.0508,-0.33162045855995));
#15438=CARTESIAN_POINT('',(-0.0254,6.93889390390723E-18,-0.33162045855995));
#15439=CARTESIAN_POINT('',(0.0383799823655918,-0.0836426761739971,-0.33162045855995));
#15440=CARTESIAN_POINT('',(0.0200547110289335,0.0242679439734409,0.0659408464218554));
#15441=MECHANICAL_DESIGN_GEOMETRIC_PRESENTATION_REPRESENTATION('',(#8617,
#8618),#15442);
#15442=(
GEOMETRIC_REPRESENTATION_CONTEXT(3)
GLOBAL_UNCERTAINTY_ASSIGNED_CONTEXT((#15445))
GLOBAL_UNIT_ASSIGNED_CONTEXT((#15450,#15449,#15448))
REPRESENTATION_CONTEXT('Assembly 1','TOP_LEVEL_ASSEMBLY_PART')
);
#15443=(
GEOMETRIC_REPRESENTATION_CONTEXT(3)
GLOBAL_UNCERTAINTY_ASSIGNED_CONTEXT((#15446))
GLOBAL_UNIT_ASSIGNED_CONTEXT((#15450,#15449,#15448))
REPRESENTATION_CONTEXT('Part 1','COMPONENT_PART')
);
#15444=(
GEOMETRIC_REPRESENTATION_CONTEXT(3)
GLOBAL_UNCERTAINTY_ASSIGNED_CONTEXT((#15447))
GLOBAL_UNIT_ASSIGNED_CONTEXT((#15450,#15449,#15448))
REPRESENTATION_CONTEXT('Part 1','COMPONENT_PART')
);
#15445=UNCERTAINTY_MEASURE_WITH_UNIT(LENGTH_MEASURE(1.E-8),#15450,
'DISTANCE_ACCURACY_VALUE','Maximum Tolerance applied to model');
#15446=UNCERTAINTY_MEASURE_WITH_UNIT(LENGTH_MEASURE(2.E-5),#15450,
'DISTANCE_ACCURACY_VALUE','Maximum Tolerance applied to model');
#15447=UNCERTAINTY_MEASURE_WITH_UNIT(LENGTH_MEASURE(1.E-8),#15450,
'DISTANCE_ACCURACY_VALUE','Maximum Tolerance applied to model');
#15448=(
NAMED_UNIT(*)
SI_UNIT($,.STERADIAN.)
SOLID_ANGLE_UNIT()
);
#15449=(
NAMED_UNIT(*)
PLANE_ANGLE_UNIT()
SI_UNIT($,.RADIAN.)
);
#15450=(
LENGTH_UNIT()
NAMED_UNIT(*)
SI_UNIT($,.METRE.)
);
#15451=PRODUCT_DEFINITION_SHAPE('','',#15456);
#15452=PRODUCT_DEFINITION_SHAPE('','',#15457);
#15453=PRODUCT_DEFINITION_SHAPE(' ','NAUO PRDDFN',#12);
#15454=PRODUCT_DEFINITION_SHAPE('','',#15458);
#15455=PRODUCT_DEFINITION_SHAPE(' ','NAUO PRDDFN',#13);
#15456=PRODUCT_DEFINITION('','',#15462,#15459);
#15457=PRODUCT_DEFINITION('','',#15463,#15460);
#15458=PRODUCT_DEFINITION('','',#15464,#15461);
#15459=PRODUCT_DEFINITION_CONTEXT('',#15478,'design');
#15460=PRODUCT_DEFINITION_CONTEXT('',#15478,'design');
#15461=PRODUCT_DEFINITION_CONTEXT('',#15478,'design');
#15462=PRODUCT_DEFINITION_FORMATION_WITH_SPECIFIED_SOURCE('','',#15468,
 .NOT_KNOWN.);
#15463=PRODUCT_DEFINITION_FORMATION_WITH_SPECIFIED_SOURCE('','',#15469,
 .NOT_KNOWN.);
#15464=PRODUCT_DEFINITION_FORMATION_WITH_SPECIFIED_SOURCE('','',#15470,
 .NOT_KNOWN.);
#15465=PRODUCT_RELATED_PRODUCT_CATEGORY('','',(#15468));
#15466=PRODUCT_RELATED_PRODUCT_CATEGORY('','',(#15469));
#15467=PRODUCT_RELATED_PRODUCT_CATEGORY('','',(#15470));
#15468=PRODUCT('Assembly 1','Assembly 1','Assembly 1',(#15474));
#15469=PRODUCT('Part 1','Part 1','Part 1',(#15475));
#15470=PRODUCT('Part 1','Part 1','Part 1',(#15476));
#15471=PRODUCT_CATEGORY('','');
#15472=PRODUCT_CATEGORY('','');
#15473=PRODUCT_CATEGORY('','');
#15474=PRODUCT_CONTEXT('',#15478,'mechanical');
#15475=PRODUCT_CONTEXT('',#15478,'mechanical');
#15476=PRODUCT_CONTEXT('',#15478,'mechanical');
#15477=APPLICATION_PROTOCOL_DEFINITION('international standard',
'ap242_managed_model_based_3d_engineering',2020,#15478);
#15478=APPLICATION_CONTEXT('managed model based 3d engineering');
ENDSEC;
END-ISO-10303-21;
