ISO-10303-21;
HEADER;
/* Generated by software containing ST-Developer
 * from STEP Tools, Inc. (www.steptools.com) 
 */
/* OPTION: using custom renumber hook */

FILE_DESCRIPTION(
/* description */ ('STEP AP242 Edition 2',
'CAx-IF Rec.Pracs.---Representation and Presentation of Product Manufa
cturing Information (PMI)---4.0---2014-10-13',
'CAx-IF Rec.Pracs.---3D Tessellated Geometry---0.4---2014-09-14','2;1',
'CAx-IF Rec.Pracs.---User Defined Attributes---1.5---2016-08-15'),
/* implementation_level */ '2;1');

FILE_NAME(
/* name */ 'Boat Hull',
/* time_stamp */ '2026-08-31T06:30:05Z',
/* author */ (''),
/* organization */ (''),
/* preprocessor_version */ 'ST-DEVELOPER v20',
/* originating_system */ 'ONSHAPE BY PTC INC, 1.220',
/* authorisation */ '  ');

FILE_SCHEMA (('AP242_MANAGED_MODEL_BASED_3D_ENGINEERING_MIM_LF { 1 0 10303 442 3 1 4 }'));
ENDSEC;

DATA;
#10=SHAPE_REPRESENTATION_RELATIONSHIP('','',#8255,#11);
#11=ADVANCED_BREP_SHAPE_REPRESENTATION('',(#8253),#14821);
#12=B_SPLINE_SURFACE_WITH_KNOTS('',3,1,((#11045,#11046),(#11047,#11048),
(#11049,#11050),(#11051,#11052)),.SURF_OF_LINEAR_EXTRUSION.,.F.,.F.,.F.,
(4,4),(2,2),(0.,0.99946940557863),(0.,1.),.PIECEWISE_BEZIER_KNOTS.);
#13=B_SPLINE_SURFACE_WITH_KNOTS('',3,1,((#11119,#11120),(#11121,#11122),
(#11123,#11124),(#11125,#11126),(#11127,#11128),(#11129,#11130),(#11131,
#11132),(#11133,#11134),(#11135,#11136),(#11137,#11138),(#11139,#11140),
(#11141,#11142),(#11143,#11144)),.SURF_OF_LINEAR_EXTRUSION.,.F.,.F.,.F.,
(4,1,1,1,1,1,1,1,1,1,4),(2,2),(0.,0.0577057644674755,0.115411528934951,
0.230823057869902,0.346234586804853,0.461646115739804,0.577057644674755,
0.692469173609706,0.807880702544657,0.865586467012132,0.923292231479608),
(0.,1.),.UNSPECIFIED.);
#14=B_SPLINE_SURFACE_WITH_KNOTS('',3,1,((#11214,#11215),(#11216,#11217),
(#11218,#11219),(#11220,#11221)),.SURF_OF_LINEAR_EXTRUSION.,.F.,.F.,.F.,
(4,4),(2,2),(0.,1.),(0.,1.),.PIECEWISE_BEZIER_KNOTS.);
#15=B_SPLINE_SURFACE_WITH_KNOTS('',3,1,((#11231,#11232),(#11233,#11234),
(#11235,#11236),(#11237,#11238)),.SURF_OF_LINEAR_EXTRUSION.,.F.,.F.,.F.,
(4,4),(2,2),(0.,1.),(0.,1.),.PIECEWISE_BEZIER_KNOTS.);
#16=B_SPLINE_SURFACE_WITH_KNOTS('',3,1,((#11248,#11249),(#11250,#11251),
(#11252,#11253),(#11254,#11255)),.SURF_OF_LINEAR_EXTRUSION.,.F.,.F.,.F.,
(4,4),(2,2),(0.,1.),(0.,1.),.PIECEWISE_BEZIER_KNOTS.);
#17=B_SPLINE_SURFACE_WITH_KNOTS('',3,1,((#11265,#11266),(#11267,#11268),
(#11269,#11270),(#11271,#11272)),.SURF_OF_LINEAR_EXTRUSION.,.F.,.F.,.F.,
(4,4),(2,2),(0.,1.),(0.,1.),.PIECEWISE_BEZIER_KNOTS.);
#18=B_SPLINE_SURFACE_WITH_KNOTS('',3,1,((#11288,#11289),(#11290,#11291),
(#11292,#11293),(#11294,#11295)),.SURF_OF_LINEAR_EXTRUSION.,.F.,.F.,.F.,
(4,4),(2,2),(0.,1.),(0.,1.),.PIECEWISE_BEZIER_KNOTS.);
#19=B_SPLINE_SURFACE_WITH_KNOTS('',3,1,((#11305,#11306),(#11307,#11308),
(#11309,#11310),(#11311,#11312)),.SURF_OF_LINEAR_EXTRUSION.,.F.,.F.,.F.,
(4,4),(2,2),(0.,1.),(0.,1.),.PIECEWISE_BEZIER_KNOTS.);
#20=B_SPLINE_SURFACE_WITH_KNOTS('',3,1,((#11322,#11323),(#11324,#11325),
(#11326,#11327),(#11328,#11329)),.SURF_OF_LINEAR_EXTRUSION.,.F.,.F.,.F.,
(4,4),(2,2),(0.,1.),(0.,1.),.PIECEWISE_BEZIER_KNOTS.);
#21=B_SPLINE_SURFACE_WITH_KNOTS('',3,1,((#11339,#11340),(#11341,#11342),
(#11343,#11344),(#11345,#11346)),.SURF_OF_LINEAR_EXTRUSION.,.F.,.F.,.F.,
(4,4),(2,2),(0.,1.),(0.,1.),.PIECEWISE_BEZIER_KNOTS.);
#22=B_SPLINE_SURFACE_WITH_KNOTS('',3,1,((#11358,#11359),(#11360,#11361),
(#11362,#11363),(#11364,#11365)),.SURF_OF_LINEAR_EXTRUSION.,.F.,.F.,.F.,
(4,4),(2,2),(0.,1.),(0.,1.),.PIECEWISE_BEZIER_KNOTS.);
#23=B_SPLINE_SURFACE_WITH_KNOTS('',3,1,((#11371,#11372),(#11373,#11374),
(#11375,#11376),(#11377,#11378)),.SURF_OF_LINEAR_EXTRUSION.,.F.,.F.,.F.,
(4,4),(2,2),(0.,1.),(0.,1.),.PIECEWISE_BEZIER_KNOTS.);
#24=B_SPLINE_SURFACE_WITH_KNOTS('',3,1,((#11384,#11385),(#11386,#11387),
(#11388,#11389),(#11390,#11391)),.SURF_OF_LINEAR_EXTRUSION.,.F.,.F.,.F.,
(4,4),(2,2),(0.,1.),(0.,1.),.PIECEWISE_BEZIER_KNOTS.);
#25=B_SPLINE_SURFACE_WITH_KNOTS('',3,1,((#11397,#11398),(#11399,#11400),
(#11401,#11402),(#11403,#11404)),.SURF_OF_LINEAR_EXTRUSION.,.F.,.F.,.F.,
(4,4),(2,2),(0.,1.),(0.,1.),.PIECEWISE_BEZIER_KNOTS.);
#26=B_SPLINE_SURFACE_WITH_KNOTS('',3,1,((#11410,#11411),(#11412,#11413),
(#11414,#11415),(#11416,#11417)),.SURF_OF_LINEAR_EXTRUSION.,.F.,.F.,.F.,
(4,4),(2,2),(0.,1.),(0.,1.),.PIECEWISE_BEZIER_KNOTS.);
#27=B_SPLINE_SURFACE_WITH_KNOTS('',3,1,((#11443,#11444),(#11445,#11446),
(#11447,#11448),(#11449,#11450)),.SURF_OF_LINEAR_EXTRUSION.,.F.,.F.,.F.,
(4,4),(2,2),(0.,1.),(0.,1.),.PIECEWISE_BEZIER_KNOTS.);
#28=B_SPLINE_SURFACE_WITH_KNOTS('',3,1,((#11456,#11457),(#11458,#11459),
(#11460,#11461),(#11462,#11463)),.SURF_OF_LINEAR_EXTRUSION.,.F.,.F.,.F.,
(4,4),(2,2),(0.,1.),(0.,1.),.PIECEWISE_BEZIER_KNOTS.);
#29=B_SPLINE_SURFACE_WITH_KNOTS('',3,1,((#11473,#11474),(#11475,#11476),
(#11477,#11478),(#11479,#11480)),.SURF_OF_LINEAR_EXTRUSION.,.F.,.F.,.F.,
(4,4),(2,2),(0.,1.),(0.,1.),.PIECEWISE_BEZIER_KNOTS.);
#30=B_SPLINE_SURFACE_WITH_KNOTS('',3,1,((#11484,#11485),(#11486,#11487),
(#11488,#11489),(#11490,#11491)),.SURF_OF_LINEAR_EXTRUSION.,.F.,.F.,.F.,
(4,4),(2,2),(0.,1.),(0.,1.),.PIECEWISE_BEZIER_KNOTS.);
#31=B_SPLINE_SURFACE_WITH_KNOTS('',3,1,((#11509,#11510),(#11511,#11512),
(#11513,#11514),(#11515,#11516)),.SURF_OF_LINEAR_EXTRUSION.,.F.,.F.,.F.,
(4,4),(2,2),(0.,1.),(0.,1.),.PIECEWISE_BEZIER_KNOTS.);
#32=B_SPLINE_SURFACE_WITH_KNOTS('',3,1,((#11526,#11527),(#11528,#11529),
(#11530,#11531),(#11532,#11533)),.SURF_OF_LINEAR_EXTRUSION.,.F.,.F.,.F.,
(4,4),(2,2),(0.,1.),(0.,1.),.PIECEWISE_BEZIER_KNOTS.);
#33=B_SPLINE_SURFACE_WITH_KNOTS('',3,1,((#11543,#11544),(#11545,#11546),
(#11547,#11548),(#11549,#11550)),.SURF_OF_LINEAR_EXTRUSION.,.F.,.F.,.F.,
(4,4),(2,2),(0.,1.),(0.,1.),.PIECEWISE_BEZIER_KNOTS.);
#34=B_SPLINE_SURFACE_WITH_KNOTS('',3,1,((#11560,#11561),(#11562,#11563),
(#11564,#11565),(#11566,#11567)),.SURF_OF_LINEAR_EXTRUSION.,.F.,.F.,.F.,
(4,4),(2,2),(0.,1.),(0.,1.),.PIECEWISE_BEZIER_KNOTS.);
#35=B_SPLINE_SURFACE_WITH_KNOTS('',3,1,((#11583,#11584),(#11585,#11586),
(#11587,#11588),(#11589,#11590)),.SURF_OF_LINEAR_EXTRUSION.,.F.,.F.,.F.,
(4,4),(2,2),(0.,1.),(0.,1.),.PIECEWISE_BEZIER_KNOTS.);
#36=B_SPLINE_SURFACE_WITH_KNOTS('',3,1,((#11600,#11601),(#11602,#11603),
(#11604,#11605),(#11606,#11607)),.SURF_OF_LINEAR_EXTRUSION.,.F.,.F.,.F.,
(4,4),(2,2),(0.,1.),(0.,1.),.PIECEWISE_BEZIER_KNOTS.);
#37=B_SPLINE_SURFACE_WITH_KNOTS('',3,1,((#11617,#11618),(#11619,#11620),
(#11621,#11622),(#11623,#11624)),.SURF_OF_LINEAR_EXTRUSION.,.F.,.F.,.F.,
(4,4),(2,2),(0.,1.),(0.,1.),.PIECEWISE_BEZIER_KNOTS.);
#38=B_SPLINE_SURFACE_WITH_KNOTS('',3,1,((#11634,#11635),(#11636,#11637),
(#11638,#11639),(#11640,#11641)),.SURF_OF_LINEAR_EXTRUSION.,.F.,.F.,.F.,
(4,4),(2,2),(0.,1.),(0.,1.),.PIECEWISE_BEZIER_KNOTS.);
#39=B_SPLINE_SURFACE_WITH_KNOTS('',3,1,((#11653,#11654),(#11655,#11656),
(#11657,#11658),(#11659,#11660)),.SURF_OF_LINEAR_EXTRUSION.,.F.,.F.,.F.,
(4,4),(2,2),(0.,1.),(0.,1.),.PIECEWISE_BEZIER_KNOTS.);
#40=B_SPLINE_SURFACE_WITH_KNOTS('',3,1,((#11666,#11667),(#11668,#11669),
(#11670,#11671),(#11672,#11673)),.SURF_OF_LINEAR_EXTRUSION.,.F.,.F.,.F.,
(4,4),(2,2),(0.,1.),(0.,1.),.PIECEWISE_BEZIER_KNOTS.);
#41=B_SPLINE_SURFACE_WITH_KNOTS('',3,1,((#11679,#11680),(#11681,#11682),
(#11683,#11684),(#11685,#11686)),.SURF_OF_LINEAR_EXTRUSION.,.F.,.F.,.F.,
(4,4),(2,2),(0.,1.),(0.,1.),.PIECEWISE_BEZIER_KNOTS.);
#42=B_SPLINE_SURFACE_WITH_KNOTS('',3,1,((#11692,#11693),(#11694,#11695),
(#11696,#11697),(#11698,#11699)),.SURF_OF_LINEAR_EXTRUSION.,.F.,.F.,.F.,
(4,4),(2,2),(0.,1.),(0.,1.),.PIECEWISE_BEZIER_KNOTS.);
#43=B_SPLINE_SURFACE_WITH_KNOTS('',3,1,((#11729,#11730),(#11731,#11732),
(#11733,#11734),(#11735,#11736)),.SURF_OF_LINEAR_EXTRUSION.,.F.,.F.,.F.,
(4,4),(2,2),(0.,1.),(0.,1.),.PIECEWISE_BEZIER_KNOTS.);
#44=B_SPLINE_SURFACE_WITH_KNOTS('',3,1,((#11742,#11743),(#11744,#11745),
(#11746,#11747),(#11748,#11749)),.SURF_OF_LINEAR_EXTRUSION.,.F.,.F.,.F.,
(4,4),(2,2),(0.,1.),(0.,1.),.PIECEWISE_BEZIER_KNOTS.);
#45=B_SPLINE_SURFACE_WITH_KNOTS('',3,1,((#11759,#11760),(#11761,#11762),
(#11763,#11764),(#11765,#11766)),.SURF_OF_LINEAR_EXTRUSION.,.F.,.F.,.F.,
(4,4),(2,2),(0.,1.),(0.,1.),.PIECEWISE_BEZIER_KNOTS.);
#46=B_SPLINE_SURFACE_WITH_KNOTS('',3,1,((#11770,#11771),(#11772,#11773),
(#11774,#11775),(#11776,#11777)),.SURF_OF_LINEAR_EXTRUSION.,.F.,.F.,.F.,
(4,4),(2,2),(0.,1.),(0.,1.),.PIECEWISE_BEZIER_KNOTS.);
#47=B_SPLINE_SURFACE_WITH_KNOTS('',3,1,((#11801,#11802),(#11803,#11804),
(#11805,#11806),(#11807,#11808)),.SURF_OF_LINEAR_EXTRUSION.,.F.,.F.,.F.,
(4,4),(2,2),(0.,1.),(0.,1.),.PIECEWISE_BEZIER_KNOTS.);
#48=B_SPLINE_SURFACE_WITH_KNOTS('',3,1,((#11824,#11825),(#11826,#11827),
(#11828,#11829),(#11830,#11831)),.SURF_OF_LINEAR_EXTRUSION.,.F.,.F.,.F.,
(4,4),(2,2),(0.,1.),(0.,1.),.PIECEWISE_BEZIER_KNOTS.);
#49=B_SPLINE_SURFACE_WITH_KNOTS('',3,1,((#11841,#11842),(#11843,#11844),
(#11845,#11846),(#11847,#11848)),.SURF_OF_LINEAR_EXTRUSION.,.F.,.F.,.F.,
(4,4),(2,2),(0.,1.),(0.,1.),.PIECEWISE_BEZIER_KNOTS.);
#50=B_SPLINE_SURFACE_WITH_KNOTS('',3,1,((#11856,#11857),(#11858,#11859),
(#11860,#11861),(#11862,#11863)),.SURF_OF_LINEAR_EXTRUSION.,.F.,.F.,.F.,
(4,4),(2,2),(0.,1.),(0.,1.),.PIECEWISE_BEZIER_KNOTS.);
#51=B_SPLINE_SURFACE_WITH_KNOTS('',3,1,((#11873,#11874),(#11875,#11876),
(#11877,#11878),(#11879,#11880)),.SURF_OF_LINEAR_EXTRUSION.,.F.,.F.,.F.,
(4,4),(2,2),(0.,1.),(0.,1.),.PIECEWISE_BEZIER_KNOTS.);
#52=B_SPLINE_SURFACE_WITH_KNOTS('',3,1,((#11890,#11891),(#11892,#11893),
(#11894,#11895),(#11896,#11897)),.SURF_OF_LINEAR_EXTRUSION.,.F.,.F.,.F.,
(4,4),(2,2),(0.,1.),(0.,1.),.PIECEWISE_BEZIER_KNOTS.);
#53=B_SPLINE_SURFACE_WITH_KNOTS('',3,1,((#11903,#11904),(#11905,#11906),
(#11907,#11908),(#11909,#11910)),.SURF_OF_LINEAR_EXTRUSION.,.F.,.F.,.F.,
(4,4),(2,2),(0.,1.),(0.,1.),.PIECEWISE_BEZIER_KNOTS.);
#54=B_SPLINE_SURFACE_WITH_KNOTS('',3,1,((#11916,#11917),(#11918,#11919),
(#11920,#11921),(#11922,#11923)),.SURF_OF_LINEAR_EXTRUSION.,.F.,.F.,.F.,
(4,4),(2,2),(0.,1.),(0.,1.),.PIECEWISE_BEZIER_KNOTS.);
#55=B_SPLINE_SURFACE_WITH_KNOTS('',3,1,((#11929,#11930),(#11931,#11932),
(#11933,#11934),(#11935,#11936)),.SURF_OF_LINEAR_EXTRUSION.,.F.,.F.,.F.,
(4,4),(2,2),(0.,1.),(0.,1.),.PIECEWISE_BEZIER_KNOTS.);
#56=B_SPLINE_SURFACE_WITH_KNOTS('',3,1,((#11946,#11947),(#11948,#11949),
(#11950,#11951),(#11952,#11953)),.SURF_OF_LINEAR_EXTRUSION.,.F.,.F.,.F.,
(4,4),(2,2),(0.,1.),(0.,1.),.PIECEWISE_BEZIER_KNOTS.);
#57=B_SPLINE_SURFACE_WITH_KNOTS('',3,1,((#11959,#11960),(#11961,#11962),
(#11963,#11964),(#11965,#11966)),.SURF_OF_LINEAR_EXTRUSION.,.F.,.F.,.F.,
(4,4),(2,2),(0.,1.),(0.,1.),.PIECEWISE_BEZIER_KNOTS.);
#58=B_SPLINE_SURFACE_WITH_KNOTS('',3,1,((#11972,#11973),(#11974,#11975),
(#11976,#11977),(#11978,#11979)),.SURF_OF_LINEAR_EXTRUSION.,.F.,.F.,.F.,
(4,4),(2,2),(0.,1.),(0.,1.),.PIECEWISE_BEZIER_KNOTS.);
#59=B_SPLINE_SURFACE_WITH_KNOTS('',3,1,((#12001,#12002),(#12003,#12004),
(#12005,#12006),(#12007,#12008)),.SURF_OF_LINEAR_EXTRUSION.,.F.,.F.,.F.,
(4,4),(2,2),(0.,1.),(0.,1.),.PIECEWISE_BEZIER_KNOTS.);
#60=B_SPLINE_SURFACE_WITH_KNOTS('',3,1,((#12012,#12013),(#12014,#12015),
(#12016,#12017),(#12018,#12019)),.SURF_OF_LINEAR_EXTRUSION.,.F.,.F.,.F.,
(4,4),(2,2),(0.,1.),(0.,1.),.PIECEWISE_BEZIER_KNOTS.);
#61=B_SPLINE_SURFACE_WITH_KNOTS('',3,1,((#12028,#12029),(#12030,#12031),
(#12032,#12033),(#12034,#12035)),.SURF_OF_LINEAR_EXTRUSION.,.F.,.F.,.F.,
(4,4),(2,2),(0.,1.),(0.,1.),.PIECEWISE_BEZIER_KNOTS.);
#62=B_SPLINE_SURFACE_WITH_KNOTS('',3,1,((#12051,#12052),(#12053,#12054),
(#12055,#12056),(#12057,#12058)),.SURF_OF_LINEAR_EXTRUSION.,.F.,.F.,.F.,
(4,4),(2,2),(0.,1.),(0.,1.),.PIECEWISE_BEZIER_KNOTS.);
#63=B_SPLINE_SURFACE_WITH_KNOTS('',3,1,((#12064,#12065),(#12066,#12067),
(#12068,#12069),(#12070,#12071)),.SURF_OF_LINEAR_EXTRUSION.,.F.,.F.,.F.,
(4,4),(2,2),(0.,1.),(0.,1.),.PIECEWISE_BEZIER_KNOTS.);
#64=B_SPLINE_SURFACE_WITH_KNOTS('',3,1,((#12121,#12122),(#12123,#12124),
(#12125,#12126),(#12127,#12128)),.SURF_OF_LINEAR_EXTRUSION.,.F.,.F.,.F.,
(4,4),(2,2),(0.,1.),(0.,1.),.PIECEWISE_BEZIER_KNOTS.);
#65=B_SPLINE_SURFACE_WITH_KNOTS('',3,1,((#12142,#12143),(#12144,#12145),
(#12146,#12147),(#12148,#12149)),.SURF_OF_LINEAR_EXTRUSION.,.F.,.F.,.F.,
(4,4),(2,2),(0.,1.),(0.,1.),.PIECEWISE_BEZIER_KNOTS.);
#66=B_SPLINE_SURFACE_WITH_KNOTS('',3,1,((#12159,#12160),(#12161,#12162),
(#12163,#12164),(#12165,#12166)),.SURF_OF_LINEAR_EXTRUSION.,.F.,.F.,.F.,
(4,4),(2,2),(0.,1.),(0.,1.),.PIECEWISE_BEZIER_KNOTS.);
#67=B_SPLINE_SURFACE_WITH_KNOTS('',3,1,((#12182,#12183),(#12184,#12185),
(#12186,#12187),(#12188,#12189)),.SURF_OF_LINEAR_EXTRUSION.,.F.,.F.,.F.,
(4,4),(2,2),(0.,1.),(0.,1.),.PIECEWISE_BEZIER_KNOTS.);
#68=B_SPLINE_SURFACE_WITH_KNOTS('',3,1,((#12199,#12200),(#12201,#12202),
(#12203,#12204),(#12205,#12206)),.SURF_OF_LINEAR_EXTRUSION.,.F.,.F.,.F.,
(4,4),(2,2),(0.,1.),(0.,1.),.PIECEWISE_BEZIER_KNOTS.);
#69=B_SPLINE_SURFACE_WITH_KNOTS('',3,1,((#12216,#12217),(#12218,#12219),
(#12220,#12221),(#12222,#12223)),.SURF_OF_LINEAR_EXTRUSION.,.F.,.F.,.F.,
(4,4),(2,2),(0.,1.),(0.,1.),.PIECEWISE_BEZIER_KNOTS.);
#70=B_SPLINE_SURFACE_WITH_KNOTS('',3,1,((#12233,#12234),(#12235,#12236),
(#12237,#12238),(#12239,#12240)),.SURF_OF_LINEAR_EXTRUSION.,.F.,.F.,.F.,
(4,4),(2,2),(0.,1.),(0.,1.),.PIECEWISE_BEZIER_KNOTS.);
#71=B_SPLINE_SURFACE_WITH_KNOTS('',3,1,((#12256,#12257),(#12258,#12259),
(#12260,#12261),(#12262,#12263)),.SURF_OF_LINEAR_EXTRUSION.,.F.,.F.,.F.,
(4,4),(2,2),(0.,1.),(0.,1.),.PIECEWISE_BEZIER_KNOTS.);
#72=B_SPLINE_SURFACE_WITH_KNOTS('',3,1,((#12271,#12272),(#12273,#12274),
(#12275,#12276),(#12277,#12278)),.SURF_OF_LINEAR_EXTRUSION.,.F.,.F.,.F.,
(4,4),(2,2),(0.,1.),(0.,1.),.PIECEWISE_BEZIER_KNOTS.);
#73=B_SPLINE_SURFACE_WITH_KNOTS('',3,1,((#12288,#12289),(#12290,#12291),
(#12292,#12293),(#12294,#12295)),.SURF_OF_LINEAR_EXTRUSION.,.F.,.F.,.F.,
(4,4),(2,2),(0.,1.),(0.,1.),.PIECEWISE_BEZIER_KNOTS.);
#74=B_SPLINE_SURFACE_WITH_KNOTS('',3,1,((#12301,#12302),(#12303,#12304),
(#12305,#12306),(#12307,#12308)),.SURF_OF_LINEAR_EXTRUSION.,.F.,.F.,.F.,
(4,4),(2,2),(0.,1.),(0.,1.),.PIECEWISE_BEZIER_KNOTS.);
#75=B_SPLINE_SURFACE_WITH_KNOTS('',3,1,((#12314,#12315),(#12316,#12317),
(#12318,#12319),(#12320,#12321)),.SURF_OF_LINEAR_EXTRUSION.,.F.,.F.,.F.,
(4,4),(2,2),(0.,1.),(0.,1.),.PIECEWISE_BEZIER_KNOTS.);
#76=B_SPLINE_SURFACE_WITH_KNOTS('',3,1,((#12327,#12328),(#12329,#12330),
(#12331,#12332),(#12333,#12334)),.SURF_OF_LINEAR_EXTRUSION.,.F.,.F.,.F.,
(4,4),(2,2),(0.,1.),(0.,1.),.PIECEWISE_BEZIER_KNOTS.);
#77=B_SPLINE_SURFACE_WITH_KNOTS('',3,1,((#12340,#12341),(#12342,#12343),
(#12344,#12345),(#12346,#12347)),.SURF_OF_LINEAR_EXTRUSION.,.F.,.F.,.F.,
(4,4),(2,2),(0.,1.),(0.,1.),.PIECEWISE_BEZIER_KNOTS.);
#78=B_SPLINE_SURFACE_WITH_KNOTS('',3,1,((#12357,#12358),(#12359,#12360),
(#12361,#12362),(#12363,#12364)),.SURF_OF_LINEAR_EXTRUSION.,.F.,.F.,.F.,
(4,4),(2,2),(0.,1.),(0.,1.),.PIECEWISE_BEZIER_KNOTS.);
#79=B_SPLINE_SURFACE_WITH_KNOTS('',3,1,((#12370,#12371),(#12372,#12373),
(#12374,#12375),(#12376,#12377)),.SURF_OF_LINEAR_EXTRUSION.,.F.,.F.,.F.,
(4,4),(2,2),(0.,1.),(0.,1.),.PIECEWISE_BEZIER_KNOTS.);
#80=B_SPLINE_SURFACE_WITH_KNOTS('',3,1,((#12390,#12391),(#12392,#12393),
(#12394,#12395),(#12396,#12397)),.SURF_OF_LINEAR_EXTRUSION.,.F.,.F.,.F.,
(4,4),(2,2),(0.,1.),(0.,1.),.PIECEWISE_BEZIER_KNOTS.);
#81=B_SPLINE_SURFACE_WITH_KNOTS('',3,1,((#12425,#12426),(#12427,#12428),
(#12429,#12430),(#12431,#12432)),.SURF_OF_LINEAR_EXTRUSION.,.F.,.F.,.F.,
(4,4),(2,2),(0.,1.),(0.,1.),.PIECEWISE_BEZIER_KNOTS.);
#82=B_SPLINE_SURFACE_WITH_KNOTS('',3,1,((#12438,#12439),(#12440,#12441),
(#12442,#12443),(#12444,#12445)),.SURF_OF_LINEAR_EXTRUSION.,.F.,.F.,.F.,
(4,4),(2,2),(0.,1.),(0.,1.),.PIECEWISE_BEZIER_KNOTS.);
#83=B_SPLINE_SURFACE_WITH_KNOTS('',3,1,((#12459,#12460),(#12461,#12462),
(#12463,#12464),(#12465,#12466)),.SURF_OF_LINEAR_EXTRUSION.,.F.,.F.,.F.,
(4,4),(2,2),(0.,1.),(0.,1.),.PIECEWISE_BEZIER_KNOTS.);
#84=B_SPLINE_SURFACE_WITH_KNOTS('',3,1,((#12529,#12530),(#12531,#12532),
(#12533,#12534),(#12535,#12536)),.SURF_OF_LINEAR_EXTRUSION.,.F.,.F.,.F.,
(4,4),(2,2),(0.,1.),(0.,1.),.PIECEWISE_BEZIER_KNOTS.);
#85=B_SPLINE_SURFACE_WITH_KNOTS('',3,1,((#12546,#12547),(#12548,#12549),
(#12550,#12551),(#12552,#12553)),.SURF_OF_LINEAR_EXTRUSION.,.F.,.F.,.F.,
(4,4),(2,2),(0.,1.),(0.,1.),.PIECEWISE_BEZIER_KNOTS.);
#86=B_SPLINE_SURFACE_WITH_KNOTS('',3,1,((#12563,#12564),(#12565,#12566),
(#12567,#12568),(#12569,#12570)),.SURF_OF_LINEAR_EXTRUSION.,.F.,.F.,.F.,
(4,4),(2,2),(0.,1.),(0.,1.),.PIECEWISE_BEZIER_KNOTS.);
#87=B_SPLINE_SURFACE_WITH_KNOTS('',3,1,((#12580,#12581),(#12582,#12583),
(#12584,#12585),(#12586,#12587)),.SURF_OF_LINEAR_EXTRUSION.,.F.,.F.,.F.,
(4,4),(2,2),(0.,1.),(0.,1.),.PIECEWISE_BEZIER_KNOTS.);
#88=B_SPLINE_SURFACE_WITH_KNOTS('',3,1,((#12603,#12604),(#12605,#12606),
(#12607,#12608),(#12609,#12610)),.SURF_OF_LINEAR_EXTRUSION.,.F.,.F.,.F.,
(4,4),(2,2),(0.,1.),(0.,1.),.PIECEWISE_BEZIER_KNOTS.);
#89=B_SPLINE_SURFACE_WITH_KNOTS('',3,1,((#12620,#12621),(#12622,#12623),
(#12624,#12625),(#12626,#12627)),.SURF_OF_LINEAR_EXTRUSION.,.F.,.F.,.F.,
(4,4),(2,2),(0.,1.),(0.,1.),.PIECEWISE_BEZIER_KNOTS.);
#90=B_SPLINE_SURFACE_WITH_KNOTS('',3,1,((#12637,#12638),(#12639,#12640),
(#12641,#12642),(#12643,#12644)),.SURF_OF_LINEAR_EXTRUSION.,.F.,.F.,.F.,
(4,4),(2,2),(0.,1.),(0.,1.),.PIECEWISE_BEZIER_KNOTS.);
#91=B_SPLINE_SURFACE_WITH_KNOTS('',3,1,((#12654,#12655),(#12656,#12657),
(#12658,#12659),(#12660,#12661)),.SURF_OF_LINEAR_EXTRUSION.,.F.,.F.,.F.,
(4,4),(2,2),(0.,1.),(0.,1.),.PIECEWISE_BEZIER_KNOTS.);
#92=B_SPLINE_SURFACE_WITH_KNOTS('',3,1,((#12673,#12674),(#12675,#12676),
(#12677,#12678),(#12679,#12680)),.SURF_OF_LINEAR_EXTRUSION.,.F.,.F.,.F.,
(4,4),(2,2),(0.,1.),(0.,1.),.PIECEWISE_BEZIER_KNOTS.);
#93=B_SPLINE_SURFACE_WITH_KNOTS('',3,1,((#12686,#12687),(#12688,#12689),
(#12690,#12691),(#12692,#12693)),.SURF_OF_LINEAR_EXTRUSION.,.F.,.F.,.F.,
(4,4),(2,2),(0.,1.),(0.,1.),.PIECEWISE_BEZIER_KNOTS.);
#94=B_SPLINE_SURFACE_WITH_KNOTS('',3,1,((#12699,#12700),(#12701,#12702),
(#12703,#12704),(#12705,#12706)),.SURF_OF_LINEAR_EXTRUSION.,.F.,.F.,.F.,
(4,4),(2,2),(0.,1.),(0.,1.),.PIECEWISE_BEZIER_KNOTS.);
#95=B_SPLINE_SURFACE_WITH_KNOTS('',3,1,((#12712,#12713),(#12714,#12715),
(#12716,#12717),(#12718,#12719)),.SURF_OF_LINEAR_EXTRUSION.,.F.,.F.,.F.,
(4,4),(2,2),(0.,1.),(0.,1.),.PIECEWISE_BEZIER_KNOTS.);
#96=B_SPLINE_SURFACE_WITH_KNOTS('',3,1,((#12725,#12726),(#12727,#12728),
(#12729,#12730),(#12731,#12732)),.SURF_OF_LINEAR_EXTRUSION.,.F.,.F.,.F.,
(4,4),(2,2),(0.,1.),(0.,1.),.PIECEWISE_BEZIER_KNOTS.);
#97=B_SPLINE_SURFACE_WITH_KNOTS('',3,1,((#12758,#12759),(#12760,#12761),
(#12762,#12763),(#12764,#12765)),.SURF_OF_LINEAR_EXTRUSION.,.F.,.F.,.F.,
(4,4),(2,2),(0.,1.),(0.,1.),.PIECEWISE_BEZIER_KNOTS.);
#98=B_SPLINE_SURFACE_WITH_KNOTS('',3,1,((#12771,#12772),(#12773,#12774),
(#12775,#12776),(#12777,#12778)),.SURF_OF_LINEAR_EXTRUSION.,.F.,.F.,.F.,
(4,4),(2,2),(0.,1.),(0.,1.),.PIECEWISE_BEZIER_KNOTS.);
#99=B_SPLINE_SURFACE_WITH_KNOTS('',3,1,((#12788,#12789),(#12790,#12791),
(#12792,#12793),(#12794,#12795)),.SURF_OF_LINEAR_EXTRUSION.,.F.,.F.,.F.,
(4,4),(2,2),(0.,1.),(0.,1.),.PIECEWISE_BEZIER_KNOTS.);
#100=B_SPLINE_SURFACE_WITH_KNOTS('',3,1,((#12799,#12800),(#12801,#12802),
(#12803,#12804),(#12805,#12806)),.SURF_OF_LINEAR_EXTRUSION.,.F.,.F.,.F.,
(4,4),(2,2),(0.,1.),(0.,1.),.PIECEWISE_BEZIER_KNOTS.);
#101=B_SPLINE_SURFACE_WITH_KNOTS('',3,1,((#12815,#12816),(#12817,#12818),
(#12819,#12820),(#12821,#12822)),.SURF_OF_LINEAR_EXTRUSION.,.F.,.F.,.F.,
(4,4),(2,2),(0.,1.),(0.,1.),.PIECEWISE_BEZIER_KNOTS.);
#102=B_SPLINE_SURFACE_WITH_KNOTS('',3,1,((#12834,#12835),(#12836,#12837),
(#12838,#12839),(#12840,#12841)),.SURF_OF_LINEAR_EXTRUSION.,.F.,.F.,.F.,
(4,4),(2,2),(0.,1.),(0.,1.),.PIECEWISE_BEZIER_KNOTS.);
#103=B_SPLINE_SURFACE_WITH_KNOTS('',3,1,((#12847,#12848),(#12849,#12850),
(#12851,#12852),(#12853,#12854)),.SURF_OF_LINEAR_EXTRUSION.,.F.,.F.,.F.,
(4,4),(2,2),(0.,1.),(0.,1.),.PIECEWISE_BEZIER_KNOTS.);
#104=B_SPLINE_SURFACE_WITH_KNOTS('',3,1,((#12860,#12861),(#12862,#12863),
(#12864,#12865),(#12866,#12867)),.SURF_OF_LINEAR_EXTRUSION.,.F.,.F.,.F.,
(4,4),(2,2),(0.,1.),(0.,1.),.PIECEWISE_BEZIER_KNOTS.);
#105=B_SPLINE_SURFACE_WITH_KNOTS('',3,1,((#12873,#12874),(#12875,#12876),
(#12877,#12878),(#12879,#12880)),.SURF_OF_LINEAR_EXTRUSION.,.F.,.F.,.F.,
(4,4),(2,2),(0.,1.),(0.,1.),.PIECEWISE_BEZIER_KNOTS.);
#106=B_SPLINE_SURFACE_WITH_KNOTS('',3,1,((#12890,#12891),(#12892,#12893),
(#12894,#12895),(#12896,#12897)),.SURF_OF_LINEAR_EXTRUSION.,.F.,.F.,.F.,
(4,4),(2,2),(0.,1.),(0.,1.),.PIECEWISE_BEZIER_KNOTS.);
#107=B_SPLINE_SURFACE_WITH_KNOTS('',3,1,((#12903,#12904),(#12905,#12906),
(#12907,#12908),(#12909,#12910)),.SURF_OF_LINEAR_EXTRUSION.,.F.,.F.,.F.,
(4,4),(2,2),(0.,1.),(0.,1.),.PIECEWISE_BEZIER_KNOTS.);
#108=B_SPLINE_SURFACE_WITH_KNOTS('',3,1,((#12916,#12917),(#12918,#12919),
(#12920,#12921),(#12922,#12923)),.SURF_OF_LINEAR_EXTRUSION.,.F.,.F.,.F.,
(4,4),(2,2),(0.,1.),(0.,1.),.PIECEWISE_BEZIER_KNOTS.);
#109=B_SPLINE_SURFACE_WITH_KNOTS('',3,1,((#12933,#12934),(#12935,#12936),
(#12937,#12938),(#12939,#12940)),.SURF_OF_LINEAR_EXTRUSION.,.F.,.F.,.F.,
(4,4),(2,2),(0.,1.),(0.,1.),.PIECEWISE_BEZIER_KNOTS.);
#110=B_SPLINE_SURFACE_WITH_KNOTS('',3,1,((#12946,#12947),(#12948,#12949),
(#12950,#12951),(#12952,#12953)),.SURF_OF_LINEAR_EXTRUSION.,.F.,.F.,.F.,
(4,4),(2,2),(0.,1.),(0.,1.),.PIECEWISE_BEZIER_KNOTS.);
#111=B_SPLINE_SURFACE_WITH_KNOTS('',3,1,((#12959,#12960),(#12961,#12962),
(#12963,#12964),(#12965,#12966)),.SURF_OF_LINEAR_EXTRUSION.,.F.,.F.,.F.,
(4,4),(2,2),(0.,1.),(0.,1.),.PIECEWISE_BEZIER_KNOTS.);
#112=B_SPLINE_SURFACE_WITH_KNOTS('',3,1,((#12976,#12977),(#12978,#12979),
(#12980,#12981),(#12982,#12983)),.SURF_OF_LINEAR_EXTRUSION.,.F.,.F.,.F.,
(4,4),(2,2),(0.,1.),(0.,1.),.PIECEWISE_BEZIER_KNOTS.);
#113=B_SPLINE_SURFACE_WITH_KNOTS('',3,1,((#12989,#12990),(#12991,#12992),
(#12993,#12994),(#12995,#12996)),.SURF_OF_LINEAR_EXTRUSION.,.F.,.F.,.F.,
(4,4),(2,2),(0.,1.),(0.,1.),.PIECEWISE_BEZIER_KNOTS.);
#114=B_SPLINE_SURFACE_WITH_KNOTS('',3,1,((#13002,#13003),(#13004,#13005),
(#13006,#13007),(#13008,#13009)),.SURF_OF_LINEAR_EXTRUSION.,.F.,.F.,.F.,
(4,4),(2,2),(0.,1.),(0.,1.),.PIECEWISE_BEZIER_KNOTS.);
#115=B_SPLINE_SURFACE_WITH_KNOTS('',3,1,((#13063,#13064),(#13065,#13066),
(#13067,#13068),(#13069,#13070)),.SURF_OF_LINEAR_EXTRUSION.,.F.,.F.,.F.,
(4,4),(2,2),(0.,1.),(0.,1.),.PIECEWISE_BEZIER_KNOTS.);
#116=B_SPLINE_SURFACE_WITH_KNOTS('',3,1,((#13082,#13083),(#13084,#13085),
(#13086,#13087),(#13088,#13089)),.SURF_OF_LINEAR_EXTRUSION.,.F.,.F.,.F.,
(4,4),(2,2),(0.,1.),(0.,1.),.PIECEWISE_BEZIER_KNOTS.);
#117=B_SPLINE_SURFACE_WITH_KNOTS('',3,1,((#13095,#13096),(#13097,#13098),
(#13099,#13100),(#13101,#13102)),.SURF_OF_LINEAR_EXTRUSION.,.F.,.F.,.F.,
(4,4),(2,2),(0.,1.),(0.,1.),.PIECEWISE_BEZIER_KNOTS.);
#118=B_SPLINE_SURFACE_WITH_KNOTS('',3,1,((#13108,#13109),(#13110,#13111),
(#13112,#13113),(#13114,#13115)),.SURF_OF_LINEAR_EXTRUSION.,.F.,.F.,.F.,
(4,4),(2,2),(0.,1.),(0.,1.),.PIECEWISE_BEZIER_KNOTS.);
#119=B_SPLINE_SURFACE_WITH_KNOTS('',3,1,((#13121,#13122),(#13123,#13124),
(#13125,#13126),(#13127,#13128)),.SURF_OF_LINEAR_EXTRUSION.,.F.,.F.,.F.,
(4,4),(2,2),(0.,1.),(0.,1.),.PIECEWISE_BEZIER_KNOTS.);
#120=B_SPLINE_SURFACE_WITH_KNOTS('',3,1,((#13134,#13135),(#13136,#13137),
(#13138,#13139),(#13140,#13141)),.SURF_OF_LINEAR_EXTRUSION.,.F.,.F.,.F.,
(4,4),(2,2),(0.,1.),(0.,1.),.PIECEWISE_BEZIER_KNOTS.);
#121=B_SPLINE_SURFACE_WITH_KNOTS('',3,1,((#13151,#13152),(#13153,#13154),
(#13155,#13156),(#13157,#13158)),.SURF_OF_LINEAR_EXTRUSION.,.F.,.F.,.F.,
(4,4),(2,2),(0.,1.),(0.,1.),.PIECEWISE_BEZIER_KNOTS.);
#122=B_SPLINE_SURFACE_WITH_KNOTS('',3,1,((#13168,#13169),(#13170,#13171),
(#13172,#13173),(#13174,#13175)),.SURF_OF_LINEAR_EXTRUSION.,.F.,.F.,.F.,
(4,4),(2,2),(0.,1.),(0.,1.),.PIECEWISE_BEZIER_KNOTS.);
#123=B_SPLINE_SURFACE_WITH_KNOTS('',3,1,((#13181,#13182),(#13183,#13184),
(#13185,#13186),(#13187,#13188)),.SURF_OF_LINEAR_EXTRUSION.,.F.,.F.,.F.,
(4,4),(2,2),(0.,1.),(0.,1.),.PIECEWISE_BEZIER_KNOTS.);
#124=B_SPLINE_SURFACE_WITH_KNOTS('',3,1,((#13198,#13199),(#13200,#13201),
(#13202,#13203),(#13204,#13205)),.SURF_OF_LINEAR_EXTRUSION.,.F.,.F.,.F.,
(4,4),(2,2),(0.,1.),(0.,1.),.PIECEWISE_BEZIER_KNOTS.);
#125=B_SPLINE_SURFACE_WITH_KNOTS('',3,1,((#13211,#13212),(#13213,#13214),
(#13215,#13216),(#13217,#13218)),.SURF_OF_LINEAR_EXTRUSION.,.F.,.F.,.F.,
(4,4),(2,2),(0.,1.),(0.,1.),.PIECEWISE_BEZIER_KNOTS.);
#126=B_SPLINE_SURFACE_WITH_KNOTS('',3,1,((#13224,#13225),(#13226,#13227),
(#13228,#13229),(#13230,#13231)),.SURF_OF_LINEAR_EXTRUSION.,.F.,.F.,.F.,
(4,4),(2,2),(0.,1.),(0.,1.),.PIECEWISE_BEZIER_KNOTS.);
#127=B_SPLINE_SURFACE_WITH_KNOTS('',3,1,((#13237,#13238),(#13239,#13240),
(#13241,#13242),(#13243,#13244)),.SURF_OF_LINEAR_EXTRUSION.,.F.,.F.,.F.,
(4,4),(2,2),(0.,1.),(0.,1.),.PIECEWISE_BEZIER_KNOTS.);
#128=B_SPLINE_SURFACE_WITH_KNOTS('',3,1,((#13254,#13255),(#13256,#13257),
(#13258,#13259),(#13260,#13261)),.SURF_OF_LINEAR_EXTRUSION.,.F.,.F.,.F.,
(4,4),(2,2),(0.,1.),(0.,1.),.PIECEWISE_BEZIER_KNOTS.);
#129=B_SPLINE_SURFACE_WITH_KNOTS('',3,1,((#13267,#13268),(#13269,#13270),
(#13271,#13272),(#13273,#13274)),.SURF_OF_LINEAR_EXTRUSION.,.F.,.F.,.F.,
(4,4),(2,2),(0.,1.),(0.,1.),.PIECEWISE_BEZIER_KNOTS.);
#130=B_SPLINE_SURFACE_WITH_KNOTS('',3,1,((#13280,#13281),(#13282,#13283),
(#13284,#13285),(#13286,#13287)),.SURF_OF_LINEAR_EXTRUSION.,.F.,.F.,.F.,
(4,4),(2,2),(0.,1.),(0.,1.),.PIECEWISE_BEZIER_KNOTS.);
#131=B_SPLINE_SURFACE_WITH_KNOTS('',3,1,((#13327,#13328),(#13329,#13330),
(#13331,#13332),(#13333,#13334)),.SURF_OF_LINEAR_EXTRUSION.,.F.,.F.,.F.,
(4,4),(2,2),(0.,1.),(0.,1.),.PIECEWISE_BEZIER_KNOTS.);
#132=B_SPLINE_SURFACE_WITH_KNOTS('',3,1,((#13340,#13341),(#13342,#13343),
(#13344,#13345),(#13346,#13347)),.SURF_OF_LINEAR_EXTRUSION.,.F.,.F.,.F.,
(4,4),(2,2),(0.,1.),(0.,1.),.PIECEWISE_BEZIER_KNOTS.);
#133=B_SPLINE_SURFACE_WITH_KNOTS('',3,1,((#13353,#13354),(#13355,#13356),
(#13357,#13358),(#13359,#13360)),.SURF_OF_LINEAR_EXTRUSION.,.F.,.F.,.F.,
(4,4),(2,2),(0.,1.),(0.,1.),.PIECEWISE_BEZIER_KNOTS.);
#134=B_SPLINE_SURFACE_WITH_KNOTS('',3,1,((#13366,#13367),(#13368,#13369),
(#13370,#13371),(#13372,#13373)),.SURF_OF_LINEAR_EXTRUSION.,.F.,.F.,.F.,
(4,4),(2,2),(0.,1.),(0.,1.),.PIECEWISE_BEZIER_KNOTS.);
#135=B_SPLINE_SURFACE_WITH_KNOTS('',3,1,((#13399,#13400),(#13401,#13402),
(#13403,#13404),(#13405,#13406)),.SURF_OF_LINEAR_EXTRUSION.,.F.,.F.,.F.,
(4,4),(2,2),(0.,1.),(0.,1.),.PIECEWISE_BEZIER_KNOTS.);
#136=B_SPLINE_SURFACE_WITH_KNOTS('',3,1,((#13412,#13413),(#13414,#13415),
(#13416,#13417),(#13418,#13419)),.SURF_OF_LINEAR_EXTRUSION.,.F.,.F.,.F.,
(4,4),(2,2),(0.,1.),(0.,1.),.PIECEWISE_BEZIER_KNOTS.);
#137=B_SPLINE_SURFACE_WITH_KNOTS('',3,1,((#13449,#13450),(#13451,#13452),
(#13453,#13454),(#13455,#13456)),.SURF_OF_LINEAR_EXTRUSION.,.F.,.F.,.F.,
(4,4),(2,2),(0.,1.),(0.,1.),.PIECEWISE_BEZIER_KNOTS.);
#138=B_SPLINE_SURFACE_WITH_KNOTS('',3,1,((#13466,#13467),(#13468,#13469),
(#13470,#13471),(#13472,#13473)),.SURF_OF_LINEAR_EXTRUSION.,.F.,.F.,.F.,
(4,4),(2,2),(0.,1.),(0.,1.),.PIECEWISE_BEZIER_KNOTS.);
#139=B_SPLINE_SURFACE_WITH_KNOTS('',3,1,((#13483,#13484),(#13485,#13486),
(#13487,#13488),(#13489,#13490)),.SURF_OF_LINEAR_EXTRUSION.,.F.,.F.,.F.,
(4,4),(2,2),(0.,1.),(0.,1.),.PIECEWISE_BEZIER_KNOTS.);
#140=B_SPLINE_SURFACE_WITH_KNOTS('',3,1,((#13500,#13501),(#13502,#13503),
(#13504,#13505),(#13506,#13507)),.SURF_OF_LINEAR_EXTRUSION.,.F.,.F.,.F.,
(4,4),(2,2),(0.,1.),(0.,1.),.PIECEWISE_BEZIER_KNOTS.);
#141=B_SPLINE_SURFACE_WITH_KNOTS('',3,1,((#13523,#13524),(#13525,#13526),
(#13527,#13528),(#13529,#13530)),.SURF_OF_LINEAR_EXTRUSION.,.F.,.F.,.F.,
(4,4),(2,2),(0.,1.),(0.,1.),.PIECEWISE_BEZIER_KNOTS.);
#142=B_SPLINE_SURFACE_WITH_KNOTS('',3,1,((#13540,#13541),(#13542,#13543),
(#13544,#13545),(#13546,#13547)),.SURF_OF_LINEAR_EXTRUSION.,.F.,.F.,.F.,
(4,4),(2,2),(0.,1.),(0.,1.),.PIECEWISE_BEZIER_KNOTS.);
#143=B_SPLINE_SURFACE_WITH_KNOTS('',3,1,((#13557,#13558),(#13559,#13560),
(#13561,#13562),(#13563,#13564)),.SURF_OF_LINEAR_EXTRUSION.,.F.,.F.,.F.,
(4,4),(2,2),(0.,1.),(0.,1.),.PIECEWISE_BEZIER_KNOTS.);
#144=B_SPLINE_SURFACE_WITH_KNOTS('',3,1,((#13574,#13575),(#13576,#13577),
(#13578,#13579),(#13580,#13581)),.SURF_OF_LINEAR_EXTRUSION.,.F.,.F.,.F.,
(4,4),(2,2),(0.,1.),(0.,1.),.PIECEWISE_BEZIER_KNOTS.);
#145=B_SPLINE_SURFACE_WITH_KNOTS('',3,1,((#13609,#13610),(#13611,#13612),
(#13613,#13614),(#13615,#13616)),.SURF_OF_LINEAR_EXTRUSION.,.F.,.F.,.F.,
(4,4),(2,2),(0.,1.),(0.,1.),.PIECEWISE_BEZIER_KNOTS.);
#146=B_SPLINE_SURFACE_WITH_KNOTS('',3,1,((#13622,#13623),(#13624,#13625),
(#13626,#13627),(#13628,#13629)),.SURF_OF_LINEAR_EXTRUSION.,.F.,.F.,.F.,
(4,4),(2,2),(0.,1.),(0.,1.),.PIECEWISE_BEZIER_KNOTS.);
#147=B_SPLINE_SURFACE_WITH_KNOTS('',3,1,((#13639,#13640),(#13641,#13642),
(#13643,#13644),(#13645,#13646)),.SURF_OF_LINEAR_EXTRUSION.,.F.,.F.,.F.,
(4,4),(2,2),(0.,1.),(0.,1.),.PIECEWISE_BEZIER_KNOTS.);
#148=B_SPLINE_SURFACE_WITH_KNOTS('',3,1,((#13652,#13653),(#13654,#13655),
(#13656,#13657),(#13658,#13659)),.SURF_OF_LINEAR_EXTRUSION.,.F.,.F.,.F.,
(4,4),(2,2),(0.,1.),(0.,1.),.PIECEWISE_BEZIER_KNOTS.);
#149=B_SPLINE_SURFACE_WITH_KNOTS('',3,1,((#13669,#13670),(#13671,#13672),
(#13673,#13674),(#13675,#13676)),.SURF_OF_LINEAR_EXTRUSION.,.F.,.F.,.F.,
(4,4),(2,2),(0.,1.),(0.,1.),.PIECEWISE_BEZIER_KNOTS.);
#150=B_SPLINE_SURFACE_WITH_KNOTS('',3,1,((#13682,#13683),(#13684,#13685),
(#13686,#13687),(#13688,#13689)),.SURF_OF_LINEAR_EXTRUSION.,.F.,.F.,.F.,
(4,4),(2,2),(0.,1.),(0.,1.),.PIECEWISE_BEZIER_KNOTS.);
#151=B_SPLINE_SURFACE_WITH_KNOTS('',3,1,((#13695,#13696),(#13697,#13698),
(#13699,#13700),(#13701,#13702)),.SURF_OF_LINEAR_EXTRUSION.,.F.,.F.,.F.,
(4,4),(2,2),(0.,1.),(0.,1.),.PIECEWISE_BEZIER_KNOTS.);
#152=B_SPLINE_SURFACE_WITH_KNOTS('',3,1,((#13706,#13707),(#13708,#13709),
(#13710,#13711),(#13712,#13713)),.SURF_OF_LINEAR_EXTRUSION.,.F.,.F.,.F.,
(4,4),(2,2),(0.,1.),(0.,1.),.PIECEWISE_BEZIER_KNOTS.);
#153=B_SPLINE_SURFACE_WITH_KNOTS('',3,1,((#13731,#13732),(#13733,#13734),
(#13735,#13736),(#13737,#13738)),.SURF_OF_LINEAR_EXTRUSION.,.F.,.F.,.F.,
(4,4),(2,2),(0.,1.),(0.,1.),.PIECEWISE_BEZIER_KNOTS.);
#154=B_SPLINE_SURFACE_WITH_KNOTS('',3,1,((#13748,#13749),(#13750,#13751),
(#13752,#13753),(#13754,#13755)),.SURF_OF_LINEAR_EXTRUSION.,.F.,.F.,.F.,
(4,4),(2,2),(0.,1.),(0.,1.),.PIECEWISE_BEZIER_KNOTS.);
#155=B_SPLINE_SURFACE_WITH_KNOTS('',3,1,((#13783,#13784),(#13785,#13786),
(#13787,#13788),(#13789,#13790)),.SURF_OF_LINEAR_EXTRUSION.,.F.,.F.,.F.,
(4,4),(2,2),(0.,1.),(0.,1.),.PIECEWISE_BEZIER_KNOTS.);
#156=B_SPLINE_SURFACE_WITH_KNOTS('',3,1,((#13800,#13801),(#13802,#13803),
(#13804,#13805),(#13806,#13807)),.SURF_OF_LINEAR_EXTRUSION.,.F.,.F.,.F.,
(4,4),(2,2),(0.,1.),(0.,1.),.PIECEWISE_BEZIER_KNOTS.);
#157=B_SPLINE_SURFACE_WITH_KNOTS('',3,1,((#13847,#13848),(#13849,#13850),
(#13851,#13852),(#13853,#13854)),.SURF_OF_LINEAR_EXTRUSION.,.F.,.F.,.F.,
(4,4),(2,2),(0.,1.),(0.,1.),.PIECEWISE_BEZIER_KNOTS.);
#158=B_SPLINE_SURFACE_WITH_KNOTS('',3,1,((#13860,#13861),(#13862,#13863),
(#13864,#13865),(#13866,#13867)),.SURF_OF_LINEAR_EXTRUSION.,.F.,.F.,.F.,
(4,4),(2,2),(0.,1.),(0.,1.),.PIECEWISE_BEZIER_KNOTS.);
#159=B_SPLINE_SURFACE_WITH_KNOTS('',3,1,((#13877,#13878),(#13879,#13880),
(#13881,#13882),(#13883,#13884)),.SURF_OF_LINEAR_EXTRUSION.,.F.,.F.,.F.,
(4,4),(2,2),(0.,1.),(0.,1.),.PIECEWISE_BEZIER_KNOTS.);
#160=B_SPLINE_SURFACE_WITH_KNOTS('',3,1,((#13888,#13889),(#13890,#13891),
(#13892,#13893),(#13894,#13895)),.SURF_OF_LINEAR_EXTRUSION.,.F.,.F.,.F.,
(4,4),(2,2),(0.,1.),(0.,1.),.PIECEWISE_BEZIER_KNOTS.);
#161=B_SPLINE_SURFACE_WITH_KNOTS('',3,1,((#13904,#13905),(#13906,#13907),
(#13908,#13909),(#13910,#13911)),.SURF_OF_LINEAR_EXTRUSION.,.F.,.F.,.F.,
(4,4),(2,2),(0.,1.),(0.,1.),.PIECEWISE_BEZIER_KNOTS.);
#162=B_SPLINE_SURFACE_WITH_KNOTS('',3,1,((#13923,#13924),(#13925,#13926),
(#13927,#13928),(#13929,#13930)),.SURF_OF_LINEAR_EXTRUSION.,.F.,.F.,.F.,
(4,4),(2,2),(0.,1.),(0.,1.),.PIECEWISE_BEZIER_KNOTS.);
#163=B_SPLINE_SURFACE_WITH_KNOTS('',3,1,((#13936,#13937),(#13938,#13939),
(#13940,#13941),(#13942,#13943)),.SURF_OF_LINEAR_EXTRUSION.,.F.,.F.,.F.,
(4,4),(2,2),(0.,1.),(0.,1.),.PIECEWISE_BEZIER_KNOTS.);
#164=B_SPLINE_SURFACE_WITH_KNOTS('',3,1,((#13949,#13950),(#13951,#13952),
(#13953,#13954),(#13955,#13956)),.SURF_OF_LINEAR_EXTRUSION.,.F.,.F.,.F.,
(4,4),(2,2),(0.,1.),(0.,1.),.PIECEWISE_BEZIER_KNOTS.);
#165=B_SPLINE_SURFACE_WITH_KNOTS('',3,1,((#13962,#13963),(#13964,#13965),
(#13966,#13967),(#13968,#13969)),.SURF_OF_LINEAR_EXTRUSION.,.F.,.F.,.F.,
(4,4),(2,2),(0.,1.),(0.,1.),.PIECEWISE_BEZIER_KNOTS.);
#166=B_SPLINE_SURFACE_WITH_KNOTS('',3,1,((#13975,#13976),(#13977,#13978),
(#13979,#13980),(#13981,#13982)),.SURF_OF_LINEAR_EXTRUSION.,.F.,.F.,.F.,
(4,4),(2,2),(0.,1.),(0.,1.),.PIECEWISE_BEZIER_KNOTS.);
#167=B_SPLINE_SURFACE_WITH_KNOTS('',3,1,((#13992,#13993),(#13994,#13995),
(#13996,#13997),(#13998,#13999)),.SURF_OF_LINEAR_EXTRUSION.,.F.,.F.,.F.,
(4,4),(2,2),(0.,1.),(0.,1.),.PIECEWISE_BEZIER_KNOTS.);
#168=B_SPLINE_SURFACE_WITH_KNOTS('',3,1,((#14009,#14010),(#14011,#14012),
(#14013,#14014),(#14015,#14016)),.SURF_OF_LINEAR_EXTRUSION.,.F.,.F.,.F.,
(4,4),(2,2),(0.,1.),(0.,1.),.PIECEWISE_BEZIER_KNOTS.);
#169=B_SPLINE_SURFACE_WITH_KNOTS('',3,1,((#14022,#14023),(#14024,#14025),
(#14026,#14027),(#14028,#14029)),.SURF_OF_LINEAR_EXTRUSION.,.F.,.F.,.F.,
(4,4),(2,2),(0.,1.),(0.,1.),.PIECEWISE_BEZIER_KNOTS.);
#170=B_SPLINE_SURFACE_WITH_KNOTS('',3,1,((#14039,#14040),(#14041,#14042),
(#14043,#14044),(#14045,#14046)),.SURF_OF_LINEAR_EXTRUSION.,.F.,.F.,.F.,
(4,4),(2,2),(0.,1.),(0.,1.),.PIECEWISE_BEZIER_KNOTS.);
#171=B_SPLINE_SURFACE_WITH_KNOTS('',3,1,((#14052,#14053),(#14054,#14055),
(#14056,#14057),(#14058,#14059)),.SURF_OF_LINEAR_EXTRUSION.,.F.,.F.,.F.,
(4,4),(2,2),(0.,1.),(0.,1.),.PIECEWISE_BEZIER_KNOTS.);
#172=B_SPLINE_SURFACE_WITH_KNOTS('',3,1,((#14065,#14066),(#14067,#14068),
(#14069,#14070),(#14071,#14072)),.SURF_OF_LINEAR_EXTRUSION.,.F.,.F.,.F.,
(4,4),(2,2),(0.,1.),(0.,1.),.PIECEWISE_BEZIER_KNOTS.);
#173=B_SPLINE_SURFACE_WITH_KNOTS('',3,1,((#14078,#14079),(#14080,#14081),
(#14082,#14083),(#14084,#14085)),.SURF_OF_LINEAR_EXTRUSION.,.F.,.F.,.F.,
(4,4),(2,2),(0.,1.),(0.,1.),.PIECEWISE_BEZIER_KNOTS.);
#174=B_SPLINE_SURFACE_WITH_KNOTS('',3,1,((#14095,#14096),(#14097,#14098),
(#14099,#14100),(#14101,#14102)),.SURF_OF_LINEAR_EXTRUSION.,.F.,.F.,.F.,
(4,4),(2,2),(0.,1.),(0.,1.),.PIECEWISE_BEZIER_KNOTS.);
#175=B_SPLINE_SURFACE_WITH_KNOTS('',3,1,((#14108,#14109),(#14110,#14111),
(#14112,#14113),(#14114,#14115)),.SURF_OF_LINEAR_EXTRUSION.,.F.,.F.,.F.,
(4,4),(2,2),(0.,1.),(0.,1.),.PIECEWISE_BEZIER_KNOTS.);
#176=B_SPLINE_SURFACE_WITH_KNOTS('',3,1,((#14121,#14122),(#14123,#14124),
(#14125,#14126),(#14127,#14128)),.SURF_OF_LINEAR_EXTRUSION.,.F.,.F.,.F.,
(4,4),(2,2),(0.,1.),(0.,1.),.PIECEWISE_BEZIER_KNOTS.);
#177=B_SPLINE_SURFACE_WITH_KNOTS('',3,1,((#14163,#14164),(#14165,#14166),
(#14167,#14168),(#14169,#14170)),.SURF_OF_LINEAR_EXTRUSION.,.F.,.F.,.F.,
(4,4),(2,2),(0.,1.),(0.,1.),.PIECEWISE_BEZIER_KNOTS.);
#178=B_SPLINE_SURFACE_WITH_KNOTS('',3,1,((#14180,#14181),(#14182,#14183),
(#14184,#14185),(#14186,#14187)),.SURF_OF_LINEAR_EXTRUSION.,.F.,.F.,.F.,
(4,4),(2,2),(0.,1.),(0.,1.),.PIECEWISE_BEZIER_KNOTS.);
#179=B_SPLINE_SURFACE_WITH_KNOTS('',3,1,((#14215,#14216),(#14217,#14218),
(#14219,#14220),(#14221,#14222)),.SURF_OF_LINEAR_EXTRUSION.,.F.,.F.,.F.,
(4,4),(2,2),(0.,1.),(0.,1.),.PIECEWISE_BEZIER_KNOTS.);
#180=B_SPLINE_SURFACE_WITH_KNOTS('',3,1,((#14232,#14233),(#14234,#14235),
(#14236,#14237),(#14238,#14239)),.SURF_OF_LINEAR_EXTRUSION.,.F.,.F.,.F.,
(4,4),(2,2),(0.,1.),(0.,1.),.PIECEWISE_BEZIER_KNOTS.);
#181=B_SPLINE_SURFACE_WITH_KNOTS('',3,1,((#14270,#14271),(#14272,#14273),
(#14274,#14275),(#14276,#14277)),.SURF_OF_LINEAR_EXTRUSION.,.F.,.F.,.F.,
(4,4),(2,2),(0.,1.),(0.,1.),.PIECEWISE_BEZIER_KNOTS.);
#182=B_SPLINE_SURFACE_WITH_KNOTS('',3,1,((#14287,#14288),(#14289,#14290),
(#14291,#14292),(#14293,#14294)),.SURF_OF_LINEAR_EXTRUSION.,.F.,.F.,.F.,
(4,4),(2,2),(0.,1.),(0.,1.),.PIECEWISE_BEZIER_KNOTS.);
#183=B_SPLINE_SURFACE_WITH_KNOTS('',3,1,((#14310,#14311),(#14312,#14313),
(#14314,#14315),(#14316,#14317)),.SURF_OF_LINEAR_EXTRUSION.,.F.,.F.,.F.,
(4,4),(2,2),(0.,1.),(0.,1.),.PIECEWISE_BEZIER_KNOTS.);
#184=B_SPLINE_SURFACE_WITH_KNOTS('',3,1,((#14329,#14330),(#14331,#14332),
(#14333,#14334),(#14335,#14336)),.SURF_OF_LINEAR_EXTRUSION.,.F.,.F.,.F.,
(4,4),(2,2),(0.,1.),(0.,1.),.PIECEWISE_BEZIER_KNOTS.);
#185=B_SPLINE_SURFACE_WITH_KNOTS('',3,1,((#14342,#14343),(#14344,#14345),
(#14346,#14347),(#14348,#14349)),.SURF_OF_LINEAR_EXTRUSION.,.F.,.F.,.F.,
(4,4),(2,2),(0.,1.),(0.,1.),.PIECEWISE_BEZIER_KNOTS.);
#186=B_SPLINE_SURFACE_WITH_KNOTS('',3,1,((#14367,#14368),(#14369,#14370),
(#14371,#14372),(#14373,#14374)),.SURF_OF_LINEAR_EXTRUSION.,.F.,.F.,.F.,
(4,4),(2,2),(0.,1.),(0.,1.),.PIECEWISE_BEZIER_KNOTS.);
#187=B_SPLINE_SURFACE_WITH_KNOTS('',3,1,((#14380,#14381),(#14382,#14383),
(#14384,#14385),(#14386,#14387)),.SURF_OF_LINEAR_EXTRUSION.,.F.,.F.,.F.,
(4,4),(2,2),(0.,1.),(0.,1.),.PIECEWISE_BEZIER_KNOTS.);
#188=B_SPLINE_SURFACE_WITH_KNOTS('',3,1,((#14397,#14398),(#14399,#14400),
(#14401,#14402),(#14403,#14404)),.SURF_OF_LINEAR_EXTRUSION.,.F.,.F.,.F.,
(4,4),(2,2),(0.,1.),(0.,1.),.PIECEWISE_BEZIER_KNOTS.);
#189=B_SPLINE_SURFACE_WITH_KNOTS('',3,1,((#14410,#14411),(#14412,#14413),
(#14414,#14415),(#14416,#14417)),.SURF_OF_LINEAR_EXTRUSION.,.F.,.F.,.F.,
(4,4),(2,2),(0.,1.),(0.,1.),.PIECEWISE_BEZIER_KNOTS.);
#190=B_SPLINE_SURFACE_WITH_KNOTS('',3,1,((#14423,#14424),(#14425,#14426),
(#14427,#14428),(#14429,#14430)),.SURF_OF_LINEAR_EXTRUSION.,.F.,.F.,.F.,
(4,4),(2,2),(0.,1.),(0.,1.),.PIECEWISE_BEZIER_KNOTS.);
#191=B_SPLINE_SURFACE_WITH_KNOTS('',3,1,((#14439,#14440),(#14441,#14442),
(#14443,#14444),(#14445,#14446)),.SURF_OF_LINEAR_EXTRUSION.,.F.,.F.,.F.,
(4,4),(2,2),(0.,1.),(0.,1.),.PIECEWISE_BEZIER_KNOTS.);
#192=B_SPLINE_SURFACE_WITH_KNOTS('',3,1,((#14456,#14457),(#14458,#14459),
(#14460,#14461),(#14462,#14463)),.SURF_OF_LINEAR_EXTRUSION.,.F.,.F.,.F.,
(4,4),(2,2),(0.,1.),(0.,1.),.PIECEWISE_BEZIER_KNOTS.);
#193=B_SPLINE_SURFACE_WITH_KNOTS('',3,1,((#14476,#14477),(#14478,#14479),
(#14480,#14481),(#14482,#14483)),.SURF_OF_LINEAR_EXTRUSION.,.F.,.F.,.F.,
(4,4),(2,2),(0.,1.),(0.,1.),.PIECEWISE_BEZIER_KNOTS.);
#194=B_SPLINE_SURFACE_WITH_KNOTS('',3,1,((#14493,#14494),(#14495,#14496),
(#14497,#14498),(#14499,#14500)),.SURF_OF_LINEAR_EXTRUSION.,.F.,.F.,.F.,
(4,4),(2,2),(0.,1.),(0.,1.),.PIECEWISE_BEZIER_KNOTS.);
#195=B_SPLINE_SURFACE_WITH_KNOTS('',3,1,((#14510,#14511),(#14512,#14513),
(#14514,#14515),(#14516,#14517)),.SURF_OF_LINEAR_EXTRUSION.,.F.,.F.,.F.,
(4,4),(2,2),(0.,1.),(0.,1.),.PIECEWISE_BEZIER_KNOTS.);
#196=B_SPLINE_SURFACE_WITH_KNOTS('',3,1,((#14533,#14534),(#14535,#14536),
(#14537,#14538),(#14539,#14540)),.SURF_OF_LINEAR_EXTRUSION.,.F.,.F.,.F.,
(4,4),(2,2),(0.,1.),(0.,1.),.PIECEWISE_BEZIER_KNOTS.);
#197=B_SPLINE_SURFACE_WITH_KNOTS('',3,1,((#14550,#14551),(#14552,#14553),
(#14554,#14555),(#14556,#14557)),.SURF_OF_LINEAR_EXTRUSION.,.F.,.F.,.F.,
(4,4),(2,2),(0.,1.),(0.,1.),.PIECEWISE_BEZIER_KNOTS.);
#198=B_SPLINE_SURFACE_WITH_KNOTS('',3,1,((#14567,#14568),(#14569,#14570),
(#14571,#14572),(#14573,#14574)),.SURF_OF_LINEAR_EXTRUSION.,.F.,.F.,.F.,
(4,4),(2,2),(0.,1.),(0.,1.),.PIECEWISE_BEZIER_KNOTS.);
#199=B_SPLINE_SURFACE_WITH_KNOTS('',3,1,((#14590,#14591),(#14592,#14593),
(#14594,#14595),(#14596,#14597)),.SURF_OF_LINEAR_EXTRUSION.,.F.,.F.,.F.,
(4,4),(2,2),(0.,1.),(0.,1.),.PIECEWISE_BEZIER_KNOTS.);
#200=B_SPLINE_SURFACE_WITH_KNOTS('',3,1,((#14605,#14606),(#14607,#14608),
(#14609,#14610),(#14611,#14612)),.SURF_OF_LINEAR_EXTRUSION.,.F.,.F.,.F.,
(4,4),(2,2),(0.,1.),(0.,1.),.PIECEWISE_BEZIER_KNOTS.);
#201=B_SPLINE_SURFACE_WITH_KNOTS('',3,1,((#14618,#14619),(#14620,#14621),
(#14622,#14623),(#14624,#14625)),.SURF_OF_LINEAR_EXTRUSION.,.F.,.F.,.F.,
(4,4),(2,2),(0.,1.),(0.,1.),.PIECEWISE_BEZIER_KNOTS.);
#202=B_SPLINE_SURFACE_WITH_KNOTS('',3,1,((#14631,#14632),(#14633,#14634),
(#14635,#14636),(#14637,#14638)),.SURF_OF_LINEAR_EXTRUSION.,.F.,.F.,.F.,
(4,4),(2,2),(0.,1.),(0.,1.),.PIECEWISE_BEZIER_KNOTS.);
#203=B_SPLINE_SURFACE_WITH_KNOTS('',3,1,((#14644,#14645),(#14646,#14647),
(#14648,#14649),(#14650,#14651)),.SURF_OF_LINEAR_EXTRUSION.,.F.,.F.,.F.,
(4,4),(2,2),(0.,1.),(0.,1.),.PIECEWISE_BEZIER_KNOTS.);
#204=B_SPLINE_SURFACE_WITH_KNOTS('',3,1,((#14661,#14662),(#14663,#14664),
(#14665,#14666),(#14667,#14668)),.SURF_OF_LINEAR_EXTRUSION.,.F.,.F.,.F.,
(4,4),(2,2),(0.,1.),(0.,1.),.PIECEWISE_BEZIER_KNOTS.);
#205=B_SPLINE_SURFACE_WITH_KNOTS('',3,1,((#14674,#14675),(#14676,#14677),
(#14678,#14679),(#14680,#14681)),.SURF_OF_LINEAR_EXTRUSION.,.F.,.F.,.F.,
(4,4),(2,2),(0.,1.),(0.,1.),.PIECEWISE_BEZIER_KNOTS.);
#206=B_SPLINE_SURFACE_WITH_KNOTS('',3,1,((#14691,#14692),(#14693,#14694),
(#14695,#14696),(#14697,#14698)),.SURF_OF_LINEAR_EXTRUSION.,.F.,.F.,.F.,
(4,4),(2,2),(0.,1.),(0.,1.),.PIECEWISE_BEZIER_KNOTS.);
#207=B_SPLINE_SURFACE_WITH_KNOTS('',3,1,((#14704,#14705),(#14706,#14707),
(#14708,#14709),(#14710,#14711)),.SURF_OF_LINEAR_EXTRUSION.,.F.,.F.,.F.,
(4,4),(2,2),(0.,1.),(0.,1.),.PIECEWISE_BEZIER_KNOTS.);
#208=B_SPLINE_SURFACE_WITH_KNOTS('',3,1,((#14719,#14720),(#14721,#14722),
(#14723,#14724),(#14725,#14726)),.SURF_OF_LINEAR_EXTRUSION.,.F.,.F.,.F.,
(4,4),(2,2),(0.,1.),(0.,1.),.PIECEWISE_BEZIER_KNOTS.);
#209=ELLIPSE('',#8304,69.3592584418199,0.1524);
#210=ELLIPSE('',#8306,69.3592584418199,0.1524);
#211=CYLINDRICAL_SURFACE('',#8303,0.1524);
#212=CYLINDRICAL_SURFACE('',#8305,0.1524);
#213=CYLINDRICAL_SURFACE('',#8312,0.14605);
#214=CYLINDRICAL_SURFACE('',#8313,0.14605);
#215=CYLINDRICAL_SURFACE('',#8319,0.0108314977475694);
#216=CYLINDRICAL_SURFACE('',#8321,0.0209442271520739);
#217=CYLINDRICAL_SURFACE('',#8338,0.00257232766249988);
#218=CYLINDRICAL_SURFACE('',#8341,0.0025723276624925);
#219=CYLINDRICAL_SURFACE('',#8344,0.00513729483971549);
#220=CYLINDRICAL_SURFACE('',#8351,0.0033022290474829);
#221=CYLINDRICAL_SURFACE('',#8355,0.00257232766249858);
#222=CYLINDRICAL_SURFACE('',#8358,0.00257232766249614);
#223=CYLINDRICAL_SURFACE('',#8361,0.0050798732893749);
#224=CYLINDRICAL_SURFACE('',#8363,0.00297202033020539);
#225=CYLINDRICAL_SURFACE('',#8370,0.00330222904748285);
#226=CYLINDRICAL_SURFACE('',#8374,0.0022267793964309);
#227=CYLINDRICAL_SURFACE('',#8378,0.00152495058557611);
#228=CYLINDRICAL_SURFACE('',#8381,0.00400158859268646);
#229=CYLINDRICAL_SURFACE('',#8383,0.00445963223179919);
#230=CYLINDRICAL_SURFACE('',#8386,0.00182743551498004);
#231=CYLINDRICAL_SURFACE('',#8389,0.00515211389625287);
#232=CYLINDRICAL_SURFACE('',#8391,0.00396253565586463);
#233=CYLINDRICAL_SURFACE('',#8396,0.00318467366212744);
#234=CYLINDRICAL_SURFACE('',#8410,0.00152958098849817);
#235=CYLINDRICAL_SURFACE('',#8413,0.00266853607784439);
#236=CYLINDRICAL_SURFACE('',#8416,0.00253706554016942);
#237=CYLINDRICAL_SURFACE('',#8419,0.00407426627467597);
#238=CYLINDRICAL_SURFACE('',#8421,0.00407098765914954);
#239=CYLINDRICAL_SURFACE('',#8423,0.00261282710505855);
#240=CYLINDRICAL_SURFACE('',#8425,0.00213134840017596);
#241=CYLINDRICAL_SURFACE('',#8451,0.00257232766249644);
#242=CYLINDRICAL_SURFACE('',#8454,0.00257232766249628);
#243=CYLINDRICAL_SURFACE('',#8457,0.00513729483971692);
#244=CYLINDRICAL_SURFACE('',#8464,0.00330222904747696);
#245=CYLINDRICAL_SURFACE('',#8468,0.00465713763405366);
#246=CYLINDRICAL_SURFACE('',#8471,0.0030434094108707);
#247=CYLINDRICAL_SURFACE('',#8474,0.00401537941552028);
#248=CYLINDRICAL_SURFACE('',#8489,0.00486575682797732);
#249=CYLINDRICAL_SURFACE('',#8492,0.0023785630560857);
#250=CYLINDRICAL_SURFACE('',#8494,0.00360063361212369);
#251=CYLINDRICAL_SURFACE('',#8497,0.00526439745003904);
#252=CYLINDRICAL_SURFACE('',#8508,0.00212691037681984);
#253=CYLINDRICAL_SURFACE('',#8513,0.00390440714339683);
#254=CYLINDRICAL_SURFACE('',#8515,0.00294312968661885);
#255=CYLINDRICAL_SURFACE('',#8517,0.00317049849031042);
#256=CYLINDRICAL_SURFACE('',#8522,0.00218669854725424);
#257=CYLINDRICAL_SURFACE('',#8525,0.00260910032338593);
#258=CYLINDRICAL_SURFACE('',#8533,0.00326675643053353);
#259=CYLINDRICAL_SURFACE('',#8535,0.00526881650189674);
#260=CYLINDRICAL_SURFACE('',#8539,0.00304442972558145);
#261=CYLINDRICAL_SURFACE('',#8553,0.00273150503393066);
#262=CYLINDRICAL_SURFACE('',#8557,0.00486575683207804);
#263=CYLINDRICAL_SURFACE('',#8560,0.0023785630560846);
#264=CYLINDRICAL_SURFACE('',#8562,0.00360063361211376);
#265=CYLINDRICAL_SURFACE('',#8565,0.00526439745003985);
#266=CYLINDRICAL_SURFACE('',#8573,0.00153657565953022);
#267=CYLINDRICAL_SURFACE('',#8582,0.00122250866951292);
#268=CYLINDRICAL_SURFACE('',#8585,0.00270289339067801);
#269=CYLINDRICAL_SURFACE('',#8590,0.00201247294045584);
#270=CYLINDRICAL_SURFACE('',#8592,0.00268234845138432);
#271=CYLINDRICAL_SURFACE('',#8597,0.00284319914640524);
#272=CYLINDRICAL_SURFACE('',#8600,0.00358051694782696);
#273=CYLINDRICAL_SURFACE('',#8603,0.00322234101795774);
#274=CYLINDRICAL_SURFACE('',#8605,0.00478885601253134);
#275=CYLINDRICAL_SURFACE('',#8607,0.00326156639160216);
#276=CIRCLE('',#8258,0.00326156639160216);
#277=CIRCLE('',#8259,0.00478885601253134);
#278=CIRCLE('',#8260,0.00322234101795774);
#279=CIRCLE('',#8261,0.00268234845138432);
#280=CIRCLE('',#8262,0.00201247294045584);
#281=CIRCLE('',#8263,0.00270289339067801);
#282=CIRCLE('',#8264,0.00526439745003985);
#283=CIRCLE('',#8265,0.00360063361211376);
#284=CIRCLE('',#8266,0.0023785630560846);
#285=CIRCLE('',#8267,0.00486575683207804);
#286=CIRCLE('',#8268,0.00273150503393066);
#287=CIRCLE('',#8269,0.00526881650189674);
#288=CIRCLE('',#8270,0.00326675643053353);
#289=CIRCLE('',#8271,0.00317049849031042);
#290=CIRCLE('',#8272,0.00294312968661885);
#291=CIRCLE('',#8273,0.00390440714339683);
#292=CIRCLE('',#8274,0.00212691037681984);
#293=CIRCLE('',#8275,0.00526439745003904);
#294=CIRCLE('',#8276,0.00360063361212369);
#295=CIRCLE('',#8277,0.0023785630560857);
#296=CIRCLE('',#8278,0.00486575682797732);
#297=CIRCLE('',#8279,0.00401537941552028);
#298=CIRCLE('',#8280,0.0030434094108707);
#299=CIRCLE('',#8281,0.00465713763405366);
#300=CIRCLE('',#8282,0.00330222904747696);
#301=CIRCLE('',#8283,0.00513729483971692);
#302=CIRCLE('',#8284,0.00261282710505855);
#303=CIRCLE('',#8285,0.00407098765914954);
#304=CIRCLE('',#8286,0.00407426627467597);
#305=CIRCLE('',#8287,0.00318467366212744);
#306=CIRCLE('',#8288,0.00396253565586463);
#307=CIRCLE('',#8289,0.00515211389625287);
#308=CIRCLE('',#8290,0.00182743551498004);
#309=CIRCLE('',#8291,0.00445963223179919);
#310=CIRCLE('',#8292,0.00400158859268646);
#311=CIRCLE('',#8293,0.00330222904748285);
#312=CIRCLE('',#8294,0.00297202033020539);
#313=CIRCLE('',#8295,0.0050798732893749);
#314=CIRCLE('',#8296,0.0033022290474829);
#315=CIRCLE('',#8297,0.00513729483971549);
#316=CIRCLE('',#8299,0.1524);
#317=CIRCLE('',#8300,0.1524);
#318=CIRCLE('',#8301,0.14605);
#319=CIRCLE('',#8302,0.14605);
#320=CIRCLE('',#8308,0.0209442271520739);
#321=CIRCLE('',#8315,0.0108314977475694);
#322=CIRCLE('',#8320,0.0108314977475694);
#323=CIRCLE('',#8322,0.0209442271520739);
#324=CIRCLE('',#8339,0.00257232766249988);
#325=CIRCLE('',#8340,0.00257232766249988);
#326=CIRCLE('',#8342,0.0025723276624925);
#327=CIRCLE('',#8343,0.0025723276624925);
#328=CIRCLE('',#8345,0.00513729483971549);
#329=CIRCLE('',#8352,0.0033022290474829);
#330=CIRCLE('',#8356,0.00257232766249858);
#331=CIRCLE('',#8357,0.00257232766249858);
#332=CIRCLE('',#8359,0.00257232766249614);
#333=CIRCLE('',#8360,0.00257232766249614);
#334=CIRCLE('',#8362,0.0050798732893749);
#335=CIRCLE('',#8364,0.00297202033020539);
#336=CIRCLE('',#8371,0.00330222904748285);
#337=CIRCLE('',#8375,0.0022267793964309);
#338=CIRCLE('',#8376,0.0022267793964309);
#339=CIRCLE('',#8379,0.00152495058557611);
#340=CIRCLE('',#8380,0.00152495058557611);
#341=CIRCLE('',#8382,0.00400158859268646);
#342=CIRCLE('',#8384,0.00445963223179919);
#343=CIRCLE('',#8387,0.00182743551498004);
#344=CIRCLE('',#8390,0.00515211389625287);
#345=CIRCLE('',#8392,0.00396253565586463);
#346=CIRCLE('',#8397,0.00318467366212744);
#347=CIRCLE('',#8411,0.00152958098849817);
#348=CIRCLE('',#8412,0.00152958098849817);
#349=CIRCLE('',#8414,0.00266853607784439);
#350=CIRCLE('',#8415,0.00266853607784439);
#351=CIRCLE('',#8417,0.00253706554016942);
#352=CIRCLE('',#8418,0.00253706554016942);
#353=CIRCLE('',#8420,0.00407426627467597);
#354=CIRCLE('',#8422,0.00407098765914954);
#355=CIRCLE('',#8424,0.00261282710505855);
#356=CIRCLE('',#8426,0.00213134840017596);
#357=CIRCLE('',#8427,0.00213134840017596);
#358=CIRCLE('',#8452,0.00257232766249644);
#359=CIRCLE('',#8453,0.00257232766249644);
#360=CIRCLE('',#8455,0.00257232766249628);
#361=CIRCLE('',#8456,0.00257232766249628);
#362=CIRCLE('',#8458,0.00513729483971692);
#363=CIRCLE('',#8465,0.00330222904747696);
#364=CIRCLE('',#8469,0.00465713763405366);
#365=CIRCLE('',#8472,0.0030434094108707);
#366=CIRCLE('',#8475,0.00401537941552028);
#367=CIRCLE('',#8490,0.00486575682797732);
#368=CIRCLE('',#8493,0.0023785630560857);
#369=CIRCLE('',#8495,0.00360063361212369);
#370=CIRCLE('',#8498,0.00526439745003904);
#371=CIRCLE('',#8509,0.00212691037681984);
#372=CIRCLE('',#8514,0.00390440714339683);
#373=CIRCLE('',#8516,0.00294312968661885);
#374=CIRCLE('',#8518,0.00317049849031042);
#375=CIRCLE('',#8523,0.00218669854725424);
#376=CIRCLE('',#8524,0.00218669854725424);
#377=CIRCLE('',#8526,0.00260910032338593);
#378=CIRCLE('',#8527,0.00260910032338593);
#379=CIRCLE('',#8534,0.00326675643053353);
#380=CIRCLE('',#8536,0.00526881650189674);
#381=CIRCLE('',#8540,0.00304442972558145);
#382=CIRCLE('',#8541,0.00304442972558145);
#383=CIRCLE('',#8554,0.00273150503393066);
#384=CIRCLE('',#8558,0.00486575683207804);
#385=CIRCLE('',#8561,0.0023785630560846);
#386=CIRCLE('',#8563,0.00360063361211376);
#387=CIRCLE('',#8566,0.00526439745003985);
#388=CIRCLE('',#8574,0.00153657565953022);
#389=CIRCLE('',#8575,0.00153657565953022);
#390=CIRCLE('',#8583,0.00122250866951292);
#391=CIRCLE('',#8584,0.00122250866951292);
#392=CIRCLE('',#8586,0.00270289339067801);
#393=CIRCLE('',#8591,0.00201247294045584);
#394=CIRCLE('',#8593,0.00268234845138432);
#395=CIRCLE('',#8598,0.00284319914640524);
#396=CIRCLE('',#8599,0.00284319914640524);
#397=CIRCLE('',#8601,0.00358051694782696);
#398=CIRCLE('',#8602,0.00358051694782696);
#399=CIRCLE('',#8604,0.00322234101795774);
#400=CIRCLE('',#8606,0.00478885601253134);
#401=CIRCLE('',#8608,0.00326156639160216);
#402=B_SPLINE_CURVE_WITH_KNOTS('',2,(#10116,#10117,#10118),
 .UNSPECIFIED.,.F.,.F.,(3,3),(0.,1.),.PIECEWISE_BEZIER_KNOTS.);
#403=B_SPLINE_CURVE_WITH_KNOTS('',2,(#10123,#10124,#10125),
 .UNSPECIFIED.,.F.,.F.,(3,3),(0.,1.),.PIECEWISE_BEZIER_KNOTS.);
#404=B_SPLINE_CURVE_WITH_KNOTS('',2,(#10127,#10128,#10129),
 .UNSPECIFIED.,.F.,.F.,(3,3),(0.,1.),.PIECEWISE_BEZIER_KNOTS.);
#405=B_SPLINE_CURVE_WITH_KNOTS('',2,(#10133,#10134,#10135),
 .UNSPECIFIED.,.F.,.F.,(3,3),(0.,1.),.PIECEWISE_BEZIER_KNOTS.);
#406=B_SPLINE_CURVE_WITH_KNOTS('',2,(#10137,#10138,#10139),
 .UNSPECIFIED.,.F.,.F.,(3,3),(0.,1.),.PIECEWISE_BEZIER_KNOTS.);
#407=B_SPLINE_CURVE_WITH_KNOTS('',2,(#10143,#10144,#10145),
 .UNSPECIFIED.,.F.,.F.,(3,3),(0.,1.),.PIECEWISE_BEZIER_KNOTS.);
#408=B_SPLINE_CURVE_WITH_KNOTS('',2,(#10147,#10148,#10149),
 .UNSPECIFIED.,.F.,.F.,(3,3),(0.,1.),.PIECEWISE_BEZIER_KNOTS.);
#409=B_SPLINE_CURVE_WITH_KNOTS('',2,(#10151,#10152,#10153),
 .UNSPECIFIED.,.F.,.F.,(3,3),(0.,1.),.PIECEWISE_BEZIER_KNOTS.);
#410=B_SPLINE_CURVE_WITH_KNOTS('',2,(#10155,#10156,#10157),
 .UNSPECIFIED.,.F.,.F.,(3,3),(0.,1.),.PIECEWISE_BEZIER_KNOTS.);
#411=B_SPLINE_CURVE_WITH_KNOTS('',2,(#10158,#10159,#10160),
 .UNSPECIFIED.,.F.,.F.,(3,3),(0.,1.),.PIECEWISE_BEZIER_KNOTS.);
#412=B_SPLINE_CURVE_WITH_KNOTS('',2,(#10165,#10166,#10167),
 .UNSPECIFIED.,.F.,.F.,(3,3),(0.,1.),.PIECEWISE_BEZIER_KNOTS.);
#413=B_SPLINE_CURVE_WITH_KNOTS('',2,(#10169,#10170,#10171),
 .UNSPECIFIED.,.F.,.F.,(3,3),(0.,1.),.PIECEWISE_BEZIER_KNOTS.);
#414=B_SPLINE_CURVE_WITH_KNOTS('',2,(#10175,#10176,#10177),
 .UNSPECIFIED.,.F.,.F.,(3,3),(0.,1.),.PIECEWISE_BEZIER_KNOTS.);
#415=B_SPLINE_CURVE_WITH_KNOTS('',2,(#10179,#10180,#10181),
 .UNSPECIFIED.,.F.,.F.,(3,3),(0.,1.),.PIECEWISE_BEZIER_KNOTS.);
#416=B_SPLINE_CURVE_WITH_KNOTS('',2,(#10189,#10190,#10191),
 .UNSPECIFIED.,.F.,.F.,(3,3),(0.,1.),.PIECEWISE_BEZIER_KNOTS.);
#417=B_SPLINE_CURVE_WITH_KNOTS('',2,(#10193,#10194,#10195),
 .UNSPECIFIED.,.F.,.F.,(3,3),(0.,1.),.PIECEWISE_BEZIER_KNOTS.);
#418=B_SPLINE_CURVE_WITH_KNOTS('',2,(#10206,#10207,#10208),
 .UNSPECIFIED.,.F.,.F.,(3,3),(0.,1.),.PIECEWISE_BEZIER_KNOTS.);
#419=B_SPLINE_CURVE_WITH_KNOTS('',2,(#10213,#10214,#10215),
 .UNSPECIFIED.,.F.,.F.,(3,3),(0.,1.),.PIECEWISE_BEZIER_KNOTS.);
#420=B_SPLINE_CURVE_WITH_KNOTS('',2,(#10217,#10218,#10219),
 .UNSPECIFIED.,.F.,.F.,(3,3),(0.,1.),.PIECEWISE_BEZIER_KNOTS.);
#421=B_SPLINE_CURVE_WITH_KNOTS('',2,(#10221,#10222,#10223),
 .UNSPECIFIED.,.F.,.F.,(3,3),(0.,1.),.PIECEWISE_BEZIER_KNOTS.);
#422=B_SPLINE_CURVE_WITH_KNOTS('',2,(#10227,#10228,#10229),
 .UNSPECIFIED.,.F.,.F.,(3,3),(0.,1.),.PIECEWISE_BEZIER_KNOTS.);
#423=B_SPLINE_CURVE_WITH_KNOTS('',2,(#10231,#10232,#10233),
 .UNSPECIFIED.,.F.,.F.,(3,3),(0.,1.),.PIECEWISE_BEZIER_KNOTS.);
#424=B_SPLINE_CURVE_WITH_KNOTS('',2,(#10235,#10236,#10237),
 .UNSPECIFIED.,.F.,.F.,(3,3),(0.,1.),.PIECEWISE_BEZIER_KNOTS.);
#425=B_SPLINE_CURVE_WITH_KNOTS('',2,(#10239,#10240,#10241),
 .UNSPECIFIED.,.F.,.F.,(3,3),(0.,1.),.PIECEWISE_BEZIER_KNOTS.);
#426=B_SPLINE_CURVE_WITH_KNOTS('',2,(#10245,#10246,#10247),
 .UNSPECIFIED.,.F.,.F.,(3,3),(0.,1.),.PIECEWISE_BEZIER_KNOTS.);
#427=B_SPLINE_CURVE_WITH_KNOTS('',2,(#10249,#10250,#10251),
 .UNSPECIFIED.,.F.,.F.,(3,3),(0.,1.),.PIECEWISE_BEZIER_KNOTS.);
#428=B_SPLINE_CURVE_WITH_KNOTS('',2,(#10255,#10256,#10257),
 .UNSPECIFIED.,.F.,.F.,(3,3),(0.,1.),.PIECEWISE_BEZIER_KNOTS.);
#429=B_SPLINE_CURVE_WITH_KNOTS('',2,(#10261,#10262,#10263),
 .UNSPECIFIED.,.F.,.F.,(3,3),(0.,1.),.PIECEWISE_BEZIER_KNOTS.);
#430=B_SPLINE_CURVE_WITH_KNOTS('',2,(#10265,#10266,#10267),
 .UNSPECIFIED.,.F.,.F.,(3,3),(0.,1.),.PIECEWISE_BEZIER_KNOTS.);
#431=B_SPLINE_CURVE_WITH_KNOTS('',2,(#10269,#10270,#10271),
 .UNSPECIFIED.,.F.,.F.,(3,3),(0.,1.),.PIECEWISE_BEZIER_KNOTS.);
#432=B_SPLINE_CURVE_WITH_KNOTS('',2,(#10273,#10274,#10275),
 .UNSPECIFIED.,.F.,.F.,(3,3),(0.,1.),.PIECEWISE_BEZIER_KNOTS.);
#433=B_SPLINE_CURVE_WITH_KNOTS('',2,(#10277,#10278,#10279),
 .UNSPECIFIED.,.F.,.F.,(3,3),(0.,1.),.PIECEWISE_BEZIER_KNOTS.);
#434=B_SPLINE_CURVE_WITH_KNOTS('',2,(#10282,#10283,#10284),
 .UNSPECIFIED.,.F.,.F.,(3,3),(0.,1.),.PIECEWISE_BEZIER_KNOTS.);
#435=B_SPLINE_CURVE_WITH_KNOTS('',2,(#10287,#10288,#10289),
 .UNSPECIFIED.,.F.,.F.,(3,3),(0.,1.),.PIECEWISE_BEZIER_KNOTS.);
#436=B_SPLINE_CURVE_WITH_KNOTS('',2,(#10293,#10294,#10295),
 .UNSPECIFIED.,.F.,.F.,(3,3),(0.,1.),.PIECEWISE_BEZIER_KNOTS.);
#437=B_SPLINE_CURVE_WITH_KNOTS('',2,(#10297,#10298,#10299),
 .UNSPECIFIED.,.F.,.F.,(3,3),(0.,1.),.PIECEWISE_BEZIER_KNOTS.);
#438=B_SPLINE_CURVE_WITH_KNOTS('',2,(#10316,#10317,#10318),
 .UNSPECIFIED.,.F.,.F.,(3,3),(0.,1.),.PIECEWISE_BEZIER_KNOTS.);
#439=B_SPLINE_CURVE_WITH_KNOTS('',2,(#10321,#10322,#10323),
 .UNSPECIFIED.,.F.,.F.,(3,3),(0.,1.),.PIECEWISE_BEZIER_KNOTS.);
#440=B_SPLINE_CURVE_WITH_KNOTS('',2,(#10325,#10326,#10327),
 .UNSPECIFIED.,.F.,.F.,(3,3),(0.,1.),.PIECEWISE_BEZIER_KNOTS.);
#441=B_SPLINE_CURVE_WITH_KNOTS('',2,(#10329,#10330,#10331),
 .UNSPECIFIED.,.F.,.F.,(3,3),(0.,1.),.PIECEWISE_BEZIER_KNOTS.);
#442=B_SPLINE_CURVE_WITH_KNOTS('',2,(#10335,#10336,#10337),
 .UNSPECIFIED.,.F.,.F.,(3,3),(0.,1.),.PIECEWISE_BEZIER_KNOTS.);
#443=B_SPLINE_CURVE_WITH_KNOTS('',2,(#10339,#10340,#10341),
 .UNSPECIFIED.,.F.,.F.,(3,3),(0.,1.),.PIECEWISE_BEZIER_KNOTS.);
#444=B_SPLINE_CURVE_WITH_KNOTS('',2,(#10345,#10346,#10347),
 .UNSPECIFIED.,.F.,.F.,(3,3),(0.,1.),.PIECEWISE_BEZIER_KNOTS.);
#445=B_SPLINE_CURVE_WITH_KNOTS('',2,(#10349,#10350,#10351),
 .UNSPECIFIED.,.F.,.F.,(3,3),(0.,1.),.PIECEWISE_BEZIER_KNOTS.);
#446=B_SPLINE_CURVE_WITH_KNOTS('',2,(#10373,#10374,#10375),
 .UNSPECIFIED.,.F.,.F.,(3,3),(0.,1.),.PIECEWISE_BEZIER_KNOTS.);
#447=B_SPLINE_CURVE_WITH_KNOTS('',2,(#10377,#10378,#10379),
 .UNSPECIFIED.,.F.,.F.,(3,3),(0.,1.),.PIECEWISE_BEZIER_KNOTS.);
#448=B_SPLINE_CURVE_WITH_KNOTS('',2,(#10391,#10392,#10393),
 .UNSPECIFIED.,.F.,.F.,(3,3),(0.,1.),.PIECEWISE_BEZIER_KNOTS.);
#449=B_SPLINE_CURVE_WITH_KNOTS('',2,(#10395,#10396,#10397),
 .UNSPECIFIED.,.F.,.F.,(3,3),(0.,1.),.PIECEWISE_BEZIER_KNOTS.);
#450=B_SPLINE_CURVE_WITH_KNOTS('',2,(#10399,#10400,#10401),
 .UNSPECIFIED.,.F.,.F.,(3,3),(0.,1.),.PIECEWISE_BEZIER_KNOTS.);
#451=B_SPLINE_CURVE_WITH_KNOTS('',2,(#10403,#10404,#10405),
 .UNSPECIFIED.,.F.,.F.,(3,3),(0.,1.),.PIECEWISE_BEZIER_KNOTS.);
#452=B_SPLINE_CURVE_WITH_KNOTS('',2,(#10418,#10419,#10420),
 .UNSPECIFIED.,.F.,.F.,(3,3),(0.,1.),.PIECEWISE_BEZIER_KNOTS.);
#453=B_SPLINE_CURVE_WITH_KNOTS('',2,(#10425,#10426,#10427),
 .UNSPECIFIED.,.F.,.F.,(3,3),(0.,1.),.PIECEWISE_BEZIER_KNOTS.);
#454=B_SPLINE_CURVE_WITH_KNOTS('',2,(#10429,#10430,#10431),
 .UNSPECIFIED.,.F.,.F.,(3,3),(0.,1.),.PIECEWISE_BEZIER_KNOTS.);
#455=B_SPLINE_CURVE_WITH_KNOTS('',2,(#10433,#10434,#10435),
 .UNSPECIFIED.,.F.,.F.,(3,3),(0.,1.),.PIECEWISE_BEZIER_KNOTS.);
#456=B_SPLINE_CURVE_WITH_KNOTS('',2,(#10439,#10440,#10441),
 .UNSPECIFIED.,.F.,.F.,(3,3),(0.,1.),.PIECEWISE_BEZIER_KNOTS.);
#457=B_SPLINE_CURVE_WITH_KNOTS('',2,(#10443,#10444,#10445),
 .UNSPECIFIED.,.F.,.F.,(3,3),(0.,1.),.PIECEWISE_BEZIER_KNOTS.);
#458=B_SPLINE_CURVE_WITH_KNOTS('',2,(#10447,#10448,#10449),
 .UNSPECIFIED.,.F.,.F.,(3,3),(0.,1.),.PIECEWISE_BEZIER_KNOTS.);
#459=B_SPLINE_CURVE_WITH_KNOTS('',2,(#10451,#10452,#10453),
 .UNSPECIFIED.,.F.,.F.,(3,3),(0.,1.),.PIECEWISE_BEZIER_KNOTS.);
#460=B_SPLINE_CURVE_WITH_KNOTS('',2,(#10457,#10458,#10459),
 .UNSPECIFIED.,.F.,.F.,(3,3),(0.,1.),.PIECEWISE_BEZIER_KNOTS.);
#461=B_SPLINE_CURVE_WITH_KNOTS('',2,(#10461,#10462,#10463),
 .UNSPECIFIED.,.F.,.F.,(3,3),(0.,1.),.PIECEWISE_BEZIER_KNOTS.);
#462=B_SPLINE_CURVE_WITH_KNOTS('',2,(#10467,#10468,#10469),
 .UNSPECIFIED.,.F.,.F.,(3,3),(0.,1.),.PIECEWISE_BEZIER_KNOTS.);
#463=B_SPLINE_CURVE_WITH_KNOTS('',2,(#10473,#10474,#10475),
 .UNSPECIFIED.,.F.,.F.,(3,3),(0.,1.),.PIECEWISE_BEZIER_KNOTS.);
#464=B_SPLINE_CURVE_WITH_KNOTS('',2,(#10477,#10478,#10479),
 .UNSPECIFIED.,.F.,.F.,(3,3),(0.,1.),.PIECEWISE_BEZIER_KNOTS.);
#465=B_SPLINE_CURVE_WITH_KNOTS('',2,(#10481,#10482,#10483),
 .UNSPECIFIED.,.F.,.F.,(3,3),(0.,1.),.PIECEWISE_BEZIER_KNOTS.);
#466=B_SPLINE_CURVE_WITH_KNOTS('',2,(#10485,#10486,#10487),
 .UNSPECIFIED.,.F.,.F.,(3,3),(0.,1.),.PIECEWISE_BEZIER_KNOTS.);
#467=B_SPLINE_CURVE_WITH_KNOTS('',2,(#10489,#10490,#10491),
 .UNSPECIFIED.,.F.,.F.,(3,3),(0.,1.),.PIECEWISE_BEZIER_KNOTS.);
#468=B_SPLINE_CURVE_WITH_KNOTS('',2,(#10516,#10517,#10518),
 .UNSPECIFIED.,.F.,.F.,(3,3),(0.,1.),.PIECEWISE_BEZIER_KNOTS.);
#469=B_SPLINE_CURVE_WITH_KNOTS('',2,(#10523,#10524,#10525),
 .UNSPECIFIED.,.F.,.F.,(3,3),(0.,1.),.PIECEWISE_BEZIER_KNOTS.);
#470=B_SPLINE_CURVE_WITH_KNOTS('',2,(#10527,#10528,#10529),
 .UNSPECIFIED.,.F.,.F.,(3,3),(0.,1.),.PIECEWISE_BEZIER_KNOTS.);
#471=B_SPLINE_CURVE_WITH_KNOTS('',2,(#10531,#10532,#10533),
 .UNSPECIFIED.,.F.,.F.,(3,3),(0.,1.),.PIECEWISE_BEZIER_KNOTS.);
#472=B_SPLINE_CURVE_WITH_KNOTS('',2,(#10537,#10538,#10539),
 .UNSPECIFIED.,.F.,.F.,(3,3),(0.,1.),.PIECEWISE_BEZIER_KNOTS.);
#473=B_SPLINE_CURVE_WITH_KNOTS('',2,(#10541,#10542,#10543),
 .UNSPECIFIED.,.F.,.F.,(3,3),(0.,1.),.PIECEWISE_BEZIER_KNOTS.);
#474=B_SPLINE_CURVE_WITH_KNOTS('',2,(#10545,#10546,#10547),
 .UNSPECIFIED.,.F.,.F.,(3,3),(0.,1.),.PIECEWISE_BEZIER_KNOTS.);
#475=B_SPLINE_CURVE_WITH_KNOTS('',2,(#10551,#10552,#10553),
 .UNSPECIFIED.,.F.,.F.,(3,3),(0.,1.),.PIECEWISE_BEZIER_KNOTS.);
#476=B_SPLINE_CURVE_WITH_KNOTS('',2,(#10555,#10556,#10557),
 .UNSPECIFIED.,.F.,.F.,(3,3),(0.,1.),.PIECEWISE_BEZIER_KNOTS.);
#477=B_SPLINE_CURVE_WITH_KNOTS('',2,(#10559,#10560,#10561),
 .UNSPECIFIED.,.F.,.F.,(3,3),(0.,1.),.PIECEWISE_BEZIER_KNOTS.);
#478=B_SPLINE_CURVE_WITH_KNOTS('',2,(#10565,#10566,#10567),
 .UNSPECIFIED.,.F.,.F.,(3,3),(0.,1.),.PIECEWISE_BEZIER_KNOTS.);
#479=B_SPLINE_CURVE_WITH_KNOTS('',2,(#10569,#10570,#10571),
 .UNSPECIFIED.,.F.,.F.,(3,3),(0.,1.),.PIECEWISE_BEZIER_KNOTS.);
#480=B_SPLINE_CURVE_WITH_KNOTS('',2,(#10573,#10574,#10575),
 .UNSPECIFIED.,.F.,.F.,(3,3),(0.,1.),.PIECEWISE_BEZIER_KNOTS.);
#481=B_SPLINE_CURVE_WITH_KNOTS('',2,(#10577,#10578,#10579),
 .UNSPECIFIED.,.F.,.F.,(3,3),(0.,1.),.PIECEWISE_BEZIER_KNOTS.);
#482=B_SPLINE_CURVE_WITH_KNOTS('',2,(#10582,#10583,#10584),
 .UNSPECIFIED.,.F.,.F.,(3,3),(0.,1.),.PIECEWISE_BEZIER_KNOTS.);
#483=B_SPLINE_CURVE_WITH_KNOTS('',2,(#10587,#10588,#10589),
 .UNSPECIFIED.,.F.,.F.,(3,3),(0.,1.),.PIECEWISE_BEZIER_KNOTS.);
#484=B_SPLINE_CURVE_WITH_KNOTS('',2,(#10593,#10594,#10595),
 .UNSPECIFIED.,.F.,.F.,(3,3),(0.,1.),.PIECEWISE_BEZIER_KNOTS.);
#485=B_SPLINE_CURVE_WITH_KNOTS('',2,(#10597,#10598,#10599),
 .UNSPECIFIED.,.F.,.F.,(3,3),(0.,1.),.PIECEWISE_BEZIER_KNOTS.);
#486=B_SPLINE_CURVE_WITH_KNOTS('',2,(#10611,#10612,#10613),
 .UNSPECIFIED.,.F.,.F.,(3,3),(0.,1.),.PIECEWISE_BEZIER_KNOTS.);
#487=B_SPLINE_CURVE_WITH_KNOTS('',2,(#10615,#10616,#10617),
 .UNSPECIFIED.,.F.,.F.,(3,3),(0.,1.),.PIECEWISE_BEZIER_KNOTS.);
#488=B_SPLINE_CURVE_WITH_KNOTS('',2,(#10619,#10620,#10621),
 .UNSPECIFIED.,.F.,.F.,(3,3),(0.,1.),.PIECEWISE_BEZIER_KNOTS.);
#489=B_SPLINE_CURVE_WITH_KNOTS('',2,(#10623,#10624,#10625),
 .UNSPECIFIED.,.F.,.F.,(3,3),(0.,1.),.PIECEWISE_BEZIER_KNOTS.);
#490=B_SPLINE_CURVE_WITH_KNOTS('',2,(#10627,#10628,#10629),
 .UNSPECIFIED.,.F.,.F.,(3,3),(0.,1.),.PIECEWISE_BEZIER_KNOTS.);
#491=B_SPLINE_CURVE_WITH_KNOTS('',2,(#10656,#10657,#10658),
 .UNSPECIFIED.,.F.,.F.,(3,3),(0.,1.),.PIECEWISE_BEZIER_KNOTS.);
#492=B_SPLINE_CURVE_WITH_KNOTS('',2,(#10661,#10662,#10663),
 .UNSPECIFIED.,.F.,.F.,(3,3),(0.,1.),.PIECEWISE_BEZIER_KNOTS.);
#493=B_SPLINE_CURVE_WITH_KNOTS('',2,(#10669,#10670,#10671),
 .UNSPECIFIED.,.F.,.F.,(3,3),(0.,1.),.PIECEWISE_BEZIER_KNOTS.);
#494=B_SPLINE_CURVE_WITH_KNOTS('',2,(#10673,#10674,#10675),
 .UNSPECIFIED.,.F.,.F.,(3,3),(0.,1.),.PIECEWISE_BEZIER_KNOTS.);
#495=B_SPLINE_CURVE_WITH_KNOTS('',2,(#10686,#10687,#10688),
 .UNSPECIFIED.,.F.,.F.,(3,3),(0.,1.),.PIECEWISE_BEZIER_KNOTS.);
#496=B_SPLINE_CURVE_WITH_KNOTS('',2,(#10693,#10694,#10695),
 .UNSPECIFIED.,.F.,.F.,(3,3),(0.,1.),.PIECEWISE_BEZIER_KNOTS.);
#497=B_SPLINE_CURVE_WITH_KNOTS('',2,(#10697,#10698,#10699),
 .UNSPECIFIED.,.F.,.F.,(3,3),(0.,1.),.PIECEWISE_BEZIER_KNOTS.);
#498=B_SPLINE_CURVE_WITH_KNOTS('',2,(#10703,#10704,#10705),
 .UNSPECIFIED.,.F.,.F.,(3,3),(0.,1.),.PIECEWISE_BEZIER_KNOTS.);
#499=B_SPLINE_CURVE_WITH_KNOTS('',2,(#10707,#10708,#10709),
 .UNSPECIFIED.,.F.,.F.,(3,3),(0.,1.),.PIECEWISE_BEZIER_KNOTS.);
#500=B_SPLINE_CURVE_WITH_KNOTS('',2,(#10711,#10712,#10713),
 .UNSPECIFIED.,.F.,.F.,(3,3),(0.,1.),.PIECEWISE_BEZIER_KNOTS.);
#501=B_SPLINE_CURVE_WITH_KNOTS('',2,(#10715,#10716,#10717),
 .UNSPECIFIED.,.F.,.F.,(3,3),(0.,1.),.PIECEWISE_BEZIER_KNOTS.);
#502=B_SPLINE_CURVE_WITH_KNOTS('',2,(#10719,#10720,#10721),
 .UNSPECIFIED.,.F.,.F.,(3,3),(0.,1.),.PIECEWISE_BEZIER_KNOTS.);
#503=B_SPLINE_CURVE_WITH_KNOTS('',2,(#10725,#10726,#10727),
 .UNSPECIFIED.,.F.,.F.,(3,3),(0.,1.),.PIECEWISE_BEZIER_KNOTS.);
#504=B_SPLINE_CURVE_WITH_KNOTS('',2,(#10728,#10729,#10730),
 .UNSPECIFIED.,.F.,.F.,(3,3),(0.,1.),.PIECEWISE_BEZIER_KNOTS.);
#505=B_SPLINE_CURVE_WITH_KNOTS('',2,(#10733,#10734,#10735),
 .UNSPECIFIED.,.F.,.F.,(3,3),(0.,1.),.PIECEWISE_BEZIER_KNOTS.);
#506=B_SPLINE_CURVE_WITH_KNOTS('',2,(#10759,#10760,#10761),
 .UNSPECIFIED.,.F.,.F.,(3,3),(0.,1.),.PIECEWISE_BEZIER_KNOTS.);
#507=B_SPLINE_CURVE_WITH_KNOTS('',2,(#10763,#10764,#10765),
 .UNSPECIFIED.,.F.,.F.,(3,3),(0.,1.),.PIECEWISE_BEZIER_KNOTS.);
#508=B_SPLINE_CURVE_WITH_KNOTS('',2,(#10770,#10771,#10772),
 .UNSPECIFIED.,.F.,.F.,(3,3),(0.,1.),.PIECEWISE_BEZIER_KNOTS.);
#509=B_SPLINE_CURVE_WITH_KNOTS('',2,(#10775,#10776,#10777),
 .UNSPECIFIED.,.F.,.F.,(3,3),(0.,1.),.PIECEWISE_BEZIER_KNOTS.);
#510=B_SPLINE_CURVE_WITH_KNOTS('',2,(#10787,#10788,#10789),
 .UNSPECIFIED.,.F.,.F.,(3,3),(0.,1.),.PIECEWISE_BEZIER_KNOTS.);
#511=B_SPLINE_CURVE_WITH_KNOTS('',2,(#10791,#10792,#10793),
 .UNSPECIFIED.,.F.,.F.,(3,3),(0.,1.),.PIECEWISE_BEZIER_KNOTS.);
#512=B_SPLINE_CURVE_WITH_KNOTS('',2,(#10795,#10796,#10797),
 .UNSPECIFIED.,.F.,.F.,(3,3),(0.,1.),.PIECEWISE_BEZIER_KNOTS.);
#513=B_SPLINE_CURVE_WITH_KNOTS('',2,(#10801,#10802,#10803),
 .UNSPECIFIED.,.F.,.F.,(3,3),(0.,1.),.PIECEWISE_BEZIER_KNOTS.);
#514=B_SPLINE_CURVE_WITH_KNOTS('',2,(#10805,#10806,#10807),
 .UNSPECIFIED.,.F.,.F.,(3,3),(0.,1.),.PIECEWISE_BEZIER_KNOTS.);
#515=B_SPLINE_CURVE_WITH_KNOTS('',2,(#10809,#10810,#10811),
 .UNSPECIFIED.,.F.,.F.,(3,3),(0.,1.),.PIECEWISE_BEZIER_KNOTS.);
#516=B_SPLINE_CURVE_WITH_KNOTS('',2,(#10813,#10814,#10815),
 .UNSPECIFIED.,.F.,.F.,(3,3),(0.,1.),.PIECEWISE_BEZIER_KNOTS.);
#517=B_SPLINE_CURVE_WITH_KNOTS('',2,(#10819,#10820,#10821),
 .UNSPECIFIED.,.F.,.F.,(3,3),(0.,1.),.PIECEWISE_BEZIER_KNOTS.);
#518=B_SPLINE_CURVE_WITH_KNOTS('',2,(#10825,#10826,#10827),
 .UNSPECIFIED.,.F.,.F.,(3,3),(0.,1.),.PIECEWISE_BEZIER_KNOTS.);
#519=B_SPLINE_CURVE_WITH_KNOTS('',2,(#10828,#10829,#10830),
 .UNSPECIFIED.,.F.,.F.,(3,3),(0.,1.),.PIECEWISE_BEZIER_KNOTS.);
#520=B_SPLINE_CURVE_WITH_KNOTS('',2,(#10833,#10834,#10835),
 .UNSPECIFIED.,.F.,.F.,(3,3),(0.,1.),.PIECEWISE_BEZIER_KNOTS.);
#521=B_SPLINE_CURVE_WITH_KNOTS('',2,(#10839,#10840,#10841),
 .UNSPECIFIED.,.F.,.F.,(3,3),(0.,1.),.PIECEWISE_BEZIER_KNOTS.);
#522=B_SPLINE_CURVE_WITH_KNOTS('',2,(#10843,#10844,#10845),
 .UNSPECIFIED.,.F.,.F.,(3,3),(0.,1.),.PIECEWISE_BEZIER_KNOTS.);
#523=B_SPLINE_CURVE_WITH_KNOTS('',2,(#10859,#10860,#10861),
 .UNSPECIFIED.,.F.,.F.,(3,3),(0.,1.),.PIECEWISE_BEZIER_KNOTS.);
#524=B_SPLINE_CURVE_WITH_KNOTS('',2,(#10863,#10864,#10865),
 .UNSPECIFIED.,.F.,.F.,(3,3),(0.,1.),.PIECEWISE_BEZIER_KNOTS.);
#525=B_SPLINE_CURVE_WITH_KNOTS('',2,(#10867,#10868,#10869),
 .UNSPECIFIED.,.F.,.F.,(3,3),(0.,1.),.PIECEWISE_BEZIER_KNOTS.);
#526=B_SPLINE_CURVE_WITH_KNOTS('',2,(#10871,#10872,#10873),
 .UNSPECIFIED.,.F.,.F.,(3,3),(0.,1.),.PIECEWISE_BEZIER_KNOTS.);
#527=B_SPLINE_CURVE_WITH_KNOTS('',2,(#10876,#10877,#10878),
 .UNSPECIFIED.,.F.,.F.,(3,3),(0.,1.),.PIECEWISE_BEZIER_KNOTS.);
#528=B_SPLINE_CURVE_WITH_KNOTS('',2,(#10881,#10882,#10883),
 .UNSPECIFIED.,.F.,.F.,(3,3),(0.,1.),.PIECEWISE_BEZIER_KNOTS.);
#529=B_SPLINE_CURVE_WITH_KNOTS('',2,(#10887,#10888,#10889),
 .UNSPECIFIED.,.F.,.F.,(3,3),(0.,1.),.PIECEWISE_BEZIER_KNOTS.);
#530=B_SPLINE_CURVE_WITH_KNOTS('',2,(#10891,#10892,#10893),
 .UNSPECIFIED.,.F.,.F.,(3,3),(0.,1.),.PIECEWISE_BEZIER_KNOTS.);
#531=B_SPLINE_CURVE_WITH_KNOTS('',2,(#10905,#10906,#10907),
 .UNSPECIFIED.,.F.,.F.,(3,3),(0.,1.),.PIECEWISE_BEZIER_KNOTS.);
#532=B_SPLINE_CURVE_WITH_KNOTS('',2,(#10909,#10910,#10911),
 .UNSPECIFIED.,.F.,.F.,(3,3),(0.,1.),.PIECEWISE_BEZIER_KNOTS.);
#533=B_SPLINE_CURVE_WITH_KNOTS('',2,(#10913,#10914,#10915),
 .UNSPECIFIED.,.F.,.F.,(3,3),(0.,1.),.PIECEWISE_BEZIER_KNOTS.);
#534=B_SPLINE_CURVE_WITH_KNOTS('',2,(#10917,#10918,#10919),
 .UNSPECIFIED.,.F.,.F.,(3,3),(0.,1.),.PIECEWISE_BEZIER_KNOTS.);
#535=B_SPLINE_CURVE_WITH_KNOTS('',2,(#10921,#10922,#10923),
 .UNSPECIFIED.,.F.,.F.,(3,3),(0.,1.),.PIECEWISE_BEZIER_KNOTS.);
#536=B_SPLINE_CURVE_WITH_KNOTS('',3,(#10981,#10982,#10983,#10984,#10985,
#10986,#10987,#10988,#10989,#10990,#10991,#10992,#10993,#10994,#10995,#10996,
#10997,#10998,#10999,#11000,#11001,#11002,#11003,#11004),.UNSPECIFIED.,
 .F.,.F.,(4,1,1,1,1,1,1,1,1,1,1,1,1,1,1,1,1,1,1,1,1,4),(1.42320156596329E-10,
0.00269953338393201,0.00539906662554387,0.00809859986715572,0.0107981331087676,
0.0161971995919913,0.021596266075215,0.0269953325584387,0.0323943990416624,
0.0431925320081099,0.0539906649745573,0.0647887979410047,0.0755869309074521,
0.0863850638738995,0.097183196840347,0.107981329806794,0.129577595739689,
0.140375728706137,0.151173861672584,0.161971994639032,0.167371061122255,
0.172770127605479),.UNSPECIFIED.);
#537=B_SPLINE_CURVE_WITH_KNOTS('',3,(#11008,#11009,#11010,#11011,#11012,
#11013,#11014,#11015,#11016,#11017,#11018,#11019,#11020,#11021,#11022,#11023,
#11024,#11025,#11026,#11027,#11028,#11029,#11030,#11031,#11032),
 .UNSPECIFIED.,.F.,.F.,(4,1,1,1,1,1,1,1,1,1,1,1,1,1,1,1,1,1,1,1,1,1,4),
(0.,0.00531457254220965,0.0106291450844193,0.0212582901688386,0.0318874352532579,
0.0425165803376772,0.0531457254220965,0.0637748705065159,0.0744040155909352,
0.0850331606753545,0.0956623057597738,0.106291450844193,0.116920595928612,
0.127549741013032,0.138178886097451,0.143493458639661,0.14880803118187,
0.15412260372408,0.15943717626629,0.162094462537394,0.164751748808499,0.167409035079604,
0.170066321350709),.UNSPECIFIED.);
#538=B_SPLINE_CURVE_WITH_KNOTS('',3,(#11056,#11057,#11058,#11059,#11060,
#11061,#11062,#11063,#11064,#11065,#11066,#11067,#11068,#11069,#11070,#11071,
#11072,#11073,#11074,#11075,#11076),.UNSPECIFIED.,.F.,.F.,(4,1,1,1,1,1,
1,1,1,1,1,1,1,1,1,1,1,1,4),(0.301333686527363,0.306056334832588,0.310778983137813,
0.315501631443039,0.320224279748264,0.329669576358715,0.339114872969165,
0.348560169579616,0.358005466190067,0.367450762800517,0.376896059410968,
0.386341356021419,0.395786652631869,0.41467724585277,0.424122542463221,
0.433567839073672,0.443013135684122,0.447735783989348,0.452458432294573),
 .UNSPECIFIED.);
#539=B_SPLINE_CURVE_WITH_KNOTS('',3,(#11084,#11085,#11086,#11087,#11088,
#11089,#11090,#11091,#11092,#11093,#11094,#11095,#11096,#11097,#11098,#11099,
#11100,#11101,#11102,#11103,#11104),.UNSPECIFIED.,.F.,.F.,(4,1,1,1,1,1,
1,1,1,1,1,1,1,1,1,1,1,1,4),(0.308262832791064,0.313277039641163,0.318291246491263,
0.323305453341362,0.328319660191461,0.338348073891659,0.348376487591858,
0.358404901292056,0.368433314992254,0.378461728692452,0.388490142392651,
0.408546969793047,0.418575383493246,0.428603797193444,0.438632210893642,
0.448660624593841,0.458689038294039,0.463703245144138,0.468717451994237),
 .UNSPECIFIED.);
#540=B_SPLINE_CURVE_WITH_KNOTS('',2,(#11222,#11223,#11224),
 .UNSPECIFIED.,.F.,.F.,(3,3),(0.,1.),.PIECEWISE_BEZIER_KNOTS.);
#541=B_SPLINE_CURVE_WITH_KNOTS('',2,(#11228,#11229,#11230),
 .UNSPECIFIED.,.F.,.F.,(3,3),(0.,1.),.PIECEWISE_BEZIER_KNOTS.);
#542=B_SPLINE_CURVE_WITH_KNOTS('',2,(#11239,#11240,#11241),
 .UNSPECIFIED.,.F.,.F.,(3,3),(0.,1.),.PIECEWISE_BEZIER_KNOTS.);
#543=B_SPLINE_CURVE_WITH_KNOTS('',2,(#11245,#11246,#11247),
 .UNSPECIFIED.,.F.,.F.,(3,3),(0.,1.),.PIECEWISE_BEZIER_KNOTS.);
#544=B_SPLINE_CURVE_WITH_KNOTS('',2,(#11256,#11257,#11258),
 .UNSPECIFIED.,.F.,.F.,(3,3),(0.,1.),.PIECEWISE_BEZIER_KNOTS.);
#545=B_SPLINE_CURVE_WITH_KNOTS('',2,(#11262,#11263,#11264),
 .UNSPECIFIED.,.F.,.F.,(3,3),(0.,1.),.PIECEWISE_BEZIER_KNOTS.);
#546=B_SPLINE_CURVE_WITH_KNOTS('',2,(#11273,#11274,#11275),
 .UNSPECIFIED.,.F.,.F.,(3,3),(0.,1.),.PIECEWISE_BEZIER_KNOTS.);
#547=B_SPLINE_CURVE_WITH_KNOTS('',2,(#11279,#11280,#11281),
 .UNSPECIFIED.,.F.,.F.,(3,3),(0.,1.),.PIECEWISE_BEZIER_KNOTS.);
#548=B_SPLINE_CURVE_WITH_KNOTS('',2,(#11296,#11297,#11298),
 .UNSPECIFIED.,.F.,.F.,(3,3),(0.,1.),.PIECEWISE_BEZIER_KNOTS.);
#549=B_SPLINE_CURVE_WITH_KNOTS('',2,(#11302,#11303,#11304),
 .UNSPECIFIED.,.F.,.F.,(3,3),(0.,1.),.PIECEWISE_BEZIER_KNOTS.);
#550=B_SPLINE_CURVE_WITH_KNOTS('',2,(#11313,#11314,#11315),
 .UNSPECIFIED.,.F.,.F.,(3,3),(0.,1.),.PIECEWISE_BEZIER_KNOTS.);
#551=B_SPLINE_CURVE_WITH_KNOTS('',2,(#11319,#11320,#11321),
 .UNSPECIFIED.,.F.,.F.,(3,3),(0.,1.),.PIECEWISE_BEZIER_KNOTS.);
#552=B_SPLINE_CURVE_WITH_KNOTS('',2,(#11330,#11331,#11332),
 .UNSPECIFIED.,.F.,.F.,(3,3),(0.,1.),.PIECEWISE_BEZIER_KNOTS.);
#553=B_SPLINE_CURVE_WITH_KNOTS('',2,(#11336,#11337,#11338),
 .UNSPECIFIED.,.F.,.F.,(3,3),(0.,1.),.PIECEWISE_BEZIER_KNOTS.);
#554=B_SPLINE_CURVE_WITH_KNOTS('',2,(#11349,#11350,#11351),
 .UNSPECIFIED.,.F.,.F.,(3,3),(0.,1.),.PIECEWISE_BEZIER_KNOTS.);
#555=B_SPLINE_CURVE_WITH_KNOTS('',2,(#11368,#11369,#11370),
 .UNSPECIFIED.,.F.,.F.,(3,3),(0.,1.),.PIECEWISE_BEZIER_KNOTS.);
#556=B_SPLINE_CURVE_WITH_KNOTS('',2,(#11381,#11382,#11383),
 .UNSPECIFIED.,.F.,.F.,(3,3),(0.,1.),.PIECEWISE_BEZIER_KNOTS.);
#557=B_SPLINE_CURVE_WITH_KNOTS('',2,(#11394,#11395,#11396),
 .UNSPECIFIED.,.F.,.F.,(3,3),(0.,1.),.PIECEWISE_BEZIER_KNOTS.);
#558=B_SPLINE_CURVE_WITH_KNOTS('',2,(#11407,#11408,#11409),
 .UNSPECIFIED.,.F.,.F.,(3,3),(0.,1.),.PIECEWISE_BEZIER_KNOTS.);
#559=B_SPLINE_CURVE_WITH_KNOTS('',2,(#11420,#11421,#11422),
 .UNSPECIFIED.,.F.,.F.,(3,3),(0.,1.),.PIECEWISE_BEZIER_KNOTS.);
#560=B_SPLINE_CURVE_WITH_KNOTS('',2,(#11453,#11454,#11455),
 .UNSPECIFIED.,.F.,.F.,(3,3),(0.,1.),.PIECEWISE_BEZIER_KNOTS.);
#561=B_SPLINE_CURVE_WITH_KNOTS('',2,(#11466,#11467,#11468),
 .UNSPECIFIED.,.F.,.F.,(3,3),(0.,1.),.PIECEWISE_BEZIER_KNOTS.);
#562=B_SPLINE_CURVE_WITH_KNOTS('',2,(#11481,#11482,#11483),
 .UNSPECIFIED.,.F.,.F.,(3,3),(0.,1.),.PIECEWISE_BEZIER_KNOTS.);
#563=B_SPLINE_CURVE_WITH_KNOTS('',2,(#11492,#11493,#11494),
 .UNSPECIFIED.,.F.,.F.,(3,3),(0.,1.),.PIECEWISE_BEZIER_KNOTS.);
#564=B_SPLINE_CURVE_WITH_KNOTS('',2,(#11495,#11496,#11497),
 .UNSPECIFIED.,.F.,.F.,(3,3),(0.,1.),.PIECEWISE_BEZIER_KNOTS.);
#565=B_SPLINE_CURVE_WITH_KNOTS('',2,(#11517,#11518,#11519),
 .UNSPECIFIED.,.F.,.F.,(3,3),(0.,1.),.PIECEWISE_BEZIER_KNOTS.);
#566=B_SPLINE_CURVE_WITH_KNOTS('',2,(#11523,#11524,#11525),
 .UNSPECIFIED.,.F.,.F.,(3,3),(0.,1.),.PIECEWISE_BEZIER_KNOTS.);
#567=B_SPLINE_CURVE_WITH_KNOTS('',2,(#11534,#11535,#11536),
 .UNSPECIFIED.,.F.,.F.,(3,3),(0.,1.),.PIECEWISE_BEZIER_KNOTS.);
#568=B_SPLINE_CURVE_WITH_KNOTS('',2,(#11540,#11541,#11542),
 .UNSPECIFIED.,.F.,.F.,(3,3),(0.,1.),.PIECEWISE_BEZIER_KNOTS.);
#569=B_SPLINE_CURVE_WITH_KNOTS('',2,(#11551,#11552,#11553),
 .UNSPECIFIED.,.F.,.F.,(3,3),(0.,1.),.PIECEWISE_BEZIER_KNOTS.);
#570=B_SPLINE_CURVE_WITH_KNOTS('',2,(#11557,#11558,#11559),
 .UNSPECIFIED.,.F.,.F.,(3,3),(0.,1.),.PIECEWISE_BEZIER_KNOTS.);
#571=B_SPLINE_CURVE_WITH_KNOTS('',2,(#11568,#11569,#11570),
 .UNSPECIFIED.,.F.,.F.,(3,3),(0.,1.),.PIECEWISE_BEZIER_KNOTS.);
#572=B_SPLINE_CURVE_WITH_KNOTS('',2,(#11574,#11575,#11576),
 .UNSPECIFIED.,.F.,.F.,(3,3),(0.,1.),.PIECEWISE_BEZIER_KNOTS.);
#573=B_SPLINE_CURVE_WITH_KNOTS('',2,(#11591,#11592,#11593),
 .UNSPECIFIED.,.F.,.F.,(3,3),(0.,1.),.PIECEWISE_BEZIER_KNOTS.);
#574=B_SPLINE_CURVE_WITH_KNOTS('',2,(#11597,#11598,#11599),
 .UNSPECIFIED.,.F.,.F.,(3,3),(0.,1.),.PIECEWISE_BEZIER_KNOTS.);
#575=B_SPLINE_CURVE_WITH_KNOTS('',2,(#11608,#11609,#11610),
 .UNSPECIFIED.,.F.,.F.,(3,3),(0.,1.),.PIECEWISE_BEZIER_KNOTS.);
#576=B_SPLINE_CURVE_WITH_KNOTS('',2,(#11614,#11615,#11616),
 .UNSPECIFIED.,.F.,.F.,(3,3),(0.,1.),.PIECEWISE_BEZIER_KNOTS.);
#577=B_SPLINE_CURVE_WITH_KNOTS('',2,(#11625,#11626,#11627),
 .UNSPECIFIED.,.F.,.F.,(3,3),(0.,1.),.PIECEWISE_BEZIER_KNOTS.);
#578=B_SPLINE_CURVE_WITH_KNOTS('',2,(#11631,#11632,#11633),
 .UNSPECIFIED.,.F.,.F.,(3,3),(0.,1.),.PIECEWISE_BEZIER_KNOTS.);
#579=B_SPLINE_CURVE_WITH_KNOTS('',2,(#11644,#11645,#11646),
 .UNSPECIFIED.,.F.,.F.,(3,3),(0.,1.),.PIECEWISE_BEZIER_KNOTS.);
#580=B_SPLINE_CURVE_WITH_KNOTS('',2,(#11663,#11664,#11665),
 .UNSPECIFIED.,.F.,.F.,(3,3),(0.,1.),.PIECEWISE_BEZIER_KNOTS.);
#581=B_SPLINE_CURVE_WITH_KNOTS('',2,(#11676,#11677,#11678),
 .UNSPECIFIED.,.F.,.F.,(3,3),(0.,1.),.PIECEWISE_BEZIER_KNOTS.);
#582=B_SPLINE_CURVE_WITH_KNOTS('',2,(#11689,#11690,#11691),
 .UNSPECIFIED.,.F.,.F.,(3,3),(0.,1.),.PIECEWISE_BEZIER_KNOTS.);
#583=B_SPLINE_CURVE_WITH_KNOTS('',2,(#11702,#11703,#11704),
 .UNSPECIFIED.,.F.,.F.,(3,3),(0.,1.),.PIECEWISE_BEZIER_KNOTS.);
#584=B_SPLINE_CURVE_WITH_KNOTS('',2,(#11739,#11740,#11741),
 .UNSPECIFIED.,.F.,.F.,(3,3),(0.,1.),.PIECEWISE_BEZIER_KNOTS.);
#585=B_SPLINE_CURVE_WITH_KNOTS('',2,(#11752,#11753,#11754),
 .UNSPECIFIED.,.F.,.F.,(3,3),(0.,1.),.PIECEWISE_BEZIER_KNOTS.);
#586=B_SPLINE_CURVE_WITH_KNOTS('',2,(#11767,#11768,#11769),
 .UNSPECIFIED.,.F.,.F.,(3,3),(0.,1.),.PIECEWISE_BEZIER_KNOTS.);
#587=B_SPLINE_CURVE_WITH_KNOTS('',2,(#11778,#11779,#11780),
 .UNSPECIFIED.,.F.,.F.,(3,3),(0.,1.),.PIECEWISE_BEZIER_KNOTS.);
#588=B_SPLINE_CURVE_WITH_KNOTS('',2,(#11781,#11782,#11783),
 .UNSPECIFIED.,.F.,.F.,(3,3),(0.,1.),.PIECEWISE_BEZIER_KNOTS.);
#589=B_SPLINE_CURVE_WITH_KNOTS('',2,(#11809,#11810,#11811),
 .UNSPECIFIED.,.F.,.F.,(3,3),(0.,1.),.PIECEWISE_BEZIER_KNOTS.);
#590=B_SPLINE_CURVE_WITH_KNOTS('',2,(#11815,#11816,#11817),
 .UNSPECIFIED.,.F.,.F.,(3,3),(0.,1.),.PIECEWISE_BEZIER_KNOTS.);
#591=B_SPLINE_CURVE_WITH_KNOTS('',2,(#11832,#11833,#11834),
 .UNSPECIFIED.,.F.,.F.,(3,3),(0.,1.),.PIECEWISE_BEZIER_KNOTS.);
#592=B_SPLINE_CURVE_WITH_KNOTS('',2,(#11838,#11839,#11840),
 .UNSPECIFIED.,.F.,.F.,(3,3),(0.,1.),.PIECEWISE_BEZIER_KNOTS.);
#593=B_SPLINE_CURVE_WITH_KNOTS('',2,(#11851,#11852,#11853),
 .UNSPECIFIED.,.F.,.F.,(3,3),(0.,1.),.PIECEWISE_BEZIER_KNOTS.);
#594=B_SPLINE_CURVE_WITH_KNOTS('',2,(#11866,#11867,#11868),
 .UNSPECIFIED.,.F.,.F.,(3,3),(0.,1.),.PIECEWISE_BEZIER_KNOTS.);
#595=B_SPLINE_CURVE_WITH_KNOTS('',2,(#11883,#11884,#11885),
 .UNSPECIFIED.,.F.,.F.,(3,3),(0.,1.),.PIECEWISE_BEZIER_KNOTS.);
#596=B_SPLINE_CURVE_WITH_KNOTS('',2,(#11900,#11901,#11902),
 .UNSPECIFIED.,.F.,.F.,(3,3),(0.,1.),.PIECEWISE_BEZIER_KNOTS.);
#597=B_SPLINE_CURVE_WITH_KNOTS('',2,(#11913,#11914,#11915),
 .UNSPECIFIED.,.F.,.F.,(3,3),(0.,1.),.PIECEWISE_BEZIER_KNOTS.);
#598=B_SPLINE_CURVE_WITH_KNOTS('',2,(#11926,#11927,#11928),
 .UNSPECIFIED.,.F.,.F.,(3,3),(0.,1.),.PIECEWISE_BEZIER_KNOTS.);
#599=B_SPLINE_CURVE_WITH_KNOTS('',2,(#11939,#11940,#11941),
 .UNSPECIFIED.,.F.,.F.,(3,3),(0.,1.),.PIECEWISE_BEZIER_KNOTS.);
#600=B_SPLINE_CURVE_WITH_KNOTS('',2,(#11956,#11957,#11958),
 .UNSPECIFIED.,.F.,.F.,(3,3),(0.,1.),.PIECEWISE_BEZIER_KNOTS.);
#601=B_SPLINE_CURVE_WITH_KNOTS('',2,(#11969,#11970,#11971),
 .UNSPECIFIED.,.F.,.F.,(3,3),(0.,1.),.PIECEWISE_BEZIER_KNOTS.);
#602=B_SPLINE_CURVE_WITH_KNOTS('',2,(#11982,#11983,#11984),
 .UNSPECIFIED.,.F.,.F.,(3,3),(0.,1.),.PIECEWISE_BEZIER_KNOTS.);
#603=B_SPLINE_CURVE_WITH_KNOTS('',2,(#12009,#12010,#12011),
 .UNSPECIFIED.,.F.,.F.,(3,3),(0.,1.),.PIECEWISE_BEZIER_KNOTS.);
#604=B_SPLINE_CURVE_WITH_KNOTS('',2,(#12020,#12021,#12022),
 .UNSPECIFIED.,.F.,.F.,(3,3),(0.,1.),.PIECEWISE_BEZIER_KNOTS.);
#605=B_SPLINE_CURVE_WITH_KNOTS('',2,(#12023,#12024,#12025),
 .UNSPECIFIED.,.F.,.F.,(3,3),(0.,1.),.PIECEWISE_BEZIER_KNOTS.);
#606=B_SPLINE_CURVE_WITH_KNOTS('',2,(#12038,#12039,#12040),
 .UNSPECIFIED.,.F.,.F.,(3,3),(0.,1.),.PIECEWISE_BEZIER_KNOTS.);
#607=B_SPLINE_CURVE_WITH_KNOTS('',2,(#12061,#12062,#12063),
 .UNSPECIFIED.,.F.,.F.,(3,3),(0.,1.),.PIECEWISE_BEZIER_KNOTS.);
#608=B_SPLINE_CURVE_WITH_KNOTS('',2,(#12074,#12075,#12076),
 .UNSPECIFIED.,.F.,.F.,(3,3),(0.,1.),.PIECEWISE_BEZIER_KNOTS.);
#609=B_SPLINE_CURVE_WITH_KNOTS('',2,(#12129,#12130,#12131),
 .UNSPECIFIED.,.F.,.F.,(3,3),(0.,1.),.PIECEWISE_BEZIER_KNOTS.);
#610=B_SPLINE_CURVE_WITH_KNOTS('',2,(#12150,#12151,#12152),
 .UNSPECIFIED.,.F.,.F.,(3,3),(0.,1.),.PIECEWISE_BEZIER_KNOTS.);
#611=B_SPLINE_CURVE_WITH_KNOTS('',2,(#12156,#12157,#12158),
 .UNSPECIFIED.,.F.,.F.,(3,3),(0.,1.),.PIECEWISE_BEZIER_KNOTS.);
#612=B_SPLINE_CURVE_WITH_KNOTS('',2,(#12167,#12168,#12169),
 .UNSPECIFIED.,.F.,.F.,(3,3),(0.,1.),.PIECEWISE_BEZIER_KNOTS.);
#613=B_SPLINE_CURVE_WITH_KNOTS('',2,(#12173,#12174,#12175),
 .UNSPECIFIED.,.F.,.F.,(3,3),(0.,1.),.PIECEWISE_BEZIER_KNOTS.);
#614=B_SPLINE_CURVE_WITH_KNOTS('',2,(#12190,#12191,#12192),
 .UNSPECIFIED.,.F.,.F.,(3,3),(0.,1.),.PIECEWISE_BEZIER_KNOTS.);
#615=B_SPLINE_CURVE_WITH_KNOTS('',2,(#12196,#12197,#12198),
 .UNSPECIFIED.,.F.,.F.,(3,3),(0.,1.),.PIECEWISE_BEZIER_KNOTS.);
#616=B_SPLINE_CURVE_WITH_KNOTS('',2,(#12207,#12208,#12209),
 .UNSPECIFIED.,.F.,.F.,(3,3),(0.,1.),.PIECEWISE_BEZIER_KNOTS.);
#617=B_SPLINE_CURVE_WITH_KNOTS('',2,(#12213,#12214,#12215),
 .UNSPECIFIED.,.F.,.F.,(3,3),(0.,1.),.PIECEWISE_BEZIER_KNOTS.);
#618=B_SPLINE_CURVE_WITH_KNOTS('',2,(#12224,#12225,#12226),
 .UNSPECIFIED.,.F.,.F.,(3,3),(0.,1.),.PIECEWISE_BEZIER_KNOTS.);
#619=B_SPLINE_CURVE_WITH_KNOTS('',2,(#12230,#12231,#12232),
 .UNSPECIFIED.,.F.,.F.,(3,3),(0.,1.),.PIECEWISE_BEZIER_KNOTS.);
#620=B_SPLINE_CURVE_WITH_KNOTS('',2,(#12241,#12242,#12243),
 .UNSPECIFIED.,.F.,.F.,(3,3),(0.,1.),.PIECEWISE_BEZIER_KNOTS.);
#621=B_SPLINE_CURVE_WITH_KNOTS('',2,(#12247,#12248,#12249),
 .UNSPECIFIED.,.F.,.F.,(3,3),(0.,1.),.PIECEWISE_BEZIER_KNOTS.);
#622=B_SPLINE_CURVE_WITH_KNOTS('',2,(#12266,#12267,#12268),
 .UNSPECIFIED.,.F.,.F.,(3,3),(0.,1.),.PIECEWISE_BEZIER_KNOTS.);
#623=B_SPLINE_CURVE_WITH_KNOTS('',2,(#12281,#12282,#12283),
 .UNSPECIFIED.,.F.,.F.,(3,3),(0.,1.),.PIECEWISE_BEZIER_KNOTS.);
#624=B_SPLINE_CURVE_WITH_KNOTS('',2,(#12298,#12299,#12300),
 .UNSPECIFIED.,.F.,.F.,(3,3),(0.,1.),.PIECEWISE_BEZIER_KNOTS.);
#625=B_SPLINE_CURVE_WITH_KNOTS('',2,(#12311,#12312,#12313),
 .UNSPECIFIED.,.F.,.F.,(3,3),(0.,1.),.PIECEWISE_BEZIER_KNOTS.);
#626=B_SPLINE_CURVE_WITH_KNOTS('',2,(#12324,#12325,#12326),
 .UNSPECIFIED.,.F.,.F.,(3,3),(0.,1.),.PIECEWISE_BEZIER_KNOTS.);
#627=B_SPLINE_CURVE_WITH_KNOTS('',2,(#12337,#12338,#12339),
 .UNSPECIFIED.,.F.,.F.,(3,3),(0.,1.),.PIECEWISE_BEZIER_KNOTS.);
#628=B_SPLINE_CURVE_WITH_KNOTS('',2,(#12350,#12351,#12352),
 .UNSPECIFIED.,.F.,.F.,(3,3),(0.,1.),.PIECEWISE_BEZIER_KNOTS.);
#629=B_SPLINE_CURVE_WITH_KNOTS('',2,(#12367,#12368,#12369),
 .UNSPECIFIED.,.F.,.F.,(3,3),(0.,1.),.PIECEWISE_BEZIER_KNOTS.);
#630=B_SPLINE_CURVE_WITH_KNOTS('',2,(#12380,#12381,#12382),
 .UNSPECIFIED.,.F.,.F.,(3,3),(0.,1.),.PIECEWISE_BEZIER_KNOTS.);
#631=B_SPLINE_CURVE_WITH_KNOTS('',2,(#12400,#12401,#12402),
 .UNSPECIFIED.,.F.,.F.,(3,3),(0.,1.),.PIECEWISE_BEZIER_KNOTS.);
#632=B_SPLINE_CURVE_WITH_KNOTS('',2,(#12435,#12436,#12437),
 .UNSPECIFIED.,.F.,.F.,(3,3),(0.,1.),.PIECEWISE_BEZIER_KNOTS.);
#633=B_SPLINE_CURVE_WITH_KNOTS('',2,(#12448,#12449,#12450),
 .UNSPECIFIED.,.F.,.F.,(3,3),(0.,1.),.PIECEWISE_BEZIER_KNOTS.);
#634=B_SPLINE_CURVE_WITH_KNOTS('',2,(#12467,#12468,#12469),
 .UNSPECIFIED.,.F.,.F.,(3,3),(0.,1.),.PIECEWISE_BEZIER_KNOTS.);
#635=B_SPLINE_CURVE_WITH_KNOTS('',2,(#12537,#12538,#12539),
 .UNSPECIFIED.,.F.,.F.,(3,3),(0.,1.),.PIECEWISE_BEZIER_KNOTS.);
#636=B_SPLINE_CURVE_WITH_KNOTS('',2,(#12543,#12544,#12545),
 .UNSPECIFIED.,.F.,.F.,(3,3),(0.,1.),.PIECEWISE_BEZIER_KNOTS.);
#637=B_SPLINE_CURVE_WITH_KNOTS('',2,(#12554,#12555,#12556),
 .UNSPECIFIED.,.F.,.F.,(3,3),(0.,1.),.PIECEWISE_BEZIER_KNOTS.);
#638=B_SPLINE_CURVE_WITH_KNOTS('',2,(#12560,#12561,#12562),
 .UNSPECIFIED.,.F.,.F.,(3,3),(0.,1.),.PIECEWISE_BEZIER_KNOTS.);
#639=B_SPLINE_CURVE_WITH_KNOTS('',2,(#12571,#12572,#12573),
 .UNSPECIFIED.,.F.,.F.,(3,3),(0.,1.),.PIECEWISE_BEZIER_KNOTS.);
#640=B_SPLINE_CURVE_WITH_KNOTS('',2,(#12577,#12578,#12579),
 .UNSPECIFIED.,.F.,.F.,(3,3),(0.,1.),.PIECEWISE_BEZIER_KNOTS.);
#641=B_SPLINE_CURVE_WITH_KNOTS('',2,(#12588,#12589,#12590),
 .UNSPECIFIED.,.F.,.F.,(3,3),(0.,1.),.PIECEWISE_BEZIER_KNOTS.);
#642=B_SPLINE_CURVE_WITH_KNOTS('',2,(#12594,#12595,#12596),
 .UNSPECIFIED.,.F.,.F.,(3,3),(0.,1.),.PIECEWISE_BEZIER_KNOTS.);
#643=B_SPLINE_CURVE_WITH_KNOTS('',2,(#12611,#12612,#12613),
 .UNSPECIFIED.,.F.,.F.,(3,3),(0.,1.),.PIECEWISE_BEZIER_KNOTS.);
#644=B_SPLINE_CURVE_WITH_KNOTS('',2,(#12617,#12618,#12619),
 .UNSPECIFIED.,.F.,.F.,(3,3),(0.,1.),.PIECEWISE_BEZIER_KNOTS.);
#645=B_SPLINE_CURVE_WITH_KNOTS('',2,(#12628,#12629,#12630),
 .UNSPECIFIED.,.F.,.F.,(3,3),(0.,1.),.PIECEWISE_BEZIER_KNOTS.);
#646=B_SPLINE_CURVE_WITH_KNOTS('',2,(#12634,#12635,#12636),
 .UNSPECIFIED.,.F.,.F.,(3,3),(0.,1.),.PIECEWISE_BEZIER_KNOTS.);
#647=B_SPLINE_CURVE_WITH_KNOTS('',2,(#12645,#12646,#12647),
 .UNSPECIFIED.,.F.,.F.,(3,3),(0.,1.),.PIECEWISE_BEZIER_KNOTS.);
#648=B_SPLINE_CURVE_WITH_KNOTS('',2,(#12651,#12652,#12653),
 .UNSPECIFIED.,.F.,.F.,(3,3),(0.,1.),.PIECEWISE_BEZIER_KNOTS.);
#649=B_SPLINE_CURVE_WITH_KNOTS('',2,(#12664,#12665,#12666),
 .UNSPECIFIED.,.F.,.F.,(3,3),(0.,1.),.PIECEWISE_BEZIER_KNOTS.);
#650=B_SPLINE_CURVE_WITH_KNOTS('',2,(#12683,#12684,#12685),
 .UNSPECIFIED.,.F.,.F.,(3,3),(0.,1.),.PIECEWISE_BEZIER_KNOTS.);
#651=B_SPLINE_CURVE_WITH_KNOTS('',2,(#12696,#12697,#12698),
 .UNSPECIFIED.,.F.,.F.,(3,3),(0.,1.),.PIECEWISE_BEZIER_KNOTS.);
#652=B_SPLINE_CURVE_WITH_KNOTS('',2,(#12709,#12710,#12711),
 .UNSPECIFIED.,.F.,.F.,(3,3),(0.,1.),.PIECEWISE_BEZIER_KNOTS.);
#653=B_SPLINE_CURVE_WITH_KNOTS('',2,(#12722,#12723,#12724),
 .UNSPECIFIED.,.F.,.F.,(3,3),(0.,1.),.PIECEWISE_BEZIER_KNOTS.);
#654=B_SPLINE_CURVE_WITH_KNOTS('',2,(#12735,#12736,#12737),
 .UNSPECIFIED.,.F.,.F.,(3,3),(0.,1.),.PIECEWISE_BEZIER_KNOTS.);
#655=B_SPLINE_CURVE_WITH_KNOTS('',2,(#12768,#12769,#12770),
 .UNSPECIFIED.,.F.,.F.,(3,3),(0.,1.),.PIECEWISE_BEZIER_KNOTS.);
#656=B_SPLINE_CURVE_WITH_KNOTS('',2,(#12781,#12782,#12783),
 .UNSPECIFIED.,.F.,.F.,(3,3),(0.,1.),.PIECEWISE_BEZIER_KNOTS.);
#657=B_SPLINE_CURVE_WITH_KNOTS('',2,(#12796,#12797,#12798),
 .UNSPECIFIED.,.F.,.F.,(3,3),(0.,1.),.PIECEWISE_BEZIER_KNOTS.);
#658=B_SPLINE_CURVE_WITH_KNOTS('',2,(#12807,#12808,#12809),
 .UNSPECIFIED.,.F.,.F.,(3,3),(0.,1.),.PIECEWISE_BEZIER_KNOTS.);
#659=B_SPLINE_CURVE_WITH_KNOTS('',2,(#12810,#12811,#12812),
 .UNSPECIFIED.,.F.,.F.,(3,3),(0.,1.),.PIECEWISE_BEZIER_KNOTS.);
#660=B_SPLINE_CURVE_WITH_KNOTS('',2,(#12825,#12826,#12827),
 .UNSPECIFIED.,.F.,.F.,(3,3),(0.,1.),.PIECEWISE_BEZIER_KNOTS.);
#661=B_SPLINE_CURVE_WITH_KNOTS('',2,(#12844,#12845,#12846),
 .UNSPECIFIED.,.F.,.F.,(3,3),(0.,1.),.PIECEWISE_BEZIER_KNOTS.);
#662=B_SPLINE_CURVE_WITH_KNOTS('',2,(#12857,#12858,#12859),
 .UNSPECIFIED.,.F.,.F.,(3,3),(0.,1.),.PIECEWISE_BEZIER_KNOTS.);
#663=B_SPLINE_CURVE_WITH_KNOTS('',2,(#12870,#12871,#12872),
 .UNSPECIFIED.,.F.,.F.,(3,3),(0.,1.),.PIECEWISE_BEZIER_KNOTS.);
#664=B_SPLINE_CURVE_WITH_KNOTS('',2,(#12883,#12884,#12885),
 .UNSPECIFIED.,.F.,.F.,(3,3),(0.,1.),.PIECEWISE_BEZIER_KNOTS.);
#665=B_SPLINE_CURVE_WITH_KNOTS('',2,(#12900,#12901,#12902),
 .UNSPECIFIED.,.F.,.F.,(3,3),(0.,1.),.PIECEWISE_BEZIER_KNOTS.);
#666=B_SPLINE_CURVE_WITH_KNOTS('',2,(#12913,#12914,#12915),
 .UNSPECIFIED.,.F.,.F.,(3,3),(0.,1.),.PIECEWISE_BEZIER_KNOTS.);
#667=B_SPLINE_CURVE_WITH_KNOTS('',2,(#12926,#12927,#12928),
 .UNSPECIFIED.,.F.,.F.,(3,3),(0.,1.),.PIECEWISE_BEZIER_KNOTS.);
#668=B_SPLINE_CURVE_WITH_KNOTS('',2,(#12943,#12944,#12945),
 .UNSPECIFIED.,.F.,.F.,(3,3),(0.,1.),.PIECEWISE_BEZIER_KNOTS.);
#669=B_SPLINE_CURVE_WITH_KNOTS('',2,(#12956,#12957,#12958),
 .UNSPECIFIED.,.F.,.F.,(3,3),(0.,1.),.PIECEWISE_BEZIER_KNOTS.);
#670=B_SPLINE_CURVE_WITH_KNOTS('',2,(#12969,#12970,#12971),
 .UNSPECIFIED.,.F.,.F.,(3,3),(0.,1.),.PIECEWISE_BEZIER_KNOTS.);
#671=B_SPLINE_CURVE_WITH_KNOTS('',2,(#12986,#12987,#12988),
 .UNSPECIFIED.,.F.,.F.,(3,3),(0.,1.),.PIECEWISE_BEZIER_KNOTS.);
#672=B_SPLINE_CURVE_WITH_KNOTS('',2,(#12999,#13000,#13001),
 .UNSPECIFIED.,.F.,.F.,(3,3),(0.,1.),.PIECEWISE_BEZIER_KNOTS.);
#673=B_SPLINE_CURVE_WITH_KNOTS('',2,(#13012,#13013,#13014),
 .UNSPECIFIED.,.F.,.F.,(3,3),(0.,1.),.PIECEWISE_BEZIER_KNOTS.);
#674=B_SPLINE_CURVE_WITH_KNOTS('',2,(#13073,#13074,#13075),
 .UNSPECIFIED.,.F.,.F.,(3,3),(0.,1.),.PIECEWISE_BEZIER_KNOTS.);
#675=B_SPLINE_CURVE_WITH_KNOTS('',2,(#13092,#13093,#13094),
 .UNSPECIFIED.,.F.,.F.,(3,3),(0.,1.),.PIECEWISE_BEZIER_KNOTS.);
#676=B_SPLINE_CURVE_WITH_KNOTS('',2,(#13105,#13106,#13107),
 .UNSPECIFIED.,.F.,.F.,(3,3),(0.,1.),.PIECEWISE_BEZIER_KNOTS.);
#677=B_SPLINE_CURVE_WITH_KNOTS('',2,(#13118,#13119,#13120),
 .UNSPECIFIED.,.F.,.F.,(3,3),(0.,1.),.PIECEWISE_BEZIER_KNOTS.);
#678=B_SPLINE_CURVE_WITH_KNOTS('',2,(#13131,#13132,#13133),
 .UNSPECIFIED.,.F.,.F.,(3,3),(0.,1.),.PIECEWISE_BEZIER_KNOTS.);
#679=B_SPLINE_CURVE_WITH_KNOTS('',2,(#13144,#13145,#13146),
 .UNSPECIFIED.,.F.,.F.,(3,3),(0.,1.),.PIECEWISE_BEZIER_KNOTS.);
#680=B_SPLINE_CURVE_WITH_KNOTS('',2,(#13161,#13162,#13163),
 .UNSPECIFIED.,.F.,.F.,(3,3),(0.,1.),.PIECEWISE_BEZIER_KNOTS.);
#681=B_SPLINE_CURVE_WITH_KNOTS('',2,(#13178,#13179,#13180),
 .UNSPECIFIED.,.F.,.F.,(3,3),(0.,1.),.PIECEWISE_BEZIER_KNOTS.);
#682=B_SPLINE_CURVE_WITH_KNOTS('',2,(#13191,#13192,#13193),
 .UNSPECIFIED.,.F.,.F.,(3,3),(0.,1.),.PIECEWISE_BEZIER_KNOTS.);
#683=B_SPLINE_CURVE_WITH_KNOTS('',2,(#13208,#13209,#13210),
 .UNSPECIFIED.,.F.,.F.,(3,3),(0.,1.),.PIECEWISE_BEZIER_KNOTS.);
#684=B_SPLINE_CURVE_WITH_KNOTS('',2,(#13221,#13222,#13223),
 .UNSPECIFIED.,.F.,.F.,(3,3),(0.,1.),.PIECEWISE_BEZIER_KNOTS.);
#685=B_SPLINE_CURVE_WITH_KNOTS('',2,(#13234,#13235,#13236),
 .UNSPECIFIED.,.F.,.F.,(3,3),(0.,1.),.PIECEWISE_BEZIER_KNOTS.);
#686=B_SPLINE_CURVE_WITH_KNOTS('',2,(#13247,#13248,#13249),
 .UNSPECIFIED.,.F.,.F.,(3,3),(0.,1.),.PIECEWISE_BEZIER_KNOTS.);
#687=B_SPLINE_CURVE_WITH_KNOTS('',2,(#13264,#13265,#13266),
 .UNSPECIFIED.,.F.,.F.,(3,3),(0.,1.),.PIECEWISE_BEZIER_KNOTS.);
#688=B_SPLINE_CURVE_WITH_KNOTS('',2,(#13277,#13278,#13279),
 .UNSPECIFIED.,.F.,.F.,(3,3),(0.,1.),.PIECEWISE_BEZIER_KNOTS.);
#689=B_SPLINE_CURVE_WITH_KNOTS('',2,(#13290,#13291,#13292),
 .UNSPECIFIED.,.F.,.F.,(3,3),(0.,1.),.PIECEWISE_BEZIER_KNOTS.);
#690=B_SPLINE_CURVE_WITH_KNOTS('',2,(#13337,#13338,#13339),
 .UNSPECIFIED.,.F.,.F.,(3,3),(0.,1.),.PIECEWISE_BEZIER_KNOTS.);
#691=B_SPLINE_CURVE_WITH_KNOTS('',2,(#13350,#13351,#13352),
 .UNSPECIFIED.,.F.,.F.,(3,3),(0.,1.),.PIECEWISE_BEZIER_KNOTS.);
#692=B_SPLINE_CURVE_WITH_KNOTS('',2,(#13363,#13364,#13365),
 .UNSPECIFIED.,.F.,.F.,(3,3),(0.,1.),.PIECEWISE_BEZIER_KNOTS.);
#693=B_SPLINE_CURVE_WITH_KNOTS('',2,(#13376,#13377,#13378),
 .UNSPECIFIED.,.F.,.F.,(3,3),(0.,1.),.PIECEWISE_BEZIER_KNOTS.);
#694=B_SPLINE_CURVE_WITH_KNOTS('',2,(#13409,#13410,#13411),
 .UNSPECIFIED.,.F.,.F.,(3,3),(0.,1.),.PIECEWISE_BEZIER_KNOTS.);
#695=B_SPLINE_CURVE_WITH_KNOTS('',2,(#13422,#13423,#13424),
 .UNSPECIFIED.,.F.,.F.,(3,3),(0.,1.),.PIECEWISE_BEZIER_KNOTS.);
#696=B_SPLINE_CURVE_WITH_KNOTS('',2,(#13457,#13458,#13459),
 .UNSPECIFIED.,.F.,.F.,(3,3),(0.,1.),.PIECEWISE_BEZIER_KNOTS.);
#697=B_SPLINE_CURVE_WITH_KNOTS('',2,(#13463,#13464,#13465),
 .UNSPECIFIED.,.F.,.F.,(3,3),(0.,1.),.PIECEWISE_BEZIER_KNOTS.);
#698=B_SPLINE_CURVE_WITH_KNOTS('',2,(#13474,#13475,#13476),
 .UNSPECIFIED.,.F.,.F.,(3,3),(0.,1.),.PIECEWISE_BEZIER_KNOTS.);
#699=B_SPLINE_CURVE_WITH_KNOTS('',2,(#13480,#13481,#13482),
 .UNSPECIFIED.,.F.,.F.,(3,3),(0.,1.),.PIECEWISE_BEZIER_KNOTS.);
#700=B_SPLINE_CURVE_WITH_KNOTS('',2,(#13491,#13492,#13493),
 .UNSPECIFIED.,.F.,.F.,(3,3),(0.,1.),.PIECEWISE_BEZIER_KNOTS.);
#701=B_SPLINE_CURVE_WITH_KNOTS('',2,(#13497,#13498,#13499),
 .UNSPECIFIED.,.F.,.F.,(3,3),(0.,1.),.PIECEWISE_BEZIER_KNOTS.);
#702=B_SPLINE_CURVE_WITH_KNOTS('',2,(#13508,#13509,#13510),
 .UNSPECIFIED.,.F.,.F.,(3,3),(0.,1.),.PIECEWISE_BEZIER_KNOTS.);
#703=B_SPLINE_CURVE_WITH_KNOTS('',2,(#13514,#13515,#13516),
 .UNSPECIFIED.,.F.,.F.,(3,3),(0.,1.),.PIECEWISE_BEZIER_KNOTS.);
#704=B_SPLINE_CURVE_WITH_KNOTS('',2,(#13531,#13532,#13533),
 .UNSPECIFIED.,.F.,.F.,(3,3),(0.,1.),.PIECEWISE_BEZIER_KNOTS.);
#705=B_SPLINE_CURVE_WITH_KNOTS('',2,(#13537,#13538,#13539),
 .UNSPECIFIED.,.F.,.F.,(3,3),(0.,1.),.PIECEWISE_BEZIER_KNOTS.);
#706=B_SPLINE_CURVE_WITH_KNOTS('',2,(#13548,#13549,#13550),
 .UNSPECIFIED.,.F.,.F.,(3,3),(0.,1.),.PIECEWISE_BEZIER_KNOTS.);
#707=B_SPLINE_CURVE_WITH_KNOTS('',2,(#13554,#13555,#13556),
 .UNSPECIFIED.,.F.,.F.,(3,3),(0.,1.),.PIECEWISE_BEZIER_KNOTS.);
#708=B_SPLINE_CURVE_WITH_KNOTS('',2,(#13565,#13566,#13567),
 .UNSPECIFIED.,.F.,.F.,(3,3),(0.,1.),.PIECEWISE_BEZIER_KNOTS.);
#709=B_SPLINE_CURVE_WITH_KNOTS('',2,(#13571,#13572,#13573),
 .UNSPECIFIED.,.F.,.F.,(3,3),(0.,1.),.PIECEWISE_BEZIER_KNOTS.);
#710=B_SPLINE_CURVE_WITH_KNOTS('',2,(#13584,#13585,#13586),
 .UNSPECIFIED.,.F.,.F.,(3,3),(0.,1.),.PIECEWISE_BEZIER_KNOTS.);
#711=B_SPLINE_CURVE_WITH_KNOTS('',2,(#13619,#13620,#13621),
 .UNSPECIFIED.,.F.,.F.,(3,3),(0.,1.),.PIECEWISE_BEZIER_KNOTS.);
#712=B_SPLINE_CURVE_WITH_KNOTS('',2,(#13632,#13633,#13634),
 .UNSPECIFIED.,.F.,.F.,(3,3),(0.,1.),.PIECEWISE_BEZIER_KNOTS.);
#713=B_SPLINE_CURVE_WITH_KNOTS('',2,(#13649,#13650,#13651),
 .UNSPECIFIED.,.F.,.F.,(3,3),(0.,1.),.PIECEWISE_BEZIER_KNOTS.);
#714=B_SPLINE_CURVE_WITH_KNOTS('',2,(#13662,#13663,#13664),
 .UNSPECIFIED.,.F.,.F.,(3,3),(0.,1.),.PIECEWISE_BEZIER_KNOTS.);
#715=B_SPLINE_CURVE_WITH_KNOTS('',2,(#13679,#13680,#13681),
 .UNSPECIFIED.,.F.,.F.,(3,3),(0.,1.),.PIECEWISE_BEZIER_KNOTS.);
#716=B_SPLINE_CURVE_WITH_KNOTS('',2,(#13692,#13693,#13694),
 .UNSPECIFIED.,.F.,.F.,(3,3),(0.,1.),.PIECEWISE_BEZIER_KNOTS.);
#717=B_SPLINE_CURVE_WITH_KNOTS('',2,(#13703,#13704,#13705),
 .UNSPECIFIED.,.F.,.F.,(3,3),(0.,1.),.PIECEWISE_BEZIER_KNOTS.);
#718=B_SPLINE_CURVE_WITH_KNOTS('',2,(#13714,#13715,#13716),
 .UNSPECIFIED.,.F.,.F.,(3,3),(0.,1.),.PIECEWISE_BEZIER_KNOTS.);
#719=B_SPLINE_CURVE_WITH_KNOTS('',2,(#13717,#13718,#13719),
 .UNSPECIFIED.,.F.,.F.,(3,3),(0.,1.),.PIECEWISE_BEZIER_KNOTS.);
#720=B_SPLINE_CURVE_WITH_KNOTS('',2,(#13739,#13740,#13741),
 .UNSPECIFIED.,.F.,.F.,(3,3),(0.,1.),.PIECEWISE_BEZIER_KNOTS.);
#721=B_SPLINE_CURVE_WITH_KNOTS('',2,(#13745,#13746,#13747),
 .UNSPECIFIED.,.F.,.F.,(3,3),(0.,1.),.PIECEWISE_BEZIER_KNOTS.);
#722=B_SPLINE_CURVE_WITH_KNOTS('',2,(#13756,#13757,#13758),
 .UNSPECIFIED.,.F.,.F.,(3,3),(0.,1.),.PIECEWISE_BEZIER_KNOTS.);
#723=B_SPLINE_CURVE_WITH_KNOTS('',2,(#13762,#13763,#13764),
 .UNSPECIFIED.,.F.,.F.,(3,3),(0.,1.),.PIECEWISE_BEZIER_KNOTS.);
#724=B_SPLINE_CURVE_WITH_KNOTS('',2,(#13791,#13792,#13793),
 .UNSPECIFIED.,.F.,.F.,(3,3),(0.,1.),.PIECEWISE_BEZIER_KNOTS.);
#725=B_SPLINE_CURVE_WITH_KNOTS('',2,(#13797,#13798,#13799),
 .UNSPECIFIED.,.F.,.F.,(3,3),(0.,1.),.PIECEWISE_BEZIER_KNOTS.);
#726=B_SPLINE_CURVE_WITH_KNOTS('',2,(#13810,#13811,#13812),
 .UNSPECIFIED.,.F.,.F.,(3,3),(0.,1.),.PIECEWISE_BEZIER_KNOTS.);
#727=B_SPLINE_CURVE_WITH_KNOTS('',2,(#13857,#13858,#13859),
 .UNSPECIFIED.,.F.,.F.,(3,3),(0.,1.),.PIECEWISE_BEZIER_KNOTS.);
#728=B_SPLINE_CURVE_WITH_KNOTS('',2,(#13870,#13871,#13872),
 .UNSPECIFIED.,.F.,.F.,(3,3),(0.,1.),.PIECEWISE_BEZIER_KNOTS.);
#729=B_SPLINE_CURVE_WITH_KNOTS('',2,(#13885,#13886,#13887),
 .UNSPECIFIED.,.F.,.F.,(3,3),(0.,1.),.PIECEWISE_BEZIER_KNOTS.);
#730=B_SPLINE_CURVE_WITH_KNOTS('',2,(#13896,#13897,#13898),
 .UNSPECIFIED.,.F.,.F.,(3,3),(0.,1.),.PIECEWISE_BEZIER_KNOTS.);
#731=B_SPLINE_CURVE_WITH_KNOTS('',2,(#13899,#13900,#13901),
 .UNSPECIFIED.,.F.,.F.,(3,3),(0.,1.),.PIECEWISE_BEZIER_KNOTS.);
#732=B_SPLINE_CURVE_WITH_KNOTS('',2,(#13914,#13915,#13916),
 .UNSPECIFIED.,.F.,.F.,(3,3),(0.,1.),.PIECEWISE_BEZIER_KNOTS.);
#733=B_SPLINE_CURVE_WITH_KNOTS('',2,(#13933,#13934,#13935),
 .UNSPECIFIED.,.F.,.F.,(3,3),(0.,1.),.PIECEWISE_BEZIER_KNOTS.);
#734=B_SPLINE_CURVE_WITH_KNOTS('',2,(#13946,#13947,#13948),
 .UNSPECIFIED.,.F.,.F.,(3,3),(0.,1.),.PIECEWISE_BEZIER_KNOTS.);
#735=B_SPLINE_CURVE_WITH_KNOTS('',2,(#13959,#13960,#13961),
 .UNSPECIFIED.,.F.,.F.,(3,3),(0.,1.),.PIECEWISE_BEZIER_KNOTS.);
#736=B_SPLINE_CURVE_WITH_KNOTS('',2,(#13972,#13973,#13974),
 .UNSPECIFIED.,.F.,.F.,(3,3),(0.,1.),.PIECEWISE_BEZIER_KNOTS.);
#737=B_SPLINE_CURVE_WITH_KNOTS('',2,(#13985,#13986,#13987),
 .UNSPECIFIED.,.F.,.F.,(3,3),(0.,1.),.PIECEWISE_BEZIER_KNOTS.);
#738=B_SPLINE_CURVE_WITH_KNOTS('',2,(#14002,#14003,#14004),
 .UNSPECIFIED.,.F.,.F.,(3,3),(0.,1.),.PIECEWISE_BEZIER_KNOTS.);
#739=B_SPLINE_CURVE_WITH_KNOTS('',2,(#14019,#14020,#14021),
 .UNSPECIFIED.,.F.,.F.,(3,3),(0.,1.),.PIECEWISE_BEZIER_KNOTS.);
#740=B_SPLINE_CURVE_WITH_KNOTS('',2,(#14032,#14033,#14034),
 .UNSPECIFIED.,.F.,.F.,(3,3),(0.,1.),.PIECEWISE_BEZIER_KNOTS.);
#741=B_SPLINE_CURVE_WITH_KNOTS('',2,(#14049,#14050,#14051),
 .UNSPECIFIED.,.F.,.F.,(3,3),(0.,1.),.PIECEWISE_BEZIER_KNOTS.);
#742=B_SPLINE_CURVE_WITH_KNOTS('',2,(#14062,#14063,#14064),
 .UNSPECIFIED.,.F.,.F.,(3,3),(0.,1.),.PIECEWISE_BEZIER_KNOTS.);
#743=B_SPLINE_CURVE_WITH_KNOTS('',2,(#14075,#14076,#14077),
 .UNSPECIFIED.,.F.,.F.,(3,3),(0.,1.),.PIECEWISE_BEZIER_KNOTS.);
#744=B_SPLINE_CURVE_WITH_KNOTS('',2,(#14088,#14089,#14090),
 .UNSPECIFIED.,.F.,.F.,(3,3),(0.,1.),.PIECEWISE_BEZIER_KNOTS.);
#745=B_SPLINE_CURVE_WITH_KNOTS('',2,(#14105,#14106,#14107),
 .UNSPECIFIED.,.F.,.F.,(3,3),(0.,1.),.PIECEWISE_BEZIER_KNOTS.);
#746=B_SPLINE_CURVE_WITH_KNOTS('',2,(#14118,#14119,#14120),
 .UNSPECIFIED.,.F.,.F.,(3,3),(0.,1.),.PIECEWISE_BEZIER_KNOTS.);
#747=B_SPLINE_CURVE_WITH_KNOTS('',2,(#14131,#14132,#14133),
 .UNSPECIFIED.,.F.,.F.,(3,3),(0.,1.),.PIECEWISE_BEZIER_KNOTS.);
#748=B_SPLINE_CURVE_WITH_KNOTS('',2,(#14171,#14172,#14173),
 .UNSPECIFIED.,.F.,.F.,(3,3),(0.,1.),.PIECEWISE_BEZIER_KNOTS.);
#749=B_SPLINE_CURVE_WITH_KNOTS('',2,(#14177,#14178,#14179),
 .UNSPECIFIED.,.F.,.F.,(3,3),(0.,1.),.PIECEWISE_BEZIER_KNOTS.);
#750=B_SPLINE_CURVE_WITH_KNOTS('',2,(#14188,#14189,#14190),
 .UNSPECIFIED.,.F.,.F.,(3,3),(0.,1.),.PIECEWISE_BEZIER_KNOTS.);
#751=B_SPLINE_CURVE_WITH_KNOTS('',2,(#14194,#14195,#14196),
 .UNSPECIFIED.,.F.,.F.,(3,3),(0.,1.),.PIECEWISE_BEZIER_KNOTS.);
#752=B_SPLINE_CURVE_WITH_KNOTS('',2,(#14223,#14224,#14225),
 .UNSPECIFIED.,.F.,.F.,(3,3),(0.,1.),.PIECEWISE_BEZIER_KNOTS.);
#753=B_SPLINE_CURVE_WITH_KNOTS('',2,(#14229,#14230,#14231),
 .UNSPECIFIED.,.F.,.F.,(3,3),(0.,1.),.PIECEWISE_BEZIER_KNOTS.);
#754=B_SPLINE_CURVE_WITH_KNOTS('',2,(#14240,#14241,#14242),
 .UNSPECIFIED.,.F.,.F.,(3,3),(0.,1.),.PIECEWISE_BEZIER_KNOTS.);
#755=B_SPLINE_CURVE_WITH_KNOTS('',2,(#14247,#14248,#14249),
 .UNSPECIFIED.,.F.,.F.,(3,3),(0.,1.),.PIECEWISE_BEZIER_KNOTS.);
#756=B_SPLINE_CURVE_WITH_KNOTS('',2,(#14278,#14279,#14280),
 .UNSPECIFIED.,.F.,.F.,(3,3),(0.,1.),.PIECEWISE_BEZIER_KNOTS.);
#757=B_SPLINE_CURVE_WITH_KNOTS('',2,(#14284,#14285,#14286),
 .UNSPECIFIED.,.F.,.F.,(3,3),(0.,1.),.PIECEWISE_BEZIER_KNOTS.);
#758=B_SPLINE_CURVE_WITH_KNOTS('',2,(#14295,#14296,#14297),
 .UNSPECIFIED.,.F.,.F.,(3,3),(0.,1.),.PIECEWISE_BEZIER_KNOTS.);
#759=B_SPLINE_CURVE_WITH_KNOTS('',2,(#14301,#14302,#14303),
 .UNSPECIFIED.,.F.,.F.,(3,3),(0.,1.),.PIECEWISE_BEZIER_KNOTS.);
#760=B_SPLINE_CURVE_WITH_KNOTS('',2,(#14320,#14321,#14322),
 .UNSPECIFIED.,.F.,.F.,(3,3),(0.,1.),.PIECEWISE_BEZIER_KNOTS.);
#761=B_SPLINE_CURVE_WITH_KNOTS('',2,(#14339,#14340,#14341),
 .UNSPECIFIED.,.F.,.F.,(3,3),(0.,1.),.PIECEWISE_BEZIER_KNOTS.);
#762=B_SPLINE_CURVE_WITH_KNOTS('',2,(#14352,#14353,#14354),
 .UNSPECIFIED.,.F.,.F.,(3,3),(0.,1.),.PIECEWISE_BEZIER_KNOTS.);
#763=B_SPLINE_CURVE_WITH_KNOTS('',2,(#14377,#14378,#14379),
 .UNSPECIFIED.,.F.,.F.,(3,3),(0.,1.),.PIECEWISE_BEZIER_KNOTS.);
#764=B_SPLINE_CURVE_WITH_KNOTS('',2,(#14390,#14391,#14392),
 .UNSPECIFIED.,.F.,.F.,(3,3),(0.,1.),.PIECEWISE_BEZIER_KNOTS.);
#765=B_SPLINE_CURVE_WITH_KNOTS('',2,(#14407,#14408,#14409),
 .UNSPECIFIED.,.F.,.F.,(3,3),(0.,1.),.PIECEWISE_BEZIER_KNOTS.);
#766=B_SPLINE_CURVE_WITH_KNOTS('',2,(#14420,#14421,#14422),
 .UNSPECIFIED.,.F.,.F.,(3,3),(0.,1.),.PIECEWISE_BEZIER_KNOTS.);
#767=B_SPLINE_CURVE_WITH_KNOTS('',2,(#14431,#14432,#14433),
 .UNSPECIFIED.,.F.,.F.,(3,3),(0.,1.),.PIECEWISE_BEZIER_KNOTS.);
#768=B_SPLINE_CURVE_WITH_KNOTS('',2,(#14434,#14435,#14436),
 .UNSPECIFIED.,.F.,.F.,(3,3),(0.,1.),.PIECEWISE_BEZIER_KNOTS.);
#769=B_SPLINE_CURVE_WITH_KNOTS('',2,(#14447,#14448,#14449),
 .UNSPECIFIED.,.F.,.F.,(3,3),(0.,1.),.PIECEWISE_BEZIER_KNOTS.);
#770=B_SPLINE_CURVE_WITH_KNOTS('',2,(#14450,#14451,#14452),
 .UNSPECIFIED.,.F.,.F.,(3,3),(0.,1.),.PIECEWISE_BEZIER_KNOTS.);
#771=B_SPLINE_CURVE_WITH_KNOTS('',2,(#14464,#14465,#14466),
 .UNSPECIFIED.,.F.,.F.,(3,3),(0.,1.),.PIECEWISE_BEZIER_KNOTS.);
#772=B_SPLINE_CURVE_WITH_KNOTS('',2,(#14471,#14472,#14473),
 .UNSPECIFIED.,.F.,.F.,(3,3),(0.,1.),.PIECEWISE_BEZIER_KNOTS.);
#773=B_SPLINE_CURVE_WITH_KNOTS('',2,(#14484,#14485,#14486),
 .UNSPECIFIED.,.F.,.F.,(3,3),(0.,1.),.PIECEWISE_BEZIER_KNOTS.);
#774=B_SPLINE_CURVE_WITH_KNOTS('',2,(#14490,#14491,#14492),
 .UNSPECIFIED.,.F.,.F.,(3,3),(0.,1.),.PIECEWISE_BEZIER_KNOTS.);
#775=B_SPLINE_CURVE_WITH_KNOTS('',2,(#14501,#14502,#14503),
 .UNSPECIFIED.,.F.,.F.,(3,3),(0.,1.),.PIECEWISE_BEZIER_KNOTS.);
#776=B_SPLINE_CURVE_WITH_KNOTS('',2,(#14507,#14508,#14509),
 .UNSPECIFIED.,.F.,.F.,(3,3),(0.,1.),.PIECEWISE_BEZIER_KNOTS.);
#777=B_SPLINE_CURVE_WITH_KNOTS('',2,(#14518,#14519,#14520),
 .UNSPECIFIED.,.F.,.F.,(3,3),(0.,1.),.PIECEWISE_BEZIER_KNOTS.);
#778=B_SPLINE_CURVE_WITH_KNOTS('',2,(#14524,#14525,#14526),
 .UNSPECIFIED.,.F.,.F.,(3,3),(0.,1.),.PIECEWISE_BEZIER_KNOTS.);
#779=B_SPLINE_CURVE_WITH_KNOTS('',2,(#14541,#14542,#14543),
 .UNSPECIFIED.,.F.,.F.,(3,3),(0.,1.),.PIECEWISE_BEZIER_KNOTS.);
#780=B_SPLINE_CURVE_WITH_KNOTS('',2,(#14547,#14548,#14549),
 .UNSPECIFIED.,.F.,.F.,(3,3),(0.,1.),.PIECEWISE_BEZIER_KNOTS.);
#781=B_SPLINE_CURVE_WITH_KNOTS('',2,(#14558,#14559,#14560),
 .UNSPECIFIED.,.F.,.F.,(3,3),(0.,1.),.PIECEWISE_BEZIER_KNOTS.);
#782=B_SPLINE_CURVE_WITH_KNOTS('',2,(#14564,#14565,#14566),
 .UNSPECIFIED.,.F.,.F.,(3,3),(0.,1.),.PIECEWISE_BEZIER_KNOTS.);
#783=B_SPLINE_CURVE_WITH_KNOTS('',2,(#14575,#14576,#14577),
 .UNSPECIFIED.,.F.,.F.,(3,3),(0.,1.),.PIECEWISE_BEZIER_KNOTS.);
#784=B_SPLINE_CURVE_WITH_KNOTS('',2,(#14581,#14582,#14583),
 .UNSPECIFIED.,.F.,.F.,(3,3),(0.,1.),.PIECEWISE_BEZIER_KNOTS.);
#785=B_SPLINE_CURVE_WITH_KNOTS('',2,(#14600,#14601,#14602),
 .UNSPECIFIED.,.F.,.F.,(3,3),(0.,1.),.PIECEWISE_BEZIER_KNOTS.);
#786=B_SPLINE_CURVE_WITH_KNOTS('',2,(#14615,#14616,#14617),
 .UNSPECIFIED.,.F.,.F.,(3,3),(0.,1.),.PIECEWISE_BEZIER_KNOTS.);
#787=B_SPLINE_CURVE_WITH_KNOTS('',2,(#14628,#14629,#14630),
 .UNSPECIFIED.,.F.,.F.,(3,3),(0.,1.),.PIECEWISE_BEZIER_KNOTS.);
#788=B_SPLINE_CURVE_WITH_KNOTS('',2,(#14641,#14642,#14643),
 .UNSPECIFIED.,.F.,.F.,(3,3),(0.,1.),.PIECEWISE_BEZIER_KNOTS.);
#789=B_SPLINE_CURVE_WITH_KNOTS('',2,(#14654,#14655,#14656),
 .UNSPECIFIED.,.F.,.F.,(3,3),(0.,1.),.PIECEWISE_BEZIER_KNOTS.);
#790=B_SPLINE_CURVE_WITH_KNOTS('',2,(#14671,#14672,#14673),
 .UNSPECIFIED.,.F.,.F.,(3,3),(0.,1.),.PIECEWISE_BEZIER_KNOTS.);
#791=B_SPLINE_CURVE_WITH_KNOTS('',2,(#14684,#14685,#14686),
 .UNSPECIFIED.,.F.,.F.,(3,3),(0.,1.),.PIECEWISE_BEZIER_KNOTS.);
#792=B_SPLINE_CURVE_WITH_KNOTS('',2,(#14701,#14702,#14703),
 .UNSPECIFIED.,.F.,.F.,(3,3),(0.,1.),.PIECEWISE_BEZIER_KNOTS.);
#793=B_SPLINE_CURVE_WITH_KNOTS('',2,(#14714,#14715,#14716),
 .UNSPECIFIED.,.F.,.F.,(3,3),(0.,1.),.PIECEWISE_BEZIER_KNOTS.);
#794=B_SPLINE_CURVE_WITH_KNOTS('',2,(#14727,#14728,#14729),
 .UNSPECIFIED.,.F.,.F.,(3,3),(0.,1.),.PIECEWISE_BEZIER_KNOTS.);
#795=B_SPLINE_CURVE_WITH_KNOTS('',2,(#14730,#14731,#14732),
 .UNSPECIFIED.,.F.,.F.,(3,3),(0.,1.),.PIECEWISE_BEZIER_KNOTS.);
#796=ORIENTED_EDGE('',*,*,#3230,.T.);
#797=ORIENTED_EDGE('',*,*,#3231,.T.);
#798=ORIENTED_EDGE('',*,*,#3232,.T.);
#799=ORIENTED_EDGE('',*,*,#3233,.T.);
#800=ORIENTED_EDGE('',*,*,#3234,.T.);
#801=ORIENTED_EDGE('',*,*,#3235,.T.);
#802=ORIENTED_EDGE('',*,*,#3236,.T.);
#803=ORIENTED_EDGE('',*,*,#3237,.T.);
#804=ORIENTED_EDGE('',*,*,#3238,.T.);
#805=ORIENTED_EDGE('',*,*,#3239,.T.);
#806=ORIENTED_EDGE('',*,*,#3240,.T.);
#807=ORIENTED_EDGE('',*,*,#3241,.T.);
#808=ORIENTED_EDGE('',*,*,#3242,.T.);
#809=ORIENTED_EDGE('',*,*,#3243,.T.);
#810=ORIENTED_EDGE('',*,*,#3244,.T.);
#811=ORIENTED_EDGE('',*,*,#3245,.T.);
#812=ORIENTED_EDGE('',*,*,#3246,.T.);
#813=ORIENTED_EDGE('',*,*,#3247,.T.);
#814=ORIENTED_EDGE('',*,*,#3248,.T.);
#815=ORIENTED_EDGE('',*,*,#3249,.T.);
#816=ORIENTED_EDGE('',*,*,#3250,.T.);
#817=ORIENTED_EDGE('',*,*,#3251,.T.);
#818=ORIENTED_EDGE('',*,*,#3252,.T.);
#819=ORIENTED_EDGE('',*,*,#3253,.T.);
#820=ORIENTED_EDGE('',*,*,#3254,.T.);
#821=ORIENTED_EDGE('',*,*,#3255,.T.);
#822=ORIENTED_EDGE('',*,*,#3256,.T.);
#823=ORIENTED_EDGE('',*,*,#3257,.T.);
#824=ORIENTED_EDGE('',*,*,#3258,.T.);
#825=ORIENTED_EDGE('',*,*,#3259,.T.);
#826=ORIENTED_EDGE('',*,*,#3260,.T.);
#827=ORIENTED_EDGE('',*,*,#3261,.T.);
#828=ORIENTED_EDGE('',*,*,#3262,.T.);
#829=ORIENTED_EDGE('',*,*,#3263,.T.);
#830=ORIENTED_EDGE('',*,*,#3264,.T.);
#831=ORIENTED_EDGE('',*,*,#3265,.T.);
#832=ORIENTED_EDGE('',*,*,#3266,.T.);
#833=ORIENTED_EDGE('',*,*,#3267,.T.);
#834=ORIENTED_EDGE('',*,*,#3268,.T.);
#835=ORIENTED_EDGE('',*,*,#3269,.T.);
#836=ORIENTED_EDGE('',*,*,#3270,.T.);
#837=ORIENTED_EDGE('',*,*,#3271,.T.);
#838=ORIENTED_EDGE('',*,*,#3272,.T.);
#839=ORIENTED_EDGE('',*,*,#3273,.T.);
#840=ORIENTED_EDGE('',*,*,#3274,.T.);
#841=ORIENTED_EDGE('',*,*,#3275,.T.);
#842=ORIENTED_EDGE('',*,*,#3276,.T.);
#843=ORIENTED_EDGE('',*,*,#3277,.T.);
#844=ORIENTED_EDGE('',*,*,#3278,.T.);
#845=ORIENTED_EDGE('',*,*,#3279,.T.);
#846=ORIENTED_EDGE('',*,*,#3280,.T.);
#847=ORIENTED_EDGE('',*,*,#3281,.T.);
#848=ORIENTED_EDGE('',*,*,#3282,.T.);
#849=ORIENTED_EDGE('',*,*,#3283,.T.);
#850=ORIENTED_EDGE('',*,*,#3284,.T.);
#851=ORIENTED_EDGE('',*,*,#3285,.T.);
#852=ORIENTED_EDGE('',*,*,#3286,.T.);
#853=ORIENTED_EDGE('',*,*,#3287,.T.);
#854=ORIENTED_EDGE('',*,*,#3288,.T.);
#855=ORIENTED_EDGE('',*,*,#3289,.T.);
#856=ORIENTED_EDGE('',*,*,#3290,.T.);
#857=ORIENTED_EDGE('',*,*,#3291,.T.);
#858=ORIENTED_EDGE('',*,*,#3292,.T.);
#859=ORIENTED_EDGE('',*,*,#3293,.T.);
#860=ORIENTED_EDGE('',*,*,#3294,.T.);
#861=ORIENTED_EDGE('',*,*,#3295,.T.);
#862=ORIENTED_EDGE('',*,*,#3296,.T.);
#863=ORIENTED_EDGE('',*,*,#3297,.T.);
#864=ORIENTED_EDGE('',*,*,#3298,.T.);
#865=ORIENTED_EDGE('',*,*,#3299,.T.);
#866=ORIENTED_EDGE('',*,*,#3300,.T.);
#867=ORIENTED_EDGE('',*,*,#3301,.T.);
#868=ORIENTED_EDGE('',*,*,#3302,.T.);
#869=ORIENTED_EDGE('',*,*,#3303,.T.);
#870=ORIENTED_EDGE('',*,*,#3304,.T.);
#871=ORIENTED_EDGE('',*,*,#3305,.T.);
#872=ORIENTED_EDGE('',*,*,#3306,.T.);
#873=ORIENTED_EDGE('',*,*,#3307,.T.);
#874=ORIENTED_EDGE('',*,*,#3308,.T.);
#875=ORIENTED_EDGE('',*,*,#3309,.T.);
#876=ORIENTED_EDGE('',*,*,#3310,.T.);
#877=ORIENTED_EDGE('',*,*,#3311,.T.);
#878=ORIENTED_EDGE('',*,*,#3312,.T.);
#879=ORIENTED_EDGE('',*,*,#3313,.T.);
#880=ORIENTED_EDGE('',*,*,#3314,.T.);
#881=ORIENTED_EDGE('',*,*,#3315,.T.);
#882=ORIENTED_EDGE('',*,*,#3316,.T.);
#883=ORIENTED_EDGE('',*,*,#3317,.T.);
#884=ORIENTED_EDGE('',*,*,#3318,.T.);
#885=ORIENTED_EDGE('',*,*,#3319,.T.);
#886=ORIENTED_EDGE('',*,*,#3320,.T.);
#887=ORIENTED_EDGE('',*,*,#3321,.T.);
#888=ORIENTED_EDGE('',*,*,#3322,.T.);
#889=ORIENTED_EDGE('',*,*,#3323,.T.);
#890=ORIENTED_EDGE('',*,*,#3324,.T.);
#891=ORIENTED_EDGE('',*,*,#3325,.T.);
#892=ORIENTED_EDGE('',*,*,#3326,.T.);
#893=ORIENTED_EDGE('',*,*,#3327,.T.);
#894=ORIENTED_EDGE('',*,*,#3328,.T.);
#895=ORIENTED_EDGE('',*,*,#3329,.T.);
#896=ORIENTED_EDGE('',*,*,#3330,.T.);
#897=ORIENTED_EDGE('',*,*,#3331,.T.);
#898=ORIENTED_EDGE('',*,*,#3332,.T.);
#899=ORIENTED_EDGE('',*,*,#3333,.T.);
#900=ORIENTED_EDGE('',*,*,#3334,.T.);
#901=ORIENTED_EDGE('',*,*,#3335,.T.);
#902=ORIENTED_EDGE('',*,*,#3336,.T.);
#903=ORIENTED_EDGE('',*,*,#3337,.T.);
#904=ORIENTED_EDGE('',*,*,#3338,.T.);
#905=ORIENTED_EDGE('',*,*,#3339,.T.);
#906=ORIENTED_EDGE('',*,*,#3340,.T.);
#907=ORIENTED_EDGE('',*,*,#3341,.T.);
#908=ORIENTED_EDGE('',*,*,#3342,.T.);
#909=ORIENTED_EDGE('',*,*,#3343,.T.);
#910=ORIENTED_EDGE('',*,*,#3344,.T.);
#911=ORIENTED_EDGE('',*,*,#3345,.T.);
#912=ORIENTED_EDGE('',*,*,#3346,.T.);
#913=ORIENTED_EDGE('',*,*,#3347,.T.);
#914=ORIENTED_EDGE('',*,*,#3348,.T.);
#915=ORIENTED_EDGE('',*,*,#3349,.T.);
#916=ORIENTED_EDGE('',*,*,#3350,.T.);
#917=ORIENTED_EDGE('',*,*,#3351,.T.);
#918=ORIENTED_EDGE('',*,*,#3352,.T.);
#919=ORIENTED_EDGE('',*,*,#3353,.T.);
#920=ORIENTED_EDGE('',*,*,#3354,.T.);
#921=ORIENTED_EDGE('',*,*,#3355,.T.);
#922=ORIENTED_EDGE('',*,*,#3356,.T.);
#923=ORIENTED_EDGE('',*,*,#3357,.T.);
#924=ORIENTED_EDGE('',*,*,#3358,.T.);
#925=ORIENTED_EDGE('',*,*,#3359,.T.);
#926=ORIENTED_EDGE('',*,*,#3360,.T.);
#927=ORIENTED_EDGE('',*,*,#3361,.T.);
#928=ORIENTED_EDGE('',*,*,#3362,.T.);
#929=ORIENTED_EDGE('',*,*,#3363,.T.);
#930=ORIENTED_EDGE('',*,*,#3364,.T.);
#931=ORIENTED_EDGE('',*,*,#3365,.T.);
#932=ORIENTED_EDGE('',*,*,#3366,.T.);
#933=ORIENTED_EDGE('',*,*,#3367,.T.);
#934=ORIENTED_EDGE('',*,*,#3368,.T.);
#935=ORIENTED_EDGE('',*,*,#3369,.T.);
#936=ORIENTED_EDGE('',*,*,#3370,.T.);
#937=ORIENTED_EDGE('',*,*,#3371,.T.);
#938=ORIENTED_EDGE('',*,*,#3372,.T.);
#939=ORIENTED_EDGE('',*,*,#3373,.T.);
#940=ORIENTED_EDGE('',*,*,#3374,.T.);
#941=ORIENTED_EDGE('',*,*,#3375,.T.);
#942=ORIENTED_EDGE('',*,*,#3376,.T.);
#943=ORIENTED_EDGE('',*,*,#3377,.T.);
#944=ORIENTED_EDGE('',*,*,#3378,.T.);
#945=ORIENTED_EDGE('',*,*,#3379,.T.);
#946=ORIENTED_EDGE('',*,*,#3380,.T.);
#947=ORIENTED_EDGE('',*,*,#3381,.T.);
#948=ORIENTED_EDGE('',*,*,#3382,.T.);
#949=ORIENTED_EDGE('',*,*,#3383,.T.);
#950=ORIENTED_EDGE('',*,*,#3384,.T.);
#951=ORIENTED_EDGE('',*,*,#3385,.T.);
#952=ORIENTED_EDGE('',*,*,#3386,.T.);
#953=ORIENTED_EDGE('',*,*,#3387,.T.);
#954=ORIENTED_EDGE('',*,*,#3388,.T.);
#955=ORIENTED_EDGE('',*,*,#3389,.T.);
#956=ORIENTED_EDGE('',*,*,#3390,.T.);
#957=ORIENTED_EDGE('',*,*,#3391,.T.);
#958=ORIENTED_EDGE('',*,*,#3392,.T.);
#959=ORIENTED_EDGE('',*,*,#3393,.T.);
#960=ORIENTED_EDGE('',*,*,#3394,.T.);
#961=ORIENTED_EDGE('',*,*,#3395,.T.);
#962=ORIENTED_EDGE('',*,*,#3396,.T.);
#963=ORIENTED_EDGE('',*,*,#3397,.T.);
#964=ORIENTED_EDGE('',*,*,#3398,.T.);
#965=ORIENTED_EDGE('',*,*,#3399,.T.);
#966=ORIENTED_EDGE('',*,*,#3400,.T.);
#967=ORIENTED_EDGE('',*,*,#3401,.T.);
#968=ORIENTED_EDGE('',*,*,#3402,.T.);
#969=ORIENTED_EDGE('',*,*,#3403,.T.);
#970=ORIENTED_EDGE('',*,*,#3404,.T.);
#971=ORIENTED_EDGE('',*,*,#3405,.T.);
#972=ORIENTED_EDGE('',*,*,#3406,.T.);
#973=ORIENTED_EDGE('',*,*,#3407,.T.);
#974=ORIENTED_EDGE('',*,*,#3408,.T.);
#975=ORIENTED_EDGE('',*,*,#3409,.T.);
#976=ORIENTED_EDGE('',*,*,#3410,.T.);
#977=ORIENTED_EDGE('',*,*,#3411,.T.);
#978=ORIENTED_EDGE('',*,*,#3412,.T.);
#979=ORIENTED_EDGE('',*,*,#3413,.T.);
#980=ORIENTED_EDGE('',*,*,#3414,.T.);
#981=ORIENTED_EDGE('',*,*,#3415,.T.);
#982=ORIENTED_EDGE('',*,*,#3416,.T.);
#983=ORIENTED_EDGE('',*,*,#3417,.T.);
#984=ORIENTED_EDGE('',*,*,#3418,.T.);
#985=ORIENTED_EDGE('',*,*,#3419,.T.);
#986=ORIENTED_EDGE('',*,*,#3420,.T.);
#987=ORIENTED_EDGE('',*,*,#3421,.T.);
#988=ORIENTED_EDGE('',*,*,#3422,.T.);
#989=ORIENTED_EDGE('',*,*,#3423,.T.);
#990=ORIENTED_EDGE('',*,*,#3424,.T.);
#991=ORIENTED_EDGE('',*,*,#3425,.T.);
#992=ORIENTED_EDGE('',*,*,#3426,.T.);
#993=ORIENTED_EDGE('',*,*,#3427,.T.);
#994=ORIENTED_EDGE('',*,*,#3428,.T.);
#995=ORIENTED_EDGE('',*,*,#3429,.T.);
#996=ORIENTED_EDGE('',*,*,#3430,.T.);
#997=ORIENTED_EDGE('',*,*,#3431,.T.);
#998=ORIENTED_EDGE('',*,*,#3432,.T.);
#999=ORIENTED_EDGE('',*,*,#3433,.T.);
#1000=ORIENTED_EDGE('',*,*,#3434,.T.);
#1001=ORIENTED_EDGE('',*,*,#3435,.T.);
#1002=ORIENTED_EDGE('',*,*,#3436,.T.);
#1003=ORIENTED_EDGE('',*,*,#3437,.T.);
#1004=ORIENTED_EDGE('',*,*,#3438,.T.);
#1005=ORIENTED_EDGE('',*,*,#3439,.T.);
#1006=ORIENTED_EDGE('',*,*,#3440,.T.);
#1007=ORIENTED_EDGE('',*,*,#3441,.T.);
#1008=ORIENTED_EDGE('',*,*,#3442,.T.);
#1009=ORIENTED_EDGE('',*,*,#3443,.T.);
#1010=ORIENTED_EDGE('',*,*,#3444,.T.);
#1011=ORIENTED_EDGE('',*,*,#3445,.T.);
#1012=ORIENTED_EDGE('',*,*,#3446,.T.);
#1013=ORIENTED_EDGE('',*,*,#3447,.T.);
#1014=ORIENTED_EDGE('',*,*,#3448,.T.);
#1015=ORIENTED_EDGE('',*,*,#3449,.T.);
#1016=ORIENTED_EDGE('',*,*,#3450,.T.);
#1017=ORIENTED_EDGE('',*,*,#3451,.T.);
#1018=ORIENTED_EDGE('',*,*,#3452,.T.);
#1019=ORIENTED_EDGE('',*,*,#3453,.T.);
#1020=ORIENTED_EDGE('',*,*,#3454,.T.);
#1021=ORIENTED_EDGE('',*,*,#3455,.T.);
#1022=ORIENTED_EDGE('',*,*,#3456,.T.);
#1023=ORIENTED_EDGE('',*,*,#3457,.T.);
#1024=ORIENTED_EDGE('',*,*,#3458,.T.);
#1025=ORIENTED_EDGE('',*,*,#3459,.T.);
#1026=ORIENTED_EDGE('',*,*,#3460,.T.);
#1027=ORIENTED_EDGE('',*,*,#3461,.T.);
#1028=ORIENTED_EDGE('',*,*,#3462,.T.);
#1029=ORIENTED_EDGE('',*,*,#3463,.T.);
#1030=ORIENTED_EDGE('',*,*,#3464,.T.);
#1031=ORIENTED_EDGE('',*,*,#3465,.T.);
#1032=ORIENTED_EDGE('',*,*,#3466,.T.);
#1033=ORIENTED_EDGE('',*,*,#3467,.T.);
#1034=ORIENTED_EDGE('',*,*,#3468,.T.);
#1035=ORIENTED_EDGE('',*,*,#3469,.T.);
#1036=ORIENTED_EDGE('',*,*,#3470,.T.);
#1037=ORIENTED_EDGE('',*,*,#3471,.T.);
#1038=ORIENTED_EDGE('',*,*,#3472,.T.);
#1039=ORIENTED_EDGE('',*,*,#3473,.T.);
#1040=ORIENTED_EDGE('',*,*,#3474,.T.);
#1041=ORIENTED_EDGE('',*,*,#3475,.T.);
#1042=ORIENTED_EDGE('',*,*,#3476,.T.);
#1043=ORIENTED_EDGE('',*,*,#3477,.T.);
#1044=ORIENTED_EDGE('',*,*,#3478,.T.);
#1045=ORIENTED_EDGE('',*,*,#3479,.T.);
#1046=ORIENTED_EDGE('',*,*,#3480,.T.);
#1047=ORIENTED_EDGE('',*,*,#3481,.T.);
#1048=ORIENTED_EDGE('',*,*,#3482,.T.);
#1049=ORIENTED_EDGE('',*,*,#3483,.T.);
#1050=ORIENTED_EDGE('',*,*,#3484,.T.);
#1051=ORIENTED_EDGE('',*,*,#3485,.T.);
#1052=ORIENTED_EDGE('',*,*,#3486,.T.);
#1053=ORIENTED_EDGE('',*,*,#3487,.T.);
#1054=ORIENTED_EDGE('',*,*,#3488,.T.);
#1055=ORIENTED_EDGE('',*,*,#3489,.T.);
#1056=ORIENTED_EDGE('',*,*,#3490,.T.);
#1057=ORIENTED_EDGE('',*,*,#3491,.T.);
#1058=ORIENTED_EDGE('',*,*,#3492,.T.);
#1059=ORIENTED_EDGE('',*,*,#3493,.T.);
#1060=ORIENTED_EDGE('',*,*,#3494,.T.);
#1061=ORIENTED_EDGE('',*,*,#3495,.T.);
#1062=ORIENTED_EDGE('',*,*,#3496,.T.);
#1063=ORIENTED_EDGE('',*,*,#3497,.T.);
#1064=ORIENTED_EDGE('',*,*,#3498,.T.);
#1065=ORIENTED_EDGE('',*,*,#3499,.T.);
#1066=ORIENTED_EDGE('',*,*,#3500,.T.);
#1067=ORIENTED_EDGE('',*,*,#3501,.T.);
#1068=ORIENTED_EDGE('',*,*,#3502,.T.);
#1069=ORIENTED_EDGE('',*,*,#3503,.T.);
#1070=ORIENTED_EDGE('',*,*,#3504,.T.);
#1071=ORIENTED_EDGE('',*,*,#3505,.T.);
#1072=ORIENTED_EDGE('',*,*,#3506,.T.);
#1073=ORIENTED_EDGE('',*,*,#3507,.T.);
#1074=ORIENTED_EDGE('',*,*,#3508,.T.);
#1075=ORIENTED_EDGE('',*,*,#3509,.T.);
#1076=ORIENTED_EDGE('',*,*,#3510,.T.);
#1077=ORIENTED_EDGE('',*,*,#3511,.T.);
#1078=ORIENTED_EDGE('',*,*,#3512,.T.);
#1079=ORIENTED_EDGE('',*,*,#3513,.T.);
#1080=ORIENTED_EDGE('',*,*,#3514,.T.);
#1081=ORIENTED_EDGE('',*,*,#3515,.T.);
#1082=ORIENTED_EDGE('',*,*,#3516,.T.);
#1083=ORIENTED_EDGE('',*,*,#3517,.T.);
#1084=ORIENTED_EDGE('',*,*,#3518,.T.);
#1085=ORIENTED_EDGE('',*,*,#3519,.T.);
#1086=ORIENTED_EDGE('',*,*,#3520,.T.);
#1087=ORIENTED_EDGE('',*,*,#3521,.T.);
#1088=ORIENTED_EDGE('',*,*,#3522,.T.);
#1089=ORIENTED_EDGE('',*,*,#3523,.T.);
#1090=ORIENTED_EDGE('',*,*,#3524,.T.);
#1091=ORIENTED_EDGE('',*,*,#3525,.T.);
#1092=ORIENTED_EDGE('',*,*,#3526,.T.);
#1093=ORIENTED_EDGE('',*,*,#3527,.T.);
#1094=ORIENTED_EDGE('',*,*,#3528,.T.);
#1095=ORIENTED_EDGE('',*,*,#3529,.T.);
#1096=ORIENTED_EDGE('',*,*,#3530,.F.);
#1097=ORIENTED_EDGE('',*,*,#3531,.F.);
#1098=ORIENTED_EDGE('',*,*,#3532,.T.);
#1099=ORIENTED_EDGE('',*,*,#3533,.T.);
#1100=ORIENTED_EDGE('',*,*,#3534,.F.);
#1101=ORIENTED_EDGE('',*,*,#3532,.F.);
#1102=ORIENTED_EDGE('',*,*,#3535,.T.);
#1103=ORIENTED_EDGE('',*,*,#3536,.T.);
#1104=ORIENTED_EDGE('',*,*,#3537,.T.);
#1105=ORIENTED_EDGE('',*,*,#3538,.T.);
#1106=ORIENTED_EDGE('',*,*,#3539,.T.);
#1107=ORIENTED_EDGE('',*,*,#3540,.F.);
#1108=ORIENTED_EDGE('',*,*,#3541,.F.);
#1109=ORIENTED_EDGE('',*,*,#3542,.F.);
#1110=ORIENTED_EDGE('',*,*,#3543,.F.);
#1111=ORIENTED_EDGE('',*,*,#3535,.F.);
#1112=ORIENTED_EDGE('',*,*,#3531,.T.);
#1113=ORIENTED_EDGE('',*,*,#3544,.F.);
#1114=ORIENTED_EDGE('',*,*,#3545,.F.);
#1115=ORIENTED_EDGE('',*,*,#3546,.F.);
#1116=ORIENTED_EDGE('',*,*,#3547,.F.);
#1117=ORIENTED_EDGE('',*,*,#3536,.F.);
#1118=ORIENTED_EDGE('',*,*,#3548,.F.);
#1119=ORIENTED_EDGE('',*,*,#3549,.F.);
#1120=ORIENTED_EDGE('',*,*,#3533,.F.);
#1121=ORIENTED_EDGE('',*,*,#3534,.T.);
#1122=ORIENTED_EDGE('',*,*,#3550,.T.);
#1123=ORIENTED_EDGE('',*,*,#3551,.T.);
#1124=ORIENTED_EDGE('',*,*,#3550,.F.);
#1125=ORIENTED_EDGE('',*,*,#3537,.F.);
#1126=ORIENTED_EDGE('',*,*,#3547,.T.);
#1127=ORIENTED_EDGE('',*,*,#3551,.F.);
#1128=ORIENTED_EDGE('',*,*,#3552,.T.);
#1129=ORIENTED_EDGE('',*,*,#3530,.T.);
#1130=ORIENTED_EDGE('',*,*,#3549,.T.);
#1131=ORIENTED_EDGE('',*,*,#3544,.T.);
#1132=ORIENTED_EDGE('',*,*,#3552,.F.);
#1133=ORIENTED_EDGE('',*,*,#3546,.T.);
#1134=ORIENTED_EDGE('',*,*,#3553,.T.);
#1135=ORIENTED_EDGE('',*,*,#3543,.T.);
#1136=ORIENTED_EDGE('',*,*,#3553,.F.);
#1137=ORIENTED_EDGE('',*,*,#3545,.T.);
#1138=ORIENTED_EDGE('',*,*,#3554,.T.);
#1139=ORIENTED_EDGE('',*,*,#3555,.F.);
#1140=ORIENTED_EDGE('',*,*,#3542,.T.);
#1141=ORIENTED_EDGE('',*,*,#3556,.T.);
#1142=ORIENTED_EDGE('',*,*,#3556,.F.);
#1143=ORIENTED_EDGE('',*,*,#3541,.T.);
#1144=ORIENTED_EDGE('',*,*,#3557,.T.);
#1145=ORIENTED_EDGE('',*,*,#3558,.T.);
#1146=ORIENTED_EDGE('',*,*,#3559,.T.);
#1147=ORIENTED_EDGE('',*,*,#3560,.T.);
#1148=ORIENTED_EDGE('',*,*,#3561,.F.);
#1149=ORIENTED_EDGE('',*,*,#3539,.F.);
#1150=ORIENTED_EDGE('',*,*,#3562,.T.);
#1151=ORIENTED_EDGE('',*,*,#3563,.T.);
#1152=ORIENTED_EDGE('',*,*,#3562,.F.);
#1153=ORIENTED_EDGE('',*,*,#3538,.F.);
#1154=ORIENTED_EDGE('',*,*,#3555,.T.);
#1155=ORIENTED_EDGE('',*,*,#3564,.F.);
#1156=ORIENTED_EDGE('',*,*,#3557,.F.);
#1157=ORIENTED_EDGE('',*,*,#3540,.T.);
#1158=ORIENTED_EDGE('',*,*,#3561,.T.);
#1159=ORIENTED_EDGE('',*,*,#3564,.T.);
#1160=ORIENTED_EDGE('',*,*,#3560,.F.);
#1161=ORIENTED_EDGE('',*,*,#3563,.F.);
#1162=ORIENTED_EDGE('',*,*,#3565,.F.);
#1163=ORIENTED_EDGE('',*,*,#3554,.F.);
#1164=ORIENTED_EDGE('',*,*,#3558,.F.);
#1165=ORIENTED_EDGE('',*,*,#3565,.T.);
#1166=ORIENTED_EDGE('',*,*,#3566,.T.);
#1167=ORIENTED_EDGE('',*,*,#3559,.F.);
#1168=ORIENTED_EDGE('',*,*,#3567,.F.);
#1169=ORIENTED_EDGE('',*,*,#3548,.T.);
#1170=ORIENTED_EDGE('',*,*,#3566,.F.);
#1171=ORIENTED_EDGE('',*,*,#3567,.T.);
#1172=ORIENTED_EDGE('',*,*,#3517,.F.);
#1173=ORIENTED_EDGE('',*,*,#3568,.F.);
#1174=ORIENTED_EDGE('',*,*,#3569,.T.);
#1175=ORIENTED_EDGE('',*,*,#3570,.T.);
#1176=ORIENTED_EDGE('',*,*,#3529,.F.);
#1177=ORIENTED_EDGE('',*,*,#3571,.F.);
#1178=ORIENTED_EDGE('',*,*,#3572,.T.);
#1179=ORIENTED_EDGE('',*,*,#3568,.T.);
#1180=ORIENTED_EDGE('',*,*,#3528,.F.);
#1181=ORIENTED_EDGE('',*,*,#3573,.F.);
#1182=ORIENTED_EDGE('',*,*,#3574,.T.);
#1183=ORIENTED_EDGE('',*,*,#3571,.T.);
#1184=ORIENTED_EDGE('',*,*,#3527,.F.);
#1185=ORIENTED_EDGE('',*,*,#3575,.F.);
#1186=ORIENTED_EDGE('',*,*,#3576,.T.);
#1187=ORIENTED_EDGE('',*,*,#3573,.T.);
#1188=ORIENTED_EDGE('',*,*,#3526,.F.);
#1189=ORIENTED_EDGE('',*,*,#3577,.F.);
#1190=ORIENTED_EDGE('',*,*,#3578,.T.);
#1191=ORIENTED_EDGE('',*,*,#3575,.T.);
#1192=ORIENTED_EDGE('',*,*,#3525,.F.);
#1193=ORIENTED_EDGE('',*,*,#3579,.F.);
#1194=ORIENTED_EDGE('',*,*,#3580,.T.);
#1195=ORIENTED_EDGE('',*,*,#3577,.T.);
#1196=ORIENTED_EDGE('',*,*,#3524,.F.);
#1197=ORIENTED_EDGE('',*,*,#3581,.F.);
#1198=ORIENTED_EDGE('',*,*,#3582,.T.);
#1199=ORIENTED_EDGE('',*,*,#3579,.T.);
#1200=ORIENTED_EDGE('',*,*,#3523,.F.);
#1201=ORIENTED_EDGE('',*,*,#3583,.F.);
#1202=ORIENTED_EDGE('',*,*,#3584,.T.);
#1203=ORIENTED_EDGE('',*,*,#3581,.T.);
#1204=ORIENTED_EDGE('',*,*,#3522,.F.);
#1205=ORIENTED_EDGE('',*,*,#3585,.F.);
#1206=ORIENTED_EDGE('',*,*,#3586,.T.);
#1207=ORIENTED_EDGE('',*,*,#3583,.T.);
#1208=ORIENTED_EDGE('',*,*,#3521,.F.);
#1209=ORIENTED_EDGE('',*,*,#3587,.F.);
#1210=ORIENTED_EDGE('',*,*,#3588,.T.);
#1211=ORIENTED_EDGE('',*,*,#3585,.T.);
#1212=ORIENTED_EDGE('',*,*,#3520,.F.);
#1213=ORIENTED_EDGE('',*,*,#3589,.F.);
#1214=ORIENTED_EDGE('',*,*,#3590,.T.);
#1215=ORIENTED_EDGE('',*,*,#3587,.T.);
#1216=ORIENTED_EDGE('',*,*,#3519,.F.);
#1217=ORIENTED_EDGE('',*,*,#3591,.F.);
#1218=ORIENTED_EDGE('',*,*,#3592,.T.);
#1219=ORIENTED_EDGE('',*,*,#3589,.T.);
#1220=ORIENTED_EDGE('',*,*,#3518,.F.);
#1221=ORIENTED_EDGE('',*,*,#3570,.F.);
#1222=ORIENTED_EDGE('',*,*,#3593,.T.);
#1223=ORIENTED_EDGE('',*,*,#3591,.T.);
#1224=ORIENTED_EDGE('',*,*,#3569,.F.);
#1225=ORIENTED_EDGE('',*,*,#3572,.F.);
#1226=ORIENTED_EDGE('',*,*,#3574,.F.);
#1227=ORIENTED_EDGE('',*,*,#3576,.F.);
#1228=ORIENTED_EDGE('',*,*,#3578,.F.);
#1229=ORIENTED_EDGE('',*,*,#3580,.F.);
#1230=ORIENTED_EDGE('',*,*,#3582,.F.);
#1231=ORIENTED_EDGE('',*,*,#3584,.F.);
#1232=ORIENTED_EDGE('',*,*,#3586,.F.);
#1233=ORIENTED_EDGE('',*,*,#3588,.F.);
#1234=ORIENTED_EDGE('',*,*,#3590,.F.);
#1235=ORIENTED_EDGE('',*,*,#3592,.F.);
#1236=ORIENTED_EDGE('',*,*,#3593,.F.);
#1237=ORIENTED_EDGE('',*,*,#3594,.F.);
#1238=ORIENTED_EDGE('',*,*,#3595,.F.);
#1239=ORIENTED_EDGE('',*,*,#3596,.T.);
#1240=ORIENTED_EDGE('',*,*,#3597,.T.);
#1241=ORIENTED_EDGE('',*,*,#3598,.F.);
#1242=ORIENTED_EDGE('',*,*,#3599,.F.);
#1243=ORIENTED_EDGE('',*,*,#3600,.T.);
#1244=ORIENTED_EDGE('',*,*,#3595,.T.);
#1245=ORIENTED_EDGE('',*,*,#3601,.F.);
#1246=ORIENTED_EDGE('',*,*,#3602,.F.);
#1247=ORIENTED_EDGE('',*,*,#3603,.T.);
#1248=ORIENTED_EDGE('',*,*,#3599,.T.);
#1249=ORIENTED_EDGE('',*,*,#3604,.F.);
#1250=ORIENTED_EDGE('',*,*,#3605,.F.);
#1251=ORIENTED_EDGE('',*,*,#3606,.T.);
#1252=ORIENTED_EDGE('',*,*,#3602,.T.);
#1253=ORIENTED_EDGE('',*,*,#3607,.F.);
#1254=ORIENTED_EDGE('',*,*,#3608,.F.);
#1255=ORIENTED_EDGE('',*,*,#3609,.T.);
#1256=ORIENTED_EDGE('',*,*,#3605,.T.);
#1257=ORIENTED_EDGE('',*,*,#3610,.F.);
#1258=ORIENTED_EDGE('',*,*,#3611,.F.);
#1259=ORIENTED_EDGE('',*,*,#3612,.T.);
#1260=ORIENTED_EDGE('',*,*,#3608,.T.);
#1261=ORIENTED_EDGE('',*,*,#3613,.F.);
#1262=ORIENTED_EDGE('',*,*,#3614,.F.);
#1263=ORIENTED_EDGE('',*,*,#3615,.T.);
#1264=ORIENTED_EDGE('',*,*,#3611,.T.);
#1265=ORIENTED_EDGE('',*,*,#3616,.F.);
#1266=ORIENTED_EDGE('',*,*,#3617,.F.);
#1267=ORIENTED_EDGE('',*,*,#3618,.T.);
#1268=ORIENTED_EDGE('',*,*,#3614,.T.);
#1269=ORIENTED_EDGE('',*,*,#3619,.F.);
#1270=ORIENTED_EDGE('',*,*,#3620,.F.);
#1271=ORIENTED_EDGE('',*,*,#3621,.T.);
#1272=ORIENTED_EDGE('',*,*,#3617,.T.);
#1273=ORIENTED_EDGE('',*,*,#3501,.F.);
#1274=ORIENTED_EDGE('',*,*,#3622,.F.);
#1275=ORIENTED_EDGE('',*,*,#3623,.T.);
#1276=ORIENTED_EDGE('',*,*,#3624,.T.);
#1277=ORIENTED_EDGE('',*,*,#3516,.F.);
#1278=ORIENTED_EDGE('',*,*,#3625,.F.);
#1279=ORIENTED_EDGE('',*,*,#3626,.T.);
#1280=ORIENTED_EDGE('',*,*,#3622,.T.);
#1281=ORIENTED_EDGE('',*,*,#3515,.F.);
#1282=ORIENTED_EDGE('',*,*,#3627,.F.);
#1283=ORIENTED_EDGE('',*,*,#3628,.T.);
#1284=ORIENTED_EDGE('',*,*,#3625,.T.);
#1285=ORIENTED_EDGE('',*,*,#3514,.F.);
#1286=ORIENTED_EDGE('',*,*,#3629,.F.);
#1287=ORIENTED_EDGE('',*,*,#3630,.T.);
#1288=ORIENTED_EDGE('',*,*,#3627,.T.);
#1289=ORIENTED_EDGE('',*,*,#3513,.F.);
#1290=ORIENTED_EDGE('',*,*,#3631,.F.);
#1291=ORIENTED_EDGE('',*,*,#3632,.T.);
#1292=ORIENTED_EDGE('',*,*,#3629,.T.);
#1293=ORIENTED_EDGE('',*,*,#3512,.F.);
#1294=ORIENTED_EDGE('',*,*,#3633,.F.);
#1295=ORIENTED_EDGE('',*,*,#3634,.T.);
#1296=ORIENTED_EDGE('',*,*,#3631,.T.);
#1297=ORIENTED_EDGE('',*,*,#3511,.F.);
#1298=ORIENTED_EDGE('',*,*,#3635,.F.);
#1299=ORIENTED_EDGE('',*,*,#3636,.T.);
#1300=ORIENTED_EDGE('',*,*,#3633,.T.);
#1301=ORIENTED_EDGE('',*,*,#3510,.F.);
#1302=ORIENTED_EDGE('',*,*,#3637,.F.);
#1303=ORIENTED_EDGE('',*,*,#3638,.T.);
#1304=ORIENTED_EDGE('',*,*,#3635,.T.);
#1305=ORIENTED_EDGE('',*,*,#3509,.F.);
#1306=ORIENTED_EDGE('',*,*,#3639,.F.);
#1307=ORIENTED_EDGE('',*,*,#3640,.T.);
#1308=ORIENTED_EDGE('',*,*,#3637,.T.);
#1309=ORIENTED_EDGE('',*,*,#3508,.F.);
#1310=ORIENTED_EDGE('',*,*,#3641,.F.);
#1311=ORIENTED_EDGE('',*,*,#3642,.T.);
#1312=ORIENTED_EDGE('',*,*,#3639,.T.);
#1313=ORIENTED_EDGE('',*,*,#3507,.F.);
#1314=ORIENTED_EDGE('',*,*,#3643,.F.);
#1315=ORIENTED_EDGE('',*,*,#3644,.T.);
#1316=ORIENTED_EDGE('',*,*,#3641,.T.);
#1317=ORIENTED_EDGE('',*,*,#3506,.F.);
#1318=ORIENTED_EDGE('',*,*,#3645,.F.);
#1319=ORIENTED_EDGE('',*,*,#3646,.T.);
#1320=ORIENTED_EDGE('',*,*,#3643,.T.);
#1321=ORIENTED_EDGE('',*,*,#3505,.F.);
#1322=ORIENTED_EDGE('',*,*,#3647,.F.);
#1323=ORIENTED_EDGE('',*,*,#3648,.T.);
#1324=ORIENTED_EDGE('',*,*,#3645,.T.);
#1325=ORIENTED_EDGE('',*,*,#3504,.F.);
#1326=ORIENTED_EDGE('',*,*,#3649,.F.);
#1327=ORIENTED_EDGE('',*,*,#3650,.T.);
#1328=ORIENTED_EDGE('',*,*,#3647,.T.);
#1329=ORIENTED_EDGE('',*,*,#3503,.F.);
#1330=ORIENTED_EDGE('',*,*,#3651,.F.);
#1331=ORIENTED_EDGE('',*,*,#3652,.T.);
#1332=ORIENTED_EDGE('',*,*,#3649,.T.);
#1333=ORIENTED_EDGE('',*,*,#3502,.F.);
#1334=ORIENTED_EDGE('',*,*,#3624,.F.);
#1335=ORIENTED_EDGE('',*,*,#3653,.T.);
#1336=ORIENTED_EDGE('',*,*,#3651,.T.);
#1337=ORIENTED_EDGE('',*,*,#3654,.F.);
#1338=ORIENTED_EDGE('',*,*,#3597,.F.);
#1339=ORIENTED_EDGE('',*,*,#3655,.T.);
#1340=ORIENTED_EDGE('',*,*,#3620,.T.);
#1341=ORIENTED_EDGE('',*,*,#3623,.F.);
#1342=ORIENTED_EDGE('',*,*,#3626,.F.);
#1343=ORIENTED_EDGE('',*,*,#3628,.F.);
#1344=ORIENTED_EDGE('',*,*,#3630,.F.);
#1345=ORIENTED_EDGE('',*,*,#3632,.F.);
#1346=ORIENTED_EDGE('',*,*,#3634,.F.);
#1347=ORIENTED_EDGE('',*,*,#3636,.F.);
#1348=ORIENTED_EDGE('',*,*,#3638,.F.);
#1349=ORIENTED_EDGE('',*,*,#3640,.F.);
#1350=ORIENTED_EDGE('',*,*,#3642,.F.);
#1351=ORIENTED_EDGE('',*,*,#3644,.F.);
#1352=ORIENTED_EDGE('',*,*,#3646,.F.);
#1353=ORIENTED_EDGE('',*,*,#3648,.F.);
#1354=ORIENTED_EDGE('',*,*,#3650,.F.);
#1355=ORIENTED_EDGE('',*,*,#3652,.F.);
#1356=ORIENTED_EDGE('',*,*,#3653,.F.);
#1357=ORIENTED_EDGE('',*,*,#3596,.F.);
#1358=ORIENTED_EDGE('',*,*,#3600,.F.);
#1359=ORIENTED_EDGE('',*,*,#3603,.F.);
#1360=ORIENTED_EDGE('',*,*,#3606,.F.);
#1361=ORIENTED_EDGE('',*,*,#3609,.F.);
#1362=ORIENTED_EDGE('',*,*,#3612,.F.);
#1363=ORIENTED_EDGE('',*,*,#3615,.F.);
#1364=ORIENTED_EDGE('',*,*,#3618,.F.);
#1365=ORIENTED_EDGE('',*,*,#3621,.F.);
#1366=ORIENTED_EDGE('',*,*,#3655,.F.);
#1367=ORIENTED_EDGE('',*,*,#3594,.T.);
#1368=ORIENTED_EDGE('',*,*,#3654,.T.);
#1369=ORIENTED_EDGE('',*,*,#3619,.T.);
#1370=ORIENTED_EDGE('',*,*,#3616,.T.);
#1371=ORIENTED_EDGE('',*,*,#3613,.T.);
#1372=ORIENTED_EDGE('',*,*,#3610,.T.);
#1373=ORIENTED_EDGE('',*,*,#3607,.T.);
#1374=ORIENTED_EDGE('',*,*,#3604,.T.);
#1375=ORIENTED_EDGE('',*,*,#3601,.T.);
#1376=ORIENTED_EDGE('',*,*,#3598,.T.);
#1377=ORIENTED_EDGE('',*,*,#3656,.F.);
#1378=ORIENTED_EDGE('',*,*,#3657,.F.);
#1379=ORIENTED_EDGE('',*,*,#3658,.T.);
#1380=ORIENTED_EDGE('',*,*,#3659,.T.);
#1381=ORIENTED_EDGE('',*,*,#3660,.F.);
#1382=ORIENTED_EDGE('',*,*,#3661,.F.);
#1383=ORIENTED_EDGE('',*,*,#3662,.T.);
#1384=ORIENTED_EDGE('',*,*,#3657,.T.);
#1385=ORIENTED_EDGE('',*,*,#3663,.F.);
#1386=ORIENTED_EDGE('',*,*,#3664,.F.);
#1387=ORIENTED_EDGE('',*,*,#3665,.T.);
#1388=ORIENTED_EDGE('',*,*,#3661,.T.);
#1389=ORIENTED_EDGE('',*,*,#3666,.F.);
#1390=ORIENTED_EDGE('',*,*,#3667,.F.);
#1391=ORIENTED_EDGE('',*,*,#3668,.T.);
#1392=ORIENTED_EDGE('',*,*,#3664,.T.);
#1393=ORIENTED_EDGE('',*,*,#3669,.F.);
#1394=ORIENTED_EDGE('',*,*,#3670,.F.);
#1395=ORIENTED_EDGE('',*,*,#3671,.T.);
#1396=ORIENTED_EDGE('',*,*,#3667,.T.);
#1397=ORIENTED_EDGE('',*,*,#3672,.F.);
#1398=ORIENTED_EDGE('',*,*,#3673,.F.);
#1399=ORIENTED_EDGE('',*,*,#3674,.T.);
#1400=ORIENTED_EDGE('',*,*,#3670,.T.);
#1401=ORIENTED_EDGE('',*,*,#3675,.F.);
#1402=ORIENTED_EDGE('',*,*,#3676,.F.);
#1403=ORIENTED_EDGE('',*,*,#3677,.T.);
#1404=ORIENTED_EDGE('',*,*,#3673,.T.);
#1405=ORIENTED_EDGE('',*,*,#3678,.F.);
#1406=ORIENTED_EDGE('',*,*,#3679,.F.);
#1407=ORIENTED_EDGE('',*,*,#3680,.T.);
#1408=ORIENTED_EDGE('',*,*,#3676,.T.);
#1409=ORIENTED_EDGE('',*,*,#3681,.F.);
#1410=ORIENTED_EDGE('',*,*,#3682,.F.);
#1411=ORIENTED_EDGE('',*,*,#3683,.T.);
#1412=ORIENTED_EDGE('',*,*,#3679,.T.);
#1413=ORIENTED_EDGE('',*,*,#3485,.F.);
#1414=ORIENTED_EDGE('',*,*,#3684,.F.);
#1415=ORIENTED_EDGE('',*,*,#3685,.T.);
#1416=ORIENTED_EDGE('',*,*,#3686,.T.);
#1417=ORIENTED_EDGE('',*,*,#3500,.F.);
#1418=ORIENTED_EDGE('',*,*,#3687,.F.);
#1419=ORIENTED_EDGE('',*,*,#3688,.T.);
#1420=ORIENTED_EDGE('',*,*,#3684,.T.);
#1421=ORIENTED_EDGE('',*,*,#3499,.F.);
#1422=ORIENTED_EDGE('',*,*,#3689,.F.);
#1423=ORIENTED_EDGE('',*,*,#3690,.T.);
#1424=ORIENTED_EDGE('',*,*,#3687,.T.);
#1425=ORIENTED_EDGE('',*,*,#3498,.F.);
#1426=ORIENTED_EDGE('',*,*,#3691,.F.);
#1427=ORIENTED_EDGE('',*,*,#3692,.T.);
#1428=ORIENTED_EDGE('',*,*,#3689,.T.);
#1429=ORIENTED_EDGE('',*,*,#3497,.F.);
#1430=ORIENTED_EDGE('',*,*,#3693,.F.);
#1431=ORIENTED_EDGE('',*,*,#3694,.T.);
#1432=ORIENTED_EDGE('',*,*,#3691,.T.);
#1433=ORIENTED_EDGE('',*,*,#3496,.F.);
#1434=ORIENTED_EDGE('',*,*,#3695,.F.);
#1435=ORIENTED_EDGE('',*,*,#3696,.T.);
#1436=ORIENTED_EDGE('',*,*,#3693,.T.);
#1437=ORIENTED_EDGE('',*,*,#3495,.F.);
#1438=ORIENTED_EDGE('',*,*,#3697,.F.);
#1439=ORIENTED_EDGE('',*,*,#3698,.T.);
#1440=ORIENTED_EDGE('',*,*,#3695,.T.);
#1441=ORIENTED_EDGE('',*,*,#3494,.F.);
#1442=ORIENTED_EDGE('',*,*,#3699,.F.);
#1443=ORIENTED_EDGE('',*,*,#3700,.T.);
#1444=ORIENTED_EDGE('',*,*,#3697,.T.);
#1445=ORIENTED_EDGE('',*,*,#3493,.F.);
#1446=ORIENTED_EDGE('',*,*,#3701,.F.);
#1447=ORIENTED_EDGE('',*,*,#3702,.T.);
#1448=ORIENTED_EDGE('',*,*,#3699,.T.);
#1449=ORIENTED_EDGE('',*,*,#3492,.F.);
#1450=ORIENTED_EDGE('',*,*,#3703,.F.);
#1451=ORIENTED_EDGE('',*,*,#3704,.T.);
#1452=ORIENTED_EDGE('',*,*,#3701,.T.);
#1453=ORIENTED_EDGE('',*,*,#3491,.F.);
#1454=ORIENTED_EDGE('',*,*,#3705,.F.);
#1455=ORIENTED_EDGE('',*,*,#3706,.T.);
#1456=ORIENTED_EDGE('',*,*,#3703,.T.);
#1457=ORIENTED_EDGE('',*,*,#3490,.F.);
#1458=ORIENTED_EDGE('',*,*,#3707,.F.);
#1459=ORIENTED_EDGE('',*,*,#3708,.T.);
#1460=ORIENTED_EDGE('',*,*,#3705,.T.);
#1461=ORIENTED_EDGE('',*,*,#3489,.F.);
#1462=ORIENTED_EDGE('',*,*,#3709,.F.);
#1463=ORIENTED_EDGE('',*,*,#3710,.T.);
#1464=ORIENTED_EDGE('',*,*,#3707,.T.);
#1465=ORIENTED_EDGE('',*,*,#3488,.F.);
#1466=ORIENTED_EDGE('',*,*,#3711,.F.);
#1467=ORIENTED_EDGE('',*,*,#3712,.T.);
#1468=ORIENTED_EDGE('',*,*,#3709,.T.);
#1469=ORIENTED_EDGE('',*,*,#3487,.F.);
#1470=ORIENTED_EDGE('',*,*,#3713,.F.);
#1471=ORIENTED_EDGE('',*,*,#3714,.T.);
#1472=ORIENTED_EDGE('',*,*,#3711,.T.);
#1473=ORIENTED_EDGE('',*,*,#3486,.F.);
#1474=ORIENTED_EDGE('',*,*,#3686,.F.);
#1475=ORIENTED_EDGE('',*,*,#3715,.T.);
#1476=ORIENTED_EDGE('',*,*,#3713,.T.);
#1477=ORIENTED_EDGE('',*,*,#3716,.F.);
#1478=ORIENTED_EDGE('',*,*,#3659,.F.);
#1479=ORIENTED_EDGE('',*,*,#3717,.T.);
#1480=ORIENTED_EDGE('',*,*,#3682,.T.);
#1481=ORIENTED_EDGE('',*,*,#3685,.F.);
#1482=ORIENTED_EDGE('',*,*,#3688,.F.);
#1483=ORIENTED_EDGE('',*,*,#3690,.F.);
#1484=ORIENTED_EDGE('',*,*,#3692,.F.);
#1485=ORIENTED_EDGE('',*,*,#3694,.F.);
#1486=ORIENTED_EDGE('',*,*,#3696,.F.);
#1487=ORIENTED_EDGE('',*,*,#3698,.F.);
#1488=ORIENTED_EDGE('',*,*,#3700,.F.);
#1489=ORIENTED_EDGE('',*,*,#3702,.F.);
#1490=ORIENTED_EDGE('',*,*,#3704,.F.);
#1491=ORIENTED_EDGE('',*,*,#3706,.F.);
#1492=ORIENTED_EDGE('',*,*,#3708,.F.);
#1493=ORIENTED_EDGE('',*,*,#3710,.F.);
#1494=ORIENTED_EDGE('',*,*,#3712,.F.);
#1495=ORIENTED_EDGE('',*,*,#3714,.F.);
#1496=ORIENTED_EDGE('',*,*,#3715,.F.);
#1497=ORIENTED_EDGE('',*,*,#3658,.F.);
#1498=ORIENTED_EDGE('',*,*,#3662,.F.);
#1499=ORIENTED_EDGE('',*,*,#3665,.F.);
#1500=ORIENTED_EDGE('',*,*,#3668,.F.);
#1501=ORIENTED_EDGE('',*,*,#3671,.F.);
#1502=ORIENTED_EDGE('',*,*,#3674,.F.);
#1503=ORIENTED_EDGE('',*,*,#3677,.F.);
#1504=ORIENTED_EDGE('',*,*,#3680,.F.);
#1505=ORIENTED_EDGE('',*,*,#3683,.F.);
#1506=ORIENTED_EDGE('',*,*,#3717,.F.);
#1507=ORIENTED_EDGE('',*,*,#3656,.T.);
#1508=ORIENTED_EDGE('',*,*,#3716,.T.);
#1509=ORIENTED_EDGE('',*,*,#3681,.T.);
#1510=ORIENTED_EDGE('',*,*,#3678,.T.);
#1511=ORIENTED_EDGE('',*,*,#3675,.T.);
#1512=ORIENTED_EDGE('',*,*,#3672,.T.);
#1513=ORIENTED_EDGE('',*,*,#3669,.T.);
#1514=ORIENTED_EDGE('',*,*,#3666,.T.);
#1515=ORIENTED_EDGE('',*,*,#3663,.T.);
#1516=ORIENTED_EDGE('',*,*,#3660,.T.);
#1517=ORIENTED_EDGE('',*,*,#3718,.F.);
#1518=ORIENTED_EDGE('',*,*,#3719,.F.);
#1519=ORIENTED_EDGE('',*,*,#3720,.T.);
#1520=ORIENTED_EDGE('',*,*,#3721,.T.);
#1521=ORIENTED_EDGE('',*,*,#3722,.F.);
#1522=ORIENTED_EDGE('',*,*,#3723,.F.);
#1523=ORIENTED_EDGE('',*,*,#3724,.T.);
#1524=ORIENTED_EDGE('',*,*,#3719,.T.);
#1525=ORIENTED_EDGE('',*,*,#3725,.F.);
#1526=ORIENTED_EDGE('',*,*,#3726,.F.);
#1527=ORIENTED_EDGE('',*,*,#3727,.T.);
#1528=ORIENTED_EDGE('',*,*,#3723,.T.);
#1529=ORIENTED_EDGE('',*,*,#3728,.F.);
#1530=ORIENTED_EDGE('',*,*,#3729,.F.);
#1531=ORIENTED_EDGE('',*,*,#3730,.T.);
#1532=ORIENTED_EDGE('',*,*,#3726,.T.);
#1533=ORIENTED_EDGE('',*,*,#3731,.F.);
#1534=ORIENTED_EDGE('',*,*,#3732,.F.);
#1535=ORIENTED_EDGE('',*,*,#3733,.T.);
#1536=ORIENTED_EDGE('',*,*,#3729,.T.);
#1537=ORIENTED_EDGE('',*,*,#3467,.F.);
#1538=ORIENTED_EDGE('',*,*,#3734,.F.);
#1539=ORIENTED_EDGE('',*,*,#3735,.T.);
#1540=ORIENTED_EDGE('',*,*,#3736,.T.);
#1541=ORIENTED_EDGE('',*,*,#3484,.F.);
#1542=ORIENTED_EDGE('',*,*,#3737,.F.);
#1543=ORIENTED_EDGE('',*,*,#3738,.T.);
#1544=ORIENTED_EDGE('',*,*,#3734,.T.);
#1545=ORIENTED_EDGE('',*,*,#3483,.F.);
#1546=ORIENTED_EDGE('',*,*,#3739,.F.);
#1547=ORIENTED_EDGE('',*,*,#3740,.T.);
#1548=ORIENTED_EDGE('',*,*,#3737,.T.);
#1549=ORIENTED_EDGE('',*,*,#3482,.F.);
#1550=ORIENTED_EDGE('',*,*,#3741,.F.);
#1551=ORIENTED_EDGE('',*,*,#3742,.T.);
#1552=ORIENTED_EDGE('',*,*,#3739,.T.);
#1553=ORIENTED_EDGE('',*,*,#3481,.F.);
#1554=ORIENTED_EDGE('',*,*,#3743,.F.);
#1555=ORIENTED_EDGE('',*,*,#3744,.T.);
#1556=ORIENTED_EDGE('',*,*,#3741,.T.);
#1557=ORIENTED_EDGE('',*,*,#3480,.F.);
#1558=ORIENTED_EDGE('',*,*,#3745,.F.);
#1559=ORIENTED_EDGE('',*,*,#3746,.T.);
#1560=ORIENTED_EDGE('',*,*,#3743,.T.);
#1561=ORIENTED_EDGE('',*,*,#3479,.F.);
#1562=ORIENTED_EDGE('',*,*,#3747,.F.);
#1563=ORIENTED_EDGE('',*,*,#3748,.T.);
#1564=ORIENTED_EDGE('',*,*,#3745,.T.);
#1565=ORIENTED_EDGE('',*,*,#3478,.F.);
#1566=ORIENTED_EDGE('',*,*,#3749,.F.);
#1567=ORIENTED_EDGE('',*,*,#3750,.T.);
#1568=ORIENTED_EDGE('',*,*,#3747,.T.);
#1569=ORIENTED_EDGE('',*,*,#3477,.F.);
#1570=ORIENTED_EDGE('',*,*,#3751,.F.);
#1571=ORIENTED_EDGE('',*,*,#3752,.T.);
#1572=ORIENTED_EDGE('',*,*,#3749,.T.);
#1573=ORIENTED_EDGE('',*,*,#3476,.F.);
#1574=ORIENTED_EDGE('',*,*,#3753,.F.);
#1575=ORIENTED_EDGE('',*,*,#3754,.T.);
#1576=ORIENTED_EDGE('',*,*,#3751,.T.);
#1577=ORIENTED_EDGE('',*,*,#3475,.F.);
#1578=ORIENTED_EDGE('',*,*,#3755,.F.);
#1579=ORIENTED_EDGE('',*,*,#3756,.T.);
#1580=ORIENTED_EDGE('',*,*,#3753,.T.);
#1581=ORIENTED_EDGE('',*,*,#3474,.F.);
#1582=ORIENTED_EDGE('',*,*,#3757,.F.);
#1583=ORIENTED_EDGE('',*,*,#3758,.T.);
#1584=ORIENTED_EDGE('',*,*,#3755,.T.);
#1585=ORIENTED_EDGE('',*,*,#3473,.F.);
#1586=ORIENTED_EDGE('',*,*,#3759,.F.);
#1587=ORIENTED_EDGE('',*,*,#3760,.T.);
#1588=ORIENTED_EDGE('',*,*,#3757,.T.);
#1589=ORIENTED_EDGE('',*,*,#3472,.F.);
#1590=ORIENTED_EDGE('',*,*,#3761,.F.);
#1591=ORIENTED_EDGE('',*,*,#3762,.T.);
#1592=ORIENTED_EDGE('',*,*,#3759,.T.);
#1593=ORIENTED_EDGE('',*,*,#3471,.F.);
#1594=ORIENTED_EDGE('',*,*,#3763,.F.);
#1595=ORIENTED_EDGE('',*,*,#3764,.T.);
#1596=ORIENTED_EDGE('',*,*,#3761,.T.);
#1597=ORIENTED_EDGE('',*,*,#3470,.F.);
#1598=ORIENTED_EDGE('',*,*,#3765,.F.);
#1599=ORIENTED_EDGE('',*,*,#3766,.T.);
#1600=ORIENTED_EDGE('',*,*,#3763,.T.);
#1601=ORIENTED_EDGE('',*,*,#3469,.F.);
#1602=ORIENTED_EDGE('',*,*,#3767,.F.);
#1603=ORIENTED_EDGE('',*,*,#3768,.T.);
#1604=ORIENTED_EDGE('',*,*,#3765,.T.);
#1605=ORIENTED_EDGE('',*,*,#3468,.F.);
#1606=ORIENTED_EDGE('',*,*,#3736,.F.);
#1607=ORIENTED_EDGE('',*,*,#3769,.T.);
#1608=ORIENTED_EDGE('',*,*,#3767,.T.);
#1609=ORIENTED_EDGE('',*,*,#3770,.F.);
#1610=ORIENTED_EDGE('',*,*,#3721,.F.);
#1611=ORIENTED_EDGE('',*,*,#3771,.T.);
#1612=ORIENTED_EDGE('',*,*,#3732,.T.);
#1613=ORIENTED_EDGE('',*,*,#3735,.F.);
#1614=ORIENTED_EDGE('',*,*,#3738,.F.);
#1615=ORIENTED_EDGE('',*,*,#3740,.F.);
#1616=ORIENTED_EDGE('',*,*,#3742,.F.);
#1617=ORIENTED_EDGE('',*,*,#3744,.F.);
#1618=ORIENTED_EDGE('',*,*,#3746,.F.);
#1619=ORIENTED_EDGE('',*,*,#3748,.F.);
#1620=ORIENTED_EDGE('',*,*,#3750,.F.);
#1621=ORIENTED_EDGE('',*,*,#3752,.F.);
#1622=ORIENTED_EDGE('',*,*,#3754,.F.);
#1623=ORIENTED_EDGE('',*,*,#3756,.F.);
#1624=ORIENTED_EDGE('',*,*,#3758,.F.);
#1625=ORIENTED_EDGE('',*,*,#3760,.F.);
#1626=ORIENTED_EDGE('',*,*,#3762,.F.);
#1627=ORIENTED_EDGE('',*,*,#3764,.F.);
#1628=ORIENTED_EDGE('',*,*,#3766,.F.);
#1629=ORIENTED_EDGE('',*,*,#3768,.F.);
#1630=ORIENTED_EDGE('',*,*,#3769,.F.);
#1631=ORIENTED_EDGE('',*,*,#3720,.F.);
#1632=ORIENTED_EDGE('',*,*,#3724,.F.);
#1633=ORIENTED_EDGE('',*,*,#3727,.F.);
#1634=ORIENTED_EDGE('',*,*,#3730,.F.);
#1635=ORIENTED_EDGE('',*,*,#3733,.F.);
#1636=ORIENTED_EDGE('',*,*,#3771,.F.);
#1637=ORIENTED_EDGE('',*,*,#3718,.T.);
#1638=ORIENTED_EDGE('',*,*,#3770,.T.);
#1639=ORIENTED_EDGE('',*,*,#3731,.T.);
#1640=ORIENTED_EDGE('',*,*,#3728,.T.);
#1641=ORIENTED_EDGE('',*,*,#3725,.T.);
#1642=ORIENTED_EDGE('',*,*,#3722,.T.);
#1643=ORIENTED_EDGE('',*,*,#3450,.F.);
#1644=ORIENTED_EDGE('',*,*,#3772,.F.);
#1645=ORIENTED_EDGE('',*,*,#3773,.T.);
#1646=ORIENTED_EDGE('',*,*,#3774,.T.);
#1647=ORIENTED_EDGE('',*,*,#3466,.F.);
#1648=ORIENTED_EDGE('',*,*,#3775,.F.);
#1649=ORIENTED_EDGE('',*,*,#3776,.T.);
#1650=ORIENTED_EDGE('',*,*,#3772,.T.);
#1651=ORIENTED_EDGE('',*,*,#3465,.F.);
#1652=ORIENTED_EDGE('',*,*,#3777,.F.);
#1653=ORIENTED_EDGE('',*,*,#3778,.T.);
#1654=ORIENTED_EDGE('',*,*,#3775,.T.);
#1655=ORIENTED_EDGE('',*,*,#3464,.F.);
#1656=ORIENTED_EDGE('',*,*,#3779,.F.);
#1657=ORIENTED_EDGE('',*,*,#3780,.T.);
#1658=ORIENTED_EDGE('',*,*,#3777,.T.);
#1659=ORIENTED_EDGE('',*,*,#3463,.F.);
#1660=ORIENTED_EDGE('',*,*,#3781,.F.);
#1661=ORIENTED_EDGE('',*,*,#3782,.T.);
#1662=ORIENTED_EDGE('',*,*,#3779,.T.);
#1663=ORIENTED_EDGE('',*,*,#3462,.F.);
#1664=ORIENTED_EDGE('',*,*,#3783,.F.);
#1665=ORIENTED_EDGE('',*,*,#3784,.T.);
#1666=ORIENTED_EDGE('',*,*,#3781,.T.);
#1667=ORIENTED_EDGE('',*,*,#3461,.F.);
#1668=ORIENTED_EDGE('',*,*,#3785,.F.);
#1669=ORIENTED_EDGE('',*,*,#3786,.T.);
#1670=ORIENTED_EDGE('',*,*,#3783,.T.);
#1671=ORIENTED_EDGE('',*,*,#3460,.F.);
#1672=ORIENTED_EDGE('',*,*,#3787,.F.);
#1673=ORIENTED_EDGE('',*,*,#3788,.T.);
#1674=ORIENTED_EDGE('',*,*,#3785,.T.);
#1675=ORIENTED_EDGE('',*,*,#3459,.F.);
#1676=ORIENTED_EDGE('',*,*,#3789,.F.);
#1677=ORIENTED_EDGE('',*,*,#3790,.T.);
#1678=ORIENTED_EDGE('',*,*,#3787,.T.);
#1679=ORIENTED_EDGE('',*,*,#3458,.F.);
#1680=ORIENTED_EDGE('',*,*,#3791,.F.);
#1681=ORIENTED_EDGE('',*,*,#3792,.T.);
#1682=ORIENTED_EDGE('',*,*,#3789,.T.);
#1683=ORIENTED_EDGE('',*,*,#3457,.F.);
#1684=ORIENTED_EDGE('',*,*,#3793,.F.);
#1685=ORIENTED_EDGE('',*,*,#3794,.T.);
#1686=ORIENTED_EDGE('',*,*,#3791,.T.);
#1687=ORIENTED_EDGE('',*,*,#3456,.F.);
#1688=ORIENTED_EDGE('',*,*,#3795,.F.);
#1689=ORIENTED_EDGE('',*,*,#3796,.T.);
#1690=ORIENTED_EDGE('',*,*,#3793,.T.);
#1691=ORIENTED_EDGE('',*,*,#3455,.F.);
#1692=ORIENTED_EDGE('',*,*,#3797,.F.);
#1693=ORIENTED_EDGE('',*,*,#3798,.T.);
#1694=ORIENTED_EDGE('',*,*,#3795,.T.);
#1695=ORIENTED_EDGE('',*,*,#3454,.F.);
#1696=ORIENTED_EDGE('',*,*,#3799,.F.);
#1697=ORIENTED_EDGE('',*,*,#3800,.T.);
#1698=ORIENTED_EDGE('',*,*,#3797,.T.);
#1699=ORIENTED_EDGE('',*,*,#3453,.F.);
#1700=ORIENTED_EDGE('',*,*,#3801,.F.);
#1701=ORIENTED_EDGE('',*,*,#3802,.T.);
#1702=ORIENTED_EDGE('',*,*,#3799,.T.);
#1703=ORIENTED_EDGE('',*,*,#3452,.F.);
#1704=ORIENTED_EDGE('',*,*,#3803,.F.);
#1705=ORIENTED_EDGE('',*,*,#3804,.T.);
#1706=ORIENTED_EDGE('',*,*,#3801,.T.);
#1707=ORIENTED_EDGE('',*,*,#3451,.F.);
#1708=ORIENTED_EDGE('',*,*,#3774,.F.);
#1709=ORIENTED_EDGE('',*,*,#3805,.T.);
#1710=ORIENTED_EDGE('',*,*,#3803,.T.);
#1711=ORIENTED_EDGE('',*,*,#3773,.F.);
#1712=ORIENTED_EDGE('',*,*,#3776,.F.);
#1713=ORIENTED_EDGE('',*,*,#3778,.F.);
#1714=ORIENTED_EDGE('',*,*,#3780,.F.);
#1715=ORIENTED_EDGE('',*,*,#3782,.F.);
#1716=ORIENTED_EDGE('',*,*,#3784,.F.);
#1717=ORIENTED_EDGE('',*,*,#3786,.F.);
#1718=ORIENTED_EDGE('',*,*,#3788,.F.);
#1719=ORIENTED_EDGE('',*,*,#3790,.F.);
#1720=ORIENTED_EDGE('',*,*,#3792,.F.);
#1721=ORIENTED_EDGE('',*,*,#3794,.F.);
#1722=ORIENTED_EDGE('',*,*,#3796,.F.);
#1723=ORIENTED_EDGE('',*,*,#3798,.F.);
#1724=ORIENTED_EDGE('',*,*,#3800,.F.);
#1725=ORIENTED_EDGE('',*,*,#3802,.F.);
#1726=ORIENTED_EDGE('',*,*,#3804,.F.);
#1727=ORIENTED_EDGE('',*,*,#3805,.F.);
#1728=ORIENTED_EDGE('',*,*,#3806,.F.);
#1729=ORIENTED_EDGE('',*,*,#3807,.F.);
#1730=ORIENTED_EDGE('',*,*,#3808,.T.);
#1731=ORIENTED_EDGE('',*,*,#3809,.T.);
#1732=ORIENTED_EDGE('',*,*,#3810,.F.);
#1733=ORIENTED_EDGE('',*,*,#3811,.F.);
#1734=ORIENTED_EDGE('',*,*,#3812,.T.);
#1735=ORIENTED_EDGE('',*,*,#3807,.T.);
#1736=ORIENTED_EDGE('',*,*,#3813,.F.);
#1737=ORIENTED_EDGE('',*,*,#3814,.F.);
#1738=ORIENTED_EDGE('',*,*,#3815,.T.);
#1739=ORIENTED_EDGE('',*,*,#3811,.T.);
#1740=ORIENTED_EDGE('',*,*,#3816,.F.);
#1741=ORIENTED_EDGE('',*,*,#3817,.F.);
#1742=ORIENTED_EDGE('',*,*,#3818,.T.);
#1743=ORIENTED_EDGE('',*,*,#3814,.T.);
#1744=ORIENTED_EDGE('',*,*,#3819,.F.);
#1745=ORIENTED_EDGE('',*,*,#3820,.F.);
#1746=ORIENTED_EDGE('',*,*,#3821,.T.);
#1747=ORIENTED_EDGE('',*,*,#3817,.T.);
#1748=ORIENTED_EDGE('',*,*,#3822,.F.);
#1749=ORIENTED_EDGE('',*,*,#3823,.F.);
#1750=ORIENTED_EDGE('',*,*,#3824,.T.);
#1751=ORIENTED_EDGE('',*,*,#3820,.T.);
#1752=ORIENTED_EDGE('',*,*,#3825,.F.);
#1753=ORIENTED_EDGE('',*,*,#3826,.F.);
#1754=ORIENTED_EDGE('',*,*,#3827,.T.);
#1755=ORIENTED_EDGE('',*,*,#3823,.T.);
#1756=ORIENTED_EDGE('',*,*,#3828,.F.);
#1757=ORIENTED_EDGE('',*,*,#3829,.F.);
#1758=ORIENTED_EDGE('',*,*,#3830,.T.);
#1759=ORIENTED_EDGE('',*,*,#3826,.T.);
#1760=ORIENTED_EDGE('',*,*,#3831,.F.);
#1761=ORIENTED_EDGE('',*,*,#3832,.F.);
#1762=ORIENTED_EDGE('',*,*,#3833,.T.);
#1763=ORIENTED_EDGE('',*,*,#3829,.T.);
#1764=ORIENTED_EDGE('',*,*,#3438,.F.);
#1765=ORIENTED_EDGE('',*,*,#3834,.F.);
#1766=ORIENTED_EDGE('',*,*,#3835,.T.);
#1767=ORIENTED_EDGE('',*,*,#3836,.T.);
#1768=ORIENTED_EDGE('',*,*,#3449,.F.);
#1769=ORIENTED_EDGE('',*,*,#3837,.F.);
#1770=ORIENTED_EDGE('',*,*,#3838,.T.);
#1771=ORIENTED_EDGE('',*,*,#3834,.T.);
#1772=ORIENTED_EDGE('',*,*,#3448,.F.);
#1773=ORIENTED_EDGE('',*,*,#3839,.F.);
#1774=ORIENTED_EDGE('',*,*,#3840,.T.);
#1775=ORIENTED_EDGE('',*,*,#3837,.T.);
#1776=ORIENTED_EDGE('',*,*,#3447,.F.);
#1777=ORIENTED_EDGE('',*,*,#3841,.F.);
#1778=ORIENTED_EDGE('',*,*,#3842,.T.);
#1779=ORIENTED_EDGE('',*,*,#3839,.T.);
#1780=ORIENTED_EDGE('',*,*,#3446,.F.);
#1781=ORIENTED_EDGE('',*,*,#3843,.F.);
#1782=ORIENTED_EDGE('',*,*,#3844,.T.);
#1783=ORIENTED_EDGE('',*,*,#3841,.T.);
#1784=ORIENTED_EDGE('',*,*,#3445,.F.);
#1785=ORIENTED_EDGE('',*,*,#3845,.F.);
#1786=ORIENTED_EDGE('',*,*,#3846,.T.);
#1787=ORIENTED_EDGE('',*,*,#3843,.T.);
#1788=ORIENTED_EDGE('',*,*,#3444,.F.);
#1789=ORIENTED_EDGE('',*,*,#3847,.F.);
#1790=ORIENTED_EDGE('',*,*,#3848,.T.);
#1791=ORIENTED_EDGE('',*,*,#3845,.T.);
#1792=ORIENTED_EDGE('',*,*,#3443,.F.);
#1793=ORIENTED_EDGE('',*,*,#3849,.F.);
#1794=ORIENTED_EDGE('',*,*,#3850,.T.);
#1795=ORIENTED_EDGE('',*,*,#3847,.T.);
#1796=ORIENTED_EDGE('',*,*,#3442,.F.);
#1797=ORIENTED_EDGE('',*,*,#3851,.F.);
#1798=ORIENTED_EDGE('',*,*,#3852,.T.);
#1799=ORIENTED_EDGE('',*,*,#3849,.T.);
#1800=ORIENTED_EDGE('',*,*,#3441,.F.);
#1801=ORIENTED_EDGE('',*,*,#3853,.F.);
#1802=ORIENTED_EDGE('',*,*,#3854,.T.);
#1803=ORIENTED_EDGE('',*,*,#3851,.T.);
#1804=ORIENTED_EDGE('',*,*,#3440,.F.);
#1805=ORIENTED_EDGE('',*,*,#3855,.F.);
#1806=ORIENTED_EDGE('',*,*,#3856,.T.);
#1807=ORIENTED_EDGE('',*,*,#3853,.T.);
#1808=ORIENTED_EDGE('',*,*,#3439,.F.);
#1809=ORIENTED_EDGE('',*,*,#3836,.F.);
#1810=ORIENTED_EDGE('',*,*,#3857,.T.);
#1811=ORIENTED_EDGE('',*,*,#3855,.T.);
#1812=ORIENTED_EDGE('',*,*,#3858,.F.);
#1813=ORIENTED_EDGE('',*,*,#3809,.F.);
#1814=ORIENTED_EDGE('',*,*,#3859,.T.);
#1815=ORIENTED_EDGE('',*,*,#3832,.T.);
#1816=ORIENTED_EDGE('',*,*,#3835,.F.);
#1817=ORIENTED_EDGE('',*,*,#3838,.F.);
#1818=ORIENTED_EDGE('',*,*,#3840,.F.);
#1819=ORIENTED_EDGE('',*,*,#3842,.F.);
#1820=ORIENTED_EDGE('',*,*,#3844,.F.);
#1821=ORIENTED_EDGE('',*,*,#3846,.F.);
#1822=ORIENTED_EDGE('',*,*,#3848,.F.);
#1823=ORIENTED_EDGE('',*,*,#3850,.F.);
#1824=ORIENTED_EDGE('',*,*,#3852,.F.);
#1825=ORIENTED_EDGE('',*,*,#3854,.F.);
#1826=ORIENTED_EDGE('',*,*,#3856,.F.);
#1827=ORIENTED_EDGE('',*,*,#3857,.F.);
#1828=ORIENTED_EDGE('',*,*,#3808,.F.);
#1829=ORIENTED_EDGE('',*,*,#3812,.F.);
#1830=ORIENTED_EDGE('',*,*,#3815,.F.);
#1831=ORIENTED_EDGE('',*,*,#3818,.F.);
#1832=ORIENTED_EDGE('',*,*,#3821,.F.);
#1833=ORIENTED_EDGE('',*,*,#3824,.F.);
#1834=ORIENTED_EDGE('',*,*,#3827,.F.);
#1835=ORIENTED_EDGE('',*,*,#3830,.F.);
#1836=ORIENTED_EDGE('',*,*,#3833,.F.);
#1837=ORIENTED_EDGE('',*,*,#3859,.F.);
#1838=ORIENTED_EDGE('',*,*,#3806,.T.);
#1839=ORIENTED_EDGE('',*,*,#3858,.T.);
#1840=ORIENTED_EDGE('',*,*,#3831,.T.);
#1841=ORIENTED_EDGE('',*,*,#3828,.T.);
#1842=ORIENTED_EDGE('',*,*,#3825,.T.);
#1843=ORIENTED_EDGE('',*,*,#3822,.T.);
#1844=ORIENTED_EDGE('',*,*,#3819,.T.);
#1845=ORIENTED_EDGE('',*,*,#3816,.T.);
#1846=ORIENTED_EDGE('',*,*,#3813,.T.);
#1847=ORIENTED_EDGE('',*,*,#3810,.T.);
#1848=ORIENTED_EDGE('',*,*,#3427,.F.);
#1849=ORIENTED_EDGE('',*,*,#3860,.F.);
#1850=ORIENTED_EDGE('',*,*,#3861,.T.);
#1851=ORIENTED_EDGE('',*,*,#3862,.T.);
#1852=ORIENTED_EDGE('',*,*,#3437,.F.);
#1853=ORIENTED_EDGE('',*,*,#3863,.F.);
#1854=ORIENTED_EDGE('',*,*,#3864,.T.);
#1855=ORIENTED_EDGE('',*,*,#3860,.T.);
#1856=ORIENTED_EDGE('',*,*,#3436,.F.);
#1857=ORIENTED_EDGE('',*,*,#3865,.F.);
#1858=ORIENTED_EDGE('',*,*,#3866,.T.);
#1859=ORIENTED_EDGE('',*,*,#3863,.T.);
#1860=ORIENTED_EDGE('',*,*,#3435,.F.);
#1861=ORIENTED_EDGE('',*,*,#3867,.F.);
#1862=ORIENTED_EDGE('',*,*,#3868,.T.);
#1863=ORIENTED_EDGE('',*,*,#3865,.T.);
#1864=ORIENTED_EDGE('',*,*,#3434,.F.);
#1865=ORIENTED_EDGE('',*,*,#3869,.F.);
#1866=ORIENTED_EDGE('',*,*,#3870,.T.);
#1867=ORIENTED_EDGE('',*,*,#3867,.T.);
#1868=ORIENTED_EDGE('',*,*,#3433,.F.);
#1869=ORIENTED_EDGE('',*,*,#3871,.F.);
#1870=ORIENTED_EDGE('',*,*,#3872,.T.);
#1871=ORIENTED_EDGE('',*,*,#3869,.T.);
#1872=ORIENTED_EDGE('',*,*,#3432,.F.);
#1873=ORIENTED_EDGE('',*,*,#3873,.F.);
#1874=ORIENTED_EDGE('',*,*,#3874,.T.);
#1875=ORIENTED_EDGE('',*,*,#3871,.T.);
#1876=ORIENTED_EDGE('',*,*,#3431,.F.);
#1877=ORIENTED_EDGE('',*,*,#3875,.F.);
#1878=ORIENTED_EDGE('',*,*,#3876,.T.);
#1879=ORIENTED_EDGE('',*,*,#3873,.T.);
#1880=ORIENTED_EDGE('',*,*,#3430,.F.);
#1881=ORIENTED_EDGE('',*,*,#3877,.F.);
#1882=ORIENTED_EDGE('',*,*,#3878,.T.);
#1883=ORIENTED_EDGE('',*,*,#3875,.T.);
#1884=ORIENTED_EDGE('',*,*,#3429,.F.);
#1885=ORIENTED_EDGE('',*,*,#3879,.F.);
#1886=ORIENTED_EDGE('',*,*,#3880,.T.);
#1887=ORIENTED_EDGE('',*,*,#3877,.T.);
#1888=ORIENTED_EDGE('',*,*,#3428,.F.);
#1889=ORIENTED_EDGE('',*,*,#3862,.F.);
#1890=ORIENTED_EDGE('',*,*,#3881,.T.);
#1891=ORIENTED_EDGE('',*,*,#3879,.T.);
#1892=ORIENTED_EDGE('',*,*,#3861,.F.);
#1893=ORIENTED_EDGE('',*,*,#3864,.F.);
#1894=ORIENTED_EDGE('',*,*,#3866,.F.);
#1895=ORIENTED_EDGE('',*,*,#3868,.F.);
#1896=ORIENTED_EDGE('',*,*,#3870,.F.);
#1897=ORIENTED_EDGE('',*,*,#3872,.F.);
#1898=ORIENTED_EDGE('',*,*,#3874,.F.);
#1899=ORIENTED_EDGE('',*,*,#3876,.F.);
#1900=ORIENTED_EDGE('',*,*,#3878,.F.);
#1901=ORIENTED_EDGE('',*,*,#3880,.F.);
#1902=ORIENTED_EDGE('',*,*,#3881,.F.);
#1903=ORIENTED_EDGE('',*,*,#3415,.F.);
#1904=ORIENTED_EDGE('',*,*,#3882,.F.);
#1905=ORIENTED_EDGE('',*,*,#3883,.T.);
#1906=ORIENTED_EDGE('',*,*,#3884,.T.);
#1907=ORIENTED_EDGE('',*,*,#3426,.F.);
#1908=ORIENTED_EDGE('',*,*,#3885,.F.);
#1909=ORIENTED_EDGE('',*,*,#3886,.T.);
#1910=ORIENTED_EDGE('',*,*,#3882,.T.);
#1911=ORIENTED_EDGE('',*,*,#3425,.F.);
#1912=ORIENTED_EDGE('',*,*,#3887,.F.);
#1913=ORIENTED_EDGE('',*,*,#3888,.T.);
#1914=ORIENTED_EDGE('',*,*,#3885,.T.);
#1915=ORIENTED_EDGE('',*,*,#3424,.F.);
#1916=ORIENTED_EDGE('',*,*,#3889,.F.);
#1917=ORIENTED_EDGE('',*,*,#3890,.T.);
#1918=ORIENTED_EDGE('',*,*,#3887,.T.);
#1919=ORIENTED_EDGE('',*,*,#3423,.F.);
#1920=ORIENTED_EDGE('',*,*,#3891,.F.);
#1921=ORIENTED_EDGE('',*,*,#3892,.T.);
#1922=ORIENTED_EDGE('',*,*,#3889,.T.);
#1923=ORIENTED_EDGE('',*,*,#3422,.F.);
#1924=ORIENTED_EDGE('',*,*,#3893,.F.);
#1925=ORIENTED_EDGE('',*,*,#3894,.T.);
#1926=ORIENTED_EDGE('',*,*,#3891,.T.);
#1927=ORIENTED_EDGE('',*,*,#3421,.F.);
#1928=ORIENTED_EDGE('',*,*,#3895,.F.);
#1929=ORIENTED_EDGE('',*,*,#3896,.T.);
#1930=ORIENTED_EDGE('',*,*,#3893,.T.);
#1931=ORIENTED_EDGE('',*,*,#3420,.F.);
#1932=ORIENTED_EDGE('',*,*,#3897,.F.);
#1933=ORIENTED_EDGE('',*,*,#3898,.T.);
#1934=ORIENTED_EDGE('',*,*,#3895,.T.);
#1935=ORIENTED_EDGE('',*,*,#3419,.F.);
#1936=ORIENTED_EDGE('',*,*,#3899,.F.);
#1937=ORIENTED_EDGE('',*,*,#3900,.T.);
#1938=ORIENTED_EDGE('',*,*,#3897,.T.);
#1939=ORIENTED_EDGE('',*,*,#3418,.F.);
#1940=ORIENTED_EDGE('',*,*,#3901,.F.);
#1941=ORIENTED_EDGE('',*,*,#3902,.T.);
#1942=ORIENTED_EDGE('',*,*,#3899,.T.);
#1943=ORIENTED_EDGE('',*,*,#3417,.F.);
#1944=ORIENTED_EDGE('',*,*,#3903,.F.);
#1945=ORIENTED_EDGE('',*,*,#3904,.T.);
#1946=ORIENTED_EDGE('',*,*,#3901,.T.);
#1947=ORIENTED_EDGE('',*,*,#3416,.F.);
#1948=ORIENTED_EDGE('',*,*,#3884,.F.);
#1949=ORIENTED_EDGE('',*,*,#3905,.T.);
#1950=ORIENTED_EDGE('',*,*,#3903,.T.);
#1951=ORIENTED_EDGE('',*,*,#3883,.F.);
#1952=ORIENTED_EDGE('',*,*,#3886,.F.);
#1953=ORIENTED_EDGE('',*,*,#3888,.F.);
#1954=ORIENTED_EDGE('',*,*,#3890,.F.);
#1955=ORIENTED_EDGE('',*,*,#3892,.F.);
#1956=ORIENTED_EDGE('',*,*,#3894,.F.);
#1957=ORIENTED_EDGE('',*,*,#3896,.F.);
#1958=ORIENTED_EDGE('',*,*,#3898,.F.);
#1959=ORIENTED_EDGE('',*,*,#3900,.F.);
#1960=ORIENTED_EDGE('',*,*,#3902,.F.);
#1961=ORIENTED_EDGE('',*,*,#3904,.F.);
#1962=ORIENTED_EDGE('',*,*,#3905,.F.);
#1963=ORIENTED_EDGE('',*,*,#3906,.F.);
#1964=ORIENTED_EDGE('',*,*,#3907,.F.);
#1965=ORIENTED_EDGE('',*,*,#3908,.T.);
#1966=ORIENTED_EDGE('',*,*,#3909,.T.);
#1967=ORIENTED_EDGE('',*,*,#3910,.F.);
#1968=ORIENTED_EDGE('',*,*,#3911,.F.);
#1969=ORIENTED_EDGE('',*,*,#3912,.T.);
#1970=ORIENTED_EDGE('',*,*,#3907,.T.);
#1971=ORIENTED_EDGE('',*,*,#3913,.F.);
#1972=ORIENTED_EDGE('',*,*,#3914,.F.);
#1973=ORIENTED_EDGE('',*,*,#3915,.T.);
#1974=ORIENTED_EDGE('',*,*,#3911,.T.);
#1975=ORIENTED_EDGE('',*,*,#3916,.F.);
#1976=ORIENTED_EDGE('',*,*,#3917,.F.);
#1977=ORIENTED_EDGE('',*,*,#3918,.T.);
#1978=ORIENTED_EDGE('',*,*,#3914,.T.);
#1979=ORIENTED_EDGE('',*,*,#3919,.F.);
#1980=ORIENTED_EDGE('',*,*,#3920,.F.);
#1981=ORIENTED_EDGE('',*,*,#3921,.T.);
#1982=ORIENTED_EDGE('',*,*,#3917,.T.);
#1983=ORIENTED_EDGE('',*,*,#3922,.F.);
#1984=ORIENTED_EDGE('',*,*,#3923,.F.);
#1985=ORIENTED_EDGE('',*,*,#3924,.T.);
#1986=ORIENTED_EDGE('',*,*,#3920,.T.);
#1987=ORIENTED_EDGE('',*,*,#3925,.F.);
#1988=ORIENTED_EDGE('',*,*,#3926,.F.);
#1989=ORIENTED_EDGE('',*,*,#3927,.T.);
#1990=ORIENTED_EDGE('',*,*,#3923,.T.);
#1991=ORIENTED_EDGE('',*,*,#3928,.F.);
#1992=ORIENTED_EDGE('',*,*,#3929,.F.);
#1993=ORIENTED_EDGE('',*,*,#3930,.T.);
#1994=ORIENTED_EDGE('',*,*,#3926,.T.);
#1995=ORIENTED_EDGE('',*,*,#3931,.F.);
#1996=ORIENTED_EDGE('',*,*,#3932,.F.);
#1997=ORIENTED_EDGE('',*,*,#3933,.T.);
#1998=ORIENTED_EDGE('',*,*,#3929,.T.);
#1999=ORIENTED_EDGE('',*,*,#3399,.F.);
#2000=ORIENTED_EDGE('',*,*,#3934,.F.);
#2001=ORIENTED_EDGE('',*,*,#3935,.T.);
#2002=ORIENTED_EDGE('',*,*,#3936,.T.);
#2003=ORIENTED_EDGE('',*,*,#3414,.F.);
#2004=ORIENTED_EDGE('',*,*,#3937,.F.);
#2005=ORIENTED_EDGE('',*,*,#3938,.T.);
#2006=ORIENTED_EDGE('',*,*,#3934,.T.);
#2007=ORIENTED_EDGE('',*,*,#3413,.F.);
#2008=ORIENTED_EDGE('',*,*,#3939,.F.);
#2009=ORIENTED_EDGE('',*,*,#3940,.T.);
#2010=ORIENTED_EDGE('',*,*,#3937,.T.);
#2011=ORIENTED_EDGE('',*,*,#3412,.F.);
#2012=ORIENTED_EDGE('',*,*,#3941,.F.);
#2013=ORIENTED_EDGE('',*,*,#3942,.T.);
#2014=ORIENTED_EDGE('',*,*,#3939,.T.);
#2015=ORIENTED_EDGE('',*,*,#3411,.F.);
#2016=ORIENTED_EDGE('',*,*,#3943,.F.);
#2017=ORIENTED_EDGE('',*,*,#3944,.T.);
#2018=ORIENTED_EDGE('',*,*,#3941,.T.);
#2019=ORIENTED_EDGE('',*,*,#3410,.F.);
#2020=ORIENTED_EDGE('',*,*,#3945,.F.);
#2021=ORIENTED_EDGE('',*,*,#3946,.T.);
#2022=ORIENTED_EDGE('',*,*,#3943,.T.);
#2023=ORIENTED_EDGE('',*,*,#3409,.F.);
#2024=ORIENTED_EDGE('',*,*,#3947,.F.);
#2025=ORIENTED_EDGE('',*,*,#3948,.T.);
#2026=ORIENTED_EDGE('',*,*,#3945,.T.);
#2027=ORIENTED_EDGE('',*,*,#3408,.F.);
#2028=ORIENTED_EDGE('',*,*,#3949,.F.);
#2029=ORIENTED_EDGE('',*,*,#3950,.T.);
#2030=ORIENTED_EDGE('',*,*,#3947,.T.);
#2031=ORIENTED_EDGE('',*,*,#3407,.F.);
#2032=ORIENTED_EDGE('',*,*,#3951,.F.);
#2033=ORIENTED_EDGE('',*,*,#3952,.T.);
#2034=ORIENTED_EDGE('',*,*,#3949,.T.);
#2035=ORIENTED_EDGE('',*,*,#3406,.F.);
#2036=ORIENTED_EDGE('',*,*,#3953,.F.);
#2037=ORIENTED_EDGE('',*,*,#3954,.T.);
#2038=ORIENTED_EDGE('',*,*,#3951,.T.);
#2039=ORIENTED_EDGE('',*,*,#3405,.F.);
#2040=ORIENTED_EDGE('',*,*,#3955,.F.);
#2041=ORIENTED_EDGE('',*,*,#3956,.T.);
#2042=ORIENTED_EDGE('',*,*,#3953,.T.);
#2043=ORIENTED_EDGE('',*,*,#3404,.F.);
#2044=ORIENTED_EDGE('',*,*,#3957,.F.);
#2045=ORIENTED_EDGE('',*,*,#3958,.T.);
#2046=ORIENTED_EDGE('',*,*,#3955,.T.);
#2047=ORIENTED_EDGE('',*,*,#3403,.F.);
#2048=ORIENTED_EDGE('',*,*,#3959,.F.);
#2049=ORIENTED_EDGE('',*,*,#3960,.T.);
#2050=ORIENTED_EDGE('',*,*,#3957,.T.);
#2051=ORIENTED_EDGE('',*,*,#3402,.F.);
#2052=ORIENTED_EDGE('',*,*,#3961,.F.);
#2053=ORIENTED_EDGE('',*,*,#3962,.T.);
#2054=ORIENTED_EDGE('',*,*,#3959,.T.);
#2055=ORIENTED_EDGE('',*,*,#3401,.F.);
#2056=ORIENTED_EDGE('',*,*,#3963,.F.);
#2057=ORIENTED_EDGE('',*,*,#3964,.T.);
#2058=ORIENTED_EDGE('',*,*,#3961,.T.);
#2059=ORIENTED_EDGE('',*,*,#3400,.F.);
#2060=ORIENTED_EDGE('',*,*,#3936,.F.);
#2061=ORIENTED_EDGE('',*,*,#3965,.T.);
#2062=ORIENTED_EDGE('',*,*,#3963,.T.);
#2063=ORIENTED_EDGE('',*,*,#3966,.F.);
#2064=ORIENTED_EDGE('',*,*,#3909,.F.);
#2065=ORIENTED_EDGE('',*,*,#3967,.T.);
#2066=ORIENTED_EDGE('',*,*,#3932,.T.);
#2067=ORIENTED_EDGE('',*,*,#3935,.F.);
#2068=ORIENTED_EDGE('',*,*,#3938,.F.);
#2069=ORIENTED_EDGE('',*,*,#3940,.F.);
#2070=ORIENTED_EDGE('',*,*,#3942,.F.);
#2071=ORIENTED_EDGE('',*,*,#3944,.F.);
#2072=ORIENTED_EDGE('',*,*,#3946,.F.);
#2073=ORIENTED_EDGE('',*,*,#3948,.F.);
#2074=ORIENTED_EDGE('',*,*,#3950,.F.);
#2075=ORIENTED_EDGE('',*,*,#3952,.F.);
#2076=ORIENTED_EDGE('',*,*,#3954,.F.);
#2077=ORIENTED_EDGE('',*,*,#3956,.F.);
#2078=ORIENTED_EDGE('',*,*,#3958,.F.);
#2079=ORIENTED_EDGE('',*,*,#3960,.F.);
#2080=ORIENTED_EDGE('',*,*,#3962,.F.);
#2081=ORIENTED_EDGE('',*,*,#3964,.F.);
#2082=ORIENTED_EDGE('',*,*,#3965,.F.);
#2083=ORIENTED_EDGE('',*,*,#3908,.F.);
#2084=ORIENTED_EDGE('',*,*,#3912,.F.);
#2085=ORIENTED_EDGE('',*,*,#3915,.F.);
#2086=ORIENTED_EDGE('',*,*,#3918,.F.);
#2087=ORIENTED_EDGE('',*,*,#3921,.F.);
#2088=ORIENTED_EDGE('',*,*,#3924,.F.);
#2089=ORIENTED_EDGE('',*,*,#3927,.F.);
#2090=ORIENTED_EDGE('',*,*,#3930,.F.);
#2091=ORIENTED_EDGE('',*,*,#3933,.F.);
#2092=ORIENTED_EDGE('',*,*,#3967,.F.);
#2093=ORIENTED_EDGE('',*,*,#3906,.T.);
#2094=ORIENTED_EDGE('',*,*,#3966,.T.);
#2095=ORIENTED_EDGE('',*,*,#3931,.T.);
#2096=ORIENTED_EDGE('',*,*,#3928,.T.);
#2097=ORIENTED_EDGE('',*,*,#3925,.T.);
#2098=ORIENTED_EDGE('',*,*,#3922,.T.);
#2099=ORIENTED_EDGE('',*,*,#3919,.T.);
#2100=ORIENTED_EDGE('',*,*,#3916,.T.);
#2101=ORIENTED_EDGE('',*,*,#3913,.T.);
#2102=ORIENTED_EDGE('',*,*,#3910,.T.);
#2103=ORIENTED_EDGE('',*,*,#3380,.F.);
#2104=ORIENTED_EDGE('',*,*,#3968,.F.);
#2105=ORIENTED_EDGE('',*,*,#3969,.T.);
#2106=ORIENTED_EDGE('',*,*,#3970,.T.);
#2107=ORIENTED_EDGE('',*,*,#3398,.F.);
#2108=ORIENTED_EDGE('',*,*,#3971,.F.);
#2109=ORIENTED_EDGE('',*,*,#3972,.T.);
#2110=ORIENTED_EDGE('',*,*,#3968,.T.);
#2111=ORIENTED_EDGE('',*,*,#3397,.F.);
#2112=ORIENTED_EDGE('',*,*,#3973,.F.);
#2113=ORIENTED_EDGE('',*,*,#3974,.T.);
#2114=ORIENTED_EDGE('',*,*,#3971,.T.);
#2115=ORIENTED_EDGE('',*,*,#3396,.F.);
#2116=ORIENTED_EDGE('',*,*,#3975,.F.);
#2117=ORIENTED_EDGE('',*,*,#3976,.T.);
#2118=ORIENTED_EDGE('',*,*,#3973,.T.);
#2119=ORIENTED_EDGE('',*,*,#3395,.F.);
#2120=ORIENTED_EDGE('',*,*,#3977,.F.);
#2121=ORIENTED_EDGE('',*,*,#3978,.T.);
#2122=ORIENTED_EDGE('',*,*,#3975,.T.);
#2123=ORIENTED_EDGE('',*,*,#3394,.F.);
#2124=ORIENTED_EDGE('',*,*,#3979,.F.);
#2125=ORIENTED_EDGE('',*,*,#3980,.T.);
#2126=ORIENTED_EDGE('',*,*,#3977,.T.);
#2127=ORIENTED_EDGE('',*,*,#3393,.F.);
#2128=ORIENTED_EDGE('',*,*,#3981,.F.);
#2129=ORIENTED_EDGE('',*,*,#3982,.T.);
#2130=ORIENTED_EDGE('',*,*,#3979,.T.);
#2131=ORIENTED_EDGE('',*,*,#3392,.F.);
#2132=ORIENTED_EDGE('',*,*,#3983,.F.);
#2133=ORIENTED_EDGE('',*,*,#3984,.T.);
#2134=ORIENTED_EDGE('',*,*,#3981,.T.);
#2135=ORIENTED_EDGE('',*,*,#3391,.F.);
#2136=ORIENTED_EDGE('',*,*,#3985,.F.);
#2137=ORIENTED_EDGE('',*,*,#3986,.T.);
#2138=ORIENTED_EDGE('',*,*,#3983,.T.);
#2139=ORIENTED_EDGE('',*,*,#3390,.F.);
#2140=ORIENTED_EDGE('',*,*,#3987,.F.);
#2141=ORIENTED_EDGE('',*,*,#3988,.T.);
#2142=ORIENTED_EDGE('',*,*,#3985,.T.);
#2143=ORIENTED_EDGE('',*,*,#3389,.F.);
#2144=ORIENTED_EDGE('',*,*,#3989,.F.);
#2145=ORIENTED_EDGE('',*,*,#3990,.T.);
#2146=ORIENTED_EDGE('',*,*,#3987,.T.);
#2147=ORIENTED_EDGE('',*,*,#3388,.F.);
#2148=ORIENTED_EDGE('',*,*,#3991,.F.);
#2149=ORIENTED_EDGE('',*,*,#3992,.T.);
#2150=ORIENTED_EDGE('',*,*,#3989,.T.);
#2151=ORIENTED_EDGE('',*,*,#3387,.F.);
#2152=ORIENTED_EDGE('',*,*,#3993,.F.);
#2153=ORIENTED_EDGE('',*,*,#3994,.T.);
#2154=ORIENTED_EDGE('',*,*,#3991,.T.);
#2155=ORIENTED_EDGE('',*,*,#3386,.F.);
#2156=ORIENTED_EDGE('',*,*,#3995,.F.);
#2157=ORIENTED_EDGE('',*,*,#3996,.T.);
#2158=ORIENTED_EDGE('',*,*,#3993,.T.);
#2159=ORIENTED_EDGE('',*,*,#3385,.F.);
#2160=ORIENTED_EDGE('',*,*,#3997,.F.);
#2161=ORIENTED_EDGE('',*,*,#3998,.T.);
#2162=ORIENTED_EDGE('',*,*,#3995,.T.);
#2163=ORIENTED_EDGE('',*,*,#3384,.F.);
#2164=ORIENTED_EDGE('',*,*,#3999,.F.);
#2165=ORIENTED_EDGE('',*,*,#4000,.T.);
#2166=ORIENTED_EDGE('',*,*,#3997,.T.);
#2167=ORIENTED_EDGE('',*,*,#3383,.F.);
#2168=ORIENTED_EDGE('',*,*,#4001,.F.);
#2169=ORIENTED_EDGE('',*,*,#4002,.T.);
#2170=ORIENTED_EDGE('',*,*,#3999,.T.);
#2171=ORIENTED_EDGE('',*,*,#3382,.F.);
#2172=ORIENTED_EDGE('',*,*,#4003,.F.);
#2173=ORIENTED_EDGE('',*,*,#4004,.T.);
#2174=ORIENTED_EDGE('',*,*,#4001,.T.);
#2175=ORIENTED_EDGE('',*,*,#3381,.F.);
#2176=ORIENTED_EDGE('',*,*,#3970,.F.);
#2177=ORIENTED_EDGE('',*,*,#4005,.T.);
#2178=ORIENTED_EDGE('',*,*,#4003,.T.);
#2179=ORIENTED_EDGE('',*,*,#3969,.F.);
#2180=ORIENTED_EDGE('',*,*,#3972,.F.);
#2181=ORIENTED_EDGE('',*,*,#3974,.F.);
#2182=ORIENTED_EDGE('',*,*,#3976,.F.);
#2183=ORIENTED_EDGE('',*,*,#3978,.F.);
#2184=ORIENTED_EDGE('',*,*,#3980,.F.);
#2185=ORIENTED_EDGE('',*,*,#3982,.F.);
#2186=ORIENTED_EDGE('',*,*,#3984,.F.);
#2187=ORIENTED_EDGE('',*,*,#3986,.F.);
#2188=ORIENTED_EDGE('',*,*,#3988,.F.);
#2189=ORIENTED_EDGE('',*,*,#3990,.F.);
#2190=ORIENTED_EDGE('',*,*,#3992,.F.);
#2191=ORIENTED_EDGE('',*,*,#3994,.F.);
#2192=ORIENTED_EDGE('',*,*,#3996,.F.);
#2193=ORIENTED_EDGE('',*,*,#3998,.F.);
#2194=ORIENTED_EDGE('',*,*,#4000,.F.);
#2195=ORIENTED_EDGE('',*,*,#4002,.F.);
#2196=ORIENTED_EDGE('',*,*,#4004,.F.);
#2197=ORIENTED_EDGE('',*,*,#4005,.F.);
#2198=ORIENTED_EDGE('',*,*,#3369,.F.);
#2199=ORIENTED_EDGE('',*,*,#4006,.F.);
#2200=ORIENTED_EDGE('',*,*,#4007,.T.);
#2201=ORIENTED_EDGE('',*,*,#4008,.T.);
#2202=ORIENTED_EDGE('',*,*,#3379,.F.);
#2203=ORIENTED_EDGE('',*,*,#4009,.F.);
#2204=ORIENTED_EDGE('',*,*,#4010,.T.);
#2205=ORIENTED_EDGE('',*,*,#4006,.T.);
#2206=ORIENTED_EDGE('',*,*,#3378,.F.);
#2207=ORIENTED_EDGE('',*,*,#4011,.F.);
#2208=ORIENTED_EDGE('',*,*,#4012,.T.);
#2209=ORIENTED_EDGE('',*,*,#4009,.T.);
#2210=ORIENTED_EDGE('',*,*,#3377,.F.);
#2211=ORIENTED_EDGE('',*,*,#4013,.F.);
#2212=ORIENTED_EDGE('',*,*,#4014,.T.);
#2213=ORIENTED_EDGE('',*,*,#4011,.T.);
#2214=ORIENTED_EDGE('',*,*,#3376,.F.);
#2215=ORIENTED_EDGE('',*,*,#4015,.F.);
#2216=ORIENTED_EDGE('',*,*,#4016,.T.);
#2217=ORIENTED_EDGE('',*,*,#4013,.T.);
#2218=ORIENTED_EDGE('',*,*,#3375,.F.);
#2219=ORIENTED_EDGE('',*,*,#4017,.F.);
#2220=ORIENTED_EDGE('',*,*,#4018,.T.);
#2221=ORIENTED_EDGE('',*,*,#4015,.T.);
#2222=ORIENTED_EDGE('',*,*,#3374,.F.);
#2223=ORIENTED_EDGE('',*,*,#4019,.F.);
#2224=ORIENTED_EDGE('',*,*,#4020,.T.);
#2225=ORIENTED_EDGE('',*,*,#4017,.T.);
#2226=ORIENTED_EDGE('',*,*,#3373,.F.);
#2227=ORIENTED_EDGE('',*,*,#4021,.F.);
#2228=ORIENTED_EDGE('',*,*,#4022,.T.);
#2229=ORIENTED_EDGE('',*,*,#4019,.T.);
#2230=ORIENTED_EDGE('',*,*,#3372,.F.);
#2231=ORIENTED_EDGE('',*,*,#4023,.F.);
#2232=ORIENTED_EDGE('',*,*,#4024,.T.);
#2233=ORIENTED_EDGE('',*,*,#4021,.T.);
#2234=ORIENTED_EDGE('',*,*,#3371,.F.);
#2235=ORIENTED_EDGE('',*,*,#4025,.F.);
#2236=ORIENTED_EDGE('',*,*,#4026,.T.);
#2237=ORIENTED_EDGE('',*,*,#4023,.T.);
#2238=ORIENTED_EDGE('',*,*,#3370,.F.);
#2239=ORIENTED_EDGE('',*,*,#4008,.F.);
#2240=ORIENTED_EDGE('',*,*,#4027,.T.);
#2241=ORIENTED_EDGE('',*,*,#4025,.T.);
#2242=ORIENTED_EDGE('',*,*,#4007,.F.);
#2243=ORIENTED_EDGE('',*,*,#4010,.F.);
#2244=ORIENTED_EDGE('',*,*,#4012,.F.);
#2245=ORIENTED_EDGE('',*,*,#4014,.F.);
#2246=ORIENTED_EDGE('',*,*,#4016,.F.);
#2247=ORIENTED_EDGE('',*,*,#4018,.F.);
#2248=ORIENTED_EDGE('',*,*,#4020,.F.);
#2249=ORIENTED_EDGE('',*,*,#4022,.F.);
#2250=ORIENTED_EDGE('',*,*,#4024,.F.);
#2251=ORIENTED_EDGE('',*,*,#4026,.F.);
#2252=ORIENTED_EDGE('',*,*,#4027,.F.);
#2253=ORIENTED_EDGE('',*,*,#3347,.F.);
#2254=ORIENTED_EDGE('',*,*,#4028,.F.);
#2255=ORIENTED_EDGE('',*,*,#4029,.T.);
#2256=ORIENTED_EDGE('',*,*,#4030,.T.);
#2257=ORIENTED_EDGE('',*,*,#3368,.F.);
#2258=ORIENTED_EDGE('',*,*,#4031,.F.);
#2259=ORIENTED_EDGE('',*,*,#4032,.T.);
#2260=ORIENTED_EDGE('',*,*,#4028,.T.);
#2261=ORIENTED_EDGE('',*,*,#3367,.F.);
#2262=ORIENTED_EDGE('',*,*,#4033,.F.);
#2263=ORIENTED_EDGE('',*,*,#4034,.T.);
#2264=ORIENTED_EDGE('',*,*,#4031,.T.);
#2265=ORIENTED_EDGE('',*,*,#3366,.F.);
#2266=ORIENTED_EDGE('',*,*,#4035,.F.);
#2267=ORIENTED_EDGE('',*,*,#4036,.T.);
#2268=ORIENTED_EDGE('',*,*,#4033,.T.);
#2269=ORIENTED_EDGE('',*,*,#3365,.F.);
#2270=ORIENTED_EDGE('',*,*,#4037,.F.);
#2271=ORIENTED_EDGE('',*,*,#4038,.T.);
#2272=ORIENTED_EDGE('',*,*,#4035,.T.);
#2273=ORIENTED_EDGE('',*,*,#3364,.F.);
#2274=ORIENTED_EDGE('',*,*,#4039,.F.);
#2275=ORIENTED_EDGE('',*,*,#4040,.T.);
#2276=ORIENTED_EDGE('',*,*,#4037,.T.);
#2277=ORIENTED_EDGE('',*,*,#3363,.F.);
#2278=ORIENTED_EDGE('',*,*,#4041,.F.);
#2279=ORIENTED_EDGE('',*,*,#4042,.T.);
#2280=ORIENTED_EDGE('',*,*,#4039,.T.);
#2281=ORIENTED_EDGE('',*,*,#3362,.F.);
#2282=ORIENTED_EDGE('',*,*,#4043,.F.);
#2283=ORIENTED_EDGE('',*,*,#4044,.T.);
#2284=ORIENTED_EDGE('',*,*,#4041,.T.);
#2285=ORIENTED_EDGE('',*,*,#3361,.F.);
#2286=ORIENTED_EDGE('',*,*,#4045,.F.);
#2287=ORIENTED_EDGE('',*,*,#4046,.T.);
#2288=ORIENTED_EDGE('',*,*,#4043,.T.);
#2289=ORIENTED_EDGE('',*,*,#3360,.F.);
#2290=ORIENTED_EDGE('',*,*,#4047,.F.);
#2291=ORIENTED_EDGE('',*,*,#4048,.T.);
#2292=ORIENTED_EDGE('',*,*,#4045,.T.);
#2293=ORIENTED_EDGE('',*,*,#3359,.F.);
#2294=ORIENTED_EDGE('',*,*,#4049,.F.);
#2295=ORIENTED_EDGE('',*,*,#4050,.T.);
#2296=ORIENTED_EDGE('',*,*,#4047,.T.);
#2297=ORIENTED_EDGE('',*,*,#3358,.F.);
#2298=ORIENTED_EDGE('',*,*,#4051,.F.);
#2299=ORIENTED_EDGE('',*,*,#4052,.T.);
#2300=ORIENTED_EDGE('',*,*,#4049,.T.);
#2301=ORIENTED_EDGE('',*,*,#3357,.F.);
#2302=ORIENTED_EDGE('',*,*,#4053,.F.);
#2303=ORIENTED_EDGE('',*,*,#4054,.T.);
#2304=ORIENTED_EDGE('',*,*,#4051,.T.);
#2305=ORIENTED_EDGE('',*,*,#3356,.F.);
#2306=ORIENTED_EDGE('',*,*,#4055,.F.);
#2307=ORIENTED_EDGE('',*,*,#4056,.T.);
#2308=ORIENTED_EDGE('',*,*,#4053,.T.);
#2309=ORIENTED_EDGE('',*,*,#3355,.F.);
#2310=ORIENTED_EDGE('',*,*,#4057,.F.);
#2311=ORIENTED_EDGE('',*,*,#4058,.T.);
#2312=ORIENTED_EDGE('',*,*,#4055,.T.);
#2313=ORIENTED_EDGE('',*,*,#3354,.F.);
#2314=ORIENTED_EDGE('',*,*,#4059,.F.);
#2315=ORIENTED_EDGE('',*,*,#4060,.T.);
#2316=ORIENTED_EDGE('',*,*,#4057,.T.);
#2317=ORIENTED_EDGE('',*,*,#3353,.F.);
#2318=ORIENTED_EDGE('',*,*,#4061,.F.);
#2319=ORIENTED_EDGE('',*,*,#4062,.T.);
#2320=ORIENTED_EDGE('',*,*,#4059,.T.);
#2321=ORIENTED_EDGE('',*,*,#3352,.F.);
#2322=ORIENTED_EDGE('',*,*,#4063,.F.);
#2323=ORIENTED_EDGE('',*,*,#4064,.T.);
#2324=ORIENTED_EDGE('',*,*,#4061,.T.);
#2325=ORIENTED_EDGE('',*,*,#3351,.F.);
#2326=ORIENTED_EDGE('',*,*,#4065,.F.);
#2327=ORIENTED_EDGE('',*,*,#4066,.T.);
#2328=ORIENTED_EDGE('',*,*,#4063,.T.);
#2329=ORIENTED_EDGE('',*,*,#3350,.F.);
#2330=ORIENTED_EDGE('',*,*,#4067,.F.);
#2331=ORIENTED_EDGE('',*,*,#4068,.T.);
#2332=ORIENTED_EDGE('',*,*,#4065,.T.);
#2333=ORIENTED_EDGE('',*,*,#3349,.F.);
#2334=ORIENTED_EDGE('',*,*,#4069,.F.);
#2335=ORIENTED_EDGE('',*,*,#4070,.T.);
#2336=ORIENTED_EDGE('',*,*,#4067,.T.);
#2337=ORIENTED_EDGE('',*,*,#3348,.F.);
#2338=ORIENTED_EDGE('',*,*,#4030,.F.);
#2339=ORIENTED_EDGE('',*,*,#4071,.T.);
#2340=ORIENTED_EDGE('',*,*,#4069,.T.);
#2341=ORIENTED_EDGE('',*,*,#4029,.F.);
#2342=ORIENTED_EDGE('',*,*,#4032,.F.);
#2343=ORIENTED_EDGE('',*,*,#4034,.F.);
#2344=ORIENTED_EDGE('',*,*,#4036,.F.);
#2345=ORIENTED_EDGE('',*,*,#4038,.F.);
#2346=ORIENTED_EDGE('',*,*,#4040,.F.);
#2347=ORIENTED_EDGE('',*,*,#4042,.F.);
#2348=ORIENTED_EDGE('',*,*,#4044,.F.);
#2349=ORIENTED_EDGE('',*,*,#4046,.F.);
#2350=ORIENTED_EDGE('',*,*,#4048,.F.);
#2351=ORIENTED_EDGE('',*,*,#4050,.F.);
#2352=ORIENTED_EDGE('',*,*,#4052,.F.);
#2353=ORIENTED_EDGE('',*,*,#4054,.F.);
#2354=ORIENTED_EDGE('',*,*,#4056,.F.);
#2355=ORIENTED_EDGE('',*,*,#4058,.F.);
#2356=ORIENTED_EDGE('',*,*,#4060,.F.);
#2357=ORIENTED_EDGE('',*,*,#4062,.F.);
#2358=ORIENTED_EDGE('',*,*,#4064,.F.);
#2359=ORIENTED_EDGE('',*,*,#4066,.F.);
#2360=ORIENTED_EDGE('',*,*,#4068,.F.);
#2361=ORIENTED_EDGE('',*,*,#4070,.F.);
#2362=ORIENTED_EDGE('',*,*,#4071,.F.);
#2363=ORIENTED_EDGE('',*,*,#3343,.F.);
#2364=ORIENTED_EDGE('',*,*,#4072,.F.);
#2365=ORIENTED_EDGE('',*,*,#4073,.T.);
#2366=ORIENTED_EDGE('',*,*,#4074,.T.);
#2367=ORIENTED_EDGE('',*,*,#3346,.F.);
#2368=ORIENTED_EDGE('',*,*,#4075,.F.);
#2369=ORIENTED_EDGE('',*,*,#4076,.T.);
#2370=ORIENTED_EDGE('',*,*,#4072,.T.);
#2371=ORIENTED_EDGE('',*,*,#3345,.F.);
#2372=ORIENTED_EDGE('',*,*,#4077,.F.);
#2373=ORIENTED_EDGE('',*,*,#4078,.T.);
#2374=ORIENTED_EDGE('',*,*,#4075,.T.);
#2375=ORIENTED_EDGE('',*,*,#3344,.F.);
#2376=ORIENTED_EDGE('',*,*,#4074,.F.);
#2377=ORIENTED_EDGE('',*,*,#4079,.T.);
#2378=ORIENTED_EDGE('',*,*,#4077,.T.);
#2379=ORIENTED_EDGE('',*,*,#4073,.F.);
#2380=ORIENTED_EDGE('',*,*,#4076,.F.);
#2381=ORIENTED_EDGE('',*,*,#4078,.F.);
#2382=ORIENTED_EDGE('',*,*,#4079,.F.);
#2383=ORIENTED_EDGE('',*,*,#3325,.F.);
#2384=ORIENTED_EDGE('',*,*,#4080,.F.);
#2385=ORIENTED_EDGE('',*,*,#4081,.T.);
#2386=ORIENTED_EDGE('',*,*,#4082,.T.);
#2387=ORIENTED_EDGE('',*,*,#3342,.F.);
#2388=ORIENTED_EDGE('',*,*,#4083,.F.);
#2389=ORIENTED_EDGE('',*,*,#4084,.T.);
#2390=ORIENTED_EDGE('',*,*,#4080,.T.);
#2391=ORIENTED_EDGE('',*,*,#3341,.F.);
#2392=ORIENTED_EDGE('',*,*,#4085,.F.);
#2393=ORIENTED_EDGE('',*,*,#4086,.T.);
#2394=ORIENTED_EDGE('',*,*,#4083,.T.);
#2395=ORIENTED_EDGE('',*,*,#3340,.F.);
#2396=ORIENTED_EDGE('',*,*,#4087,.F.);
#2397=ORIENTED_EDGE('',*,*,#4088,.T.);
#2398=ORIENTED_EDGE('',*,*,#4085,.T.);
#2399=ORIENTED_EDGE('',*,*,#3339,.F.);
#2400=ORIENTED_EDGE('',*,*,#4089,.F.);
#2401=ORIENTED_EDGE('',*,*,#4090,.T.);
#2402=ORIENTED_EDGE('',*,*,#4087,.T.);
#2403=ORIENTED_EDGE('',*,*,#3338,.F.);
#2404=ORIENTED_EDGE('',*,*,#4091,.F.);
#2405=ORIENTED_EDGE('',*,*,#4092,.T.);
#2406=ORIENTED_EDGE('',*,*,#4089,.T.);
#2407=ORIENTED_EDGE('',*,*,#3337,.F.);
#2408=ORIENTED_EDGE('',*,*,#4093,.F.);
#2409=ORIENTED_EDGE('',*,*,#4094,.T.);
#2410=ORIENTED_EDGE('',*,*,#4091,.T.);
#2411=ORIENTED_EDGE('',*,*,#3336,.F.);
#2412=ORIENTED_EDGE('',*,*,#4095,.F.);
#2413=ORIENTED_EDGE('',*,*,#4096,.T.);
#2414=ORIENTED_EDGE('',*,*,#4093,.T.);
#2415=ORIENTED_EDGE('',*,*,#3335,.F.);
#2416=ORIENTED_EDGE('',*,*,#4097,.F.);
#2417=ORIENTED_EDGE('',*,*,#4098,.T.);
#2418=ORIENTED_EDGE('',*,*,#4095,.T.);
#2419=ORIENTED_EDGE('',*,*,#3334,.F.);
#2420=ORIENTED_EDGE('',*,*,#4099,.F.);
#2421=ORIENTED_EDGE('',*,*,#4100,.T.);
#2422=ORIENTED_EDGE('',*,*,#4097,.T.);
#2423=ORIENTED_EDGE('',*,*,#3333,.F.);
#2424=ORIENTED_EDGE('',*,*,#4101,.F.);
#2425=ORIENTED_EDGE('',*,*,#4102,.T.);
#2426=ORIENTED_EDGE('',*,*,#4099,.T.);
#2427=ORIENTED_EDGE('',*,*,#3332,.F.);
#2428=ORIENTED_EDGE('',*,*,#4103,.F.);
#2429=ORIENTED_EDGE('',*,*,#4104,.T.);
#2430=ORIENTED_EDGE('',*,*,#4101,.T.);
#2431=ORIENTED_EDGE('',*,*,#3331,.F.);
#2432=ORIENTED_EDGE('',*,*,#4105,.F.);
#2433=ORIENTED_EDGE('',*,*,#4106,.T.);
#2434=ORIENTED_EDGE('',*,*,#4103,.T.);
#2435=ORIENTED_EDGE('',*,*,#3330,.F.);
#2436=ORIENTED_EDGE('',*,*,#4107,.F.);
#2437=ORIENTED_EDGE('',*,*,#4108,.T.);
#2438=ORIENTED_EDGE('',*,*,#4105,.T.);
#2439=ORIENTED_EDGE('',*,*,#3329,.F.);
#2440=ORIENTED_EDGE('',*,*,#4109,.F.);
#2441=ORIENTED_EDGE('',*,*,#4110,.T.);
#2442=ORIENTED_EDGE('',*,*,#4107,.T.);
#2443=ORIENTED_EDGE('',*,*,#3328,.F.);
#2444=ORIENTED_EDGE('',*,*,#4111,.F.);
#2445=ORIENTED_EDGE('',*,*,#4112,.T.);
#2446=ORIENTED_EDGE('',*,*,#4109,.T.);
#2447=ORIENTED_EDGE('',*,*,#3327,.F.);
#2448=ORIENTED_EDGE('',*,*,#4113,.F.);
#2449=ORIENTED_EDGE('',*,*,#4114,.T.);
#2450=ORIENTED_EDGE('',*,*,#4111,.T.);
#2451=ORIENTED_EDGE('',*,*,#3326,.F.);
#2452=ORIENTED_EDGE('',*,*,#4082,.F.);
#2453=ORIENTED_EDGE('',*,*,#4115,.T.);
#2454=ORIENTED_EDGE('',*,*,#4113,.T.);
#2455=ORIENTED_EDGE('',*,*,#4081,.F.);
#2456=ORIENTED_EDGE('',*,*,#4084,.F.);
#2457=ORIENTED_EDGE('',*,*,#4086,.F.);
#2458=ORIENTED_EDGE('',*,*,#4088,.F.);
#2459=ORIENTED_EDGE('',*,*,#4090,.F.);
#2460=ORIENTED_EDGE('',*,*,#4092,.F.);
#2461=ORIENTED_EDGE('',*,*,#4094,.F.);
#2462=ORIENTED_EDGE('',*,*,#4096,.F.);
#2463=ORIENTED_EDGE('',*,*,#4098,.F.);
#2464=ORIENTED_EDGE('',*,*,#4100,.F.);
#2465=ORIENTED_EDGE('',*,*,#4102,.F.);
#2466=ORIENTED_EDGE('',*,*,#4104,.F.);
#2467=ORIENTED_EDGE('',*,*,#4106,.F.);
#2468=ORIENTED_EDGE('',*,*,#4108,.F.);
#2469=ORIENTED_EDGE('',*,*,#4110,.F.);
#2470=ORIENTED_EDGE('',*,*,#4112,.F.);
#2471=ORIENTED_EDGE('',*,*,#4114,.F.);
#2472=ORIENTED_EDGE('',*,*,#4115,.F.);
#2473=ORIENTED_EDGE('',*,*,#4116,.F.);
#2474=ORIENTED_EDGE('',*,*,#4117,.F.);
#2475=ORIENTED_EDGE('',*,*,#4118,.T.);
#2476=ORIENTED_EDGE('',*,*,#4119,.T.);
#2477=ORIENTED_EDGE('',*,*,#4120,.F.);
#2478=ORIENTED_EDGE('',*,*,#4121,.F.);
#2479=ORIENTED_EDGE('',*,*,#4122,.T.);
#2480=ORIENTED_EDGE('',*,*,#4117,.T.);
#2481=ORIENTED_EDGE('',*,*,#4123,.F.);
#2482=ORIENTED_EDGE('',*,*,#4124,.F.);
#2483=ORIENTED_EDGE('',*,*,#4125,.T.);
#2484=ORIENTED_EDGE('',*,*,#4121,.T.);
#2485=ORIENTED_EDGE('',*,*,#4126,.F.);
#2486=ORIENTED_EDGE('',*,*,#4127,.F.);
#2487=ORIENTED_EDGE('',*,*,#4128,.T.);
#2488=ORIENTED_EDGE('',*,*,#4124,.T.);
#2489=ORIENTED_EDGE('',*,*,#4129,.F.);
#2490=ORIENTED_EDGE('',*,*,#4130,.F.);
#2491=ORIENTED_EDGE('',*,*,#4131,.T.);
#2492=ORIENTED_EDGE('',*,*,#4127,.T.);
#2493=ORIENTED_EDGE('',*,*,#4132,.F.);
#2494=ORIENTED_EDGE('',*,*,#4133,.F.);
#2495=ORIENTED_EDGE('',*,*,#4134,.T.);
#2496=ORIENTED_EDGE('',*,*,#4130,.T.);
#2497=ORIENTED_EDGE('',*,*,#4135,.F.);
#2498=ORIENTED_EDGE('',*,*,#4136,.F.);
#2499=ORIENTED_EDGE('',*,*,#4137,.T.);
#2500=ORIENTED_EDGE('',*,*,#4133,.T.);
#2501=ORIENTED_EDGE('',*,*,#4138,.F.);
#2502=ORIENTED_EDGE('',*,*,#4139,.F.);
#2503=ORIENTED_EDGE('',*,*,#4140,.T.);
#2504=ORIENTED_EDGE('',*,*,#4136,.T.);
#2505=ORIENTED_EDGE('',*,*,#4141,.F.);
#2506=ORIENTED_EDGE('',*,*,#4142,.F.);
#2507=ORIENTED_EDGE('',*,*,#4143,.T.);
#2508=ORIENTED_EDGE('',*,*,#4139,.T.);
#2509=ORIENTED_EDGE('',*,*,#3310,.F.);
#2510=ORIENTED_EDGE('',*,*,#4144,.F.);
#2511=ORIENTED_EDGE('',*,*,#4145,.T.);
#2512=ORIENTED_EDGE('',*,*,#4146,.T.);
#2513=ORIENTED_EDGE('',*,*,#3324,.F.);
#2514=ORIENTED_EDGE('',*,*,#4147,.F.);
#2515=ORIENTED_EDGE('',*,*,#4148,.T.);
#2516=ORIENTED_EDGE('',*,*,#4144,.T.);
#2517=ORIENTED_EDGE('',*,*,#3323,.F.);
#2518=ORIENTED_EDGE('',*,*,#4149,.F.);
#2519=ORIENTED_EDGE('',*,*,#4150,.T.);
#2520=ORIENTED_EDGE('',*,*,#4147,.T.);
#2521=ORIENTED_EDGE('',*,*,#3322,.F.);
#2522=ORIENTED_EDGE('',*,*,#4151,.F.);
#2523=ORIENTED_EDGE('',*,*,#4152,.T.);
#2524=ORIENTED_EDGE('',*,*,#4149,.T.);
#2525=ORIENTED_EDGE('',*,*,#3321,.F.);
#2526=ORIENTED_EDGE('',*,*,#4153,.F.);
#2527=ORIENTED_EDGE('',*,*,#4154,.T.);
#2528=ORIENTED_EDGE('',*,*,#4151,.T.);
#2529=ORIENTED_EDGE('',*,*,#3320,.F.);
#2530=ORIENTED_EDGE('',*,*,#4155,.F.);
#2531=ORIENTED_EDGE('',*,*,#4156,.T.);
#2532=ORIENTED_EDGE('',*,*,#4153,.T.);
#2533=ORIENTED_EDGE('',*,*,#3319,.F.);
#2534=ORIENTED_EDGE('',*,*,#4157,.F.);
#2535=ORIENTED_EDGE('',*,*,#4158,.T.);
#2536=ORIENTED_EDGE('',*,*,#4155,.T.);
#2537=ORIENTED_EDGE('',*,*,#3318,.F.);
#2538=ORIENTED_EDGE('',*,*,#4159,.F.);
#2539=ORIENTED_EDGE('',*,*,#4160,.T.);
#2540=ORIENTED_EDGE('',*,*,#4157,.T.);
#2541=ORIENTED_EDGE('',*,*,#3317,.F.);
#2542=ORIENTED_EDGE('',*,*,#4161,.F.);
#2543=ORIENTED_EDGE('',*,*,#4162,.T.);
#2544=ORIENTED_EDGE('',*,*,#4159,.T.);
#2545=ORIENTED_EDGE('',*,*,#3316,.F.);
#2546=ORIENTED_EDGE('',*,*,#4163,.F.);
#2547=ORIENTED_EDGE('',*,*,#4164,.T.);
#2548=ORIENTED_EDGE('',*,*,#4161,.T.);
#2549=ORIENTED_EDGE('',*,*,#3315,.F.);
#2550=ORIENTED_EDGE('',*,*,#4165,.F.);
#2551=ORIENTED_EDGE('',*,*,#4166,.T.);
#2552=ORIENTED_EDGE('',*,*,#4163,.T.);
#2553=ORIENTED_EDGE('',*,*,#3314,.F.);
#2554=ORIENTED_EDGE('',*,*,#4167,.F.);
#2555=ORIENTED_EDGE('',*,*,#4168,.T.);
#2556=ORIENTED_EDGE('',*,*,#4165,.T.);
#2557=ORIENTED_EDGE('',*,*,#3313,.F.);
#2558=ORIENTED_EDGE('',*,*,#4169,.F.);
#2559=ORIENTED_EDGE('',*,*,#4170,.T.);
#2560=ORIENTED_EDGE('',*,*,#4167,.T.);
#2561=ORIENTED_EDGE('',*,*,#3312,.F.);
#2562=ORIENTED_EDGE('',*,*,#4171,.F.);
#2563=ORIENTED_EDGE('',*,*,#4172,.T.);
#2564=ORIENTED_EDGE('',*,*,#4169,.T.);
#2565=ORIENTED_EDGE('',*,*,#3311,.F.);
#2566=ORIENTED_EDGE('',*,*,#4146,.F.);
#2567=ORIENTED_EDGE('',*,*,#4173,.T.);
#2568=ORIENTED_EDGE('',*,*,#4171,.T.);
#2569=ORIENTED_EDGE('',*,*,#4174,.F.);
#2570=ORIENTED_EDGE('',*,*,#4119,.F.);
#2571=ORIENTED_EDGE('',*,*,#4175,.T.);
#2572=ORIENTED_EDGE('',*,*,#4142,.T.);
#2573=ORIENTED_EDGE('',*,*,#4145,.F.);
#2574=ORIENTED_EDGE('',*,*,#4148,.F.);
#2575=ORIENTED_EDGE('',*,*,#4150,.F.);
#2576=ORIENTED_EDGE('',*,*,#4152,.F.);
#2577=ORIENTED_EDGE('',*,*,#4154,.F.);
#2578=ORIENTED_EDGE('',*,*,#4156,.F.);
#2579=ORIENTED_EDGE('',*,*,#4158,.F.);
#2580=ORIENTED_EDGE('',*,*,#4160,.F.);
#2581=ORIENTED_EDGE('',*,*,#4162,.F.);
#2582=ORIENTED_EDGE('',*,*,#4164,.F.);
#2583=ORIENTED_EDGE('',*,*,#4166,.F.);
#2584=ORIENTED_EDGE('',*,*,#4168,.F.);
#2585=ORIENTED_EDGE('',*,*,#4170,.F.);
#2586=ORIENTED_EDGE('',*,*,#4172,.F.);
#2587=ORIENTED_EDGE('',*,*,#4173,.F.);
#2588=ORIENTED_EDGE('',*,*,#4118,.F.);
#2589=ORIENTED_EDGE('',*,*,#4122,.F.);
#2590=ORIENTED_EDGE('',*,*,#4125,.F.);
#2591=ORIENTED_EDGE('',*,*,#4128,.F.);
#2592=ORIENTED_EDGE('',*,*,#4131,.F.);
#2593=ORIENTED_EDGE('',*,*,#4134,.F.);
#2594=ORIENTED_EDGE('',*,*,#4137,.F.);
#2595=ORIENTED_EDGE('',*,*,#4140,.F.);
#2596=ORIENTED_EDGE('',*,*,#4143,.F.);
#2597=ORIENTED_EDGE('',*,*,#4175,.F.);
#2598=ORIENTED_EDGE('',*,*,#4116,.T.);
#2599=ORIENTED_EDGE('',*,*,#4174,.T.);
#2600=ORIENTED_EDGE('',*,*,#4141,.T.);
#2601=ORIENTED_EDGE('',*,*,#4138,.T.);
#2602=ORIENTED_EDGE('',*,*,#4135,.T.);
#2603=ORIENTED_EDGE('',*,*,#4132,.T.);
#2604=ORIENTED_EDGE('',*,*,#4129,.T.);
#2605=ORIENTED_EDGE('',*,*,#4126,.T.);
#2606=ORIENTED_EDGE('',*,*,#4123,.T.);
#2607=ORIENTED_EDGE('',*,*,#4120,.T.);
#2608=ORIENTED_EDGE('',*,*,#4176,.F.);
#2609=ORIENTED_EDGE('',*,*,#4177,.F.);
#2610=ORIENTED_EDGE('',*,*,#4178,.T.);
#2611=ORIENTED_EDGE('',*,*,#4179,.T.);
#2612=ORIENTED_EDGE('',*,*,#4180,.F.);
#2613=ORIENTED_EDGE('',*,*,#4181,.F.);
#2614=ORIENTED_EDGE('',*,*,#4182,.T.);
#2615=ORIENTED_EDGE('',*,*,#4177,.T.);
#2616=ORIENTED_EDGE('',*,*,#4183,.F.);
#2617=ORIENTED_EDGE('',*,*,#4184,.F.);
#2618=ORIENTED_EDGE('',*,*,#4185,.T.);
#2619=ORIENTED_EDGE('',*,*,#4181,.T.);
#2620=ORIENTED_EDGE('',*,*,#4186,.F.);
#2621=ORIENTED_EDGE('',*,*,#4187,.F.);
#2622=ORIENTED_EDGE('',*,*,#4188,.T.);
#2623=ORIENTED_EDGE('',*,*,#4184,.T.);
#2624=ORIENTED_EDGE('',*,*,#4189,.F.);
#2625=ORIENTED_EDGE('',*,*,#4190,.F.);
#2626=ORIENTED_EDGE('',*,*,#4191,.T.);
#2627=ORIENTED_EDGE('',*,*,#4187,.T.);
#2628=ORIENTED_EDGE('',*,*,#4192,.F.);
#2629=ORIENTED_EDGE('',*,*,#4193,.F.);
#2630=ORIENTED_EDGE('',*,*,#4194,.T.);
#2631=ORIENTED_EDGE('',*,*,#4190,.T.);
#2632=ORIENTED_EDGE('',*,*,#4195,.F.);
#2633=ORIENTED_EDGE('',*,*,#4196,.F.);
#2634=ORIENTED_EDGE('',*,*,#4197,.T.);
#2635=ORIENTED_EDGE('',*,*,#4193,.T.);
#2636=ORIENTED_EDGE('',*,*,#3297,.F.);
#2637=ORIENTED_EDGE('',*,*,#4198,.F.);
#2638=ORIENTED_EDGE('',*,*,#4199,.T.);
#2639=ORIENTED_EDGE('',*,*,#4200,.T.);
#2640=ORIENTED_EDGE('',*,*,#3309,.F.);
#2641=ORIENTED_EDGE('',*,*,#4201,.F.);
#2642=ORIENTED_EDGE('',*,*,#4202,.T.);
#2643=ORIENTED_EDGE('',*,*,#4198,.T.);
#2644=ORIENTED_EDGE('',*,*,#3308,.F.);
#2645=ORIENTED_EDGE('',*,*,#4203,.F.);
#2646=ORIENTED_EDGE('',*,*,#4204,.T.);
#2647=ORIENTED_EDGE('',*,*,#4201,.T.);
#2648=ORIENTED_EDGE('',*,*,#3307,.F.);
#2649=ORIENTED_EDGE('',*,*,#4205,.F.);
#2650=ORIENTED_EDGE('',*,*,#4206,.T.);
#2651=ORIENTED_EDGE('',*,*,#4203,.T.);
#2652=ORIENTED_EDGE('',*,*,#3306,.F.);
#2653=ORIENTED_EDGE('',*,*,#4207,.F.);
#2654=ORIENTED_EDGE('',*,*,#4208,.T.);
#2655=ORIENTED_EDGE('',*,*,#4205,.T.);
#2656=ORIENTED_EDGE('',*,*,#3305,.F.);
#2657=ORIENTED_EDGE('',*,*,#4209,.F.);
#2658=ORIENTED_EDGE('',*,*,#4210,.T.);
#2659=ORIENTED_EDGE('',*,*,#4207,.T.);
#2660=ORIENTED_EDGE('',*,*,#3304,.F.);
#2661=ORIENTED_EDGE('',*,*,#4211,.F.);
#2662=ORIENTED_EDGE('',*,*,#4212,.T.);
#2663=ORIENTED_EDGE('',*,*,#4209,.T.);
#2664=ORIENTED_EDGE('',*,*,#3303,.F.);
#2665=ORIENTED_EDGE('',*,*,#4213,.F.);
#2666=ORIENTED_EDGE('',*,*,#4214,.T.);
#2667=ORIENTED_EDGE('',*,*,#4211,.T.);
#2668=ORIENTED_EDGE('',*,*,#3302,.F.);
#2669=ORIENTED_EDGE('',*,*,#4215,.F.);
#2670=ORIENTED_EDGE('',*,*,#4216,.T.);
#2671=ORIENTED_EDGE('',*,*,#4213,.T.);
#2672=ORIENTED_EDGE('',*,*,#3301,.F.);
#2673=ORIENTED_EDGE('',*,*,#4217,.F.);
#2674=ORIENTED_EDGE('',*,*,#4218,.T.);
#2675=ORIENTED_EDGE('',*,*,#4215,.T.);
#2676=ORIENTED_EDGE('',*,*,#3300,.F.);
#2677=ORIENTED_EDGE('',*,*,#4219,.F.);
#2678=ORIENTED_EDGE('',*,*,#4220,.T.);
#2679=ORIENTED_EDGE('',*,*,#4217,.T.);
#2680=ORIENTED_EDGE('',*,*,#3299,.F.);
#2681=ORIENTED_EDGE('',*,*,#4221,.F.);
#2682=ORIENTED_EDGE('',*,*,#4222,.T.);
#2683=ORIENTED_EDGE('',*,*,#4219,.T.);
#2684=ORIENTED_EDGE('',*,*,#3298,.F.);
#2685=ORIENTED_EDGE('',*,*,#4200,.F.);
#2686=ORIENTED_EDGE('',*,*,#4223,.T.);
#2687=ORIENTED_EDGE('',*,*,#4221,.T.);
#2688=ORIENTED_EDGE('',*,*,#4224,.F.);
#2689=ORIENTED_EDGE('',*,*,#4179,.F.);
#2690=ORIENTED_EDGE('',*,*,#4225,.T.);
#2691=ORIENTED_EDGE('',*,*,#4196,.T.);
#2692=ORIENTED_EDGE('',*,*,#4199,.F.);
#2693=ORIENTED_EDGE('',*,*,#4202,.F.);
#2694=ORIENTED_EDGE('',*,*,#4204,.F.);
#2695=ORIENTED_EDGE('',*,*,#4206,.F.);
#2696=ORIENTED_EDGE('',*,*,#4208,.F.);
#2697=ORIENTED_EDGE('',*,*,#4210,.F.);
#2698=ORIENTED_EDGE('',*,*,#4212,.F.);
#2699=ORIENTED_EDGE('',*,*,#4214,.F.);
#2700=ORIENTED_EDGE('',*,*,#4216,.F.);
#2701=ORIENTED_EDGE('',*,*,#4218,.F.);
#2702=ORIENTED_EDGE('',*,*,#4220,.F.);
#2703=ORIENTED_EDGE('',*,*,#4222,.F.);
#2704=ORIENTED_EDGE('',*,*,#4223,.F.);
#2705=ORIENTED_EDGE('',*,*,#4178,.F.);
#2706=ORIENTED_EDGE('',*,*,#4182,.F.);
#2707=ORIENTED_EDGE('',*,*,#4185,.F.);
#2708=ORIENTED_EDGE('',*,*,#4188,.F.);
#2709=ORIENTED_EDGE('',*,*,#4191,.F.);
#2710=ORIENTED_EDGE('',*,*,#4194,.F.);
#2711=ORIENTED_EDGE('',*,*,#4197,.F.);
#2712=ORIENTED_EDGE('',*,*,#4225,.F.);
#2713=ORIENTED_EDGE('',*,*,#4176,.T.);
#2714=ORIENTED_EDGE('',*,*,#4224,.T.);
#2715=ORIENTED_EDGE('',*,*,#4195,.T.);
#2716=ORIENTED_EDGE('',*,*,#4192,.T.);
#2717=ORIENTED_EDGE('',*,*,#4189,.T.);
#2718=ORIENTED_EDGE('',*,*,#4186,.T.);
#2719=ORIENTED_EDGE('',*,*,#4183,.T.);
#2720=ORIENTED_EDGE('',*,*,#4180,.T.);
#2721=ORIENTED_EDGE('',*,*,#3275,.F.);
#2722=ORIENTED_EDGE('',*,*,#4226,.F.);
#2723=ORIENTED_EDGE('',*,*,#4227,.T.);
#2724=ORIENTED_EDGE('',*,*,#4228,.T.);
#2725=ORIENTED_EDGE('',*,*,#3296,.F.);
#2726=ORIENTED_EDGE('',*,*,#4229,.F.);
#2727=ORIENTED_EDGE('',*,*,#4230,.T.);
#2728=ORIENTED_EDGE('',*,*,#4226,.T.);
#2729=ORIENTED_EDGE('',*,*,#3295,.F.);
#2730=ORIENTED_EDGE('',*,*,#4231,.F.);
#2731=ORIENTED_EDGE('',*,*,#4232,.T.);
#2732=ORIENTED_EDGE('',*,*,#4229,.T.);
#2733=ORIENTED_EDGE('',*,*,#3294,.F.);
#2734=ORIENTED_EDGE('',*,*,#4233,.F.);
#2735=ORIENTED_EDGE('',*,*,#4234,.T.);
#2736=ORIENTED_EDGE('',*,*,#4231,.T.);
#2737=ORIENTED_EDGE('',*,*,#3293,.F.);
#2738=ORIENTED_EDGE('',*,*,#4235,.F.);
#2739=ORIENTED_EDGE('',*,*,#4236,.T.);
#2740=ORIENTED_EDGE('',*,*,#4233,.T.);
#2741=ORIENTED_EDGE('',*,*,#3292,.F.);
#2742=ORIENTED_EDGE('',*,*,#4237,.F.);
#2743=ORIENTED_EDGE('',*,*,#4238,.T.);
#2744=ORIENTED_EDGE('',*,*,#4235,.T.);
#2745=ORIENTED_EDGE('',*,*,#3291,.F.);
#2746=ORIENTED_EDGE('',*,*,#4239,.F.);
#2747=ORIENTED_EDGE('',*,*,#4240,.T.);
#2748=ORIENTED_EDGE('',*,*,#4237,.T.);
#2749=ORIENTED_EDGE('',*,*,#3290,.F.);
#2750=ORIENTED_EDGE('',*,*,#4241,.F.);
#2751=ORIENTED_EDGE('',*,*,#4242,.T.);
#2752=ORIENTED_EDGE('',*,*,#4239,.T.);
#2753=ORIENTED_EDGE('',*,*,#3289,.F.);
#2754=ORIENTED_EDGE('',*,*,#4243,.F.);
#2755=ORIENTED_EDGE('',*,*,#4244,.T.);
#2756=ORIENTED_EDGE('',*,*,#4241,.T.);
#2757=ORIENTED_EDGE('',*,*,#3288,.F.);
#2758=ORIENTED_EDGE('',*,*,#4245,.F.);
#2759=ORIENTED_EDGE('',*,*,#4246,.T.);
#2760=ORIENTED_EDGE('',*,*,#4243,.T.);
#2761=ORIENTED_EDGE('',*,*,#3287,.F.);
#2762=ORIENTED_EDGE('',*,*,#4247,.F.);
#2763=ORIENTED_EDGE('',*,*,#4248,.T.);
#2764=ORIENTED_EDGE('',*,*,#4245,.T.);
#2765=ORIENTED_EDGE('',*,*,#3286,.F.);
#2766=ORIENTED_EDGE('',*,*,#4249,.F.);
#2767=ORIENTED_EDGE('',*,*,#4250,.T.);
#2768=ORIENTED_EDGE('',*,*,#4247,.T.);
#2769=ORIENTED_EDGE('',*,*,#3285,.F.);
#2770=ORIENTED_EDGE('',*,*,#4251,.F.);
#2771=ORIENTED_EDGE('',*,*,#4252,.T.);
#2772=ORIENTED_EDGE('',*,*,#4249,.T.);
#2773=ORIENTED_EDGE('',*,*,#3284,.F.);
#2774=ORIENTED_EDGE('',*,*,#4253,.F.);
#2775=ORIENTED_EDGE('',*,*,#4254,.T.);
#2776=ORIENTED_EDGE('',*,*,#4251,.T.);
#2777=ORIENTED_EDGE('',*,*,#3283,.F.);
#2778=ORIENTED_EDGE('',*,*,#4255,.F.);
#2779=ORIENTED_EDGE('',*,*,#4256,.T.);
#2780=ORIENTED_EDGE('',*,*,#4253,.T.);
#2781=ORIENTED_EDGE('',*,*,#3282,.F.);
#2782=ORIENTED_EDGE('',*,*,#4257,.F.);
#2783=ORIENTED_EDGE('',*,*,#4258,.T.);
#2784=ORIENTED_EDGE('',*,*,#4255,.T.);
#2785=ORIENTED_EDGE('',*,*,#3281,.F.);
#2786=ORIENTED_EDGE('',*,*,#4259,.F.);
#2787=ORIENTED_EDGE('',*,*,#4260,.T.);
#2788=ORIENTED_EDGE('',*,*,#4257,.T.);
#2789=ORIENTED_EDGE('',*,*,#3280,.F.);
#2790=ORIENTED_EDGE('',*,*,#4261,.F.);
#2791=ORIENTED_EDGE('',*,*,#4262,.T.);
#2792=ORIENTED_EDGE('',*,*,#4259,.T.);
#2793=ORIENTED_EDGE('',*,*,#3279,.F.);
#2794=ORIENTED_EDGE('',*,*,#4263,.F.);
#2795=ORIENTED_EDGE('',*,*,#4264,.T.);
#2796=ORIENTED_EDGE('',*,*,#4261,.T.);
#2797=ORIENTED_EDGE('',*,*,#3278,.F.);
#2798=ORIENTED_EDGE('',*,*,#4265,.F.);
#2799=ORIENTED_EDGE('',*,*,#4266,.T.);
#2800=ORIENTED_EDGE('',*,*,#4263,.T.);
#2801=ORIENTED_EDGE('',*,*,#3277,.F.);
#2802=ORIENTED_EDGE('',*,*,#4267,.F.);
#2803=ORIENTED_EDGE('',*,*,#4268,.T.);
#2804=ORIENTED_EDGE('',*,*,#4265,.T.);
#2805=ORIENTED_EDGE('',*,*,#3276,.F.);
#2806=ORIENTED_EDGE('',*,*,#4228,.F.);
#2807=ORIENTED_EDGE('',*,*,#4269,.T.);
#2808=ORIENTED_EDGE('',*,*,#4267,.T.);
#2809=ORIENTED_EDGE('',*,*,#4227,.F.);
#2810=ORIENTED_EDGE('',*,*,#4230,.F.);
#2811=ORIENTED_EDGE('',*,*,#4232,.F.);
#2812=ORIENTED_EDGE('',*,*,#4234,.F.);
#2813=ORIENTED_EDGE('',*,*,#4236,.F.);
#2814=ORIENTED_EDGE('',*,*,#4238,.F.);
#2815=ORIENTED_EDGE('',*,*,#4240,.F.);
#2816=ORIENTED_EDGE('',*,*,#4242,.F.);
#2817=ORIENTED_EDGE('',*,*,#4244,.F.);
#2818=ORIENTED_EDGE('',*,*,#4246,.F.);
#2819=ORIENTED_EDGE('',*,*,#4248,.F.);
#2820=ORIENTED_EDGE('',*,*,#4250,.F.);
#2821=ORIENTED_EDGE('',*,*,#4252,.F.);
#2822=ORIENTED_EDGE('',*,*,#4254,.F.);
#2823=ORIENTED_EDGE('',*,*,#4256,.F.);
#2824=ORIENTED_EDGE('',*,*,#4258,.F.);
#2825=ORIENTED_EDGE('',*,*,#4260,.F.);
#2826=ORIENTED_EDGE('',*,*,#4262,.F.);
#2827=ORIENTED_EDGE('',*,*,#4264,.F.);
#2828=ORIENTED_EDGE('',*,*,#4266,.F.);
#2829=ORIENTED_EDGE('',*,*,#4268,.F.);
#2830=ORIENTED_EDGE('',*,*,#4269,.F.);
#2831=ORIENTED_EDGE('',*,*,#3271,.F.);
#2832=ORIENTED_EDGE('',*,*,#4270,.F.);
#2833=ORIENTED_EDGE('',*,*,#4271,.T.);
#2834=ORIENTED_EDGE('',*,*,#4272,.T.);
#2835=ORIENTED_EDGE('',*,*,#3274,.F.);
#2836=ORIENTED_EDGE('',*,*,#4273,.F.);
#2837=ORIENTED_EDGE('',*,*,#4274,.T.);
#2838=ORIENTED_EDGE('',*,*,#4270,.T.);
#2839=ORIENTED_EDGE('',*,*,#3273,.F.);
#2840=ORIENTED_EDGE('',*,*,#4275,.F.);
#2841=ORIENTED_EDGE('',*,*,#4276,.T.);
#2842=ORIENTED_EDGE('',*,*,#4273,.T.);
#2843=ORIENTED_EDGE('',*,*,#3272,.F.);
#2844=ORIENTED_EDGE('',*,*,#4272,.F.);
#2845=ORIENTED_EDGE('',*,*,#4277,.T.);
#2846=ORIENTED_EDGE('',*,*,#4275,.T.);
#2847=ORIENTED_EDGE('',*,*,#4271,.F.);
#2848=ORIENTED_EDGE('',*,*,#4274,.F.);
#2849=ORIENTED_EDGE('',*,*,#4276,.F.);
#2850=ORIENTED_EDGE('',*,*,#4277,.F.);
#2851=ORIENTED_EDGE('',*,*,#4278,.F.);
#2852=ORIENTED_EDGE('',*,*,#4279,.F.);
#2853=ORIENTED_EDGE('',*,*,#4280,.T.);
#2854=ORIENTED_EDGE('',*,*,#4281,.T.);
#2855=ORIENTED_EDGE('',*,*,#4282,.F.);
#2856=ORIENTED_EDGE('',*,*,#4283,.F.);
#2857=ORIENTED_EDGE('',*,*,#4284,.T.);
#2858=ORIENTED_EDGE('',*,*,#4279,.T.);
#2859=ORIENTED_EDGE('',*,*,#4285,.F.);
#2860=ORIENTED_EDGE('',*,*,#4286,.F.);
#2861=ORIENTED_EDGE('',*,*,#4287,.T.);
#2862=ORIENTED_EDGE('',*,*,#4283,.T.);
#2863=ORIENTED_EDGE('',*,*,#4288,.F.);
#2864=ORIENTED_EDGE('',*,*,#4289,.F.);
#2865=ORIENTED_EDGE('',*,*,#4290,.T.);
#2866=ORIENTED_EDGE('',*,*,#4286,.T.);
#2867=ORIENTED_EDGE('',*,*,#4291,.F.);
#2868=ORIENTED_EDGE('',*,*,#4292,.F.);
#2869=ORIENTED_EDGE('',*,*,#4293,.T.);
#2870=ORIENTED_EDGE('',*,*,#4289,.T.);
#2871=ORIENTED_EDGE('',*,*,#4294,.F.);
#2872=ORIENTED_EDGE('',*,*,#4295,.F.);
#2873=ORIENTED_EDGE('',*,*,#4296,.T.);
#2874=ORIENTED_EDGE('',*,*,#4292,.T.);
#2875=ORIENTED_EDGE('',*,*,#4297,.F.);
#2876=ORIENTED_EDGE('',*,*,#4298,.F.);
#2877=ORIENTED_EDGE('',*,*,#4299,.T.);
#2878=ORIENTED_EDGE('',*,*,#4295,.T.);
#2879=ORIENTED_EDGE('',*,*,#4300,.F.);
#2880=ORIENTED_EDGE('',*,*,#4301,.F.);
#2881=ORIENTED_EDGE('',*,*,#4302,.T.);
#2882=ORIENTED_EDGE('',*,*,#4303,.T.);
#2883=ORIENTED_EDGE('',*,*,#4304,.F.);
#2884=ORIENTED_EDGE('',*,*,#4305,.F.);
#2885=ORIENTED_EDGE('',*,*,#4306,.T.);
#2886=ORIENTED_EDGE('',*,*,#4301,.T.);
#2887=ORIENTED_EDGE('',*,*,#4307,.F.);
#2888=ORIENTED_EDGE('',*,*,#4308,.F.);
#2889=ORIENTED_EDGE('',*,*,#4309,.T.);
#2890=ORIENTED_EDGE('',*,*,#4305,.T.);
#2891=ORIENTED_EDGE('',*,*,#4310,.F.);
#2892=ORIENTED_EDGE('',*,*,#4311,.F.);
#2893=ORIENTED_EDGE('',*,*,#4312,.T.);
#2894=ORIENTED_EDGE('',*,*,#4308,.T.);
#2895=ORIENTED_EDGE('',*,*,#4313,.F.);
#2896=ORIENTED_EDGE('',*,*,#4314,.F.);
#2897=ORIENTED_EDGE('',*,*,#4315,.T.);
#2898=ORIENTED_EDGE('',*,*,#4311,.T.);
#2899=ORIENTED_EDGE('',*,*,#4316,.F.);
#2900=ORIENTED_EDGE('',*,*,#4317,.F.);
#2901=ORIENTED_EDGE('',*,*,#4318,.T.);
#2902=ORIENTED_EDGE('',*,*,#4314,.T.);
#2903=ORIENTED_EDGE('',*,*,#4319,.F.);
#2904=ORIENTED_EDGE('',*,*,#4320,.F.);
#2905=ORIENTED_EDGE('',*,*,#4321,.T.);
#2906=ORIENTED_EDGE('',*,*,#4317,.T.);
#2907=ORIENTED_EDGE('',*,*,#3258,.F.);
#2908=ORIENTED_EDGE('',*,*,#4322,.F.);
#2909=ORIENTED_EDGE('',*,*,#4323,.T.);
#2910=ORIENTED_EDGE('',*,*,#4324,.T.);
#2911=ORIENTED_EDGE('',*,*,#3270,.F.);
#2912=ORIENTED_EDGE('',*,*,#4325,.F.);
#2913=ORIENTED_EDGE('',*,*,#4326,.T.);
#2914=ORIENTED_EDGE('',*,*,#4322,.T.);
#2915=ORIENTED_EDGE('',*,*,#3269,.F.);
#2916=ORIENTED_EDGE('',*,*,#4327,.F.);
#2917=ORIENTED_EDGE('',*,*,#4328,.T.);
#2918=ORIENTED_EDGE('',*,*,#4325,.T.);
#2919=ORIENTED_EDGE('',*,*,#3268,.F.);
#2920=ORIENTED_EDGE('',*,*,#4329,.F.);
#2921=ORIENTED_EDGE('',*,*,#4330,.T.);
#2922=ORIENTED_EDGE('',*,*,#4327,.T.);
#2923=ORIENTED_EDGE('',*,*,#3267,.F.);
#2924=ORIENTED_EDGE('',*,*,#4331,.F.);
#2925=ORIENTED_EDGE('',*,*,#4332,.T.);
#2926=ORIENTED_EDGE('',*,*,#4329,.T.);
#2927=ORIENTED_EDGE('',*,*,#3266,.F.);
#2928=ORIENTED_EDGE('',*,*,#4333,.F.);
#2929=ORIENTED_EDGE('',*,*,#4334,.T.);
#2930=ORIENTED_EDGE('',*,*,#4331,.T.);
#2931=ORIENTED_EDGE('',*,*,#3265,.F.);
#2932=ORIENTED_EDGE('',*,*,#4335,.F.);
#2933=ORIENTED_EDGE('',*,*,#4336,.T.);
#2934=ORIENTED_EDGE('',*,*,#4333,.T.);
#2935=ORIENTED_EDGE('',*,*,#3264,.F.);
#2936=ORIENTED_EDGE('',*,*,#4337,.F.);
#2937=ORIENTED_EDGE('',*,*,#4338,.T.);
#2938=ORIENTED_EDGE('',*,*,#4335,.T.);
#2939=ORIENTED_EDGE('',*,*,#3263,.F.);
#2940=ORIENTED_EDGE('',*,*,#4339,.F.);
#2941=ORIENTED_EDGE('',*,*,#4340,.T.);
#2942=ORIENTED_EDGE('',*,*,#4337,.T.);
#2943=ORIENTED_EDGE('',*,*,#3262,.F.);
#2944=ORIENTED_EDGE('',*,*,#4341,.F.);
#2945=ORIENTED_EDGE('',*,*,#4342,.T.);
#2946=ORIENTED_EDGE('',*,*,#4339,.T.);
#2947=ORIENTED_EDGE('',*,*,#3261,.F.);
#2948=ORIENTED_EDGE('',*,*,#4343,.F.);
#2949=ORIENTED_EDGE('',*,*,#4344,.T.);
#2950=ORIENTED_EDGE('',*,*,#4341,.T.);
#2951=ORIENTED_EDGE('',*,*,#3260,.F.);
#2952=ORIENTED_EDGE('',*,*,#4345,.F.);
#2953=ORIENTED_EDGE('',*,*,#4346,.T.);
#2954=ORIENTED_EDGE('',*,*,#4343,.T.);
#2955=ORIENTED_EDGE('',*,*,#4347,.F.);
#2956=ORIENTED_EDGE('',*,*,#4303,.F.);
#2957=ORIENTED_EDGE('',*,*,#4348,.T.);
#2958=ORIENTED_EDGE('',*,*,#4320,.T.);
#2959=ORIENTED_EDGE('',*,*,#3259,.F.);
#2960=ORIENTED_EDGE('',*,*,#4324,.F.);
#2961=ORIENTED_EDGE('',*,*,#4349,.T.);
#2962=ORIENTED_EDGE('',*,*,#4345,.T.);
#2963=ORIENTED_EDGE('',*,*,#4350,.F.);
#2964=ORIENTED_EDGE('',*,*,#4281,.F.);
#2965=ORIENTED_EDGE('',*,*,#4351,.T.);
#2966=ORIENTED_EDGE('',*,*,#4298,.T.);
#2967=ORIENTED_EDGE('',*,*,#4323,.F.);
#2968=ORIENTED_EDGE('',*,*,#4326,.F.);
#2969=ORIENTED_EDGE('',*,*,#4328,.F.);
#2970=ORIENTED_EDGE('',*,*,#4330,.F.);
#2971=ORIENTED_EDGE('',*,*,#4332,.F.);
#2972=ORIENTED_EDGE('',*,*,#4334,.F.);
#2973=ORIENTED_EDGE('',*,*,#4336,.F.);
#2974=ORIENTED_EDGE('',*,*,#4338,.F.);
#2975=ORIENTED_EDGE('',*,*,#4340,.F.);
#2976=ORIENTED_EDGE('',*,*,#4342,.F.);
#2977=ORIENTED_EDGE('',*,*,#4344,.F.);
#2978=ORIENTED_EDGE('',*,*,#4346,.F.);
#2979=ORIENTED_EDGE('',*,*,#4349,.F.);
#2980=ORIENTED_EDGE('',*,*,#4302,.F.);
#2981=ORIENTED_EDGE('',*,*,#4306,.F.);
#2982=ORIENTED_EDGE('',*,*,#4309,.F.);
#2983=ORIENTED_EDGE('',*,*,#4312,.F.);
#2984=ORIENTED_EDGE('',*,*,#4315,.F.);
#2985=ORIENTED_EDGE('',*,*,#4318,.F.);
#2986=ORIENTED_EDGE('',*,*,#4321,.F.);
#2987=ORIENTED_EDGE('',*,*,#4348,.F.);
#2988=ORIENTED_EDGE('',*,*,#4280,.F.);
#2989=ORIENTED_EDGE('',*,*,#4284,.F.);
#2990=ORIENTED_EDGE('',*,*,#4287,.F.);
#2991=ORIENTED_EDGE('',*,*,#4290,.F.);
#2992=ORIENTED_EDGE('',*,*,#4293,.F.);
#2993=ORIENTED_EDGE('',*,*,#4296,.F.);
#2994=ORIENTED_EDGE('',*,*,#4299,.F.);
#2995=ORIENTED_EDGE('',*,*,#4351,.F.);
#2996=ORIENTED_EDGE('',*,*,#4278,.T.);
#2997=ORIENTED_EDGE('',*,*,#4350,.T.);
#2998=ORIENTED_EDGE('',*,*,#4297,.T.);
#2999=ORIENTED_EDGE('',*,*,#4294,.T.);
#3000=ORIENTED_EDGE('',*,*,#4291,.T.);
#3001=ORIENTED_EDGE('',*,*,#4288,.T.);
#3002=ORIENTED_EDGE('',*,*,#4285,.T.);
#3003=ORIENTED_EDGE('',*,*,#4282,.T.);
#3004=ORIENTED_EDGE('',*,*,#4300,.T.);
#3005=ORIENTED_EDGE('',*,*,#4347,.T.);
#3006=ORIENTED_EDGE('',*,*,#4319,.T.);
#3007=ORIENTED_EDGE('',*,*,#4316,.T.);
#3008=ORIENTED_EDGE('',*,*,#4313,.T.);
#3009=ORIENTED_EDGE('',*,*,#4310,.T.);
#3010=ORIENTED_EDGE('',*,*,#4307,.T.);
#3011=ORIENTED_EDGE('',*,*,#4304,.T.);
#3012=ORIENTED_EDGE('',*,*,#4352,.F.);
#3013=ORIENTED_EDGE('',*,*,#4353,.F.);
#3014=ORIENTED_EDGE('',*,*,#4354,.T.);
#3015=ORIENTED_EDGE('',*,*,#4355,.T.);
#3016=ORIENTED_EDGE('',*,*,#4356,.F.);
#3017=ORIENTED_EDGE('',*,*,#4357,.F.);
#3018=ORIENTED_EDGE('',*,*,#4358,.T.);
#3019=ORIENTED_EDGE('',*,*,#4353,.T.);
#3020=ORIENTED_EDGE('',*,*,#4359,.F.);
#3021=ORIENTED_EDGE('',*,*,#4360,.F.);
#3022=ORIENTED_EDGE('',*,*,#4361,.T.);
#3023=ORIENTED_EDGE('',*,*,#4357,.T.);
#3024=ORIENTED_EDGE('',*,*,#4362,.F.);
#3025=ORIENTED_EDGE('',*,*,#4363,.F.);
#3026=ORIENTED_EDGE('',*,*,#4364,.T.);
#3027=ORIENTED_EDGE('',*,*,#4360,.T.);
#3028=ORIENTED_EDGE('',*,*,#4365,.F.);
#3029=ORIENTED_EDGE('',*,*,#4366,.F.);
#3030=ORIENTED_EDGE('',*,*,#4367,.T.);
#3031=ORIENTED_EDGE('',*,*,#4363,.T.);
#3032=ORIENTED_EDGE('',*,*,#4368,.F.);
#3033=ORIENTED_EDGE('',*,*,#4369,.F.);
#3034=ORIENTED_EDGE('',*,*,#4370,.T.);
#3035=ORIENTED_EDGE('',*,*,#4366,.T.);
#3036=ORIENTED_EDGE('',*,*,#4371,.F.);
#3037=ORIENTED_EDGE('',*,*,#4372,.F.);
#3038=ORIENTED_EDGE('',*,*,#4373,.T.);
#3039=ORIENTED_EDGE('',*,*,#4369,.T.);
#3040=ORIENTED_EDGE('',*,*,#4374,.F.);
#3041=ORIENTED_EDGE('',*,*,#4375,.F.);
#3042=ORIENTED_EDGE('',*,*,#4376,.T.);
#3043=ORIENTED_EDGE('',*,*,#4372,.T.);
#3044=ORIENTED_EDGE('',*,*,#4377,.F.);
#3045=ORIENTED_EDGE('',*,*,#4378,.F.);
#3046=ORIENTED_EDGE('',*,*,#4379,.T.);
#3047=ORIENTED_EDGE('',*,*,#4375,.T.);
#3048=ORIENTED_EDGE('',*,*,#3246,.F.);
#3049=ORIENTED_EDGE('',*,*,#4380,.F.);
#3050=ORIENTED_EDGE('',*,*,#4381,.T.);
#3051=ORIENTED_EDGE('',*,*,#4382,.T.);
#3052=ORIENTED_EDGE('',*,*,#3257,.F.);
#3053=ORIENTED_EDGE('',*,*,#4383,.F.);
#3054=ORIENTED_EDGE('',*,*,#4384,.T.);
#3055=ORIENTED_EDGE('',*,*,#4380,.T.);
#3056=ORIENTED_EDGE('',*,*,#3256,.F.);
#3057=ORIENTED_EDGE('',*,*,#4385,.F.);
#3058=ORIENTED_EDGE('',*,*,#4386,.T.);
#3059=ORIENTED_EDGE('',*,*,#4383,.T.);
#3060=ORIENTED_EDGE('',*,*,#3255,.F.);
#3061=ORIENTED_EDGE('',*,*,#4387,.F.);
#3062=ORIENTED_EDGE('',*,*,#4388,.T.);
#3063=ORIENTED_EDGE('',*,*,#4385,.T.);
#3064=ORIENTED_EDGE('',*,*,#3254,.F.);
#3065=ORIENTED_EDGE('',*,*,#4389,.F.);
#3066=ORIENTED_EDGE('',*,*,#4390,.T.);
#3067=ORIENTED_EDGE('',*,*,#4387,.T.);
#3068=ORIENTED_EDGE('',*,*,#3253,.F.);
#3069=ORIENTED_EDGE('',*,*,#4391,.F.);
#3070=ORIENTED_EDGE('',*,*,#4392,.T.);
#3071=ORIENTED_EDGE('',*,*,#4389,.T.);
#3072=ORIENTED_EDGE('',*,*,#3252,.F.);
#3073=ORIENTED_EDGE('',*,*,#4393,.F.);
#3074=ORIENTED_EDGE('',*,*,#4394,.T.);
#3075=ORIENTED_EDGE('',*,*,#4391,.T.);
#3076=ORIENTED_EDGE('',*,*,#3251,.F.);
#3077=ORIENTED_EDGE('',*,*,#4395,.F.);
#3078=ORIENTED_EDGE('',*,*,#4396,.T.);
#3079=ORIENTED_EDGE('',*,*,#4393,.T.);
#3080=ORIENTED_EDGE('',*,*,#3250,.F.);
#3081=ORIENTED_EDGE('',*,*,#4397,.F.);
#3082=ORIENTED_EDGE('',*,*,#4398,.T.);
#3083=ORIENTED_EDGE('',*,*,#4395,.T.);
#3084=ORIENTED_EDGE('',*,*,#3249,.F.);
#3085=ORIENTED_EDGE('',*,*,#4399,.F.);
#3086=ORIENTED_EDGE('',*,*,#4400,.T.);
#3087=ORIENTED_EDGE('',*,*,#4397,.T.);
#3088=ORIENTED_EDGE('',*,*,#3248,.F.);
#3089=ORIENTED_EDGE('',*,*,#4401,.F.);
#3090=ORIENTED_EDGE('',*,*,#4402,.T.);
#3091=ORIENTED_EDGE('',*,*,#4399,.T.);
#3092=ORIENTED_EDGE('',*,*,#3247,.F.);
#3093=ORIENTED_EDGE('',*,*,#4382,.F.);
#3094=ORIENTED_EDGE('',*,*,#4403,.T.);
#3095=ORIENTED_EDGE('',*,*,#4401,.T.);
#3096=ORIENTED_EDGE('',*,*,#4404,.F.);
#3097=ORIENTED_EDGE('',*,*,#4355,.F.);
#3098=ORIENTED_EDGE('',*,*,#4405,.T.);
#3099=ORIENTED_EDGE('',*,*,#4378,.T.);
#3100=ORIENTED_EDGE('',*,*,#4381,.F.);
#3101=ORIENTED_EDGE('',*,*,#4384,.F.);
#3102=ORIENTED_EDGE('',*,*,#4386,.F.);
#3103=ORIENTED_EDGE('',*,*,#4388,.F.);
#3104=ORIENTED_EDGE('',*,*,#4390,.F.);
#3105=ORIENTED_EDGE('',*,*,#4392,.F.);
#3106=ORIENTED_EDGE('',*,*,#4394,.F.);
#3107=ORIENTED_EDGE('',*,*,#4396,.F.);
#3108=ORIENTED_EDGE('',*,*,#4398,.F.);
#3109=ORIENTED_EDGE('',*,*,#4400,.F.);
#3110=ORIENTED_EDGE('',*,*,#4402,.F.);
#3111=ORIENTED_EDGE('',*,*,#4403,.F.);
#3112=ORIENTED_EDGE('',*,*,#4354,.F.);
#3113=ORIENTED_EDGE('',*,*,#4358,.F.);
#3114=ORIENTED_EDGE('',*,*,#4361,.F.);
#3115=ORIENTED_EDGE('',*,*,#4364,.F.);
#3116=ORIENTED_EDGE('',*,*,#4367,.F.);
#3117=ORIENTED_EDGE('',*,*,#4370,.F.);
#3118=ORIENTED_EDGE('',*,*,#4373,.F.);
#3119=ORIENTED_EDGE('',*,*,#4376,.F.);
#3120=ORIENTED_EDGE('',*,*,#4379,.F.);
#3121=ORIENTED_EDGE('',*,*,#4405,.F.);
#3122=ORIENTED_EDGE('',*,*,#4352,.T.);
#3123=ORIENTED_EDGE('',*,*,#4404,.T.);
#3124=ORIENTED_EDGE('',*,*,#4377,.T.);
#3125=ORIENTED_EDGE('',*,*,#4374,.T.);
#3126=ORIENTED_EDGE('',*,*,#4371,.T.);
#3127=ORIENTED_EDGE('',*,*,#4368,.T.);
#3128=ORIENTED_EDGE('',*,*,#4365,.T.);
#3129=ORIENTED_EDGE('',*,*,#4362,.T.);
#3130=ORIENTED_EDGE('',*,*,#4359,.T.);
#3131=ORIENTED_EDGE('',*,*,#4356,.T.);
#3132=ORIENTED_EDGE('',*,*,#4406,.F.);
#3133=ORIENTED_EDGE('',*,*,#4407,.F.);
#3134=ORIENTED_EDGE('',*,*,#4408,.T.);
#3135=ORIENTED_EDGE('',*,*,#4409,.T.);
#3136=ORIENTED_EDGE('',*,*,#4410,.F.);
#3137=ORIENTED_EDGE('',*,*,#4411,.F.);
#3138=ORIENTED_EDGE('',*,*,#4412,.T.);
#3139=ORIENTED_EDGE('',*,*,#4407,.T.);
#3140=ORIENTED_EDGE('',*,*,#3238,.F.);
#3141=ORIENTED_EDGE('',*,*,#4413,.F.);
#3142=ORIENTED_EDGE('',*,*,#4414,.T.);
#3143=ORIENTED_EDGE('',*,*,#4415,.T.);
#3144=ORIENTED_EDGE('',*,*,#3245,.F.);
#3145=ORIENTED_EDGE('',*,*,#4416,.F.);
#3146=ORIENTED_EDGE('',*,*,#4417,.T.);
#3147=ORIENTED_EDGE('',*,*,#4413,.T.);
#3148=ORIENTED_EDGE('',*,*,#3244,.F.);
#3149=ORIENTED_EDGE('',*,*,#4418,.F.);
#3150=ORIENTED_EDGE('',*,*,#4419,.T.);
#3151=ORIENTED_EDGE('',*,*,#4416,.T.);
#3152=ORIENTED_EDGE('',*,*,#3243,.F.);
#3153=ORIENTED_EDGE('',*,*,#4420,.F.);
#3154=ORIENTED_EDGE('',*,*,#4421,.T.);
#3155=ORIENTED_EDGE('',*,*,#4418,.T.);
#3156=ORIENTED_EDGE('',*,*,#3242,.F.);
#3157=ORIENTED_EDGE('',*,*,#4422,.F.);
#3158=ORIENTED_EDGE('',*,*,#4423,.T.);
#3159=ORIENTED_EDGE('',*,*,#4420,.T.);
#3160=ORIENTED_EDGE('',*,*,#3241,.F.);
#3161=ORIENTED_EDGE('',*,*,#4424,.F.);
#3162=ORIENTED_EDGE('',*,*,#4425,.T.);
#3163=ORIENTED_EDGE('',*,*,#4422,.T.);
#3164=ORIENTED_EDGE('',*,*,#3240,.F.);
#3165=ORIENTED_EDGE('',*,*,#4426,.F.);
#3166=ORIENTED_EDGE('',*,*,#4427,.T.);
#3167=ORIENTED_EDGE('',*,*,#4424,.T.);
#3168=ORIENTED_EDGE('',*,*,#3239,.F.);
#3169=ORIENTED_EDGE('',*,*,#4415,.F.);
#3170=ORIENTED_EDGE('',*,*,#4428,.T.);
#3171=ORIENTED_EDGE('',*,*,#4426,.T.);
#3172=ORIENTED_EDGE('',*,*,#4429,.F.);
#3173=ORIENTED_EDGE('',*,*,#4409,.F.);
#3174=ORIENTED_EDGE('',*,*,#4430,.T.);
#3175=ORIENTED_EDGE('',*,*,#4411,.T.);
#3176=ORIENTED_EDGE('',*,*,#4414,.F.);
#3177=ORIENTED_EDGE('',*,*,#4417,.F.);
#3178=ORIENTED_EDGE('',*,*,#4419,.F.);
#3179=ORIENTED_EDGE('',*,*,#4421,.F.);
#3180=ORIENTED_EDGE('',*,*,#4423,.F.);
#3181=ORIENTED_EDGE('',*,*,#4425,.F.);
#3182=ORIENTED_EDGE('',*,*,#4427,.F.);
#3183=ORIENTED_EDGE('',*,*,#4428,.F.);
#3184=ORIENTED_EDGE('',*,*,#4408,.F.);
#3185=ORIENTED_EDGE('',*,*,#4412,.F.);
#3186=ORIENTED_EDGE('',*,*,#4430,.F.);
#3187=ORIENTED_EDGE('',*,*,#4406,.T.);
#3188=ORIENTED_EDGE('',*,*,#4429,.T.);
#3189=ORIENTED_EDGE('',*,*,#4410,.T.);
#3190=ORIENTED_EDGE('',*,*,#3230,.F.);
#3191=ORIENTED_EDGE('',*,*,#4431,.F.);
#3192=ORIENTED_EDGE('',*,*,#4432,.T.);
#3193=ORIENTED_EDGE('',*,*,#4433,.T.);
#3194=ORIENTED_EDGE('',*,*,#3237,.F.);
#3195=ORIENTED_EDGE('',*,*,#4434,.F.);
#3196=ORIENTED_EDGE('',*,*,#4435,.T.);
#3197=ORIENTED_EDGE('',*,*,#4431,.T.);
#3198=ORIENTED_EDGE('',*,*,#3236,.F.);
#3199=ORIENTED_EDGE('',*,*,#4436,.F.);
#3200=ORIENTED_EDGE('',*,*,#4437,.T.);
#3201=ORIENTED_EDGE('',*,*,#4434,.T.);
#3202=ORIENTED_EDGE('',*,*,#3235,.F.);
#3203=ORIENTED_EDGE('',*,*,#4438,.F.);
#3204=ORIENTED_EDGE('',*,*,#4439,.T.);
#3205=ORIENTED_EDGE('',*,*,#4436,.T.);
#3206=ORIENTED_EDGE('',*,*,#3234,.F.);
#3207=ORIENTED_EDGE('',*,*,#4440,.F.);
#3208=ORIENTED_EDGE('',*,*,#4441,.T.);
#3209=ORIENTED_EDGE('',*,*,#4438,.T.);
#3210=ORIENTED_EDGE('',*,*,#3233,.F.);
#3211=ORIENTED_EDGE('',*,*,#4442,.F.);
#3212=ORIENTED_EDGE('',*,*,#4443,.T.);
#3213=ORIENTED_EDGE('',*,*,#4440,.T.);
#3214=ORIENTED_EDGE('',*,*,#3232,.F.);
#3215=ORIENTED_EDGE('',*,*,#4444,.F.);
#3216=ORIENTED_EDGE('',*,*,#4445,.T.);
#3217=ORIENTED_EDGE('',*,*,#4442,.T.);
#3218=ORIENTED_EDGE('',*,*,#3231,.F.);
#3219=ORIENTED_EDGE('',*,*,#4433,.F.);
#3220=ORIENTED_EDGE('',*,*,#4446,.T.);
#3221=ORIENTED_EDGE('',*,*,#4444,.T.);
#3222=ORIENTED_EDGE('',*,*,#4432,.F.);
#3223=ORIENTED_EDGE('',*,*,#4435,.F.);
#3224=ORIENTED_EDGE('',*,*,#4437,.F.);
#3225=ORIENTED_EDGE('',*,*,#4439,.F.);
#3226=ORIENTED_EDGE('',*,*,#4441,.F.);
#3227=ORIENTED_EDGE('',*,*,#4443,.F.);
#3228=ORIENTED_EDGE('',*,*,#4445,.F.);
#3229=ORIENTED_EDGE('',*,*,#4446,.F.);
#3230=EDGE_CURVE('',#4447,#4448,#5258,.T.);
#3231=EDGE_CURVE('',#4448,#4449,#5259,.T.);
#3232=EDGE_CURVE('',#4449,#4450,#5260,.T.);
#3233=EDGE_CURVE('',#4450,#4451,#5261,.T.);
#3234=EDGE_CURVE('',#4451,#4452,#5262,.T.);
#3235=EDGE_CURVE('',#4452,#4453,#5263,.T.);
#3236=EDGE_CURVE('',#4453,#4454,#5264,.T.);
#3237=EDGE_CURVE('',#4454,#4447,#5265,.T.);
#3238=EDGE_CURVE('',#4455,#4456,#5266,.T.);
#3239=EDGE_CURVE('',#4456,#4457,#5267,.T.);
#3240=EDGE_CURVE('',#4457,#4458,#5268,.T.);
#3241=EDGE_CURVE('',#4458,#4459,#5269,.T.);
#3242=EDGE_CURVE('',#4459,#4460,#5270,.T.);
#3243=EDGE_CURVE('',#4460,#4461,#5271,.T.);
#3244=EDGE_CURVE('',#4461,#4462,#5272,.T.);
#3245=EDGE_CURVE('',#4462,#4455,#5273,.T.);
#3246=EDGE_CURVE('',#4463,#4464,#402,.T.);
#3247=EDGE_CURVE('',#4464,#4465,#276,.T.);
#3248=EDGE_CURVE('',#4465,#4466,#403,.T.);
#3249=EDGE_CURVE('',#4466,#4467,#404,.T.);
#3250=EDGE_CURVE('',#4467,#4468,#277,.T.);
#3251=EDGE_CURVE('',#4468,#4469,#405,.T.);
#3252=EDGE_CURVE('',#4469,#4470,#406,.T.);
#3253=EDGE_CURVE('',#4470,#4471,#278,.T.);
#3254=EDGE_CURVE('',#4471,#4472,#407,.T.);
#3255=EDGE_CURVE('',#4472,#4473,#408,.T.);
#3256=EDGE_CURVE('',#4473,#4474,#409,.T.);
#3257=EDGE_CURVE('',#4474,#4463,#410,.T.);
#3258=EDGE_CURVE('',#4475,#4476,#411,.T.);
#3259=EDGE_CURVE('',#4476,#4477,#279,.T.);
#3260=EDGE_CURVE('',#4477,#4478,#412,.T.);
#3261=EDGE_CURVE('',#4478,#4479,#413,.T.);
#3262=EDGE_CURVE('',#4479,#4480,#280,.T.);
#3263=EDGE_CURVE('',#4480,#4481,#414,.T.);
#3264=EDGE_CURVE('',#4481,#4482,#415,.T.);
#3265=EDGE_CURVE('',#4482,#4483,#5274,.T.);
#3266=EDGE_CURVE('',#4483,#4484,#5275,.T.);
#3267=EDGE_CURVE('',#4484,#4485,#5276,.T.);
#3268=EDGE_CURVE('',#4485,#4486,#416,.T.);
#3269=EDGE_CURVE('',#4486,#4487,#417,.T.);
#3270=EDGE_CURVE('',#4487,#4475,#281,.T.);
#3271=EDGE_CURVE('',#4488,#4489,#5277,.T.);
#3272=EDGE_CURVE('',#4489,#4490,#5278,.T.);
#3273=EDGE_CURVE('',#4490,#4491,#5279,.T.);
#3274=EDGE_CURVE('',#4491,#4488,#5280,.T.);
#3275=EDGE_CURVE('',#4492,#4493,#418,.T.);
#3276=EDGE_CURVE('',#4493,#4494,#282,.T.);
#3277=EDGE_CURVE('',#4494,#4495,#419,.T.);
#3278=EDGE_CURVE('',#4495,#4496,#420,.T.);
#3279=EDGE_CURVE('',#4496,#4497,#421,.T.);
#3280=EDGE_CURVE('',#4497,#4498,#5281,.T.);
#3281=EDGE_CURVE('',#4498,#4499,#422,.T.);
#3282=EDGE_CURVE('',#4499,#4500,#423,.T.);
#3283=EDGE_CURVE('',#4500,#4501,#424,.T.);
#3284=EDGE_CURVE('',#4501,#4502,#425,.T.);
#3285=EDGE_CURVE('',#4502,#4503,#283,.F.);
#3286=EDGE_CURVE('',#4503,#4504,#426,.T.);
#3287=EDGE_CURVE('',#4504,#4505,#427,.T.);
#3288=EDGE_CURVE('',#4505,#4506,#284,.F.);
#3289=EDGE_CURVE('',#4506,#4507,#428,.T.);
#3290=EDGE_CURVE('',#4507,#4508,#5282,.T.);
#3291=EDGE_CURVE('',#4508,#4509,#429,.T.);
#3292=EDGE_CURVE('',#4509,#4510,#430,.T.);
#3293=EDGE_CURVE('',#4510,#4511,#431,.T.);
#3294=EDGE_CURVE('',#4511,#4512,#432,.T.);
#3295=EDGE_CURVE('',#4512,#4513,#433,.T.);
#3296=EDGE_CURVE('',#4513,#4492,#285,.T.);
#3297=EDGE_CURVE('',#4514,#4515,#434,.T.);
#3298=EDGE_CURVE('',#4515,#4516,#435,.T.);
#3299=EDGE_CURVE('',#4516,#4517,#286,.T.);
#3300=EDGE_CURVE('',#4517,#4518,#436,.T.);
#3301=EDGE_CURVE('',#4518,#4519,#437,.T.);
#3302=EDGE_CURVE('',#4519,#4520,#5283,.T.);
#3303=EDGE_CURVE('',#4520,#4521,#5284,.T.);
#3304=EDGE_CURVE('',#4521,#4522,#5285,.T.);
#3305=EDGE_CURVE('',#4522,#4523,#5286,.T.);
#3306=EDGE_CURVE('',#4523,#4524,#5287,.T.);
#3307=EDGE_CURVE('',#4524,#4525,#5288,.T.);
#3308=EDGE_CURVE('',#4525,#4526,#5289,.T.);
#3309=EDGE_CURVE('',#4526,#4514,#5290,.T.);
#3310=EDGE_CURVE('',#4527,#4528,#438,.T.);
#3311=EDGE_CURVE('',#4528,#4529,#439,.T.);
#3312=EDGE_CURVE('',#4529,#4530,#440,.T.);
#3313=EDGE_CURVE('',#4530,#4531,#441,.T.);
#3314=EDGE_CURVE('',#4531,#4532,#287,.T.);
#3315=EDGE_CURVE('',#4532,#4533,#442,.T.);
#3316=EDGE_CURVE('',#4533,#4534,#443,.T.);
#3317=EDGE_CURVE('',#4534,#4535,#288,.T.);
#3318=EDGE_CURVE('',#4535,#4536,#444,.T.);
#3319=EDGE_CURVE('',#4536,#4537,#445,.T.);
#3320=EDGE_CURVE('',#4537,#4538,#5291,.T.);
#3321=EDGE_CURVE('',#4538,#4539,#5292,.T.);
#3322=EDGE_CURVE('',#4539,#4540,#5293,.T.);
#3323=EDGE_CURVE('',#4540,#4541,#5294,.T.);
#3324=EDGE_CURVE('',#4541,#4527,#5295,.T.);
#3325=EDGE_CURVE('',#4542,#4543,#5296,.T.);
#3326=EDGE_CURVE('',#4543,#4544,#5297,.T.);
#3327=EDGE_CURVE('',#4544,#4545,#5298,.T.);
#3328=EDGE_CURVE('',#4545,#4546,#289,.T.);
#3329=EDGE_CURVE('',#4546,#4547,#290,.T.);
#3330=EDGE_CURVE('',#4547,#4548,#446,.T.);
#3331=EDGE_CURVE('',#4548,#4549,#447,.T.);
#3332=EDGE_CURVE('',#4549,#4550,#291,.T.);
#3333=EDGE_CURVE('',#4550,#4551,#5299,.T.);
#3334=EDGE_CURVE('',#4551,#4552,#5300,.T.);
#3335=EDGE_CURVE('',#4552,#4553,#5301,.T.);
#3336=EDGE_CURVE('',#4553,#4554,#292,.F.);
#3337=EDGE_CURVE('',#4554,#4555,#448,.T.);
#3338=EDGE_CURVE('',#4555,#4556,#449,.T.);
#3339=EDGE_CURVE('',#4556,#4557,#450,.T.);
#3340=EDGE_CURVE('',#4557,#4558,#451,.T.);
#3341=EDGE_CURVE('',#4558,#4559,#5302,.T.);
#3342=EDGE_CURVE('',#4559,#4542,#5303,.T.);
#3343=EDGE_CURVE('',#4560,#4561,#5304,.T.);
#3344=EDGE_CURVE('',#4561,#4562,#5305,.T.);
#3345=EDGE_CURVE('',#4562,#4563,#5306,.T.);
#3346=EDGE_CURVE('',#4563,#4560,#5307,.T.);
#3347=EDGE_CURVE('',#4564,#4565,#452,.T.);
#3348=EDGE_CURVE('',#4565,#4566,#293,.T.);
#3349=EDGE_CURVE('',#4566,#4567,#453,.T.);
#3350=EDGE_CURVE('',#4567,#4568,#454,.T.);
#3351=EDGE_CURVE('',#4568,#4569,#455,.T.);
#3352=EDGE_CURVE('',#4569,#4570,#5308,.T.);
#3353=EDGE_CURVE('',#4570,#4571,#456,.T.);
#3354=EDGE_CURVE('',#4571,#4572,#457,.T.);
#3355=EDGE_CURVE('',#4572,#4573,#458,.T.);
#3356=EDGE_CURVE('',#4573,#4574,#459,.T.);
#3357=EDGE_CURVE('',#4574,#4575,#294,.F.);
#3358=EDGE_CURVE('',#4575,#4576,#460,.T.);
#3359=EDGE_CURVE('',#4576,#4577,#461,.T.);
#3360=EDGE_CURVE('',#4577,#4578,#295,.F.);
#3361=EDGE_CURVE('',#4578,#4579,#462,.T.);
#3362=EDGE_CURVE('',#4579,#4580,#5309,.T.);
#3363=EDGE_CURVE('',#4580,#4581,#463,.T.);
#3364=EDGE_CURVE('',#4581,#4582,#464,.T.);
#3365=EDGE_CURVE('',#4582,#4583,#465,.T.);
#3366=EDGE_CURVE('',#4583,#4584,#466,.T.);
#3367=EDGE_CURVE('',#4584,#4585,#467,.T.);
#3368=EDGE_CURVE('',#4585,#4564,#296,.T.);
#3369=EDGE_CURVE('',#4586,#4587,#5310,.T.);
#3370=EDGE_CURVE('',#4587,#4588,#5311,.T.);
#3371=EDGE_CURVE('',#4588,#4589,#5312,.T.);
#3372=EDGE_CURVE('',#4589,#4590,#5313,.T.);
#3373=EDGE_CURVE('',#4590,#4591,#5314,.T.);
#3374=EDGE_CURVE('',#4591,#4592,#5315,.T.);
#3375=EDGE_CURVE('',#4592,#4593,#5316,.T.);
#3376=EDGE_CURVE('',#4593,#4594,#5317,.T.);
#3377=EDGE_CURVE('',#4594,#4595,#5318,.T.);
#3378=EDGE_CURVE('',#4595,#4596,#5319,.T.);
#3379=EDGE_CURVE('',#4596,#4586,#5320,.T.);
#3380=EDGE_CURVE('',#4597,#4598,#468,.T.);
#3381=EDGE_CURVE('',#4598,#4599,#297,.T.);
#3382=EDGE_CURVE('',#4599,#4600,#469,.T.);
#3383=EDGE_CURVE('',#4600,#4601,#470,.T.);
#3384=EDGE_CURVE('',#4601,#4602,#471,.T.);
#3385=EDGE_CURVE('',#4602,#4603,#5321,.T.);
#3386=EDGE_CURVE('',#4603,#4604,#472,.T.);
#3387=EDGE_CURVE('',#4604,#4605,#473,.T.);
#3388=EDGE_CURVE('',#4605,#4606,#474,.T.);
#3389=EDGE_CURVE('',#4606,#4607,#298,.F.);
#3390=EDGE_CURVE('',#4607,#4608,#475,.T.);
#3391=EDGE_CURVE('',#4608,#4609,#476,.T.);
#3392=EDGE_CURVE('',#4609,#4610,#477,.T.);
#3393=EDGE_CURVE('',#4610,#4611,#5322,.T.);
#3394=EDGE_CURVE('',#4611,#4612,#478,.T.);
#3395=EDGE_CURVE('',#4612,#4613,#479,.T.);
#3396=EDGE_CURVE('',#4613,#4614,#480,.T.);
#3397=EDGE_CURVE('',#4614,#4615,#481,.T.);
#3398=EDGE_CURVE('',#4615,#4597,#299,.T.);
#3399=EDGE_CURVE('',#4616,#4617,#482,.T.);
#3400=EDGE_CURVE('',#4617,#4618,#483,.T.);
#3401=EDGE_CURVE('',#4618,#4619,#300,.T.);
#3402=EDGE_CURVE('',#4619,#4620,#484,.T.);
#3403=EDGE_CURVE('',#4620,#4621,#485,.T.);
#3404=EDGE_CURVE('',#4621,#4622,#5323,.T.);
#3405=EDGE_CURVE('',#4622,#4623,#5324,.T.);
#3406=EDGE_CURVE('',#4623,#4624,#5325,.T.);
#3407=EDGE_CURVE('',#4624,#4625,#5326,.T.);
#3408=EDGE_CURVE('',#4625,#4626,#5327,.T.);
#3409=EDGE_CURVE('',#4626,#4627,#486,.T.);
#3410=EDGE_CURVE('',#4627,#4628,#487,.T.);
#3411=EDGE_CURVE('',#4628,#4629,#488,.T.);
#3412=EDGE_CURVE('',#4629,#4630,#489,.T.);
#3413=EDGE_CURVE('',#4630,#4631,#490,.T.);
#3414=EDGE_CURVE('',#4631,#4616,#301,.T.);
#3415=EDGE_CURVE('',#4632,#4633,#5328,.T.);
#3416=EDGE_CURVE('',#4633,#4634,#5329,.T.);
#3417=EDGE_CURVE('',#4634,#4635,#5330,.T.);
#3418=EDGE_CURVE('',#4635,#4636,#5331,.T.);
#3419=EDGE_CURVE('',#4636,#4637,#5332,.T.);
#3420=EDGE_CURVE('',#4637,#4638,#5333,.T.);
#3421=EDGE_CURVE('',#4638,#4639,#5334,.T.);
#3422=EDGE_CURVE('',#4639,#4640,#5335,.T.);
#3423=EDGE_CURVE('',#4640,#4641,#5336,.T.);
#3424=EDGE_CURVE('',#4641,#4642,#5337,.T.);
#3425=EDGE_CURVE('',#4642,#4643,#5338,.T.);
#3426=EDGE_CURVE('',#4643,#4632,#5339,.T.);
#3427=EDGE_CURVE('',#4644,#4645,#491,.T.);
#3428=EDGE_CURVE('',#4645,#4646,#492,.T.);
#3429=EDGE_CURVE('',#4646,#4647,#5340,.T.);
#3430=EDGE_CURVE('',#4647,#4648,#5341,.T.);
#3431=EDGE_CURVE('',#4648,#4649,#493,.T.);
#3432=EDGE_CURVE('',#4649,#4650,#494,.T.);
#3433=EDGE_CURVE('',#4650,#4651,#5342,.T.);
#3434=EDGE_CURVE('',#4651,#4652,#5343,.T.);
#3435=EDGE_CURVE('',#4652,#4653,#5344,.T.);
#3436=EDGE_CURVE('',#4653,#4654,#5345,.T.);
#3437=EDGE_CURVE('',#4654,#4644,#5346,.T.);
#3438=EDGE_CURVE('',#4655,#4656,#495,.T.);
#3439=EDGE_CURVE('',#4656,#4657,#302,.T.);
#3440=EDGE_CURVE('',#4657,#4658,#496,.T.);
#3441=EDGE_CURVE('',#4658,#4659,#497,.T.);
#3442=EDGE_CURVE('',#4659,#4660,#303,.T.);
#3443=EDGE_CURVE('',#4660,#4661,#498,.T.);
#3444=EDGE_CURVE('',#4661,#4662,#499,.T.);
#3445=EDGE_CURVE('',#4662,#4663,#500,.T.);
#3446=EDGE_CURVE('',#4663,#4664,#501,.T.);
#3447=EDGE_CURVE('',#4664,#4665,#502,.T.);
#3448=EDGE_CURVE('',#4665,#4666,#304,.T.);
#3449=EDGE_CURVE('',#4666,#4655,#503,.T.);
#3450=EDGE_CURVE('',#4667,#4668,#504,.T.);
#3451=EDGE_CURVE('',#4668,#4669,#505,.T.);
#3452=EDGE_CURVE('',#4669,#4670,#5347,.T.);
#3453=EDGE_CURVE('',#4670,#4671,#5348,.T.);
#3454=EDGE_CURVE('',#4671,#4672,#5349,.T.);
#3455=EDGE_CURVE('',#4672,#4673,#5350,.T.);
#3456=EDGE_CURVE('',#4673,#4674,#5351,.T.);
#3457=EDGE_CURVE('',#4674,#4675,#5352,.T.);
#3458=EDGE_CURVE('',#4675,#4676,#5353,.T.);
#3459=EDGE_CURVE('',#4676,#4677,#5354,.T.);
#3460=EDGE_CURVE('',#4677,#4678,#5355,.T.);
#3461=EDGE_CURVE('',#4678,#4679,#5356,.T.);
#3462=EDGE_CURVE('',#4679,#4680,#5357,.T.);
#3463=EDGE_CURVE('',#4680,#4681,#506,.T.);
#3464=EDGE_CURVE('',#4681,#4682,#507,.T.);
#3465=EDGE_CURVE('',#4682,#4683,#305,.T.);
#3466=EDGE_CURVE('',#4683,#4667,#5358,.T.);
#3467=EDGE_CURVE('',#4684,#4685,#508,.T.);
#3468=EDGE_CURVE('',#4685,#4686,#509,.T.);
#3469=EDGE_CURVE('',#4686,#4687,#306,.T.);
#3470=EDGE_CURVE('',#4687,#4688,#307,.T.);
#3471=EDGE_CURVE('',#4688,#4689,#5359,.T.);
#3472=EDGE_CURVE('',#4689,#4690,#308,.F.);
#3473=EDGE_CURVE('',#4690,#4691,#510,.T.);
#3474=EDGE_CURVE('',#4691,#4692,#511,.T.);
#3475=EDGE_CURVE('',#4692,#4693,#512,.T.);
#3476=EDGE_CURVE('',#4693,#4694,#5360,.T.);
#3477=EDGE_CURVE('',#4694,#4695,#513,.T.);
#3478=EDGE_CURVE('',#4695,#4696,#514,.T.);
#3479=EDGE_CURVE('',#4696,#4697,#515,.T.);
#3480=EDGE_CURVE('',#4697,#4698,#516,.T.);
#3481=EDGE_CURVE('',#4698,#4699,#309,.T.);
#3482=EDGE_CURVE('',#4699,#4700,#517,.T.);
#3483=EDGE_CURVE('',#4700,#4701,#310,.T.);
#3484=EDGE_CURVE('',#4701,#4684,#518,.T.);
#3485=EDGE_CURVE('',#4702,#4703,#519,.T.);
#3486=EDGE_CURVE('',#4703,#4704,#520,.T.);
#3487=EDGE_CURVE('',#4704,#4705,#311,.T.);
#3488=EDGE_CURVE('',#4705,#4706,#521,.T.);
#3489=EDGE_CURVE('',#4706,#4707,#522,.T.);
#3490=EDGE_CURVE('',#4707,#4708,#5361,.T.);
#3491=EDGE_CURVE('',#4708,#4709,#5362,.T.);
#3492=EDGE_CURVE('',#4709,#4710,#5363,.T.);
#3493=EDGE_CURVE('',#4710,#4711,#5364,.T.);
#3494=EDGE_CURVE('',#4711,#4712,#5365,.T.);
#3495=EDGE_CURVE('',#4712,#4713,#312,.T.);
#3496=EDGE_CURVE('',#4713,#4714,#523,.T.);
#3497=EDGE_CURVE('',#4714,#4715,#524,.T.);
#3498=EDGE_CURVE('',#4715,#4716,#525,.T.);
#3499=EDGE_CURVE('',#4716,#4717,#526,.T.);
#3500=EDGE_CURVE('',#4717,#4702,#313,.T.);
#3501=EDGE_CURVE('',#4718,#4719,#527,.T.);
#3502=EDGE_CURVE('',#4719,#4720,#528,.T.);
#3503=EDGE_CURVE('',#4720,#4721,#314,.T.);
#3504=EDGE_CURVE('',#4721,#4722,#529,.T.);
#3505=EDGE_CURVE('',#4722,#4723,#530,.T.);
#3506=EDGE_CURVE('',#4723,#4724,#5366,.T.);
#3507=EDGE_CURVE('',#4724,#4725,#5367,.T.);
#3508=EDGE_CURVE('',#4725,#4726,#5368,.T.);
#3509=EDGE_CURVE('',#4726,#4727,#5369,.T.);
#3510=EDGE_CURVE('',#4727,#4728,#5370,.T.);
#3511=EDGE_CURVE('',#4728,#4729,#531,.T.);
#3512=EDGE_CURVE('',#4729,#4730,#532,.T.);
#3513=EDGE_CURVE('',#4730,#4731,#533,.T.);
#3514=EDGE_CURVE('',#4731,#4732,#534,.T.);
#3515=EDGE_CURVE('',#4732,#4733,#535,.T.);
#3516=EDGE_CURVE('',#4733,#4718,#315,.T.);
#3517=EDGE_CURVE('',#4734,#4735,#5371,.T.);
#3518=EDGE_CURVE('',#4735,#4736,#5372,.T.);
#3519=EDGE_CURVE('',#4736,#4737,#5373,.T.);
#3520=EDGE_CURVE('',#4737,#4738,#5374,.T.);
#3521=EDGE_CURVE('',#4738,#4739,#5375,.T.);
#3522=EDGE_CURVE('',#4739,#4740,#5376,.T.);
#3523=EDGE_CURVE('',#4740,#4741,#5377,.T.);
#3524=EDGE_CURVE('',#4741,#4742,#5378,.T.);
#3525=EDGE_CURVE('',#4742,#4743,#5379,.T.);
#3526=EDGE_CURVE('',#4743,#4744,#5380,.T.);
#3527=EDGE_CURVE('',#4744,#4745,#5381,.T.);
#3528=EDGE_CURVE('',#4745,#4746,#5382,.T.);
#3529=EDGE_CURVE('',#4746,#4734,#5383,.T.);
#3530=EDGE_CURVE('',#4747,#4748,#5384,.T.);
#3531=EDGE_CURVE('',#4749,#4747,#5385,.T.);
#3532=EDGE_CURVE('',#4749,#4750,#5386,.T.);
#3533=EDGE_CURVE('',#4750,#4748,#5387,.T.);
#3534=EDGE_CURVE('',#4750,#4751,#5388,.T.);
#3535=EDGE_CURVE('',#4749,#4752,#316,.T.);
#3536=EDGE_CURVE('',#4752,#4753,#317,.T.);
#3537=EDGE_CURVE('',#4753,#4751,#5389,.T.);
#3538=EDGE_CURVE('',#4754,#4755,#5390,.T.);
#3539=EDGE_CURVE('',#4755,#4756,#5391,.T.);
#3540=EDGE_CURVE('',#4757,#4756,#5392,.T.);
#3541=EDGE_CURVE('',#4758,#4757,#318,.T.);
#3542=EDGE_CURVE('',#4754,#4758,#319,.T.);
#3543=EDGE_CURVE('',#4752,#4759,#209,.T.);
#3544=EDGE_CURVE('',#4759,#4747,#536,.T.);
#3545=EDGE_CURVE('',#4760,#4752,#210,.T.);
#3546=EDGE_CURVE('',#4761,#4760,#537,.T.);
#3547=EDGE_CURVE('',#4753,#4761,#5393,.T.);
#3548=EDGE_CURVE('',#4762,#4762,#320,.T.);
#3549=EDGE_CURVE('',#4748,#4763,#5394,.T.);
#3550=EDGE_CURVE('',#4751,#4763,#5395,.T.);
#3551=EDGE_CURVE('',#4761,#4763,#5396,.T.);
#3552=EDGE_CURVE('',#4761,#4747,#5397,.T.);
#3553=EDGE_CURVE('',#4760,#4759,#5398,.T.);
#3554=EDGE_CURVE('',#4764,#4765,#538,.T.);
#3555=EDGE_CURVE('',#4754,#4765,#5399,.T.);
#3556=EDGE_CURVE('',#4758,#4764,#5400,.T.);
#3557=EDGE_CURVE('',#4757,#4766,#5401,.F.);
#3558=EDGE_CURVE('',#4766,#4764,#539,.F.);
#3559=EDGE_CURVE('',#4767,#4767,#321,.T.);
#3560=EDGE_CURVE('',#4768,#4769,#5402,.T.);
#3561=EDGE_CURVE('',#4756,#4769,#5403,.T.);
#3562=EDGE_CURVE('',#4755,#4768,#5404,.T.);
#3563=EDGE_CURVE('',#4765,#4768,#5405,.T.);
#3564=EDGE_CURVE('',#4766,#4769,#5406,.T.);
#3565=EDGE_CURVE('',#4766,#4765,#5407,.T.);
#3566=EDGE_CURVE('',#4770,#4770,#322,.T.);
#3567=EDGE_CURVE('',#4771,#4771,#323,.T.);
#3568=EDGE_CURVE('',#4772,#4734,#5408,.T.);
#3569=EDGE_CURVE('',#4772,#4773,#5409,.T.);
#3570=EDGE_CURVE('',#4773,#4735,#5410,.T.);
#3571=EDGE_CURVE('',#4774,#4746,#5411,.T.);
#3572=EDGE_CURVE('',#4774,#4772,#5412,.T.);
#3573=EDGE_CURVE('',#4775,#4745,#5413,.T.);
#3574=EDGE_CURVE('',#4775,#4774,#5414,.T.);
#3575=EDGE_CURVE('',#4776,#4744,#5415,.T.);
#3576=EDGE_CURVE('',#4776,#4775,#5416,.T.);
#3577=EDGE_CURVE('',#4777,#4743,#5417,.T.);
#3578=EDGE_CURVE('',#4777,#4776,#5418,.T.);
#3579=EDGE_CURVE('',#4778,#4742,#5419,.T.);
#3580=EDGE_CURVE('',#4778,#4777,#5420,.T.);
#3581=EDGE_CURVE('',#4779,#4741,#5421,.T.);
#3582=EDGE_CURVE('',#4779,#4778,#5422,.T.);
#3583=EDGE_CURVE('',#4780,#4740,#5423,.T.);
#3584=EDGE_CURVE('',#4780,#4779,#5424,.T.);
#3585=EDGE_CURVE('',#4781,#4739,#5425,.T.);
#3586=EDGE_CURVE('',#4781,#4780,#5426,.T.);
#3587=EDGE_CURVE('',#4782,#4738,#5427,.T.);
#3588=EDGE_CURVE('',#4782,#4781,#5428,.T.);
#3589=EDGE_CURVE('',#4783,#4737,#5429,.T.);
#3590=EDGE_CURVE('',#4783,#4782,#5430,.T.);
#3591=EDGE_CURVE('',#4784,#4736,#5431,.T.);
#3592=EDGE_CURVE('',#4784,#4783,#5432,.T.);
#3593=EDGE_CURVE('',#4773,#4784,#5433,.T.);
#3594=EDGE_CURVE('',#4785,#4786,#324,.F.);
#3595=EDGE_CURVE('',#4787,#4785,#5434,.T.);
#3596=EDGE_CURVE('',#4787,#4788,#325,.F.);
#3597=EDGE_CURVE('',#4788,#4786,#5435,.T.);
#3598=EDGE_CURVE('',#4789,#4785,#540,.T.);
#3599=EDGE_CURVE('',#4790,#4789,#5436,.T.);
#3600=EDGE_CURVE('',#4790,#4787,#541,.T.);
#3601=EDGE_CURVE('',#4791,#4789,#542,.T.);
#3602=EDGE_CURVE('',#4792,#4791,#5437,.T.);
#3603=EDGE_CURVE('',#4792,#4790,#543,.T.);
#3604=EDGE_CURVE('',#4793,#4791,#544,.T.);
#3605=EDGE_CURVE('',#4794,#4793,#5438,.T.);
#3606=EDGE_CURVE('',#4794,#4792,#545,.T.);
#3607=EDGE_CURVE('',#4795,#4793,#546,.T.);
#3608=EDGE_CURVE('',#4796,#4795,#5439,.T.);
#3609=EDGE_CURVE('',#4796,#4794,#547,.T.);
#3610=EDGE_CURVE('',#4797,#4795,#326,.F.);
#3611=EDGE_CURVE('',#4798,#4797,#5440,.T.);
#3612=EDGE_CURVE('',#4798,#4796,#327,.F.);
#3613=EDGE_CURVE('',#4799,#4797,#548,.T.);
#3614=EDGE_CURVE('',#4800,#4799,#5441,.T.);
#3615=EDGE_CURVE('',#4800,#4798,#549,.T.);
#3616=EDGE_CURVE('',#4801,#4799,#550,.T.);
#3617=EDGE_CURVE('',#4802,#4801,#5442,.T.);
#3618=EDGE_CURVE('',#4802,#4800,#551,.T.);
#3619=EDGE_CURVE('',#4803,#4801,#552,.T.);
#3620=EDGE_CURVE('',#4804,#4803,#5443,.T.);
#3621=EDGE_CURVE('',#4804,#4802,#553,.T.);
#3622=EDGE_CURVE('',#4805,#4718,#5444,.T.);
#3623=EDGE_CURVE('',#4805,#4806,#554,.T.);
#3624=EDGE_CURVE('',#4806,#4719,#5445,.T.);
#3625=EDGE_CURVE('',#4807,#4733,#5446,.T.);
#3626=EDGE_CURVE('',#4807,#4805,#328,.T.);
#3627=EDGE_CURVE('',#4808,#4732,#5447,.T.);
#3628=EDGE_CURVE('',#4808,#4807,#555,.T.);
#3629=EDGE_CURVE('',#4809,#4731,#5448,.T.);
#3630=EDGE_CURVE('',#4809,#4808,#556,.T.);
#3631=EDGE_CURVE('',#4810,#4730,#5449,.T.);
#3632=EDGE_CURVE('',#4810,#4809,#557,.T.);
#3633=EDGE_CURVE('',#4811,#4729,#5450,.T.);
#3634=EDGE_CURVE('',#4811,#4810,#558,.T.);
#3635=EDGE_CURVE('',#4812,#4728,#5451,.T.);
#3636=EDGE_CURVE('',#4812,#4811,#559,.T.);
#3637=EDGE_CURVE('',#4813,#4727,#5452,.T.);
#3638=EDGE_CURVE('',#4813,#4812,#5453,.T.);
#3639=EDGE_CURVE('',#4814,#4726,#5454,.T.);
#3640=EDGE_CURVE('',#4814,#4813,#5455,.T.);
#3641=EDGE_CURVE('',#4815,#4725,#5456,.T.);
#3642=EDGE_CURVE('',#4815,#4814,#5457,.T.);
#3643=EDGE_CURVE('',#4816,#4724,#5458,.T.);
#3644=EDGE_CURVE('',#4816,#4815,#5459,.T.);
#3645=EDGE_CURVE('',#4817,#4723,#5460,.T.);
#3646=EDGE_CURVE('',#4817,#4816,#5461,.T.);
#3647=EDGE_CURVE('',#4818,#4722,#5462,.T.);
#3648=EDGE_CURVE('',#4818,#4817,#560,.T.);
#3649=EDGE_CURVE('',#4819,#4721,#5463,.T.);
#3650=EDGE_CURVE('',#4819,#4818,#561,.T.);
#3651=EDGE_CURVE('',#4820,#4720,#5464,.T.);
#3652=EDGE_CURVE('',#4820,#4819,#329,.T.);
#3653=EDGE_CURVE('',#4806,#4820,#562,.T.);
#3654=EDGE_CURVE('',#4786,#4803,#563,.T.);
#3655=EDGE_CURVE('',#4788,#4804,#564,.T.);
#3656=EDGE_CURVE('',#4821,#4822,#330,.F.);
#3657=EDGE_CURVE('',#4823,#4821,#5465,.T.);
#3658=EDGE_CURVE('',#4823,#4824,#331,.F.);
#3659=EDGE_CURVE('',#4824,#4822,#5466,.T.);
#3660=EDGE_CURVE('',#4825,#4821,#565,.T.);
#3661=EDGE_CURVE('',#4826,#4825,#5467,.T.);
#3662=EDGE_CURVE('',#4826,#4823,#566,.T.);
#3663=EDGE_CURVE('',#4827,#4825,#567,.T.);
#3664=EDGE_CURVE('',#4828,#4827,#5468,.T.);
#3665=EDGE_CURVE('',#4828,#4826,#568,.T.);
#3666=EDGE_CURVE('',#4829,#4827,#569,.T.);
#3667=EDGE_CURVE('',#4830,#4829,#5469,.T.);
#3668=EDGE_CURVE('',#4830,#4828,#570,.T.);
#3669=EDGE_CURVE('',#4831,#4829,#571,.T.);
#3670=EDGE_CURVE('',#4832,#4831,#5470,.T.);
#3671=EDGE_CURVE('',#4832,#4830,#572,.T.);
#3672=EDGE_CURVE('',#4833,#4831,#332,.F.);
#3673=EDGE_CURVE('',#4834,#4833,#5471,.T.);
#3674=EDGE_CURVE('',#4834,#4832,#333,.F.);
#3675=EDGE_CURVE('',#4835,#4833,#573,.T.);
#3676=EDGE_CURVE('',#4836,#4835,#5472,.T.);
#3677=EDGE_CURVE('',#4836,#4834,#574,.T.);
#3678=EDGE_CURVE('',#4837,#4835,#575,.T.);
#3679=EDGE_CURVE('',#4838,#4837,#5473,.T.);
#3680=EDGE_CURVE('',#4838,#4836,#576,.T.);
#3681=EDGE_CURVE('',#4839,#4837,#577,.T.);
#3682=EDGE_CURVE('',#4840,#4839,#5474,.T.);
#3683=EDGE_CURVE('',#4840,#4838,#578,.T.);
#3684=EDGE_CURVE('',#4841,#4702,#5475,.T.);
#3685=EDGE_CURVE('',#4841,#4842,#579,.T.);
#3686=EDGE_CURVE('',#4842,#4703,#5476,.T.);
#3687=EDGE_CURVE('',#4843,#4717,#5477,.T.);
#3688=EDGE_CURVE('',#4843,#4841,#334,.T.);
#3689=EDGE_CURVE('',#4844,#4716,#5478,.T.);
#3690=EDGE_CURVE('',#4844,#4843,#580,.T.);
#3691=EDGE_CURVE('',#4845,#4715,#5479,.T.);
#3692=EDGE_CURVE('',#4845,#4844,#581,.T.);
#3693=EDGE_CURVE('',#4846,#4714,#5480,.T.);
#3694=EDGE_CURVE('',#4846,#4845,#582,.T.);
#3695=EDGE_CURVE('',#4847,#4713,#5481,.T.);
#3696=EDGE_CURVE('',#4847,#4846,#583,.T.);
#3697=EDGE_CURVE('',#4848,#4712,#5482,.T.);
#3698=EDGE_CURVE('',#4848,#4847,#335,.T.);
#3699=EDGE_CURVE('',#4849,#4711,#5483,.T.);
#3700=EDGE_CURVE('',#4849,#4848,#5484,.T.);
#3701=EDGE_CURVE('',#4850,#4710,#5485,.T.);
#3702=EDGE_CURVE('',#4850,#4849,#5486,.T.);
#3703=EDGE_CURVE('',#4851,#4709,#5487,.T.);
#3704=EDGE_CURVE('',#4851,#4850,#5488,.T.);
#3705=EDGE_CURVE('',#4852,#4708,#5489,.T.);
#3706=EDGE_CURVE('',#4852,#4851,#5490,.T.);
#3707=EDGE_CURVE('',#4853,#4707,#5491,.T.);
#3708=EDGE_CURVE('',#4853,#4852,#5492,.T.);
#3709=EDGE_CURVE('',#4854,#4706,#5493,.T.);
#3710=EDGE_CURVE('',#4854,#4853,#584,.T.);
#3711=EDGE_CURVE('',#4855,#4705,#5494,.T.);
#3712=EDGE_CURVE('',#4855,#4854,#585,.T.);
#3713=EDGE_CURVE('',#4856,#4704,#5495,.T.);
#3714=EDGE_CURVE('',#4856,#4855,#336,.T.);
#3715=EDGE_CURVE('',#4842,#4856,#586,.T.);
#3716=EDGE_CURVE('',#4822,#4839,#587,.T.);
#3717=EDGE_CURVE('',#4824,#4840,#588,.T.);
#3718=EDGE_CURVE('',#4857,#4858,#337,.F.);
#3719=EDGE_CURVE('',#4859,#4857,#5496,.T.);
#3720=EDGE_CURVE('',#4859,#4860,#338,.F.);
#3721=EDGE_CURVE('',#4860,#4858,#5497,.T.);
#3722=EDGE_CURVE('',#4861,#4857,#5498,.T.);
#3723=EDGE_CURVE('',#4862,#4861,#5499,.T.);
#3724=EDGE_CURVE('',#4862,#4859,#5500,.T.);
#3725=EDGE_CURVE('',#4863,#4861,#589,.T.);
#3726=EDGE_CURVE('',#4864,#4863,#5501,.T.);
#3727=EDGE_CURVE('',#4864,#4862,#590,.T.);
#3728=EDGE_CURVE('',#4865,#4863,#339,.F.);
#3729=EDGE_CURVE('',#4866,#4865,#5502,.T.);
#3730=EDGE_CURVE('',#4866,#4864,#340,.F.);
#3731=EDGE_CURVE('',#4867,#4865,#591,.T.);
#3732=EDGE_CURVE('',#4868,#4867,#5503,.T.);
#3733=EDGE_CURVE('',#4868,#4866,#592,.T.);
#3734=EDGE_CURVE('',#4869,#4684,#5504,.T.);
#3735=EDGE_CURVE('',#4869,#4870,#593,.T.);
#3736=EDGE_CURVE('',#4870,#4685,#5505,.T.);
#3737=EDGE_CURVE('',#4871,#4701,#5506,.T.);
#3738=EDGE_CURVE('',#4871,#4869,#594,.T.);
#3739=EDGE_CURVE('',#4872,#4700,#5507,.T.);
#3740=EDGE_CURVE('',#4872,#4871,#341,.T.);
#3741=EDGE_CURVE('',#4873,#4699,#5508,.T.);
#3742=EDGE_CURVE('',#4873,#4872,#595,.T.);
#3743=EDGE_CURVE('',#4874,#4698,#5509,.T.);
#3744=EDGE_CURVE('',#4874,#4873,#342,.T.);
#3745=EDGE_CURVE('',#4875,#4697,#5510,.T.);
#3746=EDGE_CURVE('',#4875,#4874,#596,.T.);
#3747=EDGE_CURVE('',#4876,#4696,#5511,.T.);
#3748=EDGE_CURVE('',#4876,#4875,#597,.T.);
#3749=EDGE_CURVE('',#4877,#4695,#5512,.T.);
#3750=EDGE_CURVE('',#4877,#4876,#598,.T.);
#3751=EDGE_CURVE('',#4878,#4694,#5513,.T.);
#3752=EDGE_CURVE('',#4878,#4877,#599,.T.);
#3753=EDGE_CURVE('',#4879,#4693,#5514,.T.);
#3754=EDGE_CURVE('',#4879,#4878,#5515,.T.);
#3755=EDGE_CURVE('',#4880,#4692,#5516,.T.);
#3756=EDGE_CURVE('',#4880,#4879,#600,.T.);
#3757=EDGE_CURVE('',#4881,#4691,#5517,.T.);
#3758=EDGE_CURVE('',#4881,#4880,#601,.T.);
#3759=EDGE_CURVE('',#4882,#4690,#5518,.T.);
#3760=EDGE_CURVE('',#4882,#4881,#602,.T.);
#3761=EDGE_CURVE('',#4883,#4689,#5519,.T.);
#3762=EDGE_CURVE('',#4883,#4882,#343,.F.);
#3763=EDGE_CURVE('',#4884,#4688,#5520,.T.);
#3764=EDGE_CURVE('',#4884,#4883,#5521,.T.);
#3765=EDGE_CURVE('',#4885,#4687,#5522,.T.);
#3766=EDGE_CURVE('',#4885,#4884,#344,.T.);
#3767=EDGE_CURVE('',#4886,#4686,#5523,.T.);
#3768=EDGE_CURVE('',#4886,#4885,#345,.T.);
#3769=EDGE_CURVE('',#4870,#4886,#603,.T.);
#3770=EDGE_CURVE('',#4858,#4867,#604,.T.);
#3771=EDGE_CURVE('',#4860,#4868,#605,.T.);
#3772=EDGE_CURVE('',#4887,#4667,#5524,.T.);
#3773=EDGE_CURVE('',#4887,#4888,#606,.T.);
#3774=EDGE_CURVE('',#4888,#4668,#5525,.T.);
#3775=EDGE_CURVE('',#4889,#4683,#5526,.T.);
#3776=EDGE_CURVE('',#4889,#4887,#5527,.T.);
#3777=EDGE_CURVE('',#4890,#4682,#5528,.T.);
#3778=EDGE_CURVE('',#4890,#4889,#346,.T.);
#3779=EDGE_CURVE('',#4891,#4681,#5529,.T.);
#3780=EDGE_CURVE('',#4891,#4890,#607,.T.);
#3781=EDGE_CURVE('',#4892,#4680,#5530,.T.);
#3782=EDGE_CURVE('',#4892,#4891,#608,.T.);
#3783=EDGE_CURVE('',#4893,#4679,#5531,.T.);
#3784=EDGE_CURVE('',#4893,#4892,#5532,.T.);
#3785=EDGE_CURVE('',#4894,#4678,#5533,.T.);
#3786=EDGE_CURVE('',#4894,#4893,#5534,.T.);
#3787=EDGE_CURVE('',#4895,#4677,#5535,.T.);
#3788=EDGE_CURVE('',#4895,#4894,#5536,.T.);
#3789=EDGE_CURVE('',#4896,#4676,#5537,.T.);
#3790=EDGE_CURVE('',#4896,#4895,#5538,.T.);
#3791=EDGE_CURVE('',#4897,#4675,#5539,.T.);
#3792=EDGE_CURVE('',#4897,#4896,#5540,.T.);
#3793=EDGE_CURVE('',#4898,#4674,#5541,.T.);
#3794=EDGE_CURVE('',#4898,#4897,#5542,.T.);
#3795=EDGE_CURVE('',#4899,#4673,#5543,.T.);
#3796=EDGE_CURVE('',#4899,#4898,#5544,.T.);
#3797=EDGE_CURVE('',#4900,#4672,#5545,.T.);
#3798=EDGE_CURVE('',#4900,#4899,#5546,.T.);
#3799=EDGE_CURVE('',#4901,#4671,#5547,.T.);
#3800=EDGE_CURVE('',#4901,#4900,#5548,.T.);
#3801=EDGE_CURVE('',#4902,#4670,#5549,.T.);
#3802=EDGE_CURVE('',#4902,#4901,#5550,.T.);
#3803=EDGE_CURVE('',#4903,#4669,#5551,.T.);
#3804=EDGE_CURVE('',#4903,#4902,#5552,.T.);
#3805=EDGE_CURVE('',#4888,#4903,#609,.T.);
#3806=EDGE_CURVE('',#4904,#4905,#347,.F.);
#3807=EDGE_CURVE('',#4906,#4904,#5553,.T.);
#3808=EDGE_CURVE('',#4906,#4907,#348,.F.);
#3809=EDGE_CURVE('',#4907,#4905,#5554,.T.);
#3810=EDGE_CURVE('',#4908,#4904,#610,.T.);
#3811=EDGE_CURVE('',#4909,#4908,#5555,.T.);
#3812=EDGE_CURVE('',#4909,#4906,#611,.T.);
#3813=EDGE_CURVE('',#4910,#4908,#612,.T.);
#3814=EDGE_CURVE('',#4911,#4910,#5556,.T.);
#3815=EDGE_CURVE('',#4911,#4909,#613,.T.);
#3816=EDGE_CURVE('',#4912,#4910,#349,.F.);
#3817=EDGE_CURVE('',#4913,#4912,#5557,.T.);
#3818=EDGE_CURVE('',#4913,#4911,#350,.F.);
#3819=EDGE_CURVE('',#4914,#4912,#614,.T.);
#3820=EDGE_CURVE('',#4915,#4914,#5558,.T.);
#3821=EDGE_CURVE('',#4915,#4913,#615,.T.);
#3822=EDGE_CURVE('',#4916,#4914,#616,.T.);
#3823=EDGE_CURVE('',#4917,#4916,#5559,.T.);
#3824=EDGE_CURVE('',#4917,#4915,#617,.T.);
#3825=EDGE_CURVE('',#4918,#4916,#618,.T.);
#3826=EDGE_CURVE('',#4919,#4918,#5560,.T.);
#3827=EDGE_CURVE('',#4919,#4917,#619,.T.);
#3828=EDGE_CURVE('',#4920,#4918,#620,.T.);
#3829=EDGE_CURVE('',#4921,#4920,#5561,.T.);
#3830=EDGE_CURVE('',#4921,#4919,#621,.T.);
#3831=EDGE_CURVE('',#4922,#4920,#351,.F.);
#3832=EDGE_CURVE('',#4923,#4922,#5562,.T.);
#3833=EDGE_CURVE('',#4923,#4921,#352,.F.);
#3834=EDGE_CURVE('',#4924,#4655,#5563,.T.);
#3835=EDGE_CURVE('',#4924,#4925,#622,.T.);
#3836=EDGE_CURVE('',#4925,#4656,#5564,.T.);
#3837=EDGE_CURVE('',#4926,#4666,#5565,.T.);
#3838=EDGE_CURVE('',#4926,#4924,#623,.T.);
#3839=EDGE_CURVE('',#4927,#4665,#5566,.T.);
#3840=EDGE_CURVE('',#4927,#4926,#353,.T.);
#3841=EDGE_CURVE('',#4928,#4664,#5567,.T.);
#3842=EDGE_CURVE('',#4928,#4927,#624,.T.);
#3843=EDGE_CURVE('',#4929,#4663,#5568,.T.);
#3844=EDGE_CURVE('',#4929,#4928,#625,.T.);
#3845=EDGE_CURVE('',#4930,#4662,#5569,.T.);
#3846=EDGE_CURVE('',#4930,#4929,#626,.T.);
#3847=EDGE_CURVE('',#4931,#4661,#5570,.T.);
#3848=EDGE_CURVE('',#4931,#4930,#627,.T.);
#3849=EDGE_CURVE('',#4932,#4660,#5571,.T.);
#3850=EDGE_CURVE('',#4932,#4931,#628,.T.);
#3851=EDGE_CURVE('',#4933,#4659,#5572,.T.);
#3852=EDGE_CURVE('',#4933,#4932,#354,.T.);
#3853=EDGE_CURVE('',#4934,#4658,#5573,.T.);
#3854=EDGE_CURVE('',#4934,#4933,#629,.T.);
#3855=EDGE_CURVE('',#4935,#4657,#5574,.T.);
#3856=EDGE_CURVE('',#4935,#4934,#630,.T.);
#3857=EDGE_CURVE('',#4925,#4935,#355,.T.);
#3858=EDGE_CURVE('',#4905,#4922,#356,.F.);
#3859=EDGE_CURVE('',#4907,#4923,#357,.F.);
#3860=EDGE_CURVE('',#4936,#4644,#5575,.T.);
#3861=EDGE_CURVE('',#4936,#4937,#631,.T.);
#3862=EDGE_CURVE('',#4937,#4645,#5576,.T.);
#3863=EDGE_CURVE('',#4938,#4654,#5577,.T.);
#3864=EDGE_CURVE('',#4938,#4936,#5578,.T.);
#3865=EDGE_CURVE('',#4939,#4653,#5579,.T.);
#3866=EDGE_CURVE('',#4939,#4938,#5580,.T.);
#3867=EDGE_CURVE('',#4940,#4652,#5581,.T.);
#3868=EDGE_CURVE('',#4940,#4939,#5582,.T.);
#3869=EDGE_CURVE('',#4941,#4651,#5583,.T.);
#3870=EDGE_CURVE('',#4941,#4940,#5584,.T.);
#3871=EDGE_CURVE('',#4942,#4650,#5585,.T.);
#3872=EDGE_CURVE('',#4942,#4941,#5586,.T.);
#3873=EDGE_CURVE('',#4943,#4649,#5587,.T.);
#3874=EDGE_CURVE('',#4943,#4942,#632,.T.);
#3875=EDGE_CURVE('',#4944,#4648,#5588,.T.);
#3876=EDGE_CURVE('',#4944,#4943,#633,.T.);
#3877=EDGE_CURVE('',#4945,#4647,#5589,.T.);
#3878=EDGE_CURVE('',#4945,#4944,#5590,.T.);
#3879=EDGE_CURVE('',#4946,#4646,#5591,.T.);
#3880=EDGE_CURVE('',#4946,#4945,#5592,.T.);
#3881=EDGE_CURVE('',#4937,#4946,#634,.T.);
#3882=EDGE_CURVE('',#4947,#4632,#5593,.T.);
#3883=EDGE_CURVE('',#4947,#4948,#5594,.T.);
#3884=EDGE_CURVE('',#4948,#4633,#5595,.T.);
#3885=EDGE_CURVE('',#4949,#4643,#5596,.T.);
#3886=EDGE_CURVE('',#4949,#4947,#5597,.T.);
#3887=EDGE_CURVE('',#4950,#4642,#5598,.T.);
#3888=EDGE_CURVE('',#4950,#4949,#5599,.T.);
#3889=EDGE_CURVE('',#4951,#4641,#5600,.T.);
#3890=EDGE_CURVE('',#4951,#4950,#5601,.T.);
#3891=EDGE_CURVE('',#4952,#4640,#5602,.T.);
#3892=EDGE_CURVE('',#4952,#4951,#5603,.T.);
#3893=EDGE_CURVE('',#4953,#4639,#5604,.T.);
#3894=EDGE_CURVE('',#4953,#4952,#5605,.T.);
#3895=EDGE_CURVE('',#4954,#4638,#5606,.T.);
#3896=EDGE_CURVE('',#4954,#4953,#5607,.T.);
#3897=EDGE_CURVE('',#4955,#4637,#5608,.T.);
#3898=EDGE_CURVE('',#4955,#4954,#5609,.T.);
#3899=EDGE_CURVE('',#4956,#4636,#5610,.T.);
#3900=EDGE_CURVE('',#4956,#4955,#5611,.T.);
#3901=EDGE_CURVE('',#4957,#4635,#5612,.T.);
#3902=EDGE_CURVE('',#4957,#4956,#5613,.T.);
#3903=EDGE_CURVE('',#4958,#4634,#5614,.T.);
#3904=EDGE_CURVE('',#4958,#4957,#5615,.T.);
#3905=EDGE_CURVE('',#4948,#4958,#5616,.T.);
#3906=EDGE_CURVE('',#4959,#4960,#358,.F.);
#3907=EDGE_CURVE('',#4961,#4959,#5617,.T.);
#3908=EDGE_CURVE('',#4961,#4962,#359,.F.);
#3909=EDGE_CURVE('',#4962,#4960,#5618,.T.);
#3910=EDGE_CURVE('',#4963,#4959,#635,.T.);
#3911=EDGE_CURVE('',#4964,#4963,#5619,.T.);
#3912=EDGE_CURVE('',#4964,#4961,#636,.T.);
#3913=EDGE_CURVE('',#4965,#4963,#637,.T.);
#3914=EDGE_CURVE('',#4966,#4965,#5620,.T.);
#3915=EDGE_CURVE('',#4966,#4964,#638,.T.);
#3916=EDGE_CURVE('',#4967,#4965,#639,.T.);
#3917=EDGE_CURVE('',#4968,#4967,#5621,.T.);
#3918=EDGE_CURVE('',#4968,#4966,#640,.T.);
#3919=EDGE_CURVE('',#4969,#4967,#641,.T.);
#3920=EDGE_CURVE('',#4970,#4969,#5622,.T.);
#3921=EDGE_CURVE('',#4970,#4968,#642,.T.);
#3922=EDGE_CURVE('',#4971,#4969,#360,.F.);
#3923=EDGE_CURVE('',#4972,#4971,#5623,.T.);
#3924=EDGE_CURVE('',#4972,#4970,#361,.F.);
#3925=EDGE_CURVE('',#4973,#4971,#643,.T.);
#3926=EDGE_CURVE('',#4974,#4973,#5624,.T.);
#3927=EDGE_CURVE('',#4974,#4972,#644,.T.);
#3928=EDGE_CURVE('',#4975,#4973,#645,.T.);
#3929=EDGE_CURVE('',#4976,#4975,#5625,.T.);
#3930=EDGE_CURVE('',#4976,#4974,#646,.T.);
#3931=EDGE_CURVE('',#4977,#4975,#647,.T.);
#3932=EDGE_CURVE('',#4978,#4977,#5626,.T.);
#3933=EDGE_CURVE('',#4978,#4976,#648,.T.);
#3934=EDGE_CURVE('',#4979,#4616,#5627,.T.);
#3935=EDGE_CURVE('',#4979,#4980,#649,.T.);
#3936=EDGE_CURVE('',#4980,#4617,#5628,.T.);
#3937=EDGE_CURVE('',#4981,#4631,#5629,.T.);
#3938=EDGE_CURVE('',#4981,#4979,#362,.T.);
#3939=EDGE_CURVE('',#4982,#4630,#5630,.T.);
#3940=EDGE_CURVE('',#4982,#4981,#650,.T.);
#3941=EDGE_CURVE('',#4983,#4629,#5631,.T.);
#3942=EDGE_CURVE('',#4983,#4982,#651,.T.);
#3943=EDGE_CURVE('',#4984,#4628,#5632,.T.);
#3944=EDGE_CURVE('',#4984,#4983,#652,.T.);
#3945=EDGE_CURVE('',#4985,#4627,#5633,.T.);
#3946=EDGE_CURVE('',#4985,#4984,#653,.T.);
#3947=EDGE_CURVE('',#4986,#4626,#5634,.T.);
#3948=EDGE_CURVE('',#4986,#4985,#654,.T.);
#3949=EDGE_CURVE('',#4987,#4625,#5635,.T.);
#3950=EDGE_CURVE('',#4987,#4986,#5636,.T.);
#3951=EDGE_CURVE('',#4988,#4624,#5637,.T.);
#3952=EDGE_CURVE('',#4988,#4987,#5638,.T.);
#3953=EDGE_CURVE('',#4989,#4623,#5639,.T.);
#3954=EDGE_CURVE('',#4989,#4988,#5640,.T.);
#3955=EDGE_CURVE('',#4990,#4622,#5641,.T.);
#3956=EDGE_CURVE('',#4990,#4989,#5642,.T.);
#3957=EDGE_CURVE('',#4991,#4621,#5643,.T.);
#3958=EDGE_CURVE('',#4991,#4990,#5644,.T.);
#3959=EDGE_CURVE('',#4992,#4620,#5645,.T.);
#3960=EDGE_CURVE('',#4992,#4991,#655,.T.);
#3961=EDGE_CURVE('',#4993,#4619,#5646,.T.);
#3962=EDGE_CURVE('',#4993,#4992,#656,.T.);
#3963=EDGE_CURVE('',#4994,#4618,#5647,.T.);
#3964=EDGE_CURVE('',#4994,#4993,#363,.T.);
#3965=EDGE_CURVE('',#4980,#4994,#657,.T.);
#3966=EDGE_CURVE('',#4960,#4977,#658,.T.);
#3967=EDGE_CURVE('',#4962,#4978,#659,.T.);
#3968=EDGE_CURVE('',#4995,#4597,#5648,.T.);
#3969=EDGE_CURVE('',#4995,#4996,#660,.T.);
#3970=EDGE_CURVE('',#4996,#4598,#5649,.T.);
#3971=EDGE_CURVE('',#4997,#4615,#5650,.T.);
#3972=EDGE_CURVE('',#4997,#4995,#364,.T.);
#3973=EDGE_CURVE('',#4998,#4614,#5651,.T.);
#3974=EDGE_CURVE('',#4998,#4997,#661,.T.);
#3975=EDGE_CURVE('',#4999,#4613,#5652,.T.);
#3976=EDGE_CURVE('',#4999,#4998,#662,.T.);
#3977=EDGE_CURVE('',#5000,#4612,#5653,.T.);
#3978=EDGE_CURVE('',#5000,#4999,#663,.T.);
#3979=EDGE_CURVE('',#5001,#4611,#5654,.T.);
#3980=EDGE_CURVE('',#5001,#5000,#664,.T.);
#3981=EDGE_CURVE('',#5002,#4610,#5655,.T.);
#3982=EDGE_CURVE('',#5002,#5001,#5656,.T.);
#3983=EDGE_CURVE('',#5003,#4609,#5657,.T.);
#3984=EDGE_CURVE('',#5003,#5002,#665,.T.);
#3985=EDGE_CURVE('',#5004,#4608,#5658,.T.);
#3986=EDGE_CURVE('',#5004,#5003,#666,.T.);
#3987=EDGE_CURVE('',#5005,#4607,#5659,.T.);
#3988=EDGE_CURVE('',#5005,#5004,#667,.T.);
#3989=EDGE_CURVE('',#5006,#4606,#5660,.T.);
#3990=EDGE_CURVE('',#5006,#5005,#365,.F.);
#3991=EDGE_CURVE('',#5007,#4605,#5661,.T.);
#3992=EDGE_CURVE('',#5007,#5006,#668,.T.);
#3993=EDGE_CURVE('',#5008,#4604,#5662,.T.);
#3994=EDGE_CURVE('',#5008,#5007,#669,.T.);
#3995=EDGE_CURVE('',#5009,#4603,#5663,.T.);
#3996=EDGE_CURVE('',#5009,#5008,#670,.T.);
#3997=EDGE_CURVE('',#5010,#4602,#5664,.T.);
#3998=EDGE_CURVE('',#5010,#5009,#5665,.T.);
#3999=EDGE_CURVE('',#5011,#4601,#5666,.T.);
#4000=EDGE_CURVE('',#5011,#5010,#671,.T.);
#4001=EDGE_CURVE('',#5012,#4600,#5667,.T.);
#4002=EDGE_CURVE('',#5012,#5011,#672,.T.);
#4003=EDGE_CURVE('',#5013,#4599,#5668,.T.);
#4004=EDGE_CURVE('',#5013,#5012,#673,.T.);
#4005=EDGE_CURVE('',#4996,#5013,#366,.T.);
#4006=EDGE_CURVE('',#5014,#4586,#5669,.T.);
#4007=EDGE_CURVE('',#5014,#5015,#5670,.T.);
#4008=EDGE_CURVE('',#5015,#4587,#5671,.T.);
#4009=EDGE_CURVE('',#5016,#4596,#5672,.T.);
#4010=EDGE_CURVE('',#5016,#5014,#5673,.T.);
#4011=EDGE_CURVE('',#5017,#4595,#5674,.T.);
#4012=EDGE_CURVE('',#5017,#5016,#5675,.T.);
#4013=EDGE_CURVE('',#5018,#4594,#5676,.T.);
#4014=EDGE_CURVE('',#5018,#5017,#5677,.T.);
#4015=EDGE_CURVE('',#5019,#4593,#5678,.T.);
#4016=EDGE_CURVE('',#5019,#5018,#5679,.T.);
#4017=EDGE_CURVE('',#5020,#4592,#5680,.T.);
#4018=EDGE_CURVE('',#5020,#5019,#5681,.T.);
#4019=EDGE_CURVE('',#5021,#4591,#5682,.T.);
#4020=EDGE_CURVE('',#5021,#5020,#5683,.T.);
#4021=EDGE_CURVE('',#5022,#4590,#5684,.T.);
#4022=EDGE_CURVE('',#5022,#5021,#5685,.T.);
#4023=EDGE_CURVE('',#5023,#4589,#5686,.T.);
#4024=EDGE_CURVE('',#5023,#5022,#5687,.T.);
#4025=EDGE_CURVE('',#5024,#4588,#5688,.T.);
#4026=EDGE_CURVE('',#5024,#5023,#5689,.T.);
#4027=EDGE_CURVE('',#5015,#5024,#5690,.T.);
#4028=EDGE_CURVE('',#5025,#4564,#5691,.T.);
#4029=EDGE_CURVE('',#5025,#5026,#674,.T.);
#4030=EDGE_CURVE('',#5026,#4565,#5692,.T.);
#4031=EDGE_CURVE('',#5027,#4585,#5693,.T.);
#4032=EDGE_CURVE('',#5027,#5025,#367,.T.);
#4033=EDGE_CURVE('',#5028,#4584,#5694,.T.);
#4034=EDGE_CURVE('',#5028,#5027,#675,.T.);
#4035=EDGE_CURVE('',#5029,#4583,#5695,.T.);
#4036=EDGE_CURVE('',#5029,#5028,#676,.T.);
#4037=EDGE_CURVE('',#5030,#4582,#5696,.T.);
#4038=EDGE_CURVE('',#5030,#5029,#677,.T.);
#4039=EDGE_CURVE('',#5031,#4581,#5697,.T.);
#4040=EDGE_CURVE('',#5031,#5030,#678,.T.);
#4041=EDGE_CURVE('',#5032,#4580,#5698,.T.);
#4042=EDGE_CURVE('',#5032,#5031,#679,.T.);
#4043=EDGE_CURVE('',#5033,#4579,#5699,.T.);
#4044=EDGE_CURVE('',#5033,#5032,#5700,.T.);
#4045=EDGE_CURVE('',#5034,#4578,#5701,.T.);
#4046=EDGE_CURVE('',#5034,#5033,#680,.T.);
#4047=EDGE_CURVE('',#5035,#4577,#5702,.T.);
#4048=EDGE_CURVE('',#5035,#5034,#368,.F.);
#4049=EDGE_CURVE('',#5036,#4576,#5703,.T.);
#4050=EDGE_CURVE('',#5036,#5035,#681,.T.);
#4051=EDGE_CURVE('',#5037,#4575,#5704,.T.);
#4052=EDGE_CURVE('',#5037,#5036,#682,.T.);
#4053=EDGE_CURVE('',#5038,#4574,#5705,.T.);
#4054=EDGE_CURVE('',#5038,#5037,#369,.F.);
#4055=EDGE_CURVE('',#5039,#4573,#5706,.T.);
#4056=EDGE_CURVE('',#5039,#5038,#683,.T.);
#4057=EDGE_CURVE('',#5040,#4572,#5707,.T.);
#4058=EDGE_CURVE('',#5040,#5039,#684,.T.);
#4059=EDGE_CURVE('',#5041,#4571,#5708,.T.);
#4060=EDGE_CURVE('',#5041,#5040,#685,.T.);
#4061=EDGE_CURVE('',#5042,#4570,#5709,.T.);
#4062=EDGE_CURVE('',#5042,#5041,#686,.T.);
#4063=EDGE_CURVE('',#5043,#4569,#5710,.T.);
#4064=EDGE_CURVE('',#5043,#5042,#5711,.T.);
#4065=EDGE_CURVE('',#5044,#4568,#5712,.T.);
#4066=EDGE_CURVE('',#5044,#5043,#687,.T.);
#4067=EDGE_CURVE('',#5045,#4567,#5713,.T.);
#4068=EDGE_CURVE('',#5045,#5044,#688,.T.);
#4069=EDGE_CURVE('',#5046,#4566,#5714,.T.);
#4070=EDGE_CURVE('',#5046,#5045,#689,.T.);
#4071=EDGE_CURVE('',#5026,#5046,#370,.T.);
#4072=EDGE_CURVE('',#5047,#4560,#5715,.T.);
#4073=EDGE_CURVE('',#5047,#5048,#5716,.T.);
#4074=EDGE_CURVE('',#5048,#4561,#5717,.T.);
#4075=EDGE_CURVE('',#5049,#4563,#5718,.T.);
#4076=EDGE_CURVE('',#5049,#5047,#5719,.T.);
#4077=EDGE_CURVE('',#5050,#4562,#5720,.T.);
#4078=EDGE_CURVE('',#5050,#5049,#5721,.T.);
#4079=EDGE_CURVE('',#5048,#5050,#5722,.T.);
#4080=EDGE_CURVE('',#5051,#4542,#5723,.T.);
#4081=EDGE_CURVE('',#5051,#5052,#5724,.T.);
#4082=EDGE_CURVE('',#5052,#4543,#5725,.T.);
#4083=EDGE_CURVE('',#5053,#4559,#5726,.T.);
#4084=EDGE_CURVE('',#5053,#5051,#5727,.T.);
#4085=EDGE_CURVE('',#5054,#4558,#5728,.T.);
#4086=EDGE_CURVE('',#5054,#5053,#5729,.T.);
#4087=EDGE_CURVE('',#5055,#4557,#5730,.T.);
#4088=EDGE_CURVE('',#5055,#5054,#690,.T.);
#4089=EDGE_CURVE('',#5056,#4556,#5731,.T.);
#4090=EDGE_CURVE('',#5056,#5055,#691,.T.);
#4091=EDGE_CURVE('',#5057,#4555,#5732,.T.);
#4092=EDGE_CURVE('',#5057,#5056,#692,.T.);
#4093=EDGE_CURVE('',#5058,#4554,#5733,.T.);
#4094=EDGE_CURVE('',#5058,#5057,#693,.T.);
#4095=EDGE_CURVE('',#5059,#4553,#5734,.T.);
#4096=EDGE_CURVE('',#5059,#5058,#371,.F.);
#4097=EDGE_CURVE('',#5060,#4552,#5735,.T.);
#4098=EDGE_CURVE('',#5060,#5059,#5736,.T.);
#4099=EDGE_CURVE('',#5061,#4551,#5737,.T.);
#4100=EDGE_CURVE('',#5061,#5060,#5738,.T.);
#4101=EDGE_CURVE('',#5062,#4550,#5739,.T.);
#4102=EDGE_CURVE('',#5062,#5061,#5740,.T.);
#4103=EDGE_CURVE('',#5063,#4549,#5741,.T.);
#4104=EDGE_CURVE('',#5063,#5062,#372,.T.);
#4105=EDGE_CURVE('',#5064,#4548,#5742,.T.);
#4106=EDGE_CURVE('',#5064,#5063,#694,.T.);
#4107=EDGE_CURVE('',#5065,#4547,#5743,.T.);
#4108=EDGE_CURVE('',#5065,#5064,#695,.T.);
#4109=EDGE_CURVE('',#5066,#4546,#5744,.T.);
#4110=EDGE_CURVE('',#5066,#5065,#373,.T.);
#4111=EDGE_CURVE('',#5067,#4545,#5745,.T.);
#4112=EDGE_CURVE('',#5067,#5066,#374,.T.);
#4113=EDGE_CURVE('',#5068,#4544,#5746,.T.);
#4114=EDGE_CURVE('',#5068,#5067,#5747,.T.);
#4115=EDGE_CURVE('',#5052,#5068,#5748,.T.);
#4116=EDGE_CURVE('',#5069,#5070,#375,.F.);
#4117=EDGE_CURVE('',#5071,#5069,#5749,.T.);
#4118=EDGE_CURVE('',#5071,#5072,#376,.F.);
#4119=EDGE_CURVE('',#5072,#5070,#5750,.T.);
#4120=EDGE_CURVE('',#5073,#5069,#696,.T.);
#4121=EDGE_CURVE('',#5074,#5073,#5751,.T.);
#4122=EDGE_CURVE('',#5074,#5071,#697,.T.);
#4123=EDGE_CURVE('',#5075,#5073,#698,.T.);
#4124=EDGE_CURVE('',#5076,#5075,#5752,.T.);
#4125=EDGE_CURVE('',#5076,#5074,#699,.T.);
#4126=EDGE_CURVE('',#5077,#5075,#700,.T.);
#4127=EDGE_CURVE('',#5078,#5077,#5753,.T.);
#4128=EDGE_CURVE('',#5078,#5076,#701,.T.);
#4129=EDGE_CURVE('',#5079,#5077,#702,.T.);
#4130=EDGE_CURVE('',#5080,#5079,#5754,.T.);
#4131=EDGE_CURVE('',#5080,#5078,#703,.T.);
#4132=EDGE_CURVE('',#5081,#5079,#377,.F.);
#4133=EDGE_CURVE('',#5082,#5081,#5755,.T.);
#4134=EDGE_CURVE('',#5082,#5080,#378,.F.);
#4135=EDGE_CURVE('',#5083,#5081,#704,.T.);
#4136=EDGE_CURVE('',#5084,#5083,#5756,.T.);
#4137=EDGE_CURVE('',#5084,#5082,#705,.T.);
#4138=EDGE_CURVE('',#5085,#5083,#706,.T.);
#4139=EDGE_CURVE('',#5086,#5085,#5757,.T.);
#4140=EDGE_CURVE('',#5086,#5084,#707,.T.);
#4141=EDGE_CURVE('',#5087,#5085,#708,.T.);
#4142=EDGE_CURVE('',#5088,#5087,#5758,.T.);
#4143=EDGE_CURVE('',#5088,#5086,#709,.T.);
#4144=EDGE_CURVE('',#5089,#4527,#5759,.T.);
#4145=EDGE_CURVE('',#5089,#5090,#710,.T.);
#4146=EDGE_CURVE('',#5090,#4528,#5760,.T.);
#4147=EDGE_CURVE('',#5091,#4541,#5761,.T.);
#4148=EDGE_CURVE('',#5091,#5089,#5762,.T.);
#4149=EDGE_CURVE('',#5092,#4540,#5763,.T.);
#4150=EDGE_CURVE('',#5092,#5091,#5764,.T.);
#4151=EDGE_CURVE('',#5093,#4539,#5765,.T.);
#4152=EDGE_CURVE('',#5093,#5092,#5766,.T.);
#4153=EDGE_CURVE('',#5094,#4538,#5767,.T.);
#4154=EDGE_CURVE('',#5094,#5093,#5768,.T.);
#4155=EDGE_CURVE('',#5095,#4537,#5769,.T.);
#4156=EDGE_CURVE('',#5095,#5094,#5770,.T.);
#4157=EDGE_CURVE('',#5096,#4536,#5771,.T.);
#4158=EDGE_CURVE('',#5096,#5095,#711,.T.);
#4159=EDGE_CURVE('',#5097,#4535,#5772,.T.);
#4160=EDGE_CURVE('',#5097,#5096,#712,.T.);
#4161=EDGE_CURVE('',#5098,#4534,#5773,.T.);
#4162=EDGE_CURVE('',#5098,#5097,#379,.T.);
#4163=EDGE_CURVE('',#5099,#4533,#5774,.T.);
#4164=EDGE_CURVE('',#5099,#5098,#713,.T.);
#4165=EDGE_CURVE('',#5100,#4532,#5775,.T.);
#4166=EDGE_CURVE('',#5100,#5099,#714,.T.);
#4167=EDGE_CURVE('',#5101,#4531,#5776,.T.);
#4168=EDGE_CURVE('',#5101,#5100,#380,.T.);
#4169=EDGE_CURVE('',#5102,#4530,#5777,.T.);
#4170=EDGE_CURVE('',#5102,#5101,#715,.T.);
#4171=EDGE_CURVE('',#5103,#4529,#5778,.T.);
#4172=EDGE_CURVE('',#5103,#5102,#716,.T.);
#4173=EDGE_CURVE('',#5090,#5103,#717,.T.);
#4174=EDGE_CURVE('',#5070,#5087,#718,.T.);
#4175=EDGE_CURVE('',#5072,#5088,#719,.T.);
#4176=EDGE_CURVE('',#5104,#5105,#381,.F.);
#4177=EDGE_CURVE('',#5106,#5104,#5779,.T.);
#4178=EDGE_CURVE('',#5106,#5107,#382,.F.);
#4179=EDGE_CURVE('',#5107,#5105,#5780,.T.);
#4180=EDGE_CURVE('',#5108,#5104,#720,.T.);
#4181=EDGE_CURVE('',#5109,#5108,#5781,.T.);
#4182=EDGE_CURVE('',#5109,#5106,#721,.T.);
#4183=EDGE_CURVE('',#5110,#5108,#722,.T.);
#4184=EDGE_CURVE('',#5111,#5110,#5782,.T.);
#4185=EDGE_CURVE('',#5111,#5109,#723,.T.);
#4186=EDGE_CURVE('',#5112,#5110,#5783,.T.);
#4187=EDGE_CURVE('',#5113,#5112,#5784,.T.);
#4188=EDGE_CURVE('',#5113,#5111,#5785,.T.);
#4189=EDGE_CURVE('',#5114,#5112,#5786,.T.);
#4190=EDGE_CURVE('',#5115,#5114,#5787,.T.);
#4191=EDGE_CURVE('',#5115,#5113,#5788,.T.);
#4192=EDGE_CURVE('',#5116,#5114,#5789,.T.);
#4193=EDGE_CURVE('',#5117,#5116,#5790,.T.);
#4194=EDGE_CURVE('',#5117,#5115,#5791,.T.);
#4195=EDGE_CURVE('',#5118,#5116,#724,.T.);
#4196=EDGE_CURVE('',#5119,#5118,#5792,.T.);
#4197=EDGE_CURVE('',#5119,#5117,#725,.T.);
#4198=EDGE_CURVE('',#5120,#4514,#5793,.T.);
#4199=EDGE_CURVE('',#5120,#5121,#726,.T.);
#4200=EDGE_CURVE('',#5121,#4515,#5794,.T.);
#4201=EDGE_CURVE('',#5122,#4526,#5795,.T.);
#4202=EDGE_CURVE('',#5122,#5120,#5796,.T.);
#4203=EDGE_CURVE('',#5123,#4525,#5797,.T.);
#4204=EDGE_CURVE('',#5123,#5122,#5798,.T.);
#4205=EDGE_CURVE('',#5124,#4524,#5799,.T.);
#4206=EDGE_CURVE('',#5124,#5123,#5800,.T.);
#4207=EDGE_CURVE('',#5125,#4523,#5801,.T.);
#4208=EDGE_CURVE('',#5125,#5124,#5802,.T.);
#4209=EDGE_CURVE('',#5126,#4522,#5803,.T.);
#4210=EDGE_CURVE('',#5126,#5125,#5804,.T.);
#4211=EDGE_CURVE('',#5127,#4521,#5805,.T.);
#4212=EDGE_CURVE('',#5127,#5126,#5806,.T.);
#4213=EDGE_CURVE('',#5128,#4520,#5807,.T.);
#4214=EDGE_CURVE('',#5128,#5127,#5808,.T.);
#4215=EDGE_CURVE('',#5129,#4519,#5809,.T.);
#4216=EDGE_CURVE('',#5129,#5128,#5810,.T.);
#4217=EDGE_CURVE('',#5130,#4518,#5811,.T.);
#4218=EDGE_CURVE('',#5130,#5129,#727,.T.);
#4219=EDGE_CURVE('',#5131,#4517,#5812,.T.);
#4220=EDGE_CURVE('',#5131,#5130,#728,.T.);
#4221=EDGE_CURVE('',#5132,#4516,#5813,.T.);
#4222=EDGE_CURVE('',#5132,#5131,#383,.T.);
#4223=EDGE_CURVE('',#5121,#5132,#729,.T.);
#4224=EDGE_CURVE('',#5105,#5118,#730,.T.);
#4225=EDGE_CURVE('',#5107,#5119,#731,.T.);
#4226=EDGE_CURVE('',#5133,#4492,#5814,.T.);
#4227=EDGE_CURVE('',#5133,#5134,#732,.T.);
#4228=EDGE_CURVE('',#5134,#4493,#5815,.T.);
#4229=EDGE_CURVE('',#5135,#4513,#5816,.T.);
#4230=EDGE_CURVE('',#5135,#5133,#384,.T.);
#4231=EDGE_CURVE('',#5136,#4512,#5817,.T.);
#4232=EDGE_CURVE('',#5136,#5135,#733,.T.);
#4233=EDGE_CURVE('',#5137,#4511,#5818,.T.);
#4234=EDGE_CURVE('',#5137,#5136,#734,.T.);
#4235=EDGE_CURVE('',#5138,#4510,#5819,.T.);
#4236=EDGE_CURVE('',#5138,#5137,#735,.T.);
#4237=EDGE_CURVE('',#5139,#4509,#5820,.T.);
#4238=EDGE_CURVE('',#5139,#5138,#736,.T.);
#4239=EDGE_CURVE('',#5140,#4508,#5821,.T.);
#4240=EDGE_CURVE('',#5140,#5139,#737,.T.);
#4241=EDGE_CURVE('',#5141,#4507,#5822,.T.);
#4242=EDGE_CURVE('',#5141,#5140,#5823,.T.);
#4243=EDGE_CURVE('',#5142,#4506,#5824,.T.);
#4244=EDGE_CURVE('',#5142,#5141,#738,.T.);
#4245=EDGE_CURVE('',#5143,#4505,#5825,.T.);
#4246=EDGE_CURVE('',#5143,#5142,#385,.F.);
#4247=EDGE_CURVE('',#5144,#4504,#5826,.T.);
#4248=EDGE_CURVE('',#5144,#5143,#739,.T.);
#4249=EDGE_CURVE('',#5145,#4503,#5827,.T.);
#4250=EDGE_CURVE('',#5145,#5144,#740,.T.);
#4251=EDGE_CURVE('',#5146,#4502,#5828,.T.);
#4252=EDGE_CURVE('',#5146,#5145,#386,.F.);
#4253=EDGE_CURVE('',#5147,#4501,#5829,.T.);
#4254=EDGE_CURVE('',#5147,#5146,#741,.T.);
#4255=EDGE_CURVE('',#5148,#4500,#5830,.T.);
#4256=EDGE_CURVE('',#5148,#5147,#742,.T.);
#4257=EDGE_CURVE('',#5149,#4499,#5831,.T.);
#4258=EDGE_CURVE('',#5149,#5148,#743,.T.);
#4259=EDGE_CURVE('',#5150,#4498,#5832,.T.);
#4260=EDGE_CURVE('',#5150,#5149,#744,.T.);
#4261=EDGE_CURVE('',#5151,#4497,#5833,.T.);
#4262=EDGE_CURVE('',#5151,#5150,#5834,.T.);
#4263=EDGE_CURVE('',#5152,#4496,#5835,.T.);
#4264=EDGE_CURVE('',#5152,#5151,#745,.T.);
#4265=EDGE_CURVE('',#5153,#4495,#5836,.T.);
#4266=EDGE_CURVE('',#5153,#5152,#746,.T.);
#4267=EDGE_CURVE('',#5154,#4494,#5837,.T.);
#4268=EDGE_CURVE('',#5154,#5153,#747,.T.);
#4269=EDGE_CURVE('',#5134,#5154,#387,.T.);
#4270=EDGE_CURVE('',#5155,#4488,#5838,.T.);
#4271=EDGE_CURVE('',#5155,#5156,#5839,.T.);
#4272=EDGE_CURVE('',#5156,#4489,#5840,.T.);
#4273=EDGE_CURVE('',#5157,#4491,#5841,.T.);
#4274=EDGE_CURVE('',#5157,#5155,#5842,.T.);
#4275=EDGE_CURVE('',#5158,#4490,#5843,.T.);
#4276=EDGE_CURVE('',#5158,#5157,#5844,.T.);
#4277=EDGE_CURVE('',#5156,#5158,#5845,.T.);
#4278=EDGE_CURVE('',#5159,#5160,#388,.F.);
#4279=EDGE_CURVE('',#5161,#5159,#5846,.T.);
#4280=EDGE_CURVE('',#5161,#5162,#389,.F.);
#4281=EDGE_CURVE('',#5162,#5160,#5847,.T.);
#4282=EDGE_CURVE('',#5163,#5159,#748,.T.);
#4283=EDGE_CURVE('',#5164,#5163,#5848,.T.);
#4284=EDGE_CURVE('',#5164,#5161,#749,.T.);
#4285=EDGE_CURVE('',#5165,#5163,#750,.T.);
#4286=EDGE_CURVE('',#5166,#5165,#5849,.T.);
#4287=EDGE_CURVE('',#5166,#5164,#751,.T.);
#4288=EDGE_CURVE('',#5167,#5165,#5850,.T.);
#4289=EDGE_CURVE('',#5168,#5167,#5851,.T.);
#4290=EDGE_CURVE('',#5168,#5166,#5852,.T.);
#4291=EDGE_CURVE('',#5169,#5167,#5853,.T.);
#4292=EDGE_CURVE('',#5170,#5169,#5854,.T.);
#4293=EDGE_CURVE('',#5170,#5168,#5855,.T.);
#4294=EDGE_CURVE('',#5171,#5169,#5856,.T.);
#4295=EDGE_CURVE('',#5172,#5171,#5857,.T.);
#4296=EDGE_CURVE('',#5172,#5170,#5858,.T.);
#4297=EDGE_CURVE('',#5173,#5171,#752,.T.);
#4298=EDGE_CURVE('',#5174,#5173,#5859,.T.);
#4299=EDGE_CURVE('',#5174,#5172,#753,.T.);
#4300=EDGE_CURVE('',#5175,#5176,#754,.T.);
#4301=EDGE_CURVE('',#5177,#5175,#5860,.T.);
#4302=EDGE_CURVE('',#5177,#5178,#755,.T.);
#4303=EDGE_CURVE('',#5178,#5176,#5861,.T.);
#4304=EDGE_CURVE('',#5179,#5175,#5862,.T.);
#4305=EDGE_CURVE('',#5180,#5179,#5863,.T.);
#4306=EDGE_CURVE('',#5180,#5177,#5864,.T.);
#4307=EDGE_CURVE('',#5181,#5179,#5865,.T.);
#4308=EDGE_CURVE('',#5182,#5181,#5866,.T.);
#4309=EDGE_CURVE('',#5182,#5180,#5867,.T.);
#4310=EDGE_CURVE('',#5183,#5181,#5868,.T.);
#4311=EDGE_CURVE('',#5184,#5183,#5869,.T.);
#4312=EDGE_CURVE('',#5184,#5182,#5870,.T.);
#4313=EDGE_CURVE('',#5185,#5183,#756,.T.);
#4314=EDGE_CURVE('',#5186,#5185,#5871,.T.);
#4315=EDGE_CURVE('',#5186,#5184,#757,.T.);
#4316=EDGE_CURVE('',#5187,#5185,#758,.T.);
#4317=EDGE_CURVE('',#5188,#5187,#5872,.T.);
#4318=EDGE_CURVE('',#5188,#5186,#759,.T.);
#4319=EDGE_CURVE('',#5189,#5187,#390,.F.);
#4320=EDGE_CURVE('',#5190,#5189,#5873,.T.);
#4321=EDGE_CURVE('',#5190,#5188,#391,.F.);
#4322=EDGE_CURVE('',#5191,#4475,#5874,.T.);
#4323=EDGE_CURVE('',#5191,#5192,#760,.T.);
#4324=EDGE_CURVE('',#5192,#4476,#5875,.T.);
#4325=EDGE_CURVE('',#5193,#4487,#5876,.T.);
#4326=EDGE_CURVE('',#5193,#5191,#392,.T.);
#4327=EDGE_CURVE('',#5194,#4486,#5877,.T.);
#4328=EDGE_CURVE('',#5194,#5193,#761,.T.);
#4329=EDGE_CURVE('',#5195,#4485,#5878,.T.);
#4330=EDGE_CURVE('',#5195,#5194,#762,.T.);
#4331=EDGE_CURVE('',#5196,#4484,#5879,.T.);
#4332=EDGE_CURVE('',#5196,#5195,#5880,.T.);
#4333=EDGE_CURVE('',#5197,#4483,#5881,.T.);
#4334=EDGE_CURVE('',#5197,#5196,#5882,.T.);
#4335=EDGE_CURVE('',#5198,#4482,#5883,.T.);
#4336=EDGE_CURVE('',#5198,#5197,#5884,.T.);
#4337=EDGE_CURVE('',#5199,#4481,#5885,.T.);
#4338=EDGE_CURVE('',#5199,#5198,#763,.T.);
#4339=EDGE_CURVE('',#5200,#4480,#5886,.T.);
#4340=EDGE_CURVE('',#5200,#5199,#764,.T.);
#4341=EDGE_CURVE('',#5201,#4479,#5887,.T.);
#4342=EDGE_CURVE('',#5201,#5200,#393,.T.);
#4343=EDGE_CURVE('',#5202,#4478,#5888,.T.);
#4344=EDGE_CURVE('',#5202,#5201,#765,.T.);
#4345=EDGE_CURVE('',#5203,#4477,#5889,.T.);
#4346=EDGE_CURVE('',#5203,#5202,#766,.T.);
#4347=EDGE_CURVE('',#5176,#5189,#767,.T.);
#4348=EDGE_CURVE('',#5178,#5190,#768,.T.);
#4349=EDGE_CURVE('',#5192,#5203,#394,.T.);
#4350=EDGE_CURVE('',#5160,#5173,#769,.T.);
#4351=EDGE_CURVE('',#5162,#5174,#770,.T.);
#4352=EDGE_CURVE('',#5204,#5205,#771,.T.);
#4353=EDGE_CURVE('',#5206,#5204,#5890,.T.);
#4354=EDGE_CURVE('',#5206,#5207,#772,.T.);
#4355=EDGE_CURVE('',#5207,#5205,#5891,.T.);
#4356=EDGE_CURVE('',#5208,#5204,#773,.T.);
#4357=EDGE_CURVE('',#5209,#5208,#5892,.T.);
#4358=EDGE_CURVE('',#5209,#5206,#774,.T.);
#4359=EDGE_CURVE('',#5210,#5208,#775,.T.);
#4360=EDGE_CURVE('',#5211,#5210,#5893,.T.);
#4361=EDGE_CURVE('',#5211,#5209,#776,.T.);
#4362=EDGE_CURVE('',#5212,#5210,#777,.T.);
#4363=EDGE_CURVE('',#5213,#5212,#5894,.T.);
#4364=EDGE_CURVE('',#5213,#5211,#778,.T.);
#4365=EDGE_CURVE('',#5214,#5212,#395,.F.);
#4366=EDGE_CURVE('',#5215,#5214,#5895,.T.);
#4367=EDGE_CURVE('',#5215,#5213,#396,.F.);
#4368=EDGE_CURVE('',#5216,#5214,#779,.T.);
#4369=EDGE_CURVE('',#5217,#5216,#5896,.T.);
#4370=EDGE_CURVE('',#5217,#5215,#780,.T.);
#4371=EDGE_CURVE('',#5218,#5216,#781,.T.);
#4372=EDGE_CURVE('',#5219,#5218,#5897,.T.);
#4373=EDGE_CURVE('',#5219,#5217,#782,.T.);
#4374=EDGE_CURVE('',#5220,#5218,#783,.T.);
#4375=EDGE_CURVE('',#5221,#5220,#5898,.T.);
#4376=EDGE_CURVE('',#5221,#5219,#784,.T.);
#4377=EDGE_CURVE('',#5222,#5220,#397,.F.);
#4378=EDGE_CURVE('',#5223,#5222,#5899,.T.);
#4379=EDGE_CURVE('',#5223,#5221,#398,.F.);
#4380=EDGE_CURVE('',#5224,#4463,#5900,.T.);
#4381=EDGE_CURVE('',#5224,#5225,#785,.T.);
#4382=EDGE_CURVE('',#5225,#4464,#5901,.T.);
#4383=EDGE_CURVE('',#5226,#4474,#5902,.T.);
#4384=EDGE_CURVE('',#5226,#5224,#786,.T.);
#4385=EDGE_CURVE('',#5227,#4473,#5903,.T.);
#4386=EDGE_CURVE('',#5227,#5226,#787,.T.);
#4387=EDGE_CURVE('',#5228,#4472,#5904,.T.);
#4388=EDGE_CURVE('',#5228,#5227,#788,.T.);
#4389=EDGE_CURVE('',#5229,#4471,#5905,.T.);
#4390=EDGE_CURVE('',#5229,#5228,#789,.T.);
#4391=EDGE_CURVE('',#5230,#4470,#5906,.T.);
#4392=EDGE_CURVE('',#5230,#5229,#399,.T.);
#4393=EDGE_CURVE('',#5231,#4469,#5907,.T.);
#4394=EDGE_CURVE('',#5231,#5230,#790,.T.);
#4395=EDGE_CURVE('',#5232,#4468,#5908,.T.);
#4396=EDGE_CURVE('',#5232,#5231,#791,.T.);
#4397=EDGE_CURVE('',#5233,#4467,#5909,.T.);
#4398=EDGE_CURVE('',#5233,#5232,#400,.T.);
#4399=EDGE_CURVE('',#5234,#4466,#5910,.T.);
#4400=EDGE_CURVE('',#5234,#5233,#792,.T.);
#4401=EDGE_CURVE('',#5235,#4465,#5911,.T.);
#4402=EDGE_CURVE('',#5235,#5234,#793,.T.);
#4403=EDGE_CURVE('',#5225,#5235,#401,.T.);
#4404=EDGE_CURVE('',#5205,#5222,#794,.T.);
#4405=EDGE_CURVE('',#5207,#5223,#795,.T.);
#4406=EDGE_CURVE('',#5236,#5237,#5912,.T.);
#4407=EDGE_CURVE('',#5238,#5236,#5913,.T.);
#4408=EDGE_CURVE('',#5238,#5239,#5914,.T.);
#4409=EDGE_CURVE('',#5239,#5237,#5915,.T.);
#4410=EDGE_CURVE('',#5240,#5236,#5916,.T.);
#4411=EDGE_CURVE('',#5241,#5240,#5917,.T.);
#4412=EDGE_CURVE('',#5241,#5238,#5918,.T.);
#4413=EDGE_CURVE('',#5242,#4455,#5919,.T.);
#4414=EDGE_CURVE('',#5242,#5243,#5920,.T.);
#4415=EDGE_CURVE('',#5243,#4456,#5921,.T.);
#4416=EDGE_CURVE('',#5244,#4462,#5922,.T.);
#4417=EDGE_CURVE('',#5244,#5242,#5923,.T.);
#4418=EDGE_CURVE('',#5245,#4461,#5924,.T.);
#4419=EDGE_CURVE('',#5245,#5244,#5925,.T.);
#4420=EDGE_CURVE('',#5246,#4460,#5926,.T.);
#4421=EDGE_CURVE('',#5246,#5245,#5927,.T.);
#4422=EDGE_CURVE('',#5247,#4459,#5928,.T.);
#4423=EDGE_CURVE('',#5247,#5246,#5929,.T.);
#4424=EDGE_CURVE('',#5248,#4458,#5930,.T.);
#4425=EDGE_CURVE('',#5248,#5247,#5931,.T.);
#4426=EDGE_CURVE('',#5249,#4457,#5932,.T.);
#4427=EDGE_CURVE('',#5249,#5248,#5933,.T.);
#4428=EDGE_CURVE('',#5243,#5249,#5934,.T.);
#4429=EDGE_CURVE('',#5237,#5240,#5935,.T.);
#4430=EDGE_CURVE('',#5239,#5241,#5936,.T.);
#4431=EDGE_CURVE('',#5250,#4447,#5937,.T.);
#4432=EDGE_CURVE('',#5250,#5251,#5938,.T.);
#4433=EDGE_CURVE('',#5251,#4448,#5939,.T.);
#4434=EDGE_CURVE('',#5252,#4454,#5940,.T.);
#4435=EDGE_CURVE('',#5252,#5250,#5941,.T.);
#4436=EDGE_CURVE('',#5253,#4453,#5942,.T.);
#4437=EDGE_CURVE('',#5253,#5252,#5943,.T.);
#4438=EDGE_CURVE('',#5254,#4452,#5944,.T.);
#4439=EDGE_CURVE('',#5254,#5253,#5945,.T.);
#4440=EDGE_CURVE('',#5255,#4451,#5946,.T.);
#4441=EDGE_CURVE('',#5255,#5254,#5947,.T.);
#4442=EDGE_CURVE('',#5256,#4450,#5948,.T.);
#4443=EDGE_CURVE('',#5256,#5255,#5949,.T.);
#4444=EDGE_CURVE('',#5257,#4449,#5950,.T.);
#4445=EDGE_CURVE('',#5257,#5256,#5951,.T.);
#4446=EDGE_CURVE('',#5251,#5257,#5952,.T.);
#4447=VERTEX_POINT('',#10085);
#4448=VERTEX_POINT('',#10086);
#4449=VERTEX_POINT('',#10088);
#4450=VERTEX_POINT('',#10090);
#4451=VERTEX_POINT('',#10092);
#4452=VERTEX_POINT('',#10094);
#4453=VERTEX_POINT('',#10096);
#4454=VERTEX_POINT('',#10098);
#4455=VERTEX_POINT('',#10101);
#4456=VERTEX_POINT('',#10102);
#4457=VERTEX_POINT('',#10104);
#4458=VERTEX_POINT('',#10106);
#4459=VERTEX_POINT('',#10108);
#4460=VERTEX_POINT('',#10110);
#4461=VERTEX_POINT('',#10112);
#4462=VERTEX_POINT('',#10114);
#4463=VERTEX_POINT('',#10119);
#4464=VERTEX_POINT('',#10120);
#4465=VERTEX_POINT('',#10122);
#4466=VERTEX_POINT('',#10126);
#4467=VERTEX_POINT('',#10130);
#4468=VERTEX_POINT('',#10132);
#4469=VERTEX_POINT('',#10136);
#4470=VERTEX_POINT('',#10140);
#4471=VERTEX_POINT('',#10142);
#4472=VERTEX_POINT('',#10146);
#4473=VERTEX_POINT('',#10150);
#4474=VERTEX_POINT('',#10154);
#4475=VERTEX_POINT('',#10161);
#4476=VERTEX_POINT('',#10162);
#4477=VERTEX_POINT('',#10164);
#4478=VERTEX_POINT('',#10168);
#4479=VERTEX_POINT('',#10172);
#4480=VERTEX_POINT('',#10174);
#4481=VERTEX_POINT('',#10178);
#4482=VERTEX_POINT('',#10182);
#4483=VERTEX_POINT('',#10184);
#4484=VERTEX_POINT('',#10186);
#4485=VERTEX_POINT('',#10188);
#4486=VERTEX_POINT('',#10192);
#4487=VERTEX_POINT('',#10196);
#4488=VERTEX_POINT('',#10199);
#4489=VERTEX_POINT('',#10200);
#4490=VERTEX_POINT('',#10202);
#4491=VERTEX_POINT('',#10204);
#4492=VERTEX_POINT('',#10209);
#4493=VERTEX_POINT('',#10210);
#4494=VERTEX_POINT('',#10212);
#4495=VERTEX_POINT('',#10216);
#4496=VERTEX_POINT('',#10220);
#4497=VERTEX_POINT('',#10224);
#4498=VERTEX_POINT('',#10226);
#4499=VERTEX_POINT('',#10230);
#4500=VERTEX_POINT('',#10234);
#4501=VERTEX_POINT('',#10238);
#4502=VERTEX_POINT('',#10242);
#4503=VERTEX_POINT('',#10244);
#4504=VERTEX_POINT('',#10248);
#4505=VERTEX_POINT('',#10252);
#4506=VERTEX_POINT('',#10254);
#4507=VERTEX_POINT('',#10258);
#4508=VERTEX_POINT('',#10260);
#4509=VERTEX_POINT('',#10264);
#4510=VERTEX_POINT('',#10268);
#4511=VERTEX_POINT('',#10272);
#4512=VERTEX_POINT('',#10276);
#4513=VERTEX_POINT('',#10280);
#4514=VERTEX_POINT('',#10285);
#4515=VERTEX_POINT('',#10286);
#4516=VERTEX_POINT('',#10290);
#4517=VERTEX_POINT('',#10292);
#4518=VERTEX_POINT('',#10296);
#4519=VERTEX_POINT('',#10300);
#4520=VERTEX_POINT('',#10302);
#4521=VERTEX_POINT('',#10304);
#4522=VERTEX_POINT('',#10306);
#4523=VERTEX_POINT('',#10308);
#4524=VERTEX_POINT('',#10310);
#4525=VERTEX_POINT('',#10312);
#4526=VERTEX_POINT('',#10314);
#4527=VERTEX_POINT('',#10319);
#4528=VERTEX_POINT('',#10320);
#4529=VERTEX_POINT('',#10324);
#4530=VERTEX_POINT('',#10328);
#4531=VERTEX_POINT('',#10332);
#4532=VERTEX_POINT('',#10334);
#4533=VERTEX_POINT('',#10338);
#4534=VERTEX_POINT('',#10342);
#4535=VERTEX_POINT('',#10344);
#4536=VERTEX_POINT('',#10348);
#4537=VERTEX_POINT('',#10352);
#4538=VERTEX_POINT('',#10354);
#4539=VERTEX_POINT('',#10356);
#4540=VERTEX_POINT('',#10358);
#4541=VERTEX_POINT('',#10360);
#4542=VERTEX_POINT('',#10363);
#4543=VERTEX_POINT('',#10364);
#4544=VERTEX_POINT('',#10366);
#4545=VERTEX_POINT('',#10368);
#4546=VERTEX_POINT('',#10370);
#4547=VERTEX_POINT('',#10372);
#4548=VERTEX_POINT('',#10376);
#4549=VERTEX_POINT('',#10380);
#4550=VERTEX_POINT('',#10382);
#4551=VERTEX_POINT('',#10384);
#4552=VERTEX_POINT('',#10386);
#4553=VERTEX_POINT('',#10388);
#4554=VERTEX_POINT('',#10390);
#4555=VERTEX_POINT('',#10394);
#4556=VERTEX_POINT('',#10398);
#4557=VERTEX_POINT('',#10402);
#4558=VERTEX_POINT('',#10406);
#4559=VERTEX_POINT('',#10408);
#4560=VERTEX_POINT('',#10411);
#4561=VERTEX_POINT('',#10412);
#4562=VERTEX_POINT('',#10414);
#4563=VERTEX_POINT('',#10416);
#4564=VERTEX_POINT('',#10421);
#4565=VERTEX_POINT('',#10422);
#4566=VERTEX_POINT('',#10424);
#4567=VERTEX_POINT('',#10428);
#4568=VERTEX_POINT('',#10432);
#4569=VERTEX_POINT('',#10436);
#4570=VERTEX_POINT('',#10438);
#4571=VERTEX_POINT('',#10442);
#4572=VERTEX_POINT('',#10446);
#4573=VERTEX_POINT('',#10450);
#4574=VERTEX_POINT('',#10454);
#4575=VERTEX_POINT('',#10456);
#4576=VERTEX_POINT('',#10460);
#4577=VERTEX_POINT('',#10464);
#4578=VERTEX_POINT('',#10466);
#4579=VERTEX_POINT('',#10470);
#4580=VERTEX_POINT('',#10472);
#4581=VERTEX_POINT('',#10476);
#4582=VERTEX_POINT('',#10480);
#4583=VERTEX_POINT('',#10484);
#4584=VERTEX_POINT('',#10488);
#4585=VERTEX_POINT('',#10492);
#4586=VERTEX_POINT('',#10495);
#4587=VERTEX_POINT('',#10496);
#4588=VERTEX_POINT('',#10498);
#4589=VERTEX_POINT('',#10500);
#4590=VERTEX_POINT('',#10502);
#4591=VERTEX_POINT('',#10504);
#4592=VERTEX_POINT('',#10506);
#4593=VERTEX_POINT('',#10508);
#4594=VERTEX_POINT('',#10510);
#4595=VERTEX_POINT('',#10512);
#4596=VERTEX_POINT('',#10514);
#4597=VERTEX_POINT('',#10519);
#4598=VERTEX_POINT('',#10520);
#4599=VERTEX_POINT('',#10522);
#4600=VERTEX_POINT('',#10526);
#4601=VERTEX_POINT('',#10530);
#4602=VERTEX_POINT('',#10534);
#4603=VERTEX_POINT('',#10536);
#4604=VERTEX_POINT('',#10540);
#4605=VERTEX_POINT('',#10544);
#4606=VERTEX_POINT('',#10548);
#4607=VERTEX_POINT('',#10550);
#4608=VERTEX_POINT('',#10554);
#4609=VERTEX_POINT('',#10558);
#4610=VERTEX_POINT('',#10562);
#4611=VERTEX_POINT('',#10564);
#4612=VERTEX_POINT('',#10568);
#4613=VERTEX_POINT('',#10572);
#4614=VERTEX_POINT('',#10576);
#4615=VERTEX_POINT('',#10580);
#4616=VERTEX_POINT('',#10585);
#4617=VERTEX_POINT('',#10586);
#4618=VERTEX_POINT('',#10590);
#4619=VERTEX_POINT('',#10592);
#4620=VERTEX_POINT('',#10596);
#4621=VERTEX_POINT('',#10600);
#4622=VERTEX_POINT('',#10602);
#4623=VERTEX_POINT('',#10604);
#4624=VERTEX_POINT('',#10606);
#4625=VERTEX_POINT('',#10608);
#4626=VERTEX_POINT('',#10610);
#4627=VERTEX_POINT('',#10614);
#4628=VERTEX_POINT('',#10618);
#4629=VERTEX_POINT('',#10622);
#4630=VERTEX_POINT('',#10626);
#4631=VERTEX_POINT('',#10630);
#4632=VERTEX_POINT('',#10633);
#4633=VERTEX_POINT('',#10634);
#4634=VERTEX_POINT('',#10636);
#4635=VERTEX_POINT('',#10638);
#4636=VERTEX_POINT('',#10640);
#4637=VERTEX_POINT('',#10642);
#4638=VERTEX_POINT('',#10644);
#4639=VERTEX_POINT('',#10646);
#4640=VERTEX_POINT('',#10648);
#4641=VERTEX_POINT('',#10650);
#4642=VERTEX_POINT('',#10652);
#4643=VERTEX_POINT('',#10654);
#4644=VERTEX_POINT('',#10659);
#4645=VERTEX_POINT('',#10660);
#4646=VERTEX_POINT('',#10664);
#4647=VERTEX_POINT('',#10666);
#4648=VERTEX_POINT('',#10668);
#4649=VERTEX_POINT('',#10672);
#4650=VERTEX_POINT('',#10676);
#4651=VERTEX_POINT('',#10678);
#4652=VERTEX_POINT('',#10680);
#4653=VERTEX_POINT('',#10682);
#4654=VERTEX_POINT('',#10684);
#4655=VERTEX_POINT('',#10689);
#4656=VERTEX_POINT('',#10690);
#4657=VERTEX_POINT('',#10692);
#4658=VERTEX_POINT('',#10696);
#4659=VERTEX_POINT('',#10700);
#4660=VERTEX_POINT('',#10702);
#4661=VERTEX_POINT('',#10706);
#4662=VERTEX_POINT('',#10710);
#4663=VERTEX_POINT('',#10714);
#4664=VERTEX_POINT('',#10718);
#4665=VERTEX_POINT('',#10722);
#4666=VERTEX_POINT('',#10724);
#4667=VERTEX_POINT('',#10731);
#4668=VERTEX_POINT('',#10732);
#4669=VERTEX_POINT('',#10736);
#4670=VERTEX_POINT('',#10738);
#4671=VERTEX_POINT('',#10740);
#4672=VERTEX_POINT('',#10742);
#4673=VERTEX_POINT('',#10744);
#4674=VERTEX_POINT('',#10746);
#4675=VERTEX_POINT('',#10748);
#4676=VERTEX_POINT('',#10750);
#4677=VERTEX_POINT('',#10752);
#4678=VERTEX_POINT('',#10754);
#4679=VERTEX_POINT('',#10756);
#4680=VERTEX_POINT('',#10758);
#4681=VERTEX_POINT('',#10762);
#4682=VERTEX_POINT('',#10766);
#4683=VERTEX_POINT('',#10768);
#4684=VERTEX_POINT('',#10773);
#4685=VERTEX_POINT('',#10774);
#4686=VERTEX_POINT('',#10778);
#4687=VERTEX_POINT('',#10780);
#4688=VERTEX_POINT('',#10782);
#4689=VERTEX_POINT('',#10784);
#4690=VERTEX_POINT('',#10786);
#4691=VERTEX_POINT('',#10790);
#4692=VERTEX_POINT('',#10794);
#4693=VERTEX_POINT('',#10798);
#4694=VERTEX_POINT('',#10800);
#4695=VERTEX_POINT('',#10804);
#4696=VERTEX_POINT('',#10808);
#4697=VERTEX_POINT('',#10812);
#4698=VERTEX_POINT('',#10816);
#4699=VERTEX_POINT('',#10818);
#4700=VERTEX_POINT('',#10822);
#4701=VERTEX_POINT('',#10824);
#4702=VERTEX_POINT('',#10831);
#4703=VERTEX_POINT('',#10832);
#4704=VERTEX_POINT('',#10836);
#4705=VERTEX_POINT('',#10838);
#4706=VERTEX_POINT('',#10842);
#4707=VERTEX_POINT('',#10846);
#4708=VERTEX_POINT('',#10848);
#4709=VERTEX_POINT('',#10850);
#4710=VERTEX_POINT('',#10852);
#4711=VERTEX_POINT('',#10854);
#4712=VERTEX_POINT('',#10856);
#4713=VERTEX_POINT('',#10858);
#4714=VERTEX_POINT('',#10862);
#4715=VERTEX_POINT('',#10866);
#4716=VERTEX_POINT('',#10870);
#4717=VERTEX_POINT('',#10874);
#4718=VERTEX_POINT('',#10879);
#4719=VERTEX_POINT('',#10880);
#4720=VERTEX_POINT('',#10884);
#4721=VERTEX_POINT('',#10886);
#4722=VERTEX_POINT('',#10890);
#4723=VERTEX_POINT('',#10894);
#4724=VERTEX_POINT('',#10896);
#4725=VERTEX_POINT('',#10898);
#4726=VERTEX_POINT('',#10900);
#4727=VERTEX_POINT('',#10902);
#4728=VERTEX_POINT('',#10904);
#4729=VERTEX_POINT('',#10908);
#4730=VERTEX_POINT('',#10912);
#4731=VERTEX_POINT('',#10916);
#4732=VERTEX_POINT('',#10920);
#4733=VERTEX_POINT('',#10924);
#4734=VERTEX_POINT('',#10927);
#4735=VERTEX_POINT('',#10928);
#4736=VERTEX_POINT('',#10930);
#4737=VERTEX_POINT('',#10932);
#4738=VERTEX_POINT('',#10934);
#4739=VERTEX_POINT('',#10936);
#4740=VERTEX_POINT('',#10938);
#4741=VERTEX_POINT('',#10940);
#4742=VERTEX_POINT('',#10942);
#4743=VERTEX_POINT('',#10944);
#4744=VERTEX_POINT('',#10946);
#4745=VERTEX_POINT('',#10948);
#4746=VERTEX_POINT('',#10950);
#4747=VERTEX_POINT('',#10953);
#4748=VERTEX_POINT('',#10954);
#4749=VERTEX_POINT('',#10956);
#4750=VERTEX_POINT('',#10958);
#4751=VERTEX_POINT('',#10962);
#4752=VERTEX_POINT('',#10964);
#4753=VERTEX_POINT('',#10966);
#4754=VERTEX_POINT('',#10969);
#4755=VERTEX_POINT('',#10970);
#4756=VERTEX_POINT('',#10972);
#4757=VERTEX_POINT('',#10974);
#4758=VERTEX_POINT('',#10976);
#4759=VERTEX_POINT('',#10980);
#4760=VERTEX_POINT('',#11007);
#4761=VERTEX_POINT('',#11033);
#4762=VERTEX_POINT('',#11037);
#4763=VERTEX_POINT('',#11039);
#4764=VERTEX_POINT('',#11077);
#4765=VERTEX_POINT('',#11078);
#4766=VERTEX_POINT('',#11083);
#4767=VERTEX_POINT('',#11107);
#4768=VERTEX_POINT('',#11109);
#4769=VERTEX_POINT('',#11110);
#4770=VERTEX_POINT('',#11147);
#4771=VERTEX_POINT('',#11150);
#4772=VERTEX_POINT('',#11154);
#4773=VERTEX_POINT('',#11156);
#4774=VERTEX_POINT('',#11160);
#4775=VERTEX_POINT('',#11164);
#4776=VERTEX_POINT('',#11168);
#4777=VERTEX_POINT('',#11172);
#4778=VERTEX_POINT('',#11176);
#4779=VERTEX_POINT('',#11180);
#4780=VERTEX_POINT('',#11184);
#4781=VERTEX_POINT('',#11188);
#4782=VERTEX_POINT('',#11192);
#4783=VERTEX_POINT('',#11196);
#4784=VERTEX_POINT('',#11200);
#4785=VERTEX_POINT('',#11207);
#4786=VERTEX_POINT('',#11208);
#4787=VERTEX_POINT('',#11210);
#4788=VERTEX_POINT('',#11212);
#4789=VERTEX_POINT('',#11225);
#4790=VERTEX_POINT('',#11227);
#4791=VERTEX_POINT('',#11242);
#4792=VERTEX_POINT('',#11244);
#4793=VERTEX_POINT('',#11259);
#4794=VERTEX_POINT('',#11261);
#4795=VERTEX_POINT('',#11276);
#4796=VERTEX_POINT('',#11278);
#4797=VERTEX_POINT('',#11284);
#4798=VERTEX_POINT('',#11286);
#4799=VERTEX_POINT('',#11299);
#4800=VERTEX_POINT('',#11301);
#4801=VERTEX_POINT('',#11316);
#4802=VERTEX_POINT('',#11318);
#4803=VERTEX_POINT('',#11333);
#4804=VERTEX_POINT('',#11335);
#4805=VERTEX_POINT('',#11348);
#4806=VERTEX_POINT('',#11352);
#4807=VERTEX_POINT('',#11356);
#4808=VERTEX_POINT('',#11367);
#4809=VERTEX_POINT('',#11380);
#4810=VERTEX_POINT('',#11393);
#4811=VERTEX_POINT('',#11406);
#4812=VERTEX_POINT('',#11419);
#4813=VERTEX_POINT('',#11425);
#4814=VERTEX_POINT('',#11429);
#4815=VERTEX_POINT('',#11433);
#4816=VERTEX_POINT('',#11437);
#4817=VERTEX_POINT('',#11441);
#4818=VERTEX_POINT('',#11452);
#4819=VERTEX_POINT('',#11465);
#4820=VERTEX_POINT('',#11471);
#4821=VERTEX_POINT('',#11502);
#4822=VERTEX_POINT('',#11503);
#4823=VERTEX_POINT('',#11505);
#4824=VERTEX_POINT('',#11507);
#4825=VERTEX_POINT('',#11520);
#4826=VERTEX_POINT('',#11522);
#4827=VERTEX_POINT('',#11537);
#4828=VERTEX_POINT('',#11539);
#4829=VERTEX_POINT('',#11554);
#4830=VERTEX_POINT('',#11556);
#4831=VERTEX_POINT('',#11571);
#4832=VERTEX_POINT('',#11573);
#4833=VERTEX_POINT('',#11579);
#4834=VERTEX_POINT('',#11581);
#4835=VERTEX_POINT('',#11594);
#4836=VERTEX_POINT('',#11596);
#4837=VERTEX_POINT('',#11611);
#4838=VERTEX_POINT('',#11613);
#4839=VERTEX_POINT('',#11628);
#4840=VERTEX_POINT('',#11630);
#4841=VERTEX_POINT('',#11643);
#4842=VERTEX_POINT('',#11647);
#4843=VERTEX_POINT('',#11651);
#4844=VERTEX_POINT('',#11662);
#4845=VERTEX_POINT('',#11675);
#4846=VERTEX_POINT('',#11688);
#4847=VERTEX_POINT('',#11701);
#4848=VERTEX_POINT('',#11707);
#4849=VERTEX_POINT('',#11711);
#4850=VERTEX_POINT('',#11715);
#4851=VERTEX_POINT('',#11719);
#4852=VERTEX_POINT('',#11723);
#4853=VERTEX_POINT('',#11727);
#4854=VERTEX_POINT('',#11738);
#4855=VERTEX_POINT('',#11751);
#4856=VERTEX_POINT('',#11757);
#4857=VERTEX_POINT('',#11788);
#4858=VERTEX_POINT('',#11789);
#4859=VERTEX_POINT('',#11791);
#4860=VERTEX_POINT('',#11793);
#4861=VERTEX_POINT('',#11797);
#4862=VERTEX_POINT('',#11799);
#4863=VERTEX_POINT('',#11812);
#4864=VERTEX_POINT('',#11814);
#4865=VERTEX_POINT('',#11820);
#4866=VERTEX_POINT('',#11822);
#4867=VERTEX_POINT('',#11835);
#4868=VERTEX_POINT('',#11837);
#4869=VERTEX_POINT('',#11850);
#4870=VERTEX_POINT('',#11854);
#4871=VERTEX_POINT('',#11865);
#4872=VERTEX_POINT('',#11871);
#4873=VERTEX_POINT('',#11882);
#4874=VERTEX_POINT('',#11888);
#4875=VERTEX_POINT('',#11899);
#4876=VERTEX_POINT('',#11912);
#4877=VERTEX_POINT('',#11925);
#4878=VERTEX_POINT('',#11938);
#4879=VERTEX_POINT('',#11944);
#4880=VERTEX_POINT('',#11955);
#4881=VERTEX_POINT('',#11968);
#4882=VERTEX_POINT('',#11981);
#4883=VERTEX_POINT('',#11987);
#4884=VERTEX_POINT('',#11991);
#4885=VERTEX_POINT('',#11995);
#4886=VERTEX_POINT('',#11999);
#4887=VERTEX_POINT('',#12037);
#4888=VERTEX_POINT('',#12041);
#4889=VERTEX_POINT('',#12045);
#4890=VERTEX_POINT('',#12049);
#4891=VERTEX_POINT('',#12060);
#4892=VERTEX_POINT('',#12073);
#4893=VERTEX_POINT('',#12079);
#4894=VERTEX_POINT('',#12083);
#4895=VERTEX_POINT('',#12087);
#4896=VERTEX_POINT('',#12091);
#4897=VERTEX_POINT('',#12095);
#4898=VERTEX_POINT('',#12099);
#4899=VERTEX_POINT('',#12103);
#4900=VERTEX_POINT('',#12107);
#4901=VERTEX_POINT('',#12111);
#4902=VERTEX_POINT('',#12115);
#4903=VERTEX_POINT('',#12119);
#4904=VERTEX_POINT('',#12135);
#4905=VERTEX_POINT('',#12136);
#4906=VERTEX_POINT('',#12138);
#4907=VERTEX_POINT('',#12140);
#4908=VERTEX_POINT('',#12153);
#4909=VERTEX_POINT('',#12155);
#4910=VERTEX_POINT('',#12170);
#4911=VERTEX_POINT('',#12172);
#4912=VERTEX_POINT('',#12178);
#4913=VERTEX_POINT('',#12180);
#4914=VERTEX_POINT('',#12193);
#4915=VERTEX_POINT('',#12195);
#4916=VERTEX_POINT('',#12210);
#4917=VERTEX_POINT('',#12212);
#4918=VERTEX_POINT('',#12227);
#4919=VERTEX_POINT('',#12229);
#4920=VERTEX_POINT('',#12244);
#4921=VERTEX_POINT('',#12246);
#4922=VERTEX_POINT('',#12252);
#4923=VERTEX_POINT('',#12254);
#4924=VERTEX_POINT('',#12265);
#4925=VERTEX_POINT('',#12269);
#4926=VERTEX_POINT('',#12280);
#4927=VERTEX_POINT('',#12286);
#4928=VERTEX_POINT('',#12297);
#4929=VERTEX_POINT('',#12310);
#4930=VERTEX_POINT('',#12323);
#4931=VERTEX_POINT('',#12336);
#4932=VERTEX_POINT('',#12349);
#4933=VERTEX_POINT('',#12355);
#4934=VERTEX_POINT('',#12366);
#4935=VERTEX_POINT('',#12379);
#4936=VERTEX_POINT('',#12399);
#4937=VERTEX_POINT('',#12403);
#4938=VERTEX_POINT('',#12407);
#4939=VERTEX_POINT('',#12411);
#4940=VERTEX_POINT('',#12415);
#4941=VERTEX_POINT('',#12419);
#4942=VERTEX_POINT('',#12423);
#4943=VERTEX_POINT('',#12434);
#4944=VERTEX_POINT('',#12447);
#4945=VERTEX_POINT('',#12453);
#4946=VERTEX_POINT('',#12457);
#4947=VERTEX_POINT('',#12473);
#4948=VERTEX_POINT('',#12475);
#4949=VERTEX_POINT('',#12479);
#4950=VERTEX_POINT('',#12483);
#4951=VERTEX_POINT('',#12487);
#4952=VERTEX_POINT('',#12491);
#4953=VERTEX_POINT('',#12495);
#4954=VERTEX_POINT('',#12499);
#4955=VERTEX_POINT('',#12503);
#4956=VERTEX_POINT('',#12507);
#4957=VERTEX_POINT('',#12511);
#4958=VERTEX_POINT('',#12515);
#4959=VERTEX_POINT('',#12522);
#4960=VERTEX_POINT('',#12523);
#4961=VERTEX_POINT('',#12525);
#4962=VERTEX_POINT('',#12527);
#4963=VERTEX_POINT('',#12540);
#4964=VERTEX_POINT('',#12542);
#4965=VERTEX_POINT('',#12557);
#4966=VERTEX_POINT('',#12559);
#4967=VERTEX_POINT('',#12574);
#4968=VERTEX_POINT('',#12576);
#4969=VERTEX_POINT('',#12591);
#4970=VERTEX_POINT('',#12593);
#4971=VERTEX_POINT('',#12599);
#4972=VERTEX_POINT('',#12601);
#4973=VERTEX_POINT('',#12614);
#4974=VERTEX_POINT('',#12616);
#4975=VERTEX_POINT('',#12631);
#4976=VERTEX_POINT('',#12633);
#4977=VERTEX_POINT('',#12648);
#4978=VERTEX_POINT('',#12650);
#4979=VERTEX_POINT('',#12663);
#4980=VERTEX_POINT('',#12667);
#4981=VERTEX_POINT('',#12671);
#4982=VERTEX_POINT('',#12682);
#4983=VERTEX_POINT('',#12695);
#4984=VERTEX_POINT('',#12708);
#4985=VERTEX_POINT('',#12721);
#4986=VERTEX_POINT('',#12734);
#4987=VERTEX_POINT('',#12740);
#4988=VERTEX_POINT('',#12744);
#4989=VERTEX_POINT('',#12748);
#4990=VERTEX_POINT('',#12752);
#4991=VERTEX_POINT('',#12756);
#4992=VERTEX_POINT('',#12767);
#4993=VERTEX_POINT('',#12780);
#4994=VERTEX_POINT('',#12786);
#4995=VERTEX_POINT('',#12824);
#4996=VERTEX_POINT('',#12828);
#4997=VERTEX_POINT('',#12832);
#4998=VERTEX_POINT('',#12843);
#4999=VERTEX_POINT('',#12856);
#5000=VERTEX_POINT('',#12869);
#5001=VERTEX_POINT('',#12882);
#5002=VERTEX_POINT('',#12888);
#5003=VERTEX_POINT('',#12899);
#5004=VERTEX_POINT('',#12912);
#5005=VERTEX_POINT('',#12925);
#5006=VERTEX_POINT('',#12931);
#5007=VERTEX_POINT('',#12942);
#5008=VERTEX_POINT('',#12955);
#5009=VERTEX_POINT('',#12968);
#5010=VERTEX_POINT('',#12974);
#5011=VERTEX_POINT('',#12985);
#5012=VERTEX_POINT('',#12998);
#5013=VERTEX_POINT('',#13011);
#5014=VERTEX_POINT('',#13020);
#5015=VERTEX_POINT('',#13022);
#5016=VERTEX_POINT('',#13026);
#5017=VERTEX_POINT('',#13030);
#5018=VERTEX_POINT('',#13034);
#5019=VERTEX_POINT('',#13038);
#5020=VERTEX_POINT('',#13042);
#5021=VERTEX_POINT('',#13046);
#5022=VERTEX_POINT('',#13050);
#5023=VERTEX_POINT('',#13054);
#5024=VERTEX_POINT('',#13058);
#5025=VERTEX_POINT('',#13072);
#5026=VERTEX_POINT('',#13076);
#5027=VERTEX_POINT('',#13080);
#5028=VERTEX_POINT('',#13091);
#5029=VERTEX_POINT('',#13104);
#5030=VERTEX_POINT('',#13117);
#5031=VERTEX_POINT('',#13130);
#5032=VERTEX_POINT('',#13143);
#5033=VERTEX_POINT('',#13149);
#5034=VERTEX_POINT('',#13160);
#5035=VERTEX_POINT('',#13166);
#5036=VERTEX_POINT('',#13177);
#5037=VERTEX_POINT('',#13190);
#5038=VERTEX_POINT('',#13196);
#5039=VERTEX_POINT('',#13207);
#5040=VERTEX_POINT('',#13220);
#5041=VERTEX_POINT('',#13233);
#5042=VERTEX_POINT('',#13246);
#5043=VERTEX_POINT('',#13252);
#5044=VERTEX_POINT('',#13263);
#5045=VERTEX_POINT('',#13276);
#5046=VERTEX_POINT('',#13289);
#5047=VERTEX_POINT('',#13298);
#5048=VERTEX_POINT('',#13300);
#5049=VERTEX_POINT('',#13304);
#5050=VERTEX_POINT('',#13308);
#5051=VERTEX_POINT('',#13315);
#5052=VERTEX_POINT('',#13317);
#5053=VERTEX_POINT('',#13321);
#5054=VERTEX_POINT('',#13325);
#5055=VERTEX_POINT('',#13336);
#5056=VERTEX_POINT('',#13349);
#5057=VERTEX_POINT('',#13362);
#5058=VERTEX_POINT('',#13375);
#5059=VERTEX_POINT('',#13381);
#5060=VERTEX_POINT('',#13385);
#5061=VERTEX_POINT('',#13389);
#5062=VERTEX_POINT('',#13393);
#5063=VERTEX_POINT('',#13397);
#5064=VERTEX_POINT('',#13408);
#5065=VERTEX_POINT('',#13421);
#5066=VERTEX_POINT('',#13427);
#5067=VERTEX_POINT('',#13431);
#5068=VERTEX_POINT('',#13435);
#5069=VERTEX_POINT('',#13442);
#5070=VERTEX_POINT('',#13443);
#5071=VERTEX_POINT('',#13445);
#5072=VERTEX_POINT('',#13447);
#5073=VERTEX_POINT('',#13460);
#5074=VERTEX_POINT('',#13462);
#5075=VERTEX_POINT('',#13477);
#5076=VERTEX_POINT('',#13479);
#5077=VERTEX_POINT('',#13494);
#5078=VERTEX_POINT('',#13496);
#5079=VERTEX_POINT('',#13511);
#5080=VERTEX_POINT('',#13513);
#5081=VERTEX_POINT('',#13519);
#5082=VERTEX_POINT('',#13521);
#5083=VERTEX_POINT('',#13534);
#5084=VERTEX_POINT('',#13536);
#5085=VERTEX_POINT('',#13551);
#5086=VERTEX_POINT('',#13553);
#5087=VERTEX_POINT('',#13568);
#5088=VERTEX_POINT('',#13570);
#5089=VERTEX_POINT('',#13583);
#5090=VERTEX_POINT('',#13587);
#5091=VERTEX_POINT('',#13591);
#5092=VERTEX_POINT('',#13595);
#5093=VERTEX_POINT('',#13599);
#5094=VERTEX_POINT('',#13603);
#5095=VERTEX_POINT('',#13607);
#5096=VERTEX_POINT('',#13618);
#5097=VERTEX_POINT('',#13631);
#5098=VERTEX_POINT('',#13637);
#5099=VERTEX_POINT('',#13648);
#5100=VERTEX_POINT('',#13661);
#5101=VERTEX_POINT('',#13667);
#5102=VERTEX_POINT('',#13678);
#5103=VERTEX_POINT('',#13691);
#5104=VERTEX_POINT('',#13724);
#5105=VERTEX_POINT('',#13725);
#5106=VERTEX_POINT('',#13727);
#5107=VERTEX_POINT('',#13729);
#5108=VERTEX_POINT('',#13742);
#5109=VERTEX_POINT('',#13744);
#5110=VERTEX_POINT('',#13759);
#5111=VERTEX_POINT('',#13761);
#5112=VERTEX_POINT('',#13767);
#5113=VERTEX_POINT('',#13769);
#5114=VERTEX_POINT('',#13773);
#5115=VERTEX_POINT('',#13775);
#5116=VERTEX_POINT('',#13779);
#5117=VERTEX_POINT('',#13781);
#5118=VERTEX_POINT('',#13794);
#5119=VERTEX_POINT('',#13796);
#5120=VERTEX_POINT('',#13809);
#5121=VERTEX_POINT('',#13813);
#5122=VERTEX_POINT('',#13817);
#5123=VERTEX_POINT('',#13821);
#5124=VERTEX_POINT('',#13825);
#5125=VERTEX_POINT('',#13829);
#5126=VERTEX_POINT('',#13833);
#5127=VERTEX_POINT('',#13837);
#5128=VERTEX_POINT('',#13841);
#5129=VERTEX_POINT('',#13845);
#5130=VERTEX_POINT('',#13856);
#5131=VERTEX_POINT('',#13869);
#5132=VERTEX_POINT('',#13875);
#5133=VERTEX_POINT('',#13913);
#5134=VERTEX_POINT('',#13917);
#5135=VERTEX_POINT('',#13921);
#5136=VERTEX_POINT('',#13932);
#5137=VERTEX_POINT('',#13945);
#5138=VERTEX_POINT('',#13958);
#5139=VERTEX_POINT('',#13971);
#5140=VERTEX_POINT('',#13984);
#5141=VERTEX_POINT('',#13990);
#5142=VERTEX_POINT('',#14001);
#5143=VERTEX_POINT('',#14007);
#5144=VERTEX_POINT('',#14018);
#5145=VERTEX_POINT('',#14031);
#5146=VERTEX_POINT('',#14037);
#5147=VERTEX_POINT('',#14048);
#5148=VERTEX_POINT('',#14061);
#5149=VERTEX_POINT('',#14074);
#5150=VERTEX_POINT('',#14087);
#5151=VERTEX_POINT('',#14093);
#5152=VERTEX_POINT('',#14104);
#5153=VERTEX_POINT('',#14117);
#5154=VERTEX_POINT('',#14130);
#5155=VERTEX_POINT('',#14139);
#5156=VERTEX_POINT('',#14141);
#5157=VERTEX_POINT('',#14145);
#5158=VERTEX_POINT('',#14149);
#5159=VERTEX_POINT('',#14156);
#5160=VERTEX_POINT('',#14157);
#5161=VERTEX_POINT('',#14159);
#5162=VERTEX_POINT('',#14161);
#5163=VERTEX_POINT('',#14174);
#5164=VERTEX_POINT('',#14176);
#5165=VERTEX_POINT('',#14191);
#5166=VERTEX_POINT('',#14193);
#5167=VERTEX_POINT('',#14199);
#5168=VERTEX_POINT('',#14201);
#5169=VERTEX_POINT('',#14205);
#5170=VERTEX_POINT('',#14207);
#5171=VERTEX_POINT('',#14211);
#5172=VERTEX_POINT('',#14213);
#5173=VERTEX_POINT('',#14226);
#5174=VERTEX_POINT('',#14228);
#5175=VERTEX_POINT('',#14243);
#5176=VERTEX_POINT('',#14244);
#5177=VERTEX_POINT('',#14246);
#5178=VERTEX_POINT('',#14250);
#5179=VERTEX_POINT('',#14254);
#5180=VERTEX_POINT('',#14256);
#5181=VERTEX_POINT('',#14260);
#5182=VERTEX_POINT('',#14262);
#5183=VERTEX_POINT('',#14266);
#5184=VERTEX_POINT('',#14268);
#5185=VERTEX_POINT('',#14281);
#5186=VERTEX_POINT('',#14283);
#5187=VERTEX_POINT('',#14298);
#5188=VERTEX_POINT('',#14300);
#5189=VERTEX_POINT('',#14306);
#5190=VERTEX_POINT('',#14308);
#5191=VERTEX_POINT('',#14319);
#5192=VERTEX_POINT('',#14323);
#5193=VERTEX_POINT('',#14327);
#5194=VERTEX_POINT('',#14338);
#5195=VERTEX_POINT('',#14351);
#5196=VERTEX_POINT('',#14357);
#5197=VERTEX_POINT('',#14361);
#5198=VERTEX_POINT('',#14365);
#5199=VERTEX_POINT('',#14376);
#5200=VERTEX_POINT('',#14389);
#5201=VERTEX_POINT('',#14395);
#5202=VERTEX_POINT('',#14406);
#5203=VERTEX_POINT('',#14419);
#5204=VERTEX_POINT('',#14467);
#5205=VERTEX_POINT('',#14468);
#5206=VERTEX_POINT('',#14470);
#5207=VERTEX_POINT('',#14474);
#5208=VERTEX_POINT('',#14487);
#5209=VERTEX_POINT('',#14489);
#5210=VERTEX_POINT('',#14504);
#5211=VERTEX_POINT('',#14506);
#5212=VERTEX_POINT('',#14521);
#5213=VERTEX_POINT('',#14523);
#5214=VERTEX_POINT('',#14529);
#5215=VERTEX_POINT('',#14531);
#5216=VERTEX_POINT('',#14544);
#5217=VERTEX_POINT('',#14546);
#5218=VERTEX_POINT('',#14561);
#5219=VERTEX_POINT('',#14563);
#5220=VERTEX_POINT('',#14578);
#5221=VERTEX_POINT('',#14580);
#5222=VERTEX_POINT('',#14586);
#5223=VERTEX_POINT('',#14588);
#5224=VERTEX_POINT('',#14599);
#5225=VERTEX_POINT('',#14603);
#5226=VERTEX_POINT('',#14614);
#5227=VERTEX_POINT('',#14627);
#5228=VERTEX_POINT('',#14640);
#5229=VERTEX_POINT('',#14653);
#5230=VERTEX_POINT('',#14659);
#5231=VERTEX_POINT('',#14670);
#5232=VERTEX_POINT('',#14683);
#5233=VERTEX_POINT('',#14689);
#5234=VERTEX_POINT('',#14700);
#5235=VERTEX_POINT('',#14713);
#5236=VERTEX_POINT('',#14737);
#5237=VERTEX_POINT('',#14738);
#5238=VERTEX_POINT('',#14740);
#5239=VERTEX_POINT('',#14742);
#5240=VERTEX_POINT('',#14746);
#5241=VERTEX_POINT('',#14748);
#5242=VERTEX_POINT('',#14752);
#5243=VERTEX_POINT('',#14754);
#5244=VERTEX_POINT('',#14758);
#5245=VERTEX_POINT('',#14762);
#5246=VERTEX_POINT('',#14766);
#5247=VERTEX_POINT('',#14770);
#5248=VERTEX_POINT('',#14774);
#5249=VERTEX_POINT('',#14778);
#5250=VERTEX_POINT('',#14789);
#5251=VERTEX_POINT('',#14791);
#5252=VERTEX_POINT('',#14795);
#5253=VERTEX_POINT('',#14799);
#5254=VERTEX_POINT('',#14803);
#5255=VERTEX_POINT('',#14807);
#5256=VERTEX_POINT('',#14811);
#5257=VERTEX_POINT('',#14815);
#5258=LINE('',#10084,#5953);
#5259=LINE('',#10087,#5954);
#5260=LINE('',#10089,#5955);
#5261=LINE('',#10091,#5956);
#5262=LINE('',#10093,#5957);
#5263=LINE('',#10095,#5958);
#5264=LINE('',#10097,#5959);
#5265=LINE('',#10099,#5960);
#5266=LINE('',#10100,#5961);
#5267=LINE('',#10103,#5962);
#5268=LINE('',#10105,#5963);
#5269=LINE('',#10107,#5964);
#5270=LINE('',#10109,#5965);
#5271=LINE('',#10111,#5966);
#5272=LINE('',#10113,#5967);
#5273=LINE('',#10115,#5968);
#5274=LINE('',#10183,#5969);
#5275=LINE('',#10185,#5970);
#5276=LINE('',#10187,#5971);
#5277=LINE('',#10198,#5972);
#5278=LINE('',#10201,#5973);
#5279=LINE('',#10203,#5974);
#5280=LINE('',#10205,#5975);
#5281=LINE('',#10225,#5976);
#5282=LINE('',#10259,#5977);
#5283=LINE('',#10301,#5978);
#5284=LINE('',#10303,#5979);
#5285=LINE('',#10305,#5980);
#5286=LINE('',#10307,#5981);
#5287=LINE('',#10309,#5982);
#5288=LINE('',#10311,#5983);
#5289=LINE('',#10313,#5984);
#5290=LINE('',#10315,#5985);
#5291=LINE('',#10353,#5986);
#5292=LINE('',#10355,#5987);
#5293=LINE('',#10357,#5988);
#5294=LINE('',#10359,#5989);
#5295=LINE('',#10361,#5990);
#5296=LINE('',#10362,#5991);
#5297=LINE('',#10365,#5992);
#5298=LINE('',#10367,#5993);
#5299=LINE('',#10383,#5994);
#5300=LINE('',#10385,#5995);
#5301=LINE('',#10387,#5996);
#5302=LINE('',#10407,#5997);
#5303=LINE('',#10409,#5998);
#5304=LINE('',#10410,#5999);
#5305=LINE('',#10413,#6000);
#5306=LINE('',#10415,#6001);
#5307=LINE('',#10417,#6002);
#5308=LINE('',#10437,#6003);
#5309=LINE('',#10471,#6004);
#5310=LINE('',#10494,#6005);
#5311=LINE('',#10497,#6006);
#5312=LINE('',#10499,#6007);
#5313=LINE('',#10501,#6008);
#5314=LINE('',#10503,#6009);
#5315=LINE('',#10505,#6010);
#5316=LINE('',#10507,#6011);
#5317=LINE('',#10509,#6012);
#5318=LINE('',#10511,#6013);
#5319=LINE('',#10513,#6014);
#5320=LINE('',#10515,#6015);
#5321=LINE('',#10535,#6016);
#5322=LINE('',#10563,#6017);
#5323=LINE('',#10601,#6018);
#5324=LINE('',#10603,#6019);
#5325=LINE('',#10605,#6020);
#5326=LINE('',#10607,#6021);
#5327=LINE('',#10609,#6022);
#5328=LINE('',#10632,#6023);
#5329=LINE('',#10635,#6024);
#5330=LINE('',#10637,#6025);
#5331=LINE('',#10639,#6026);
#5332=LINE('',#10641,#6027);
#5333=LINE('',#10643,#6028);
#5334=LINE('',#10645,#6029);
#5335=LINE('',#10647,#6030);
#5336=LINE('',#10649,#6031);
#5337=LINE('',#10651,#6032);
#5338=LINE('',#10653,#6033);
#5339=LINE('',#10655,#6034);
#5340=LINE('',#10665,#6035);
#5341=LINE('',#10667,#6036);
#5342=LINE('',#10677,#6037);
#5343=LINE('',#10679,#6038);
#5344=LINE('',#10681,#6039);
#5345=LINE('',#10683,#6040);
#5346=LINE('',#10685,#6041);
#5347=LINE('',#10737,#6042);
#5348=LINE('',#10739,#6043);
#5349=LINE('',#10741,#6044);
#5350=LINE('',#10743,#6045);
#5351=LINE('',#10745,#6046);
#5352=LINE('',#10747,#6047);
#5353=LINE('',#10749,#6048);
#5354=LINE('',#10751,#6049);
#5355=LINE('',#10753,#6050);
#5356=LINE('',#10755,#6051);
#5357=LINE('',#10757,#6052);
#5358=LINE('',#10769,#6053);
#5359=LINE('',#10783,#6054);
#5360=LINE('',#10799,#6055);
#5361=LINE('',#10847,#6056);
#5362=LINE('',#10849,#6057);
#5363=LINE('',#10851,#6058);
#5364=LINE('',#10853,#6059);
#5365=LINE('',#10855,#6060);
#5366=LINE('',#10895,#6061);
#5367=LINE('',#10897,#6062);
#5368=LINE('',#10899,#6063);
#5369=LINE('',#10901,#6064);
#5370=LINE('',#10903,#6065);
#5371=LINE('',#10926,#6066);
#5372=LINE('',#10929,#6067);
#5373=LINE('',#10931,#6068);
#5374=LINE('',#10933,#6069);
#5375=LINE('',#10935,#6070);
#5376=LINE('',#10937,#6071);
#5377=LINE('',#10939,#6072);
#5378=LINE('',#10941,#6073);
#5379=LINE('',#10943,#6074);
#5380=LINE('',#10945,#6075);
#5381=LINE('',#10947,#6076);
#5382=LINE('',#10949,#6077);
#5383=LINE('',#10951,#6078);
#5384=LINE('',#10952,#6079);
#5385=LINE('',#10955,#6080);
#5386=LINE('',#10957,#6081);
#5387=LINE('',#10959,#6082);
#5388=LINE('',#10961,#6083);
#5389=LINE('',#10967,#6084);
#5390=LINE('',#10968,#6085);
#5391=LINE('',#10971,#6086);
#5392=LINE('',#10973,#6087);
#5393=LINE('',#11034,#6088);
#5394=LINE('',#11038,#6089);
#5395=LINE('',#11040,#6090);
#5396=LINE('',#11042,#6091);
#5397=LINE('',#11044,#6092);
#5398=LINE('',#11053,#6093);
#5399=LINE('',#11079,#6094);
#5400=LINE('',#11080,#6095);
#5401=LINE('',#11082,#6096);
#5402=LINE('',#11108,#6097);
#5403=LINE('',#11111,#6098);
#5404=LINE('',#11112,#6099);
#5405=LINE('',#11114,#6100);
#5406=LINE('',#11116,#6101);
#5407=LINE('',#11118,#6102);
#5408=LINE('',#11153,#6103);
#5409=LINE('',#11155,#6104);
#5410=LINE('',#11157,#6105);
#5411=LINE('',#11159,#6106);
#5412=LINE('',#11161,#6107);
#5413=LINE('',#11163,#6108);
#5414=LINE('',#11165,#6109);
#5415=LINE('',#11167,#6110);
#5416=LINE('',#11169,#6111);
#5417=LINE('',#11171,#6112);
#5418=LINE('',#11173,#6113);
#5419=LINE('',#11175,#6114);
#5420=LINE('',#11177,#6115);
#5421=LINE('',#11179,#6116);
#5422=LINE('',#11181,#6117);
#5423=LINE('',#11183,#6118);
#5424=LINE('',#11185,#6119);
#5425=LINE('',#11187,#6120);
#5426=LINE('',#11189,#6121);
#5427=LINE('',#11191,#6122);
#5428=LINE('',#11193,#6123);
#5429=LINE('',#11195,#6124);
#5430=LINE('',#11197,#6125);
#5431=LINE('',#11199,#6126);
#5432=LINE('',#11201,#6127);
#5433=LINE('',#11203,#6128);
#5434=LINE('',#11209,#6129);
#5435=LINE('',#11213,#6130);
#5436=LINE('',#11226,#6131);
#5437=LINE('',#11243,#6132);
#5438=LINE('',#11260,#6133);
#5439=LINE('',#11277,#6134);
#5440=LINE('',#11285,#6135);
#5441=LINE('',#11300,#6136);
#5442=LINE('',#11317,#6137);
#5443=LINE('',#11334,#6138);
#5444=LINE('',#11347,#6139);
#5445=LINE('',#11353,#6140);
#5446=LINE('',#11355,#6141);
#5447=LINE('',#11366,#6142);
#5448=LINE('',#11379,#6143);
#5449=LINE('',#11392,#6144);
#5450=LINE('',#11405,#6145);
#5451=LINE('',#11418,#6146);
#5452=LINE('',#11424,#6147);
#5453=LINE('',#11426,#6148);
#5454=LINE('',#11428,#6149);
#5455=LINE('',#11430,#6150);
#5456=LINE('',#11432,#6151);
#5457=LINE('',#11434,#6152);
#5458=LINE('',#11436,#6153);
#5459=LINE('',#11438,#6154);
#5460=LINE('',#11440,#6155);
#5461=LINE('',#11442,#6156);
#5462=LINE('',#11451,#6157);
#5463=LINE('',#11464,#6158);
#5464=LINE('',#11470,#6159);
#5465=LINE('',#11504,#6160);
#5466=LINE('',#11508,#6161);
#5467=LINE('',#11521,#6162);
#5468=LINE('',#11538,#6163);
#5469=LINE('',#11555,#6164);
#5470=LINE('',#11572,#6165);
#5471=LINE('',#11580,#6166);
#5472=LINE('',#11595,#6167);
#5473=LINE('',#11612,#6168);
#5474=LINE('',#11629,#6169);
#5475=LINE('',#11642,#6170);
#5476=LINE('',#11648,#6171);
#5477=LINE('',#11650,#6172);
#5478=LINE('',#11661,#6173);
#5479=LINE('',#11674,#6174);
#5480=LINE('',#11687,#6175);
#5481=LINE('',#11700,#6176);
#5482=LINE('',#11706,#6177);
#5483=LINE('',#11710,#6178);
#5484=LINE('',#11712,#6179);
#5485=LINE('',#11714,#6180);
#5486=LINE('',#11716,#6181);
#5487=LINE('',#11718,#6182);
#5488=LINE('',#11720,#6183);
#5489=LINE('',#11722,#6184);
#5490=LINE('',#11724,#6185);
#5491=LINE('',#11726,#6186);
#5492=LINE('',#11728,#6187);
#5493=LINE('',#11737,#6188);
#5494=LINE('',#11750,#6189);
#5495=LINE('',#11756,#6190);
#5496=LINE('',#11790,#6191);
#5497=LINE('',#11794,#6192);
#5498=LINE('',#11796,#6193);
#5499=LINE('',#11798,#6194);
#5500=LINE('',#11800,#6195);
#5501=LINE('',#11813,#6196);
#5502=LINE('',#11821,#6197);
#5503=LINE('',#11836,#6198);
#5504=LINE('',#11849,#6199);
#5505=LINE('',#11855,#6200);
#5506=LINE('',#11864,#6201);
#5507=LINE('',#11870,#6202);
#5508=LINE('',#11881,#6203);
#5509=LINE('',#11887,#6204);
#5510=LINE('',#11898,#6205);
#5511=LINE('',#11911,#6206);
#5512=LINE('',#11924,#6207);
#5513=LINE('',#11937,#6208);
#5514=LINE('',#11943,#6209);
#5515=LINE('',#11945,#6210);
#5516=LINE('',#11954,#6211);
#5517=LINE('',#11967,#6212);
#5518=LINE('',#11980,#6213);
#5519=LINE('',#11986,#6214);
#5520=LINE('',#11990,#6215);
#5521=LINE('',#11992,#6216);
#5522=LINE('',#11994,#6217);
#5523=LINE('',#11998,#6218);
#5524=LINE('',#12036,#6219);
#5525=LINE('',#12042,#6220);
#5526=LINE('',#12044,#6221);
#5527=LINE('',#12046,#6222);
#5528=LINE('',#12048,#6223);
#5529=LINE('',#12059,#6224);
#5530=LINE('',#12072,#6225);
#5531=LINE('',#12078,#6226);
#5532=LINE('',#12080,#6227);
#5533=LINE('',#12082,#6228);
#5534=LINE('',#12084,#6229);
#5535=LINE('',#12086,#6230);
#5536=LINE('',#12088,#6231);
#5537=LINE('',#12090,#6232);
#5538=LINE('',#12092,#6233);
#5539=LINE('',#12094,#6234);
#5540=LINE('',#12096,#6235);
#5541=LINE('',#12098,#6236);
#5542=LINE('',#12100,#6237);
#5543=LINE('',#12102,#6238);
#5544=LINE('',#12104,#6239);
#5545=LINE('',#12106,#6240);
#5546=LINE('',#12108,#6241);
#5547=LINE('',#12110,#6242);
#5548=LINE('',#12112,#6243);
#5549=LINE('',#12114,#6244);
#5550=LINE('',#12116,#6245);
#5551=LINE('',#12118,#6246);
#5552=LINE('',#12120,#6247);
#5553=LINE('',#12137,#6248);
#5554=LINE('',#12141,#6249);
#5555=LINE('',#12154,#6250);
#5556=LINE('',#12171,#6251);
#5557=LINE('',#12179,#6252);
#5558=LINE('',#12194,#6253);
#5559=LINE('',#12211,#6254);
#5560=LINE('',#12228,#6255);
#5561=LINE('',#12245,#6256);
#5562=LINE('',#12253,#6257);
#5563=LINE('',#12264,#6258);
#5564=LINE('',#12270,#6259);
#5565=LINE('',#12279,#6260);
#5566=LINE('',#12285,#6261);
#5567=LINE('',#12296,#6262);
#5568=LINE('',#12309,#6263);
#5569=LINE('',#12322,#6264);
#5570=LINE('',#12335,#6265);
#5571=LINE('',#12348,#6266);
#5572=LINE('',#12354,#6267);
#5573=LINE('',#12365,#6268);
#5574=LINE('',#12378,#6269);
#5575=LINE('',#12398,#6270);
#5576=LINE('',#12404,#6271);
#5577=LINE('',#12406,#6272);
#5578=LINE('',#12408,#6273);
#5579=LINE('',#12410,#6274);
#5580=LINE('',#12412,#6275);
#5581=LINE('',#12414,#6276);
#5582=LINE('',#12416,#6277);
#5583=LINE('',#12418,#6278);
#5584=LINE('',#12420,#6279);
#5585=LINE('',#12422,#6280);
#5586=LINE('',#12424,#6281);
#5587=LINE('',#12433,#6282);
#5588=LINE('',#12446,#6283);
#5589=LINE('',#12452,#6284);
#5590=LINE('',#12454,#6285);
#5591=LINE('',#12456,#6286);
#5592=LINE('',#12458,#6287);
#5593=LINE('',#12472,#6288);
#5594=LINE('',#12474,#6289);
#5595=LINE('',#12476,#6290);
#5596=LINE('',#12478,#6291);
#5597=LINE('',#12480,#6292);
#5598=LINE('',#12482,#6293);
#5599=LINE('',#12484,#6294);
#5600=LINE('',#12486,#6295);
#5601=LINE('',#12488,#6296);
#5602=LINE('',#12490,#6297);
#5603=LINE('',#12492,#6298);
#5604=LINE('',#12494,#6299);
#5605=LINE('',#12496,#6300);
#5606=LINE('',#12498,#6301);
#5607=LINE('',#12500,#6302);
#5608=LINE('',#12502,#6303);
#5609=LINE('',#12504,#6304);
#5610=LINE('',#12506,#6305);
#5611=LINE('',#12508,#6306);
#5612=LINE('',#12510,#6307);
#5613=LINE('',#12512,#6308);
#5614=LINE('',#12514,#6309);
#5615=LINE('',#12516,#6310);
#5616=LINE('',#12518,#6311);
#5617=LINE('',#12524,#6312);
#5618=LINE('',#12528,#6313);
#5619=LINE('',#12541,#6314);
#5620=LINE('',#12558,#6315);
#5621=LINE('',#12575,#6316);
#5622=LINE('',#12592,#6317);
#5623=LINE('',#12600,#6318);
#5624=LINE('',#12615,#6319);
#5625=LINE('',#12632,#6320);
#5626=LINE('',#12649,#6321);
#5627=LINE('',#12662,#6322);
#5628=LINE('',#12668,#6323);
#5629=LINE('',#12670,#6324);
#5630=LINE('',#12681,#6325);
#5631=LINE('',#12694,#6326);
#5632=LINE('',#12707,#6327);
#5633=LINE('',#12720,#6328);
#5634=LINE('',#12733,#6329);
#5635=LINE('',#12739,#6330);
#5636=LINE('',#12741,#6331);
#5637=LINE('',#12743,#6332);
#5638=LINE('',#12745,#6333);
#5639=LINE('',#12747,#6334);
#5640=LINE('',#12749,#6335);
#5641=LINE('',#12751,#6336);
#5642=LINE('',#12753,#6337);
#5643=LINE('',#12755,#6338);
#5644=LINE('',#12757,#6339);
#5645=LINE('',#12766,#6340);
#5646=LINE('',#12779,#6341);
#5647=LINE('',#12785,#6342);
#5648=LINE('',#12823,#6343);
#5649=LINE('',#12829,#6344);
#5650=LINE('',#12831,#6345);
#5651=LINE('',#12842,#6346);
#5652=LINE('',#12855,#6347);
#5653=LINE('',#12868,#6348);
#5654=LINE('',#12881,#6349);
#5655=LINE('',#12887,#6350);
#5656=LINE('',#12889,#6351);
#5657=LINE('',#12898,#6352);
#5658=LINE('',#12911,#6353);
#5659=LINE('',#12924,#6354);
#5660=LINE('',#12930,#6355);
#5661=LINE('',#12941,#6356);
#5662=LINE('',#12954,#6357);
#5663=LINE('',#12967,#6358);
#5664=LINE('',#12973,#6359);
#5665=LINE('',#12975,#6360);
#5666=LINE('',#12984,#6361);
#5667=LINE('',#12997,#6362);
#5668=LINE('',#13010,#6363);
#5669=LINE('',#13019,#6364);
#5670=LINE('',#13021,#6365);
#5671=LINE('',#13023,#6366);
#5672=LINE('',#13025,#6367);
#5673=LINE('',#13027,#6368);
#5674=LINE('',#13029,#6369);
#5675=LINE('',#13031,#6370);
#5676=LINE('',#13033,#6371);
#5677=LINE('',#13035,#6372);
#5678=LINE('',#13037,#6373);
#5679=LINE('',#13039,#6374);
#5680=LINE('',#13041,#6375);
#5681=LINE('',#13043,#6376);
#5682=LINE('',#13045,#6377);
#5683=LINE('',#13047,#6378);
#5684=LINE('',#13049,#6379);
#5685=LINE('',#13051,#6380);
#5686=LINE('',#13053,#6381);
#5687=LINE('',#13055,#6382);
#5688=LINE('',#13057,#6383);
#5689=LINE('',#13059,#6384);
#5690=LINE('',#13061,#6385);
#5691=LINE('',#13071,#6386);
#5692=LINE('',#13077,#6387);
#5693=LINE('',#13079,#6388);
#5694=LINE('',#13090,#6389);
#5695=LINE('',#13103,#6390);
#5696=LINE('',#13116,#6391);
#5697=LINE('',#13129,#6392);
#5698=LINE('',#13142,#6393);
#5699=LINE('',#13148,#6394);
#5700=LINE('',#13150,#6395);
#5701=LINE('',#13159,#6396);
#5702=LINE('',#13165,#6397);
#5703=LINE('',#13176,#6398);
#5704=LINE('',#13189,#6399);
#5705=LINE('',#13195,#6400);
#5706=LINE('',#13206,#6401);
#5707=LINE('',#13219,#6402);
#5708=LINE('',#13232,#6403);
#5709=LINE('',#13245,#6404);
#5710=LINE('',#13251,#6405);
#5711=LINE('',#13253,#6406);
#5712=LINE('',#13262,#6407);
#5713=LINE('',#13275,#6408);
#5714=LINE('',#13288,#6409);
#5715=LINE('',#13297,#6410);
#5716=LINE('',#13299,#6411);
#5717=LINE('',#13301,#6412);
#5718=LINE('',#13303,#6413);
#5719=LINE('',#13305,#6414);
#5720=LINE('',#13307,#6415);
#5721=LINE('',#13309,#6416);
#5722=LINE('',#13311,#6417);
#5723=LINE('',#13314,#6418);
#5724=LINE('',#13316,#6419);
#5725=LINE('',#13318,#6420);
#5726=LINE('',#13320,#6421);
#5727=LINE('',#13322,#6422);
#5728=LINE('',#13324,#6423);
#5729=LINE('',#13326,#6424);
#5730=LINE('',#13335,#6425);
#5731=LINE('',#13348,#6426);
#5732=LINE('',#13361,#6427);
#5733=LINE('',#13374,#6428);
#5734=LINE('',#13380,#6429);
#5735=LINE('',#13384,#6430);
#5736=LINE('',#13386,#6431);
#5737=LINE('',#13388,#6432);
#5738=LINE('',#13390,#6433);
#5739=LINE('',#13392,#6434);
#5740=LINE('',#13394,#6435);
#5741=LINE('',#13396,#6436);
#5742=LINE('',#13407,#6437);
#5743=LINE('',#13420,#6438);
#5744=LINE('',#13426,#6439);
#5745=LINE('',#13430,#6440);
#5746=LINE('',#13434,#6441);
#5747=LINE('',#13436,#6442);
#5748=LINE('',#13438,#6443);
#5749=LINE('',#13444,#6444);
#5750=LINE('',#13448,#6445);
#5751=LINE('',#13461,#6446);
#5752=LINE('',#13478,#6447);
#5753=LINE('',#13495,#6448);
#5754=LINE('',#13512,#6449);
#5755=LINE('',#13520,#6450);
#5756=LINE('',#13535,#6451);
#5757=LINE('',#13552,#6452);
#5758=LINE('',#13569,#6453);
#5759=LINE('',#13582,#6454);
#5760=LINE('',#13588,#6455);
#5761=LINE('',#13590,#6456);
#5762=LINE('',#13592,#6457);
#5763=LINE('',#13594,#6458);
#5764=LINE('',#13596,#6459);
#5765=LINE('',#13598,#6460);
#5766=LINE('',#13600,#6461);
#5767=LINE('',#13602,#6462);
#5768=LINE('',#13604,#6463);
#5769=LINE('',#13606,#6464);
#5770=LINE('',#13608,#6465);
#5771=LINE('',#13617,#6466);
#5772=LINE('',#13630,#6467);
#5773=LINE('',#13636,#6468);
#5774=LINE('',#13647,#6469);
#5775=LINE('',#13660,#6470);
#5776=LINE('',#13666,#6471);
#5777=LINE('',#13677,#6472);
#5778=LINE('',#13690,#6473);
#5779=LINE('',#13726,#6474);
#5780=LINE('',#13730,#6475);
#5781=LINE('',#13743,#6476);
#5782=LINE('',#13760,#6477);
#5783=LINE('',#13766,#6478);
#5784=LINE('',#13768,#6479);
#5785=LINE('',#13770,#6480);
#5786=LINE('',#13772,#6481);
#5787=LINE('',#13774,#6482);
#5788=LINE('',#13776,#6483);
#5789=LINE('',#13778,#6484);
#5790=LINE('',#13780,#6485);
#5791=LINE('',#13782,#6486);
#5792=LINE('',#13795,#6487);
#5793=LINE('',#13808,#6488);
#5794=LINE('',#13814,#6489);
#5795=LINE('',#13816,#6490);
#5796=LINE('',#13818,#6491);
#5797=LINE('',#13820,#6492);
#5798=LINE('',#13822,#6493);
#5799=LINE('',#13824,#6494);
#5800=LINE('',#13826,#6495);
#5801=LINE('',#13828,#6496);
#5802=LINE('',#13830,#6497);
#5803=LINE('',#13832,#6498);
#5804=LINE('',#13834,#6499);
#5805=LINE('',#13836,#6500);
#5806=LINE('',#13838,#6501);
#5807=LINE('',#13840,#6502);
#5808=LINE('',#13842,#6503);
#5809=LINE('',#13844,#6504);
#5810=LINE('',#13846,#6505);
#5811=LINE('',#13855,#6506);
#5812=LINE('',#13868,#6507);
#5813=LINE('',#13874,#6508);
#5814=LINE('',#13912,#6509);
#5815=LINE('',#13918,#6510);
#5816=LINE('',#13920,#6511);
#5817=LINE('',#13931,#6512);
#5818=LINE('',#13944,#6513);
#5819=LINE('',#13957,#6514);
#5820=LINE('',#13970,#6515);
#5821=LINE('',#13983,#6516);
#5822=LINE('',#13989,#6517);
#5823=LINE('',#13991,#6518);
#5824=LINE('',#14000,#6519);
#5825=LINE('',#14006,#6520);
#5826=LINE('',#14017,#6521);
#5827=LINE('',#14030,#6522);
#5828=LINE('',#14036,#6523);
#5829=LINE('',#14047,#6524);
#5830=LINE('',#14060,#6525);
#5831=LINE('',#14073,#6526);
#5832=LINE('',#14086,#6527);
#5833=LINE('',#14092,#6528);
#5834=LINE('',#14094,#6529);
#5835=LINE('',#14103,#6530);
#5836=LINE('',#14116,#6531);
#5837=LINE('',#14129,#6532);
#5838=LINE('',#14138,#6533);
#5839=LINE('',#14140,#6534);
#5840=LINE('',#14142,#6535);
#5841=LINE('',#14144,#6536);
#5842=LINE('',#14146,#6537);
#5843=LINE('',#14148,#6538);
#5844=LINE('',#14150,#6539);
#5845=LINE('',#14152,#6540);
#5846=LINE('',#14158,#6541);
#5847=LINE('',#14162,#6542);
#5848=LINE('',#14175,#6543);
#5849=LINE('',#14192,#6544);
#5850=LINE('',#14198,#6545);
#5851=LINE('',#14200,#6546);
#5852=LINE('',#14202,#6547);
#5853=LINE('',#14204,#6548);
#5854=LINE('',#14206,#6549);
#5855=LINE('',#14208,#6550);
#5856=LINE('',#14210,#6551);
#5857=LINE('',#14212,#6552);
#5858=LINE('',#14214,#6553);
#5859=LINE('',#14227,#6554);
#5860=LINE('',#14245,#6555);
#5861=LINE('',#14251,#6556);
#5862=LINE('',#14253,#6557);
#5863=LINE('',#14255,#6558);
#5864=LINE('',#14257,#6559);
#5865=LINE('',#14259,#6560);
#5866=LINE('',#14261,#6561);
#5867=LINE('',#14263,#6562);
#5868=LINE('',#14265,#6563);
#5869=LINE('',#14267,#6564);
#5870=LINE('',#14269,#6565);
#5871=LINE('',#14282,#6566);
#5872=LINE('',#14299,#6567);
#5873=LINE('',#14307,#6568);
#5874=LINE('',#14318,#6569);
#5875=LINE('',#14324,#6570);
#5876=LINE('',#14326,#6571);
#5877=LINE('',#14337,#6572);
#5878=LINE('',#14350,#6573);
#5879=LINE('',#14356,#6574);
#5880=LINE('',#14358,#6575);
#5881=LINE('',#14360,#6576);
#5882=LINE('',#14362,#6577);
#5883=LINE('',#14364,#6578);
#5884=LINE('',#14366,#6579);
#5885=LINE('',#14375,#6580);
#5886=LINE('',#14388,#6581);
#5887=LINE('',#14394,#6582);
#5888=LINE('',#14405,#6583);
#5889=LINE('',#14418,#6584);
#5890=LINE('',#14469,#6585);
#5891=LINE('',#14475,#6586);
#5892=LINE('',#14488,#6587);
#5893=LINE('',#14505,#6588);
#5894=LINE('',#14522,#6589);
#5895=LINE('',#14530,#6590);
#5896=LINE('',#14545,#6591);
#5897=LINE('',#14562,#6592);
#5898=LINE('',#14579,#6593);
#5899=LINE('',#14587,#6594);
#5900=LINE('',#14598,#6595);
#5901=LINE('',#14604,#6596);
#5902=LINE('',#14613,#6597);
#5903=LINE('',#14626,#6598);
#5904=LINE('',#14639,#6599);
#5905=LINE('',#14652,#6600);
#5906=LINE('',#14658,#6601);
#5907=LINE('',#14669,#6602);
#5908=LINE('',#14682,#6603);
#5909=LINE('',#14688,#6604);
#5910=LINE('',#14699,#6605);
#5911=LINE('',#14712,#6606);
#5912=LINE('',#14736,#6607);
#5913=LINE('',#14739,#6608);
#5914=LINE('',#14741,#6609);
#5915=LINE('',#14743,#6610);
#5916=LINE('',#14745,#6611);
#5917=LINE('',#14747,#6612);
#5918=LINE('',#14749,#6613);
#5919=LINE('',#14751,#6614);
#5920=LINE('',#14753,#6615);
#5921=LINE('',#14755,#6616);
#5922=LINE('',#14757,#6617);
#5923=LINE('',#14759,#6618);
#5924=LINE('',#14761,#6619);
#5925=LINE('',#14763,#6620);
#5926=LINE('',#14765,#6621);
#5927=LINE('',#14767,#6622);
#5928=LINE('',#14769,#6623);
#5929=LINE('',#14771,#6624);
#5930=LINE('',#14773,#6625);
#5931=LINE('',#14775,#6626);
#5932=LINE('',#14777,#6627);
#5933=LINE('',#14779,#6628);
#5934=LINE('',#14781,#6629);
#5935=LINE('',#14783,#6630);
#5936=LINE('',#14784,#6631);
#5937=LINE('',#14788,#6632);
#5938=LINE('',#14790,#6633);
#5939=LINE('',#14792,#6634);
#5940=LINE('',#14794,#6635);
#5941=LINE('',#14796,#6636);
#5942=LINE('',#14798,#6637);
#5943=LINE('',#14800,#6638);
#5944=LINE('',#14802,#6639);
#5945=LINE('',#14804,#6640);
#5946=LINE('',#14806,#6641);
#5947=LINE('',#14808,#6642);
#5948=LINE('',#14810,#6643);
#5949=LINE('',#14812,#6644);
#5950=LINE('',#14814,#6645);
#5951=LINE('',#14816,#6646);
#5952=LINE('',#14818,#6647);
#5953=VECTOR('',#8637,1.);
#5954=VECTOR('',#8638,1.);
#5955=VECTOR('',#8639,1.);
#5956=VECTOR('',#8640,1.);
#5957=VECTOR('',#8641,1.);
#5958=VECTOR('',#8642,1.);
#5959=VECTOR('',#8643,1.);
#5960=VECTOR('',#8644,1.);
#5961=VECTOR('',#8645,1.);
#5962=VECTOR('',#8646,1.);
#5963=VECTOR('',#8647,1.);
#5964=VECTOR('',#8648,1.);
#5965=VECTOR('',#8649,1.);
#5966=VECTOR('',#8650,1.);
#5967=VECTOR('',#8651,1.);
#5968=VECTOR('',#8652,1.);
#5969=VECTOR('',#8663,1.);
#5970=VECTOR('',#8664,1.);
#5971=VECTOR('',#8665,1.);
#5972=VECTOR('',#8668,1.);
#5973=VECTOR('',#8669,1.);
#5974=VECTOR('',#8670,1.);
#5975=VECTOR('',#8671,1.);
#5976=VECTOR('',#8674,1.);
#5977=VECTOR('',#8679,1.);
#5978=VECTOR('',#8684,1.);
#5979=VECTOR('',#8685,1.);
#5980=VECTOR('',#8686,1.);
#5981=VECTOR('',#8687,1.);
#5982=VECTOR('',#8688,1.);
#5983=VECTOR('',#8689,1.);
#5984=VECTOR('',#8690,1.);
#5985=VECTOR('',#8691,1.);
#5986=VECTOR('',#8696,1.);
#5987=VECTOR('',#8697,1.);
#5988=VECTOR('',#8698,1.);
#5989=VECTOR('',#8699,1.);
#5990=VECTOR('',#8700,1.);
#5991=VECTOR('',#8701,1.);
#5992=VECTOR('',#8702,1.);
#5993=VECTOR('',#8703,1.);
#5994=VECTOR('',#8710,1.);
#5995=VECTOR('',#8711,1.);
#5996=VECTOR('',#8712,1.);
#5997=VECTOR('',#8715,1.);
#5998=VECTOR('',#8716,1.);
#5999=VECTOR('',#8717,1.);
#6000=VECTOR('',#8718,1.);
#6001=VECTOR('',#8719,1.);
#6002=VECTOR('',#8720,1.);
#6003=VECTOR('',#8723,1.);
#6004=VECTOR('',#8728,1.);
#6005=VECTOR('',#8731,1.);
#6006=VECTOR('',#8732,1.);
#6007=VECTOR('',#8733,1.);
#6008=VECTOR('',#8734,1.);
#6009=VECTOR('',#8735,1.);
#6010=VECTOR('',#8736,1.);
#6011=VECTOR('',#8737,1.);
#6012=VECTOR('',#8738,1.);
#6013=VECTOR('',#8739,1.);
#6014=VECTOR('',#8740,1.);
#6015=VECTOR('',#8741,1.);
#6016=VECTOR('',#8744,1.);
#6017=VECTOR('',#8747,1.);
#6018=VECTOR('',#8752,1.);
#6019=VECTOR('',#8753,1.);
#6020=VECTOR('',#8754,1.);
#6021=VECTOR('',#8755,1.);
#6022=VECTOR('',#8756,1.);
#6023=VECTOR('',#8759,1.);
#6024=VECTOR('',#8760,1.);
#6025=VECTOR('',#8761,1.);
#6026=VECTOR('',#8762,1.);
#6027=VECTOR('',#8763,1.);
#6028=VECTOR('',#8764,1.);
#6029=VECTOR('',#8765,1.);
#6030=VECTOR('',#8766,1.);
#6031=VECTOR('',#8767,1.);
#6032=VECTOR('',#8768,1.);
#6033=VECTOR('',#8769,1.);
#6034=VECTOR('',#8770,1.);
#6035=VECTOR('',#8771,1.);
#6036=VECTOR('',#8772,1.);
#6037=VECTOR('',#8773,1.);
#6038=VECTOR('',#8774,1.);
#6039=VECTOR('',#8775,1.);
#6040=VECTOR('',#8776,1.);
#6041=VECTOR('',#8777,1.);
#6042=VECTOR('',#8784,1.);
#6043=VECTOR('',#8785,1.);
#6044=VECTOR('',#8786,1.);
#6045=VECTOR('',#8787,1.);
#6046=VECTOR('',#8788,1.);
#6047=VECTOR('',#8789,1.);
#6048=VECTOR('',#8790,1.);
#6049=VECTOR('',#8791,1.);
#6050=VECTOR('',#8792,1.);
#6051=VECTOR('',#8793,1.);
#6052=VECTOR('',#8794,1.);
#6053=VECTOR('',#8797,1.);
#6054=VECTOR('',#8802,1.);
#6055=VECTOR('',#8805,1.);
#6056=VECTOR('',#8812,1.);
#6057=VECTOR('',#8813,1.);
#6058=VECTOR('',#8814,1.);
#6059=VECTOR('',#8815,1.);
#6060=VECTOR('',#8816,1.);
#6061=VECTOR('',#8823,1.);
#6062=VECTOR('',#8824,1.);
#6063=VECTOR('',#8825,1.);
#6064=VECTOR('',#8826,1.);
#6065=VECTOR('',#8827,1.);
#6066=VECTOR('',#8830,1.);
#6067=VECTOR('',#8831,1.);
#6068=VECTOR('',#8832,1.);
#6069=VECTOR('',#8833,1.);
#6070=VECTOR('',#8834,1.);
#6071=VECTOR('',#8835,1.);
#6072=VECTOR('',#8836,1.);
#6073=VECTOR('',#8837,1.);
#6074=VECTOR('',#8838,1.);
#6075=VECTOR('',#8839,1.);
#6076=VECTOR('',#8840,1.);
#6077=VECTOR('',#8841,1.);
#6078=VECTOR('',#8842,1.);
#6079=VECTOR('',#8843,1.);
#6080=VECTOR('',#8844,1.);
#6081=VECTOR('',#8845,1.);
#6082=VECTOR('',#8846,1.);
#6083=VECTOR('',#8849,1.);
#6084=VECTOR('',#8854,1.);
#6085=VECTOR('',#8855,1.);
#6086=VECTOR('',#8856,1.);
#6087=VECTOR('',#8857,1.);
#6088=VECTOR('',#8870,1.);
#6089=VECTOR('',#8875,1.);
#6090=VECTOR('',#8876,1.);
#6091=VECTOR('',#8879,1.);
#6092=VECTOR('',#8882,1.);
#6093=VECTOR('',#8883,1.);
#6094=VECTOR('',#8888,1.);
#6095=VECTOR('',#8889,1.);
#6096=VECTOR('',#8892,1.);
#6097=VECTOR('',#8897,1.);
#6098=VECTOR('',#8898,1.);
#6099=VECTOR('',#8899,1.);
#6100=VECTOR('',#8902,1.);
#6101=VECTOR('',#8905,1.);
#6102=VECTOR('',#8908,1.);
#6103=VECTOR('',#8921,1.);
#6104=VECTOR('',#8922,1.);
#6105=VECTOR('',#8923,1.);
#6106=VECTOR('',#8926,1.);
#6107=VECTOR('',#8927,1.);
#6108=VECTOR('',#8930,1.);
#6109=VECTOR('',#8931,1.);
#6110=VECTOR('',#8934,1.);
#6111=VECTOR('',#8935,1.);
#6112=VECTOR('',#8938,1.);
#6113=VECTOR('',#8939,1.);
#6114=VECTOR('',#8942,1.);
#6115=VECTOR('',#8943,1.);
#6116=VECTOR('',#8946,1.);
#6117=VECTOR('',#8947,1.);
#6118=VECTOR('',#8950,1.);
#6119=VECTOR('',#8951,1.);
#6120=VECTOR('',#8954,1.);
#6121=VECTOR('',#8955,1.);
#6122=VECTOR('',#8958,1.);
#6123=VECTOR('',#8959,1.);
#6124=VECTOR('',#8962,1.);
#6125=VECTOR('',#8963,1.);
#6126=VECTOR('',#8966,1.);
#6127=VECTOR('',#8967,1.);
#6128=VECTOR('',#8970,1.);
#6129=VECTOR('',#8977,1.);
#6130=VECTOR('',#8980,1.);
#6131=VECTOR('',#8981,1.);
#6132=VECTOR('',#8982,1.);
#6133=VECTOR('',#8983,1.);
#6134=VECTOR('',#8984,1.);
#6135=VECTOR('',#8989,1.);
#6136=VECTOR('',#8992,1.);
#6137=VECTOR('',#8993,1.);
#6138=VECTOR('',#8994,1.);
#6139=VECTOR('',#8995,1.);
#6140=VECTOR('',#8996,1.);
#6141=VECTOR('',#8999,1.);
#6142=VECTOR('',#9002,1.);
#6143=VECTOR('',#9003,1.);
#6144=VECTOR('',#9004,1.);
#6145=VECTOR('',#9005,1.);
#6146=VECTOR('',#9006,1.);
#6147=VECTOR('',#9009,1.);
#6148=VECTOR('',#9010,1.);
#6149=VECTOR('',#9013,1.);
#6150=VECTOR('',#9014,1.);
#6151=VECTOR('',#9017,1.);
#6152=VECTOR('',#9018,1.);
#6153=VECTOR('',#9021,1.);
#6154=VECTOR('',#9022,1.);
#6155=VECTOR('',#9025,1.);
#6156=VECTOR('',#9026,1.);
#6157=VECTOR('',#9027,1.);
#6158=VECTOR('',#9028,1.);
#6159=VECTOR('',#9031,1.);
#6160=VECTOR('',#9042,1.);
#6161=VECTOR('',#9045,1.);
#6162=VECTOR('',#9046,1.);
#6163=VECTOR('',#9047,1.);
#6164=VECTOR('',#9048,1.);
#6165=VECTOR('',#9049,1.);
#6166=VECTOR('',#9054,1.);
#6167=VECTOR('',#9057,1.);
#6168=VECTOR('',#9058,1.);
#6169=VECTOR('',#9059,1.);
#6170=VECTOR('',#9060,1.);
#6171=VECTOR('',#9061,1.);
#6172=VECTOR('',#9064,1.);
#6173=VECTOR('',#9067,1.);
#6174=VECTOR('',#9068,1.);
#6175=VECTOR('',#9069,1.);
#6176=VECTOR('',#9070,1.);
#6177=VECTOR('',#9073,1.);
#6178=VECTOR('',#9078,1.);
#6179=VECTOR('',#9079,1.);
#6180=VECTOR('',#9082,1.);
#6181=VECTOR('',#9083,1.);
#6182=VECTOR('',#9086,1.);
#6183=VECTOR('',#9087,1.);
#6184=VECTOR('',#9090,1.);
#6185=VECTOR('',#9091,1.);
#6186=VECTOR('',#9094,1.);
#6187=VECTOR('',#9095,1.);
#6188=VECTOR('',#9096,1.);
#6189=VECTOR('',#9097,1.);
#6190=VECTOR('',#9100,1.);
#6191=VECTOR('',#9111,1.);
#6192=VECTOR('',#9114,1.);
#6193=VECTOR('',#9117,1.);
#6194=VECTOR('',#9118,1.);
#6195=VECTOR('',#9119,1.);
#6196=VECTOR('',#9120,1.);
#6197=VECTOR('',#9125,1.);
#6198=VECTOR('',#9128,1.);
#6199=VECTOR('',#9129,1.);
#6200=VECTOR('',#9130,1.);
#6201=VECTOR('',#9131,1.);
#6202=VECTOR('',#9134,1.);
#6203=VECTOR('',#9137,1.);
#6204=VECTOR('',#9140,1.);
#6205=VECTOR('',#9143,1.);
#6206=VECTOR('',#9144,1.);
#6207=VECTOR('',#9145,1.);
#6208=VECTOR('',#9146,1.);
#6209=VECTOR('',#9149,1.);
#6210=VECTOR('',#9150,1.);
#6211=VECTOR('',#9151,1.);
#6212=VECTOR('',#9152,1.);
#6213=VECTOR('',#9153,1.);
#6214=VECTOR('',#9156,1.);
#6215=VECTOR('',#9161,1.);
#6216=VECTOR('',#9162,1.);
#6217=VECTOR('',#9165,1.);
#6218=VECTOR('',#9170,1.);
#6219=VECTOR('',#9177,1.);
#6220=VECTOR('',#9178,1.);
#6221=VECTOR('',#9181,1.);
#6222=VECTOR('',#9182,1.);
#6223=VECTOR('',#9185,1.);
#6224=VECTOR('',#9188,1.);
#6225=VECTOR('',#9189,1.);
#6226=VECTOR('',#9192,1.);
#6227=VECTOR('',#9193,1.);
#6228=VECTOR('',#9196,1.);
#6229=VECTOR('',#9197,1.);
#6230=VECTOR('',#9200,1.);
#6231=VECTOR('',#9201,1.);
#6232=VECTOR('',#9204,1.);
#6233=VECTOR('',#9205,1.);
#6234=VECTOR('',#9208,1.);
#6235=VECTOR('',#9209,1.);
#6236=VECTOR('',#9212,1.);
#6237=VECTOR('',#9213,1.);
#6238=VECTOR('',#9216,1.);
#6239=VECTOR('',#9217,1.);
#6240=VECTOR('',#9220,1.);
#6241=VECTOR('',#9221,1.);
#6242=VECTOR('',#9224,1.);
#6243=VECTOR('',#9225,1.);
#6244=VECTOR('',#9228,1.);
#6245=VECTOR('',#9229,1.);
#6246=VECTOR('',#9232,1.);
#6247=VECTOR('',#9233,1.);
#6248=VECTOR('',#9240,1.);
#6249=VECTOR('',#9243,1.);
#6250=VECTOR('',#9244,1.);
#6251=VECTOR('',#9245,1.);
#6252=VECTOR('',#9250,1.);
#6253=VECTOR('',#9253,1.);
#6254=VECTOR('',#9254,1.);
#6255=VECTOR('',#9255,1.);
#6256=VECTOR('',#9256,1.);
#6257=VECTOR('',#9261,1.);
#6258=VECTOR('',#9264,1.);
#6259=VECTOR('',#9265,1.);
#6260=VECTOR('',#9266,1.);
#6261=VECTOR('',#9269,1.);
#6262=VECTOR('',#9272,1.);
#6263=VECTOR('',#9273,1.);
#6264=VECTOR('',#9274,1.);
#6265=VECTOR('',#9275,1.);
#6266=VECTOR('',#9276,1.);
#6267=VECTOR('',#9279,1.);
#6268=VECTOR('',#9282,1.);
#6269=VECTOR('',#9283,1.);
#6270=VECTOR('',#9298,1.);
#6271=VECTOR('',#9299,1.);
#6272=VECTOR('',#9302,1.);
#6273=VECTOR('',#9303,1.);
#6274=VECTOR('',#9306,1.);
#6275=VECTOR('',#9307,1.);
#6276=VECTOR('',#9310,1.);
#6277=VECTOR('',#9311,1.);
#6278=VECTOR('',#9314,1.);
#6279=VECTOR('',#9315,1.);
#6280=VECTOR('',#9318,1.);
#6281=VECTOR('',#9319,1.);
#6282=VECTOR('',#9320,1.);
#6283=VECTOR('',#9321,1.);
#6284=VECTOR('',#9324,1.);
#6285=VECTOR('',#9325,1.);
#6286=VECTOR('',#9328,1.);
#6287=VECTOR('',#9329,1.);
#6288=VECTOR('',#9334,1.);
#6289=VECTOR('',#9335,1.);
#6290=VECTOR('',#9336,1.);
#6291=VECTOR('',#9339,1.);
#6292=VECTOR('',#9340,1.);
#6293=VECTOR('',#9343,1.);
#6294=VECTOR('',#9344,1.);
#6295=VECTOR('',#9347,1.);
#6296=VECTOR('',#9348,1.);
#6297=VECTOR('',#9351,1.);
#6298=VECTOR('',#9352,1.);
#6299=VECTOR('',#9355,1.);
#6300=VECTOR('',#9356,1.);
#6301=VECTOR('',#9359,1.);
#6302=VECTOR('',#9360,1.);
#6303=VECTOR('',#9363,1.);
#6304=VECTOR('',#9364,1.);
#6305=VECTOR('',#9367,1.);
#6306=VECTOR('',#9368,1.);
#6307=VECTOR('',#9371,1.);
#6308=VECTOR('',#9372,1.);
#6309=VECTOR('',#9375,1.);
#6310=VECTOR('',#9376,1.);
#6311=VECTOR('',#9379,1.);
#6312=VECTOR('',#9386,1.);
#6313=VECTOR('',#9389,1.);
#6314=VECTOR('',#9390,1.);
#6315=VECTOR('',#9391,1.);
#6316=VECTOR('',#9392,1.);
#6317=VECTOR('',#9393,1.);
#6318=VECTOR('',#9398,1.);
#6319=VECTOR('',#9401,1.);
#6320=VECTOR('',#9402,1.);
#6321=VECTOR('',#9403,1.);
#6322=VECTOR('',#9404,1.);
#6323=VECTOR('',#9405,1.);
#6324=VECTOR('',#9408,1.);
#6325=VECTOR('',#9411,1.);
#6326=VECTOR('',#9412,1.);
#6327=VECTOR('',#9413,1.);
#6328=VECTOR('',#9414,1.);
#6329=VECTOR('',#9415,1.);
#6330=VECTOR('',#9418,1.);
#6331=VECTOR('',#9419,1.);
#6332=VECTOR('',#9422,1.);
#6333=VECTOR('',#9423,1.);
#6334=VECTOR('',#9426,1.);
#6335=VECTOR('',#9427,1.);
#6336=VECTOR('',#9430,1.);
#6337=VECTOR('',#9431,1.);
#6338=VECTOR('',#9434,1.);
#6339=VECTOR('',#9435,1.);
#6340=VECTOR('',#9436,1.);
#6341=VECTOR('',#9437,1.);
#6342=VECTOR('',#9440,1.);
#6343=VECTOR('',#9447,1.);
#6344=VECTOR('',#9448,1.);
#6345=VECTOR('',#9451,1.);
#6346=VECTOR('',#9454,1.);
#6347=VECTOR('',#9455,1.);
#6348=VECTOR('',#9456,1.);
#6349=VECTOR('',#9457,1.);
#6350=VECTOR('',#9460,1.);
#6351=VECTOR('',#9461,1.);
#6352=VECTOR('',#9462,1.);
#6353=VECTOR('',#9463,1.);
#6354=VECTOR('',#9464,1.);
#6355=VECTOR('',#9467,1.);
#6356=VECTOR('',#9470,1.);
#6357=VECTOR('',#9471,1.);
#6358=VECTOR('',#9472,1.);
#6359=VECTOR('',#9475,1.);
#6360=VECTOR('',#9476,1.);
#6361=VECTOR('',#9477,1.);
#6362=VECTOR('',#9478,1.);
#6363=VECTOR('',#9479,1.);
#6364=VECTOR('',#9488,1.);
#6365=VECTOR('',#9489,1.);
#6366=VECTOR('',#9490,1.);
#6367=VECTOR('',#9493,1.);
#6368=VECTOR('',#9494,1.);
#6369=VECTOR('',#9497,1.);
#6370=VECTOR('',#9498,1.);
#6371=VECTOR('',#9501,1.);
#6372=VECTOR('',#9502,1.);
#6373=VECTOR('',#9505,1.);
#6374=VECTOR('',#9506,1.);
#6375=VECTOR('',#9509,1.);
#6376=VECTOR('',#9510,1.);
#6377=VECTOR('',#9513,1.);
#6378=VECTOR('',#9514,1.);
#6379=VECTOR('',#9517,1.);
#6380=VECTOR('',#9518,1.);
#6381=VECTOR('',#9521,1.);
#6382=VECTOR('',#9522,1.);
#6383=VECTOR('',#9525,1.);
#6384=VECTOR('',#9526,1.);
#6385=VECTOR('',#9529,1.);
#6386=VECTOR('',#9532,1.);
#6387=VECTOR('',#9533,1.);
#6388=VECTOR('',#9536,1.);
#6389=VECTOR('',#9539,1.);
#6390=VECTOR('',#9540,1.);
#6391=VECTOR('',#9541,1.);
#6392=VECTOR('',#9542,1.);
#6393=VECTOR('',#9543,1.);
#6394=VECTOR('',#9546,1.);
#6395=VECTOR('',#9547,1.);
#6396=VECTOR('',#9548,1.);
#6397=VECTOR('',#9551,1.);
#6398=VECTOR('',#9554,1.);
#6399=VECTOR('',#9555,1.);
#6400=VECTOR('',#9558,1.);
#6401=VECTOR('',#9561,1.);
#6402=VECTOR('',#9562,1.);
#6403=VECTOR('',#9563,1.);
#6404=VECTOR('',#9564,1.);
#6405=VECTOR('',#9567,1.);
#6406=VECTOR('',#9568,1.);
#6407=VECTOR('',#9569,1.);
#6408=VECTOR('',#9570,1.);
#6409=VECTOR('',#9571,1.);
#6410=VECTOR('',#9580,1.);
#6411=VECTOR('',#9581,1.);
#6412=VECTOR('',#9582,1.);
#6413=VECTOR('',#9585,1.);
#6414=VECTOR('',#9586,1.);
#6415=VECTOR('',#9589,1.);
#6416=VECTOR('',#9590,1.);
#6417=VECTOR('',#9593,1.);
#6418=VECTOR('',#9598,1.);
#6419=VECTOR('',#9599,1.);
#6420=VECTOR('',#9600,1.);
#6421=VECTOR('',#9603,1.);
#6422=VECTOR('',#9604,1.);
#6423=VECTOR('',#9607,1.);
#6424=VECTOR('',#9608,1.);
#6425=VECTOR('',#9609,1.);
#6426=VECTOR('',#9610,1.);
#6427=VECTOR('',#9611,1.);
#6428=VECTOR('',#9612,1.);
#6429=VECTOR('',#9615,1.);
#6430=VECTOR('',#9620,1.);
#6431=VECTOR('',#9621,1.);
#6432=VECTOR('',#9624,1.);
#6433=VECTOR('',#9625,1.);
#6434=VECTOR('',#9628,1.);
#6435=VECTOR('',#9629,1.);
#6436=VECTOR('',#9632,1.);
#6437=VECTOR('',#9635,1.);
#6438=VECTOR('',#9636,1.);
#6439=VECTOR('',#9639,1.);
#6440=VECTOR('',#9644,1.);
#6441=VECTOR('',#9649,1.);
#6442=VECTOR('',#9650,1.);
#6443=VECTOR('',#9653,1.);
#6444=VECTOR('',#9660,1.);
#6445=VECTOR('',#9663,1.);
#6446=VECTOR('',#9664,1.);
#6447=VECTOR('',#9665,1.);
#6448=VECTOR('',#9666,1.);
#6449=VECTOR('',#9667,1.);
#6450=VECTOR('',#9672,1.);
#6451=VECTOR('',#9675,1.);
#6452=VECTOR('',#9676,1.);
#6453=VECTOR('',#9677,1.);
#6454=VECTOR('',#9678,1.);
#6455=VECTOR('',#9679,1.);
#6456=VECTOR('',#9682,1.);
#6457=VECTOR('',#9683,1.);
#6458=VECTOR('',#9686,1.);
#6459=VECTOR('',#9687,1.);
#6460=VECTOR('',#9690,1.);
#6461=VECTOR('',#9691,1.);
#6462=VECTOR('',#9694,1.);
#6463=VECTOR('',#9695,1.);
#6464=VECTOR('',#9698,1.);
#6465=VECTOR('',#9699,1.);
#6466=VECTOR('',#9700,1.);
#6467=VECTOR('',#9701,1.);
#6468=VECTOR('',#9704,1.);
#6469=VECTOR('',#9707,1.);
#6470=VECTOR('',#9708,1.);
#6471=VECTOR('',#9711,1.);
#6472=VECTOR('',#9714,1.);
#6473=VECTOR('',#9715,1.);
#6474=VECTOR('',#9724,1.);
#6475=VECTOR('',#9727,1.);
#6476=VECTOR('',#9728,1.);
#6477=VECTOR('',#9729,1.);
#6478=VECTOR('',#9732,1.);
#6479=VECTOR('',#9733,1.);
#6480=VECTOR('',#9734,1.);
#6481=VECTOR('',#9737,1.);
#6482=VECTOR('',#9738,1.);
#6483=VECTOR('',#9739,1.);
#6484=VECTOR('',#9742,1.);
#6485=VECTOR('',#9743,1.);
#6486=VECTOR('',#9744,1.);
#6487=VECTOR('',#9745,1.);
#6488=VECTOR('',#9746,1.);
#6489=VECTOR('',#9747,1.);
#6490=VECTOR('',#9750,1.);
#6491=VECTOR('',#9751,1.);
#6492=VECTOR('',#9754,1.);
#6493=VECTOR('',#9755,1.);
#6494=VECTOR('',#9758,1.);
#6495=VECTOR('',#9759,1.);
#6496=VECTOR('',#9762,1.);
#6497=VECTOR('',#9763,1.);
#6498=VECTOR('',#9766,1.);
#6499=VECTOR('',#9767,1.);
#6500=VECTOR('',#9770,1.);
#6501=VECTOR('',#9771,1.);
#6502=VECTOR('',#9774,1.);
#6503=VECTOR('',#9775,1.);
#6504=VECTOR('',#9778,1.);
#6505=VECTOR('',#9779,1.);
#6506=VECTOR('',#9780,1.);
#6507=VECTOR('',#9781,1.);
#6508=VECTOR('',#9784,1.);
#6509=VECTOR('',#9791,1.);
#6510=VECTOR('',#9792,1.);
#6511=VECTOR('',#9795,1.);
#6512=VECTOR('',#9798,1.);
#6513=VECTOR('',#9799,1.);
#6514=VECTOR('',#9800,1.);
#6515=VECTOR('',#9801,1.);
#6516=VECTOR('',#9802,1.);
#6517=VECTOR('',#9805,1.);
#6518=VECTOR('',#9806,1.);
#6519=VECTOR('',#9807,1.);
#6520=VECTOR('',#9810,1.);
#6521=VECTOR('',#9813,1.);
#6522=VECTOR('',#9814,1.);
#6523=VECTOR('',#9817,1.);
#6524=VECTOR('',#9820,1.);
#6525=VECTOR('',#9821,1.);
#6526=VECTOR('',#9822,1.);
#6527=VECTOR('',#9823,1.);
#6528=VECTOR('',#9826,1.);
#6529=VECTOR('',#9827,1.);
#6530=VECTOR('',#9828,1.);
#6531=VECTOR('',#9829,1.);
#6532=VECTOR('',#9830,1.);
#6533=VECTOR('',#9839,1.);
#6534=VECTOR('',#9840,1.);
#6535=VECTOR('',#9841,1.);
#6536=VECTOR('',#9844,1.);
#6537=VECTOR('',#9845,1.);
#6538=VECTOR('',#9848,1.);
#6539=VECTOR('',#9849,1.);
#6540=VECTOR('',#9852,1.);
#6541=VECTOR('',#9859,1.);
#6542=VECTOR('',#9862,1.);
#6543=VECTOR('',#9863,1.);
#6544=VECTOR('',#9864,1.);
#6545=VECTOR('',#9867,1.);
#6546=VECTOR('',#9868,1.);
#6547=VECTOR('',#9869,1.);
#6548=VECTOR('',#9872,1.);
#6549=VECTOR('',#9873,1.);
#6550=VECTOR('',#9874,1.);
#6551=VECTOR('',#9877,1.);
#6552=VECTOR('',#9878,1.);
#6553=VECTOR('',#9879,1.);
#6554=VECTOR('',#9880,1.);
#6555=VECTOR('',#9881,1.);
#6556=VECTOR('',#9882,1.);
#6557=VECTOR('',#9885,1.);
#6558=VECTOR('',#9886,1.);
#6559=VECTOR('',#9887,1.);
#6560=VECTOR('',#9890,1.);
#6561=VECTOR('',#9891,1.);
#6562=VECTOR('',#9892,1.);
#6563=VECTOR('',#9895,1.);
#6564=VECTOR('',#9896,1.);
#6565=VECTOR('',#9897,1.);
#6566=VECTOR('',#9898,1.);
#6567=VECTOR('',#9899,1.);
#6568=VECTOR('',#9904,1.);
#6569=VECTOR('',#9907,1.);
#6570=VECTOR('',#9908,1.);
#6571=VECTOR('',#9911,1.);
#6572=VECTOR('',#9914,1.);
#6573=VECTOR('',#9915,1.);
#6574=VECTOR('',#9918,1.);
#6575=VECTOR('',#9919,1.);
#6576=VECTOR('',#9922,1.);
#6577=VECTOR('',#9923,1.);
#6578=VECTOR('',#9926,1.);
#6579=VECTOR('',#9927,1.);
#6580=VECTOR('',#9928,1.);
#6581=VECTOR('',#9929,1.);
#6582=VECTOR('',#9932,1.);
#6583=VECTOR('',#9935,1.);
#6584=VECTOR('',#9936,1.);
#6585=VECTOR('',#9947,1.);
#6586=VECTOR('',#9948,1.);
#6587=VECTOR('',#9949,1.);
#6588=VECTOR('',#9950,1.);
#6589=VECTOR('',#9951,1.);
#6590=VECTOR('',#9956,1.);
#6591=VECTOR('',#9959,1.);
#6592=VECTOR('',#9960,1.);
#6593=VECTOR('',#9961,1.);
#6594=VECTOR('',#9966,1.);
#6595=VECTOR('',#9969,1.);
#6596=VECTOR('',#9970,1.);
#6597=VECTOR('',#9971,1.);
#6598=VECTOR('',#9972,1.);
#6599=VECTOR('',#9973,1.);
#6600=VECTOR('',#9974,1.);
#6601=VECTOR('',#9977,1.);
#6602=VECTOR('',#9980,1.);
#6603=VECTOR('',#9981,1.);
#6604=VECTOR('',#9984,1.);
#6605=VECTOR('',#9987,1.);
#6606=VECTOR('',#9988,1.);
#6607=VECTOR('',#9999,1.);
#6608=VECTOR('',#10000,1.);
#6609=VECTOR('',#10001,1.);
#6610=VECTOR('',#10002,1.);
#6611=VECTOR('',#10005,1.);
#6612=VECTOR('',#10006,1.);
#6613=VECTOR('',#10007,1.);
#6614=VECTOR('',#10010,1.);
#6615=VECTOR('',#10011,1.);
#6616=VECTOR('',#10012,1.);
#6617=VECTOR('',#10015,1.);
#6618=VECTOR('',#10016,1.);
#6619=VECTOR('',#10019,1.);
#6620=VECTOR('',#10020,1.);
#6621=VECTOR('',#10023,1.);
#6622=VECTOR('',#10024,1.);
#6623=VECTOR('',#10027,1.);
#6624=VECTOR('',#10028,1.);
#6625=VECTOR('',#10031,1.);
#6626=VECTOR('',#10032,1.);
#6627=VECTOR('',#10035,1.);
#6628=VECTOR('',#10036,1.);
#6629=VECTOR('',#10039,1.);
#6630=VECTOR('',#10042,1.);
#6631=VECTOR('',#10043,1.);
#6632=VECTOR('',#10050,1.);
#6633=VECTOR('',#10051,1.);
#6634=VECTOR('',#10052,1.);
#6635=VECTOR('',#10055,1.);
#6636=VECTOR('',#10056,1.);
#6637=VECTOR('',#10059,1.);
#6638=VECTOR('',#10060,1.);
#6639=VECTOR('',#10063,1.);
#6640=VECTOR('',#10064,1.);
#6641=VECTOR('',#10067,1.);
#6642=VECTOR('',#10068,1.);
#6643=VECTOR('',#10071,1.);
#6644=VECTOR('',#10072,1.);
#6645=VECTOR('',#10075,1.);
#6646=VECTOR('',#10076,1.);
#6647=VECTOR('',#10079,1.);
#6648=EDGE_LOOP('',(#796,#797,#798,#799,#800,#801,#802,#803));
#6649=EDGE_LOOP('',(#804,#805,#806,#807,#808,#809,#810,#811));
#6650=EDGE_LOOP('',(#812,#813,#814,#815,#816,#817,#818,#819,#820,#821,#822,
#823));
#6651=EDGE_LOOP('',(#824,#825,#826,#827,#828,#829,#830,#831,#832,#833,#834,
#835,#836));
#6652=EDGE_LOOP('',(#837,#838,#839,#840));
#6653=EDGE_LOOP('',(#841,#842,#843,#844,#845,#846,#847,#848,#849,#850,#851,
#852,#853,#854,#855,#856,#857,#858,#859,#860,#861,#862));
#6654=EDGE_LOOP('',(#863,#864,#865,#866,#867,#868,#869,#870,#871,#872,#873,
#874,#875));
#6655=EDGE_LOOP('',(#876,#877,#878,#879,#880,#881,#882,#883,#884,#885,#886,
#887,#888,#889,#890));
#6656=EDGE_LOOP('',(#891,#892,#893,#894,#895,#896,#897,#898,#899,#900,#901,
#902,#903,#904,#905,#906,#907,#908));
#6657=EDGE_LOOP('',(#909,#910,#911,#912));
#6658=EDGE_LOOP('',(#913,#914,#915,#916,#917,#918,#919,#920,#921,#922,#923,
#924,#925,#926,#927,#928,#929,#930,#931,#932,#933,#934));
#6659=EDGE_LOOP('',(#935,#936,#937,#938,#939,#940,#941,#942,#943,#944,#945));
#6660=EDGE_LOOP('',(#946,#947,#948,#949,#950,#951,#952,#953,#954,#955,#956,
#957,#958,#959,#960,#961,#962,#963,#964));
#6661=EDGE_LOOP('',(#965,#966,#967,#968,#969,#970,#971,#972,#973,#974,#975,
#976,#977,#978,#979,#980));
#6662=EDGE_LOOP('',(#981,#982,#983,#984,#985,#986,#987,#988,#989,#990,#991,
#992));
#6663=EDGE_LOOP('',(#993,#994,#995,#996,#997,#998,#999,#1000,#1001,#1002,
#1003));
#6664=EDGE_LOOP('',(#1004,#1005,#1006,#1007,#1008,#1009,#1010,#1011,#1012,
#1013,#1014,#1015));
#6665=EDGE_LOOP('',(#1016,#1017,#1018,#1019,#1020,#1021,#1022,#1023,#1024,
#1025,#1026,#1027,#1028,#1029,#1030,#1031,#1032));
#6666=EDGE_LOOP('',(#1033,#1034,#1035,#1036,#1037,#1038,#1039,#1040,#1041,
#1042,#1043,#1044,#1045,#1046,#1047,#1048,#1049,#1050));
#6667=EDGE_LOOP('',(#1051,#1052,#1053,#1054,#1055,#1056,#1057,#1058,#1059,
#1060,#1061,#1062,#1063,#1064,#1065,#1066));
#6668=EDGE_LOOP('',(#1067,#1068,#1069,#1070,#1071,#1072,#1073,#1074,#1075,
#1076,#1077,#1078,#1079,#1080,#1081,#1082));
#6669=EDGE_LOOP('',(#1083,#1084,#1085,#1086,#1087,#1088,#1089,#1090,#1091,
#1092,#1093,#1094,#1095));
#6670=EDGE_LOOP('',(#1096,#1097,#1098,#1099));
#6671=EDGE_LOOP('',(#1100,#1101,#1102,#1103,#1104));
#6672=EDGE_LOOP('',(#1105,#1106,#1107,#1108,#1109));
#6673=EDGE_LOOP('',(#1110,#1111,#1112,#1113));
#6674=EDGE_LOOP('',(#1114,#1115,#1116,#1117));
#6675=EDGE_LOOP('',(#1118));
#6676=EDGE_LOOP('',(#1119,#1120,#1121,#1122));
#6677=EDGE_LOOP('',(#1123,#1124,#1125,#1126));
#6678=EDGE_LOOP('',(#1127,#1128,#1129,#1130));
#6679=EDGE_LOOP('',(#1131,#1132,#1133,#1134));
#6680=EDGE_LOOP('',(#1135,#1136,#1137));
#6681=EDGE_LOOP('',(#1138,#1139,#1140,#1141));
#6682=EDGE_LOOP('',(#1142,#1143,#1144,#1145));
#6683=EDGE_LOOP('',(#1146));
#6684=EDGE_LOOP('',(#1147,#1148,#1149,#1150));
#6685=EDGE_LOOP('',(#1151,#1152,#1153,#1154));
#6686=EDGE_LOOP('',(#1155,#1156,#1157,#1158));
#6687=EDGE_LOOP('',(#1159,#1160,#1161,#1162));
#6688=EDGE_LOOP('',(#1163,#1164,#1165));
#6689=EDGE_LOOP('',(#1166));
#6690=EDGE_LOOP('',(#1167));
#6691=EDGE_LOOP('',(#1168));
#6692=EDGE_LOOP('',(#1169));
#6693=EDGE_LOOP('',(#1170));
#6694=EDGE_LOOP('',(#1171));
#6695=EDGE_LOOP('',(#1172,#1173,#1174,#1175));
#6696=EDGE_LOOP('',(#1176,#1177,#1178,#1179));
#6697=EDGE_LOOP('',(#1180,#1181,#1182,#1183));
#6698=EDGE_LOOP('',(#1184,#1185,#1186,#1187));
#6699=EDGE_LOOP('',(#1188,#1189,#1190,#1191));
#6700=EDGE_LOOP('',(#1192,#1193,#1194,#1195));
#6701=EDGE_LOOP('',(#1196,#1197,#1198,#1199));
#6702=EDGE_LOOP('',(#1200,#1201,#1202,#1203));
#6703=EDGE_LOOP('',(#1204,#1205,#1206,#1207));
#6704=EDGE_LOOP('',(#1208,#1209,#1210,#1211));
#6705=EDGE_LOOP('',(#1212,#1213,#1214,#1215));
#6706=EDGE_LOOP('',(#1216,#1217,#1218,#1219));
#6707=EDGE_LOOP('',(#1220,#1221,#1222,#1223));
#6708=EDGE_LOOP('',(#1224,#1225,#1226,#1227,#1228,#1229,#1230,#1231,#1232,
#1233,#1234,#1235,#1236));
#6709=EDGE_LOOP('',(#1237,#1238,#1239,#1240));
#6710=EDGE_LOOP('',(#1241,#1242,#1243,#1244));
#6711=EDGE_LOOP('',(#1245,#1246,#1247,#1248));
#6712=EDGE_LOOP('',(#1249,#1250,#1251,#1252));
#6713=EDGE_LOOP('',(#1253,#1254,#1255,#1256));
#6714=EDGE_LOOP('',(#1257,#1258,#1259,#1260));
#6715=EDGE_LOOP('',(#1261,#1262,#1263,#1264));
#6716=EDGE_LOOP('',(#1265,#1266,#1267,#1268));
#6717=EDGE_LOOP('',(#1269,#1270,#1271,#1272));
#6718=EDGE_LOOP('',(#1273,#1274,#1275,#1276));
#6719=EDGE_LOOP('',(#1277,#1278,#1279,#1280));
#6720=EDGE_LOOP('',(#1281,#1282,#1283,#1284));
#6721=EDGE_LOOP('',(#1285,#1286,#1287,#1288));
#6722=EDGE_LOOP('',(#1289,#1290,#1291,#1292));
#6723=EDGE_LOOP('',(#1293,#1294,#1295,#1296));
#6724=EDGE_LOOP('',(#1297,#1298,#1299,#1300));
#6725=EDGE_LOOP('',(#1301,#1302,#1303,#1304));
#6726=EDGE_LOOP('',(#1305,#1306,#1307,#1308));
#6727=EDGE_LOOP('',(#1309,#1310,#1311,#1312));
#6728=EDGE_LOOP('',(#1313,#1314,#1315,#1316));
#6729=EDGE_LOOP('',(#1317,#1318,#1319,#1320));
#6730=EDGE_LOOP('',(#1321,#1322,#1323,#1324));
#6731=EDGE_LOOP('',(#1325,#1326,#1327,#1328));
#6732=EDGE_LOOP('',(#1329,#1330,#1331,#1332));
#6733=EDGE_LOOP('',(#1333,#1334,#1335,#1336));
#6734=EDGE_LOOP('',(#1337,#1338,#1339,#1340));
#6735=EDGE_LOOP('',(#1341,#1342,#1343,#1344,#1345,#1346,#1347,#1348,#1349,
#1350,#1351,#1352,#1353,#1354,#1355,#1356));
#6736=EDGE_LOOP('',(#1357,#1358,#1359,#1360,#1361,#1362,#1363,#1364,#1365,
#1366));
#6737=EDGE_LOOP('',(#1367,#1368,#1369,#1370,#1371,#1372,#1373,#1374,#1375,
#1376));
#6738=EDGE_LOOP('',(#1377,#1378,#1379,#1380));
#6739=EDGE_LOOP('',(#1381,#1382,#1383,#1384));
#6740=EDGE_LOOP('',(#1385,#1386,#1387,#1388));
#6741=EDGE_LOOP('',(#1389,#1390,#1391,#1392));
#6742=EDGE_LOOP('',(#1393,#1394,#1395,#1396));
#6743=EDGE_LOOP('',(#1397,#1398,#1399,#1400));
#6744=EDGE_LOOP('',(#1401,#1402,#1403,#1404));
#6745=EDGE_LOOP('',(#1405,#1406,#1407,#1408));
#6746=EDGE_LOOP('',(#1409,#1410,#1411,#1412));
#6747=EDGE_LOOP('',(#1413,#1414,#1415,#1416));
#6748=EDGE_LOOP('',(#1417,#1418,#1419,#1420));
#6749=EDGE_LOOP('',(#1421,#1422,#1423,#1424));
#6750=EDGE_LOOP('',(#1425,#1426,#1427,#1428));
#6751=EDGE_LOOP('',(#1429,#1430,#1431,#1432));
#6752=EDGE_LOOP('',(#1433,#1434,#1435,#1436));
#6753=EDGE_LOOP('',(#1437,#1438,#1439,#1440));
#6754=EDGE_LOOP('',(#1441,#1442,#1443,#1444));
#6755=EDGE_LOOP('',(#1445,#1446,#1447,#1448));
#6756=EDGE_LOOP('',(#1449,#1450,#1451,#1452));
#6757=EDGE_LOOP('',(#1453,#1454,#1455,#1456));
#6758=EDGE_LOOP('',(#1457,#1458,#1459,#1460));
#6759=EDGE_LOOP('',(#1461,#1462,#1463,#1464));
#6760=EDGE_LOOP('',(#1465,#1466,#1467,#1468));
#6761=EDGE_LOOP('',(#1469,#1470,#1471,#1472));
#6762=EDGE_LOOP('',(#1473,#1474,#1475,#1476));
#6763=EDGE_LOOP('',(#1477,#1478,#1479,#1480));
#6764=EDGE_LOOP('',(#1481,#1482,#1483,#1484,#1485,#1486,#1487,#1488,#1489,
#1490,#1491,#1492,#1493,#1494,#1495,#1496));
#6765=EDGE_LOOP('',(#1497,#1498,#1499,#1500,#1501,#1502,#1503,#1504,#1505,
#1506));
#6766=EDGE_LOOP('',(#1507,#1508,#1509,#1510,#1511,#1512,#1513,#1514,#1515,
#1516));
#6767=EDGE_LOOP('',(#1517,#1518,#1519,#1520));
#6768=EDGE_LOOP('',(#1521,#1522,#1523,#1524));
#6769=EDGE_LOOP('',(#1525,#1526,#1527,#1528));
#6770=EDGE_LOOP('',(#1529,#1530,#1531,#1532));
#6771=EDGE_LOOP('',(#1533,#1534,#1535,#1536));
#6772=EDGE_LOOP('',(#1537,#1538,#1539,#1540));
#6773=EDGE_LOOP('',(#1541,#1542,#1543,#1544));
#6774=EDGE_LOOP('',(#1545,#1546,#1547,#1548));
#6775=EDGE_LOOP('',(#1549,#1550,#1551,#1552));
#6776=EDGE_LOOP('',(#1553,#1554,#1555,#1556));
#6777=EDGE_LOOP('',(#1557,#1558,#1559,#1560));
#6778=EDGE_LOOP('',(#1561,#1562,#1563,#1564));
#6779=EDGE_LOOP('',(#1565,#1566,#1567,#1568));
#6780=EDGE_LOOP('',(#1569,#1570,#1571,#1572));
#6781=EDGE_LOOP('',(#1573,#1574,#1575,#1576));
#6782=EDGE_LOOP('',(#1577,#1578,#1579,#1580));
#6783=EDGE_LOOP('',(#1581,#1582,#1583,#1584));
#6784=EDGE_LOOP('',(#1585,#1586,#1587,#1588));
#6785=EDGE_LOOP('',(#1589,#1590,#1591,#1592));
#6786=EDGE_LOOP('',(#1593,#1594,#1595,#1596));
#6787=EDGE_LOOP('',(#1597,#1598,#1599,#1600));
#6788=EDGE_LOOP('',(#1601,#1602,#1603,#1604));
#6789=EDGE_LOOP('',(#1605,#1606,#1607,#1608));
#6790=EDGE_LOOP('',(#1609,#1610,#1611,#1612));
#6791=EDGE_LOOP('',(#1613,#1614,#1615,#1616,#1617,#1618,#1619,#1620,#1621,
#1622,#1623,#1624,#1625,#1626,#1627,#1628,#1629,#1630));
#6792=EDGE_LOOP('',(#1631,#1632,#1633,#1634,#1635,#1636));
#6793=EDGE_LOOP('',(#1637,#1638,#1639,#1640,#1641,#1642));
#6794=EDGE_LOOP('',(#1643,#1644,#1645,#1646));
#6795=EDGE_LOOP('',(#1647,#1648,#1649,#1650));
#6796=EDGE_LOOP('',(#1651,#1652,#1653,#1654));
#6797=EDGE_LOOP('',(#1655,#1656,#1657,#1658));
#6798=EDGE_LOOP('',(#1659,#1660,#1661,#1662));
#6799=EDGE_LOOP('',(#1663,#1664,#1665,#1666));
#6800=EDGE_LOOP('',(#1667,#1668,#1669,#1670));
#6801=EDGE_LOOP('',(#1671,#1672,#1673,#1674));
#6802=EDGE_LOOP('',(#1675,#1676,#1677,#1678));
#6803=EDGE_LOOP('',(#1679,#1680,#1681,#1682));
#6804=EDGE_LOOP('',(#1683,#1684,#1685,#1686));
#6805=EDGE_LOOP('',(#1687,#1688,#1689,#1690));
#6806=EDGE_LOOP('',(#1691,#1692,#1693,#1694));
#6807=EDGE_LOOP('',(#1695,#1696,#1697,#1698));
#6808=EDGE_LOOP('',(#1699,#1700,#1701,#1702));
#6809=EDGE_LOOP('',(#1703,#1704,#1705,#1706));
#6810=EDGE_LOOP('',(#1707,#1708,#1709,#1710));
#6811=EDGE_LOOP('',(#1711,#1712,#1713,#1714,#1715,#1716,#1717,#1718,#1719,
#1720,#1721,#1722,#1723,#1724,#1725,#1726,#1727));
#6812=EDGE_LOOP('',(#1728,#1729,#1730,#1731));
#6813=EDGE_LOOP('',(#1732,#1733,#1734,#1735));
#6814=EDGE_LOOP('',(#1736,#1737,#1738,#1739));
#6815=EDGE_LOOP('',(#1740,#1741,#1742,#1743));
#6816=EDGE_LOOP('',(#1744,#1745,#1746,#1747));
#6817=EDGE_LOOP('',(#1748,#1749,#1750,#1751));
#6818=EDGE_LOOP('',(#1752,#1753,#1754,#1755));
#6819=EDGE_LOOP('',(#1756,#1757,#1758,#1759));
#6820=EDGE_LOOP('',(#1760,#1761,#1762,#1763));
#6821=EDGE_LOOP('',(#1764,#1765,#1766,#1767));
#6822=EDGE_LOOP('',(#1768,#1769,#1770,#1771));
#6823=EDGE_LOOP('',(#1772,#1773,#1774,#1775));
#6824=EDGE_LOOP('',(#1776,#1777,#1778,#1779));
#6825=EDGE_LOOP('',(#1780,#1781,#1782,#1783));
#6826=EDGE_LOOP('',(#1784,#1785,#1786,#1787));
#6827=EDGE_LOOP('',(#1788,#1789,#1790,#1791));
#6828=EDGE_LOOP('',(#1792,#1793,#1794,#1795));
#6829=EDGE_LOOP('',(#1796,#1797,#1798,#1799));
#6830=EDGE_LOOP('',(#1800,#1801,#1802,#1803));
#6831=EDGE_LOOP('',(#1804,#1805,#1806,#1807));
#6832=EDGE_LOOP('',(#1808,#1809,#1810,#1811));
#6833=EDGE_LOOP('',(#1812,#1813,#1814,#1815));
#6834=EDGE_LOOP('',(#1816,#1817,#1818,#1819,#1820,#1821,#1822,#1823,#1824,
#1825,#1826,#1827));
#6835=EDGE_LOOP('',(#1828,#1829,#1830,#1831,#1832,#1833,#1834,#1835,#1836,
#1837));
#6836=EDGE_LOOP('',(#1838,#1839,#1840,#1841,#1842,#1843,#1844,#1845,#1846,
#1847));
#6837=EDGE_LOOP('',(#1848,#1849,#1850,#1851));
#6838=EDGE_LOOP('',(#1852,#1853,#1854,#1855));
#6839=EDGE_LOOP('',(#1856,#1857,#1858,#1859));
#6840=EDGE_LOOP('',(#1860,#1861,#1862,#1863));
#6841=EDGE_LOOP('',(#1864,#1865,#1866,#1867));
#6842=EDGE_LOOP('',(#1868,#1869,#1870,#1871));
#6843=EDGE_LOOP('',(#1872,#1873,#1874,#1875));
#6844=EDGE_LOOP('',(#1876,#1877,#1878,#1879));
#6845=EDGE_LOOP('',(#1880,#1881,#1882,#1883));
#6846=EDGE_LOOP('',(#1884,#1885,#1886,#1887));
#6847=EDGE_LOOP('',(#1888,#1889,#1890,#1891));
#6848=EDGE_LOOP('',(#1892,#1893,#1894,#1895,#1896,#1897,#1898,#1899,#1900,
#1901,#1902));
#6849=EDGE_LOOP('',(#1903,#1904,#1905,#1906));
#6850=EDGE_LOOP('',(#1907,#1908,#1909,#1910));
#6851=EDGE_LOOP('',(#1911,#1912,#1913,#1914));
#6852=EDGE_LOOP('',(#1915,#1916,#1917,#1918));
#6853=EDGE_LOOP('',(#1919,#1920,#1921,#1922));
#6854=EDGE_LOOP('',(#1923,#1924,#1925,#1926));
#6855=EDGE_LOOP('',(#1927,#1928,#1929,#1930));
#6856=EDGE_LOOP('',(#1931,#1932,#1933,#1934));
#6857=EDGE_LOOP('',(#1935,#1936,#1937,#1938));
#6858=EDGE_LOOP('',(#1939,#1940,#1941,#1942));
#6859=EDGE_LOOP('',(#1943,#1944,#1945,#1946));
#6860=EDGE_LOOP('',(#1947,#1948,#1949,#1950));
#6861=EDGE_LOOP('',(#1951,#1952,#1953,#1954,#1955,#1956,#1957,#1958,#1959,
#1960,#1961,#1962));
#6862=EDGE_LOOP('',(#1963,#1964,#1965,#1966));
#6863=EDGE_LOOP('',(#1967,#1968,#1969,#1970));
#6864=EDGE_LOOP('',(#1971,#1972,#1973,#1974));
#6865=EDGE_LOOP('',(#1975,#1976,#1977,#1978));
#6866=EDGE_LOOP('',(#1979,#1980,#1981,#1982));
#6867=EDGE_LOOP('',(#1983,#1984,#1985,#1986));
#6868=EDGE_LOOP('',(#1987,#1988,#1989,#1990));
#6869=EDGE_LOOP('',(#1991,#1992,#1993,#1994));
#6870=EDGE_LOOP('',(#1995,#1996,#1997,#1998));
#6871=EDGE_LOOP('',(#1999,#2000,#2001,#2002));
#6872=EDGE_LOOP('',(#2003,#2004,#2005,#2006));
#6873=EDGE_LOOP('',(#2007,#2008,#2009,#2010));
#6874=EDGE_LOOP('',(#2011,#2012,#2013,#2014));
#6875=EDGE_LOOP('',(#2015,#2016,#2017,#2018));
#6876=EDGE_LOOP('',(#2019,#2020,#2021,#2022));
#6877=EDGE_LOOP('',(#2023,#2024,#2025,#2026));
#6878=EDGE_LOOP('',(#2027,#2028,#2029,#2030));
#6879=EDGE_LOOP('',(#2031,#2032,#2033,#2034));
#6880=EDGE_LOOP('',(#2035,#2036,#2037,#2038));
#6881=EDGE_LOOP('',(#2039,#2040,#2041,#2042));
#6882=EDGE_LOOP('',(#2043,#2044,#2045,#2046));
#6883=EDGE_LOOP('',(#2047,#2048,#2049,#2050));
#6884=EDGE_LOOP('',(#2051,#2052,#2053,#2054));
#6885=EDGE_LOOP('',(#2055,#2056,#2057,#2058));
#6886=EDGE_LOOP('',(#2059,#2060,#2061,#2062));
#6887=EDGE_LOOP('',(#2063,#2064,#2065,#2066));
#6888=EDGE_LOOP('',(#2067,#2068,#2069,#2070,#2071,#2072,#2073,#2074,#2075,
#2076,#2077,#2078,#2079,#2080,#2081,#2082));
#6889=EDGE_LOOP('',(#2083,#2084,#2085,#2086,#2087,#2088,#2089,#2090,#2091,
#2092));
#6890=EDGE_LOOP('',(#2093,#2094,#2095,#2096,#2097,#2098,#2099,#2100,#2101,
#2102));
#6891=EDGE_LOOP('',(#2103,#2104,#2105,#2106));
#6892=EDGE_LOOP('',(#2107,#2108,#2109,#2110));
#6893=EDGE_LOOP('',(#2111,#2112,#2113,#2114));
#6894=EDGE_LOOP('',(#2115,#2116,#2117,#2118));
#6895=EDGE_LOOP('',(#2119,#2120,#2121,#2122));
#6896=EDGE_LOOP('',(#2123,#2124,#2125,#2126));
#6897=EDGE_LOOP('',(#2127,#2128,#2129,#2130));
#6898=EDGE_LOOP('',(#2131,#2132,#2133,#2134));
#6899=EDGE_LOOP('',(#2135,#2136,#2137,#2138));
#6900=EDGE_LOOP('',(#2139,#2140,#2141,#2142));
#6901=EDGE_LOOP('',(#2143,#2144,#2145,#2146));
#6902=EDGE_LOOP('',(#2147,#2148,#2149,#2150));
#6903=EDGE_LOOP('',(#2151,#2152,#2153,#2154));
#6904=EDGE_LOOP('',(#2155,#2156,#2157,#2158));
#6905=EDGE_LOOP('',(#2159,#2160,#2161,#2162));
#6906=EDGE_LOOP('',(#2163,#2164,#2165,#2166));
#6907=EDGE_LOOP('',(#2167,#2168,#2169,#2170));
#6908=EDGE_LOOP('',(#2171,#2172,#2173,#2174));
#6909=EDGE_LOOP('',(#2175,#2176,#2177,#2178));
#6910=EDGE_LOOP('',(#2179,#2180,#2181,#2182,#2183,#2184,#2185,#2186,#2187,
#2188,#2189,#2190,#2191,#2192,#2193,#2194,#2195,#2196,#2197));
#6911=EDGE_LOOP('',(#2198,#2199,#2200,#2201));
#6912=EDGE_LOOP('',(#2202,#2203,#2204,#2205));
#6913=EDGE_LOOP('',(#2206,#2207,#2208,#2209));
#6914=EDGE_LOOP('',(#2210,#2211,#2212,#2213));
#6915=EDGE_LOOP('',(#2214,#2215,#2216,#2217));
#6916=EDGE_LOOP('',(#2218,#2219,#2220,#2221));
#6917=EDGE_LOOP('',(#2222,#2223,#2224,#2225));
#6918=EDGE_LOOP('',(#2226,#2227,#2228,#2229));
#6919=EDGE_LOOP('',(#2230,#2231,#2232,#2233));
#6920=EDGE_LOOP('',(#2234,#2235,#2236,#2237));
#6921=EDGE_LOOP('',(#2238,#2239,#2240,#2241));
#6922=EDGE_LOOP('',(#2242,#2243,#2244,#2245,#2246,#2247,#2248,#2249,#2250,
#2251,#2252));
#6923=EDGE_LOOP('',(#2253,#2254,#2255,#2256));
#6924=EDGE_LOOP('',(#2257,#2258,#2259,#2260));
#6925=EDGE_LOOP('',(#2261,#2262,#2263,#2264));
#6926=EDGE_LOOP('',(#2265,#2266,#2267,#2268));
#6927=EDGE_LOOP('',(#2269,#2270,#2271,#2272));
#6928=EDGE_LOOP('',(#2273,#2274,#2275,#2276));
#6929=EDGE_LOOP('',(#2277,#2278,#2279,#2280));
#6930=EDGE_LOOP('',(#2281,#2282,#2283,#2284));
#6931=EDGE_LOOP('',(#2285,#2286,#2287,#2288));
#6932=EDGE_LOOP('',(#2289,#2290,#2291,#2292));
#6933=EDGE_LOOP('',(#2293,#2294,#2295,#2296));
#6934=EDGE_LOOP('',(#2297,#2298,#2299,#2300));
#6935=EDGE_LOOP('',(#2301,#2302,#2303,#2304));
#6936=EDGE_LOOP('',(#2305,#2306,#2307,#2308));
#6937=EDGE_LOOP('',(#2309,#2310,#2311,#2312));
#6938=EDGE_LOOP('',(#2313,#2314,#2315,#2316));
#6939=EDGE_LOOP('',(#2317,#2318,#2319,#2320));
#6940=EDGE_LOOP('',(#2321,#2322,#2323,#2324));
#6941=EDGE_LOOP('',(#2325,#2326,#2327,#2328));
#6942=EDGE_LOOP('',(#2329,#2330,#2331,#2332));
#6943=EDGE_LOOP('',(#2333,#2334,#2335,#2336));
#6944=EDGE_LOOP('',(#2337,#2338,#2339,#2340));
#6945=EDGE_LOOP('',(#2341,#2342,#2343,#2344,#2345,#2346,#2347,#2348,#2349,
#2350,#2351,#2352,#2353,#2354,#2355,#2356,#2357,#2358,#2359,#2360,#2361,
#2362));
#6946=EDGE_LOOP('',(#2363,#2364,#2365,#2366));
#6947=EDGE_LOOP('',(#2367,#2368,#2369,#2370));
#6948=EDGE_LOOP('',(#2371,#2372,#2373,#2374));
#6949=EDGE_LOOP('',(#2375,#2376,#2377,#2378));
#6950=EDGE_LOOP('',(#2379,#2380,#2381,#2382));
#6951=EDGE_LOOP('',(#2383,#2384,#2385,#2386));
#6952=EDGE_LOOP('',(#2387,#2388,#2389,#2390));
#6953=EDGE_LOOP('',(#2391,#2392,#2393,#2394));
#6954=EDGE_LOOP('',(#2395,#2396,#2397,#2398));
#6955=EDGE_LOOP('',(#2399,#2400,#2401,#2402));
#6956=EDGE_LOOP('',(#2403,#2404,#2405,#2406));
#6957=EDGE_LOOP('',(#2407,#2408,#2409,#2410));
#6958=EDGE_LOOP('',(#2411,#2412,#2413,#2414));
#6959=EDGE_LOOP('',(#2415,#2416,#2417,#2418));
#6960=EDGE_LOOP('',(#2419,#2420,#2421,#2422));
#6961=EDGE_LOOP('',(#2423,#2424,#2425,#2426));
#6962=EDGE_LOOP('',(#2427,#2428,#2429,#2430));
#6963=EDGE_LOOP('',(#2431,#2432,#2433,#2434));
#6964=EDGE_LOOP('',(#2435,#2436,#2437,#2438));
#6965=EDGE_LOOP('',(#2439,#2440,#2441,#2442));
#6966=EDGE_LOOP('',(#2443,#2444,#2445,#2446));
#6967=EDGE_LOOP('',(#2447,#2448,#2449,#2450));
#6968=EDGE_LOOP('',(#2451,#2452,#2453,#2454));
#6969=EDGE_LOOP('',(#2455,#2456,#2457,#2458,#2459,#2460,#2461,#2462,#2463,
#2464,#2465,#2466,#2467,#2468,#2469,#2470,#2471,#2472));
#6970=EDGE_LOOP('',(#2473,#2474,#2475,#2476));
#6971=EDGE_LOOP('',(#2477,#2478,#2479,#2480));
#6972=EDGE_LOOP('',(#2481,#2482,#2483,#2484));
#6973=EDGE_LOOP('',(#2485,#2486,#2487,#2488));
#6974=EDGE_LOOP('',(#2489,#2490,#2491,#2492));
#6975=EDGE_LOOP('',(#2493,#2494,#2495,#2496));
#6976=EDGE_LOOP('',(#2497,#2498,#2499,#2500));
#6977=EDGE_LOOP('',(#2501,#2502,#2503,#2504));
#6978=EDGE_LOOP('',(#2505,#2506,#2507,#2508));
#6979=EDGE_LOOP('',(#2509,#2510,#2511,#2512));
#6980=EDGE_LOOP('',(#2513,#2514,#2515,#2516));
#6981=EDGE_LOOP('',(#2517,#2518,#2519,#2520));
#6982=EDGE_LOOP('',(#2521,#2522,#2523,#2524));
#6983=EDGE_LOOP('',(#2525,#2526,#2527,#2528));
#6984=EDGE_LOOP('',(#2529,#2530,#2531,#2532));
#6985=EDGE_LOOP('',(#2533,#2534,#2535,#2536));
#6986=EDGE_LOOP('',(#2537,#2538,#2539,#2540));
#6987=EDGE_LOOP('',(#2541,#2542,#2543,#2544));
#6988=EDGE_LOOP('',(#2545,#2546,#2547,#2548));
#6989=EDGE_LOOP('',(#2549,#2550,#2551,#2552));
#6990=EDGE_LOOP('',(#2553,#2554,#2555,#2556));
#6991=EDGE_LOOP('',(#2557,#2558,#2559,#2560));
#6992=EDGE_LOOP('',(#2561,#2562,#2563,#2564));
#6993=EDGE_LOOP('',(#2565,#2566,#2567,#2568));
#6994=EDGE_LOOP('',(#2569,#2570,#2571,#2572));
#6995=EDGE_LOOP('',(#2573,#2574,#2575,#2576,#2577,#2578,#2579,#2580,#2581,
#2582,#2583,#2584,#2585,#2586,#2587));
#6996=EDGE_LOOP('',(#2588,#2589,#2590,#2591,#2592,#2593,#2594,#2595,#2596,
#2597));
#6997=EDGE_LOOP('',(#2598,#2599,#2600,#2601,#2602,#2603,#2604,#2605,#2606,
#2607));
#6998=EDGE_LOOP('',(#2608,#2609,#2610,#2611));
#6999=EDGE_LOOP('',(#2612,#2613,#2614,#2615));
#7000=EDGE_LOOP('',(#2616,#2617,#2618,#2619));
#7001=EDGE_LOOP('',(#2620,#2621,#2622,#2623));
#7002=EDGE_LOOP('',(#2624,#2625,#2626,#2627));
#7003=EDGE_LOOP('',(#2628,#2629,#2630,#2631));
#7004=EDGE_LOOP('',(#2632,#2633,#2634,#2635));
#7005=EDGE_LOOP('',(#2636,#2637,#2638,#2639));
#7006=EDGE_LOOP('',(#2640,#2641,#2642,#2643));
#7007=EDGE_LOOP('',(#2644,#2645,#2646,#2647));
#7008=EDGE_LOOP('',(#2648,#2649,#2650,#2651));
#7009=EDGE_LOOP('',(#2652,#2653,#2654,#2655));
#7010=EDGE_LOOP('',(#2656,#2657,#2658,#2659));
#7011=EDGE_LOOP('',(#2660,#2661,#2662,#2663));
#7012=EDGE_LOOP('',(#2664,#2665,#2666,#2667));
#7013=EDGE_LOOP('',(#2668,#2669,#2670,#2671));
#7014=EDGE_LOOP('',(#2672,#2673,#2674,#2675));
#7015=EDGE_LOOP('',(#2676,#2677,#2678,#2679));
#7016=EDGE_LOOP('',(#2680,#2681,#2682,#2683));
#7017=EDGE_LOOP('',(#2684,#2685,#2686,#2687));
#7018=EDGE_LOOP('',(#2688,#2689,#2690,#2691));
#7019=EDGE_LOOP('',(#2692,#2693,#2694,#2695,#2696,#2697,#2698,#2699,#2700,
#2701,#2702,#2703,#2704));
#7020=EDGE_LOOP('',(#2705,#2706,#2707,#2708,#2709,#2710,#2711,#2712));
#7021=EDGE_LOOP('',(#2713,#2714,#2715,#2716,#2717,#2718,#2719,#2720));
#7022=EDGE_LOOP('',(#2721,#2722,#2723,#2724));
#7023=EDGE_LOOP('',(#2725,#2726,#2727,#2728));
#7024=EDGE_LOOP('',(#2729,#2730,#2731,#2732));
#7025=EDGE_LOOP('',(#2733,#2734,#2735,#2736));
#7026=EDGE_LOOP('',(#2737,#2738,#2739,#2740));
#7027=EDGE_LOOP('',(#2741,#2742,#2743,#2744));
#7028=EDGE_LOOP('',(#2745,#2746,#2747,#2748));
#7029=EDGE_LOOP('',(#2749,#2750,#2751,#2752));
#7030=EDGE_LOOP('',(#2753,#2754,#2755,#2756));
#7031=EDGE_LOOP('',(#2757,#2758,#2759,#2760));
#7032=EDGE_LOOP('',(#2761,#2762,#2763,#2764));
#7033=EDGE_LOOP('',(#2765,#2766,#2767,#2768));
#7034=EDGE_LOOP('',(#2769,#2770,#2771,#2772));
#7035=EDGE_LOOP('',(#2773,#2774,#2775,#2776));
#7036=EDGE_LOOP('',(#2777,#2778,#2779,#2780));
#7037=EDGE_LOOP('',(#2781,#2782,#2783,#2784));
#7038=EDGE_LOOP('',(#2785,#2786,#2787,#2788));
#7039=EDGE_LOOP('',(#2789,#2790,#2791,#2792));
#7040=EDGE_LOOP('',(#2793,#2794,#2795,#2796));
#7041=EDGE_LOOP('',(#2797,#2798,#2799,#2800));
#7042=EDGE_LOOP('',(#2801,#2802,#2803,#2804));
#7043=EDGE_LOOP('',(#2805,#2806,#2807,#2808));
#7044=EDGE_LOOP('',(#2809,#2810,#2811,#2812,#2813,#2814,#2815,#2816,#2817,
#2818,#2819,#2820,#2821,#2822,#2823,#2824,#2825,#2826,#2827,#2828,#2829,
#2830));
#7045=EDGE_LOOP('',(#2831,#2832,#2833,#2834));
#7046=EDGE_LOOP('',(#2835,#2836,#2837,#2838));
#7047=EDGE_LOOP('',(#2839,#2840,#2841,#2842));
#7048=EDGE_LOOP('',(#2843,#2844,#2845,#2846));
#7049=EDGE_LOOP('',(#2847,#2848,#2849,#2850));
#7050=EDGE_LOOP('',(#2851,#2852,#2853,#2854));
#7051=EDGE_LOOP('',(#2855,#2856,#2857,#2858));
#7052=EDGE_LOOP('',(#2859,#2860,#2861,#2862));
#7053=EDGE_LOOP('',(#2863,#2864,#2865,#2866));
#7054=EDGE_LOOP('',(#2867,#2868,#2869,#2870));
#7055=EDGE_LOOP('',(#2871,#2872,#2873,#2874));
#7056=EDGE_LOOP('',(#2875,#2876,#2877,#2878));
#7057=EDGE_LOOP('',(#2879,#2880,#2881,#2882));
#7058=EDGE_LOOP('',(#2883,#2884,#2885,#2886));
#7059=EDGE_LOOP('',(#2887,#2888,#2889,#2890));
#7060=EDGE_LOOP('',(#2891,#2892,#2893,#2894));
#7061=EDGE_LOOP('',(#2895,#2896,#2897,#2898));
#7062=EDGE_LOOP('',(#2899,#2900,#2901,#2902));
#7063=EDGE_LOOP('',(#2903,#2904,#2905,#2906));
#7064=EDGE_LOOP('',(#2907,#2908,#2909,#2910));
#7065=EDGE_LOOP('',(#2911,#2912,#2913,#2914));
#7066=EDGE_LOOP('',(#2915,#2916,#2917,#2918));
#7067=EDGE_LOOP('',(#2919,#2920,#2921,#2922));
#7068=EDGE_LOOP('',(#2923,#2924,#2925,#2926));
#7069=EDGE_LOOP('',(#2927,#2928,#2929,#2930));
#7070=EDGE_LOOP('',(#2931,#2932,#2933,#2934));
#7071=EDGE_LOOP('',(#2935,#2936,#2937,#2938));
#7072=EDGE_LOOP('',(#2939,#2940,#2941,#2942));
#7073=EDGE_LOOP('',(#2943,#2944,#2945,#2946));
#7074=EDGE_LOOP('',(#2947,#2948,#2949,#2950));
#7075=EDGE_LOOP('',(#2951,#2952,#2953,#2954));
#7076=EDGE_LOOP('',(#2955,#2956,#2957,#2958));
#7077=EDGE_LOOP('',(#2959,#2960,#2961,#2962));
#7078=EDGE_LOOP('',(#2963,#2964,#2965,#2966));
#7079=EDGE_LOOP('',(#2967,#2968,#2969,#2970,#2971,#2972,#2973,#2974,#2975,
#2976,#2977,#2978,#2979));
#7080=EDGE_LOOP('',(#2980,#2981,#2982,#2983,#2984,#2985,#2986,#2987));
#7081=EDGE_LOOP('',(#2988,#2989,#2990,#2991,#2992,#2993,#2994,#2995));
#7082=EDGE_LOOP('',(#2996,#2997,#2998,#2999,#3000,#3001,#3002,#3003));
#7083=EDGE_LOOP('',(#3004,#3005,#3006,#3007,#3008,#3009,#3010,#3011));
#7084=EDGE_LOOP('',(#3012,#3013,#3014,#3015));
#7085=EDGE_LOOP('',(#3016,#3017,#3018,#3019));
#7086=EDGE_LOOP('',(#3020,#3021,#3022,#3023));
#7087=EDGE_LOOP('',(#3024,#3025,#3026,#3027));
#7088=EDGE_LOOP('',(#3028,#3029,#3030,#3031));
#7089=EDGE_LOOP('',(#3032,#3033,#3034,#3035));
#7090=EDGE_LOOP('',(#3036,#3037,#3038,#3039));
#7091=EDGE_LOOP('',(#3040,#3041,#3042,#3043));
#7092=EDGE_LOOP('',(#3044,#3045,#3046,#3047));
#7093=EDGE_LOOP('',(#3048,#3049,#3050,#3051));
#7094=EDGE_LOOP('',(#3052,#3053,#3054,#3055));
#7095=EDGE_LOOP('',(#3056,#3057,#3058,#3059));
#7096=EDGE_LOOP('',(#3060,#3061,#3062,#3063));
#7097=EDGE_LOOP('',(#3064,#3065,#3066,#3067));
#7098=EDGE_LOOP('',(#3068,#3069,#3070,#3071));
#7099=EDGE_LOOP('',(#3072,#3073,#3074,#3075));
#7100=EDGE_LOOP('',(#3076,#3077,#3078,#3079));
#7101=EDGE_LOOP('',(#3080,#3081,#3082,#3083));
#7102=EDGE_LOOP('',(#3084,#3085,#3086,#3087));
#7103=EDGE_LOOP('',(#3088,#3089,#3090,#3091));
#7104=EDGE_LOOP('',(#3092,#3093,#3094,#3095));
#7105=EDGE_LOOP('',(#3096,#3097,#3098,#3099));
#7106=EDGE_LOOP('',(#3100,#3101,#3102,#3103,#3104,#3105,#3106,#3107,#3108,
#3109,#3110,#3111));
#7107=EDGE_LOOP('',(#3112,#3113,#3114,#3115,#3116,#3117,#3118,#3119,#3120,
#3121));
#7108=EDGE_LOOP('',(#3122,#3123,#3124,#3125,#3126,#3127,#3128,#3129,#3130,
#3131));
#7109=EDGE_LOOP('',(#3132,#3133,#3134,#3135));
#7110=EDGE_LOOP('',(#3136,#3137,#3138,#3139));
#7111=EDGE_LOOP('',(#3140,#3141,#3142,#3143));
#7112=EDGE_LOOP('',(#3144,#3145,#3146,#3147));
#7113=EDGE_LOOP('',(#3148,#3149,#3150,#3151));
#7114=EDGE_LOOP('',(#3152,#3153,#3154,#3155));
#7115=EDGE_LOOP('',(#3156,#3157,#3158,#3159));
#7116=EDGE_LOOP('',(#3160,#3161,#3162,#3163));
#7117=EDGE_LOOP('',(#3164,#3165,#3166,#3167));
#7118=EDGE_LOOP('',(#3168,#3169,#3170,#3171));
#7119=EDGE_LOOP('',(#3172,#3173,#3174,#3175));
#7120=EDGE_LOOP('',(#3176,#3177,#3178,#3179,#3180,#3181,#3182,#3183));
#7121=EDGE_LOOP('',(#3184,#3185,#3186));
#7122=EDGE_LOOP('',(#3187,#3188,#3189));
#7123=EDGE_LOOP('',(#3190,#3191,#3192,#3193));
#7124=EDGE_LOOP('',(#3194,#3195,#3196,#3197));
#7125=EDGE_LOOP('',(#3198,#3199,#3200,#3201));
#7126=EDGE_LOOP('',(#3202,#3203,#3204,#3205));
#7127=EDGE_LOOP('',(#3206,#3207,#3208,#3209));
#7128=EDGE_LOOP('',(#3210,#3211,#3212,#3213));
#7129=EDGE_LOOP('',(#3214,#3215,#3216,#3217));
#7130=EDGE_LOOP('',(#3218,#3219,#3220,#3221));
#7131=EDGE_LOOP('',(#3222,#3223,#3224,#3225,#3226,#3227,#3228,#3229));
#7132=FACE_BOUND('',#6648,.T.);
#7133=FACE_BOUND('',#6649,.T.);
#7134=FACE_BOUND('',#6650,.T.);
#7135=FACE_BOUND('',#6651,.T.);
#7136=FACE_BOUND('',#6652,.T.);
#7137=FACE_BOUND('',#6653,.T.);
#7138=FACE_BOUND('',#6654,.T.);
#7139=FACE_BOUND('',#6655,.T.);
#7140=FACE_BOUND('',#6656,.T.);
#7141=FACE_BOUND('',#6657,.T.);
#7142=FACE_BOUND('',#6658,.T.);
#7143=FACE_BOUND('',#6659,.T.);
#7144=FACE_BOUND('',#6660,.T.);
#7145=FACE_BOUND('',#6661,.T.);
#7146=FACE_BOUND('',#6662,.T.);
#7147=FACE_BOUND('',#6663,.T.);
#7148=FACE_BOUND('',#6664,.T.);
#7149=FACE_BOUND('',#6665,.T.);
#7150=FACE_BOUND('',#6666,.T.);
#7151=FACE_BOUND('',#6667,.T.);
#7152=FACE_BOUND('',#6668,.T.);
#7153=FACE_BOUND('',#6669,.T.);
#7154=FACE_BOUND('',#6670,.T.);
#7155=FACE_BOUND('',#6671,.T.);
#7156=FACE_BOUND('',#6672,.T.);
#7157=FACE_BOUND('',#6673,.T.);
#7158=FACE_BOUND('',#6674,.T.);
#7159=FACE_BOUND('',#6675,.T.);
#7160=FACE_BOUND('',#6676,.T.);
#7161=FACE_BOUND('',#6677,.T.);
#7162=FACE_BOUND('',#6678,.T.);
#7163=FACE_BOUND('',#6679,.T.);
#7164=FACE_BOUND('',#6680,.T.);
#7165=FACE_BOUND('',#6681,.T.);
#7166=FACE_BOUND('',#6682,.T.);
#7167=FACE_BOUND('',#6683,.T.);
#7168=FACE_BOUND('',#6684,.T.);
#7169=FACE_BOUND('',#6685,.T.);
#7170=FACE_BOUND('',#6686,.T.);
#7171=FACE_BOUND('',#6687,.T.);
#7172=FACE_BOUND('',#6688,.T.);
#7173=FACE_BOUND('',#6689,.T.);
#7174=FACE_BOUND('',#6690,.T.);
#7175=FACE_BOUND('',#6691,.T.);
#7176=FACE_BOUND('',#6692,.T.);
#7177=FACE_BOUND('',#6693,.T.);
#7178=FACE_BOUND('',#6694,.T.);
#7179=FACE_BOUND('',#6695,.T.);
#7180=FACE_BOUND('',#6696,.T.);
#7181=FACE_BOUND('',#6697,.T.);
#7182=FACE_BOUND('',#6698,.T.);
#7183=FACE_BOUND('',#6699,.T.);
#7184=FACE_BOUND('',#6700,.T.);
#7185=FACE_BOUND('',#6701,.T.);
#7186=FACE_BOUND('',#6702,.T.);
#7187=FACE_BOUND('',#6703,.T.);
#7188=FACE_BOUND('',#6704,.T.);
#7189=FACE_BOUND('',#6705,.T.);
#7190=FACE_BOUND('',#6706,.T.);
#7191=FACE_BOUND('',#6707,.T.);
#7192=FACE_BOUND('',#6708,.T.);
#7193=FACE_BOUND('',#6709,.T.);
#7194=FACE_BOUND('',#6710,.T.);
#7195=FACE_BOUND('',#6711,.T.);
#7196=FACE_BOUND('',#6712,.T.);
#7197=FACE_BOUND('',#6713,.T.);
#7198=FACE_BOUND('',#6714,.T.);
#7199=FACE_BOUND('',#6715,.T.);
#7200=FACE_BOUND('',#6716,.T.);
#7201=FACE_BOUND('',#6717,.T.);
#7202=FACE_BOUND('',#6718,.T.);
#7203=FACE_BOUND('',#6719,.T.);
#7204=FACE_BOUND('',#6720,.T.);
#7205=FACE_BOUND('',#6721,.T.);
#7206=FACE_BOUND('',#6722,.T.);
#7207=FACE_BOUND('',#6723,.T.);
#7208=FACE_BOUND('',#6724,.T.);
#7209=FACE_BOUND('',#6725,.T.);
#7210=FACE_BOUND('',#6726,.T.);
#7211=FACE_BOUND('',#6727,.T.);
#7212=FACE_BOUND('',#6728,.T.);
#7213=FACE_BOUND('',#6729,.T.);
#7214=FACE_BOUND('',#6730,.T.);
#7215=FACE_BOUND('',#6731,.T.);
#7216=FACE_BOUND('',#6732,.T.);
#7217=FACE_BOUND('',#6733,.T.);
#7218=FACE_BOUND('',#6734,.T.);
#7219=FACE_BOUND('',#6735,.T.);
#7220=FACE_BOUND('',#6736,.T.);
#7221=FACE_BOUND('',#6737,.T.);
#7222=FACE_BOUND('',#6738,.T.);
#7223=FACE_BOUND('',#6739,.T.);
#7224=FACE_BOUND('',#6740,.T.);
#7225=FACE_BOUND('',#6741,.T.);
#7226=FACE_BOUND('',#6742,.T.);
#7227=FACE_BOUND('',#6743,.T.);
#7228=FACE_BOUND('',#6744,.T.);
#7229=FACE_BOUND('',#6745,.T.);
#7230=FACE_BOUND('',#6746,.T.);
#7231=FACE_BOUND('',#6747,.T.);
#7232=FACE_BOUND('',#6748,.T.);
#7233=FACE_BOUND('',#6749,.T.);
#7234=FACE_BOUND('',#6750,.T.);
#7235=FACE_BOUND('',#6751,.T.);
#7236=FACE_BOUND('',#6752,.T.);
#7237=FACE_BOUND('',#6753,.T.);
#7238=FACE_BOUND('',#6754,.T.);
#7239=FACE_BOUND('',#6755,.T.);
#7240=FACE_BOUND('',#6756,.T.);
#7241=FACE_BOUND('',#6757,.T.);
#7242=FACE_BOUND('',#6758,.T.);
#7243=FACE_BOUND('',#6759,.T.);
#7244=FACE_BOUND('',#6760,.T.);
#7245=FACE_BOUND('',#6761,.T.);
#7246=FACE_BOUND('',#6762,.T.);
#7247=FACE_BOUND('',#6763,.T.);
#7248=FACE_BOUND('',#6764,.T.);
#7249=FACE_BOUND('',#6765,.T.);
#7250=FACE_BOUND('',#6766,.T.);
#7251=FACE_BOUND('',#6767,.T.);
#7252=FACE_BOUND('',#6768,.T.);
#7253=FACE_BOUND('',#6769,.T.);
#7254=FACE_BOUND('',#6770,.T.);
#7255=FACE_BOUND('',#6771,.T.);
#7256=FACE_BOUND('',#6772,.T.);
#7257=FACE_BOUND('',#6773,.T.);
#7258=FACE_BOUND('',#6774,.T.);
#7259=FACE_BOUND('',#6775,.T.);
#7260=FACE_BOUND('',#6776,.T.);
#7261=FACE_BOUND('',#6777,.T.);
#7262=FACE_BOUND('',#6778,.T.);
#7263=FACE_BOUND('',#6779,.T.);
#7264=FACE_BOUND('',#6780,.T.);
#7265=FACE_BOUND('',#6781,.T.);
#7266=FACE_BOUND('',#6782,.T.);
#7267=FACE_BOUND('',#6783,.T.);
#7268=FACE_BOUND('',#6784,.T.);
#7269=FACE_BOUND('',#6785,.T.);
#7270=FACE_BOUND('',#6786,.T.);
#7271=FACE_BOUND('',#6787,.T.);
#7272=FACE_BOUND('',#6788,.T.);
#7273=FACE_BOUND('',#6789,.T.);
#7274=FACE_BOUND('',#6790,.T.);
#7275=FACE_BOUND('',#6791,.T.);
#7276=FACE_BOUND('',#6792,.T.);
#7277=FACE_BOUND('',#6793,.T.);
#7278=FACE_BOUND('',#6794,.T.);
#7279=FACE_BOUND('',#6795,.T.);
#7280=FACE_BOUND('',#6796,.T.);
#7281=FACE_BOUND('',#6797,.T.);
#7282=FACE_BOUND('',#6798,.T.);
#7283=FACE_BOUND('',#6799,.T.);
#7284=FACE_BOUND('',#6800,.T.);
#7285=FACE_BOUND('',#6801,.T.);
#7286=FACE_BOUND('',#6802,.T.);
#7287=FACE_BOUND('',#6803,.T.);
#7288=FACE_BOUND('',#6804,.T.);
#7289=FACE_BOUND('',#6805,.T.);
#7290=FACE_BOUND('',#6806,.T.);
#7291=FACE_BOUND('',#6807,.T.);
#7292=FACE_BOUND('',#6808,.T.);
#7293=FACE_BOUND('',#6809,.T.);
#7294=FACE_BOUND('',#6810,.T.);
#7295=FACE_BOUND('',#6811,.T.);
#7296=FACE_BOUND('',#6812,.T.);
#7297=FACE_BOUND('',#6813,.T.);
#7298=FACE_BOUND('',#6814,.T.);
#7299=FACE_BOUND('',#6815,.T.);
#7300=FACE_BOUND('',#6816,.T.);
#7301=FACE_BOUND('',#6817,.T.);
#7302=FACE_BOUND('',#6818,.T.);
#7303=FACE_BOUND('',#6819,.T.);
#7304=FACE_BOUND('',#6820,.T.);
#7305=FACE_BOUND('',#6821,.T.);
#7306=FACE_BOUND('',#6822,.T.);
#7307=FACE_BOUND('',#6823,.T.);
#7308=FACE_BOUND('',#6824,.T.);
#7309=FACE_BOUND('',#6825,.T.);
#7310=FACE_BOUND('',#6826,.T.);
#7311=FACE_BOUND('',#6827,.T.);
#7312=FACE_BOUND('',#6828,.T.);
#7313=FACE_BOUND('',#6829,.T.);
#7314=FACE_BOUND('',#6830,.T.);
#7315=FACE_BOUND('',#6831,.T.);
#7316=FACE_BOUND('',#6832,.T.);
#7317=FACE_BOUND('',#6833,.T.);
#7318=FACE_BOUND('',#6834,.T.);
#7319=FACE_BOUND('',#6835,.T.);
#7320=FACE_BOUND('',#6836,.T.);
#7321=FACE_BOUND('',#6837,.T.);
#7322=FACE_BOUND('',#6838,.T.);
#7323=FACE_BOUND('',#6839,.T.);
#7324=FACE_BOUND('',#6840,.T.);
#7325=FACE_BOUND('',#6841,.T.);
#7326=FACE_BOUND('',#6842,.T.);
#7327=FACE_BOUND('',#6843,.T.);
#7328=FACE_BOUND('',#6844,.T.);
#7329=FACE_BOUND('',#6845,.T.);
#7330=FACE_BOUND('',#6846,.T.);
#7331=FACE_BOUND('',#6847,.T.);
#7332=FACE_BOUND('',#6848,.T.);
#7333=FACE_BOUND('',#6849,.T.);
#7334=FACE_BOUND('',#6850,.T.);
#7335=FACE_BOUND('',#6851,.T.);
#7336=FACE_BOUND('',#6852,.T.);
#7337=FACE_BOUND('',#6853,.T.);
#7338=FACE_BOUND('',#6854,.T.);
#7339=FACE_BOUND('',#6855,.T.);
#7340=FACE_BOUND('',#6856,.T.);
#7341=FACE_BOUND('',#6857,.T.);
#7342=FACE_BOUND('',#6858,.T.);
#7343=FACE_BOUND('',#6859,.T.);
#7344=FACE_BOUND('',#6860,.T.);
#7345=FACE_BOUND('',#6861,.T.);
#7346=FACE_BOUND('',#6862,.T.);
#7347=FACE_BOUND('',#6863,.T.);
#7348=FACE_BOUND('',#6864,.T.);
#7349=FACE_BOUND('',#6865,.T.);
#7350=FACE_BOUND('',#6866,.T.);
#7351=FACE_BOUND('',#6867,.T.);
#7352=FACE_BOUND('',#6868,.T.);
#7353=FACE_BOUND('',#6869,.T.);
#7354=FACE_BOUND('',#6870,.T.);
#7355=FACE_BOUND('',#6871,.T.);
#7356=FACE_BOUND('',#6872,.T.);
#7357=FACE_BOUND('',#6873,.T.);
#7358=FACE_BOUND('',#6874,.T.);
#7359=FACE_BOUND('',#6875,.T.);
#7360=FACE_BOUND('',#6876,.T.);
#7361=FACE_BOUND('',#6877,.T.);
#7362=FACE_BOUND('',#6878,.T.);
#7363=FACE_BOUND('',#6879,.T.);
#7364=FACE_BOUND('',#6880,.T.);
#7365=FACE_BOUND('',#6881,.T.);
#7366=FACE_BOUND('',#6882,.T.);
#7367=FACE_BOUND('',#6883,.T.);
#7368=FACE_BOUND('',#6884,.T.);
#7369=FACE_BOUND('',#6885,.T.);
#7370=FACE_BOUND('',#6886,.T.);
#7371=FACE_BOUND('',#6887,.T.);
#7372=FACE_BOUND('',#6888,.T.);
#7373=FACE_BOUND('',#6889,.T.);
#7374=FACE_BOUND('',#6890,.T.);
#7375=FACE_BOUND('',#6891,.T.);
#7376=FACE_BOUND('',#6892,.T.);
#7377=FACE_BOUND('',#6893,.T.);
#7378=FACE_BOUND('',#6894,.T.);
#7379=FACE_BOUND('',#6895,.T.);
#7380=FACE_BOUND('',#6896,.T.);
#7381=FACE_BOUND('',#6897,.T.);
#7382=FACE_BOUND('',#6898,.T.);
#7383=FACE_BOUND('',#6899,.T.);
#7384=FACE_BOUND('',#6900,.T.);
#7385=FACE_BOUND('',#6901,.T.);
#7386=FACE_BOUND('',#6902,.T.);
#7387=FACE_BOUND('',#6903,.T.);
#7388=FACE_BOUND('',#6904,.T.);
#7389=FACE_BOUND('',#6905,.T.);
#7390=FACE_BOUND('',#6906,.T.);
#7391=FACE_BOUND('',#6907,.T.);
#7392=FACE_BOUND('',#6908,.T.);
#7393=FACE_BOUND('',#6909,.T.);
#7394=FACE_BOUND('',#6910,.T.);
#7395=FACE_BOUND('',#6911,.T.);
#7396=FACE_BOUND('',#6912,.T.);
#7397=FACE_BOUND('',#6913,.T.);
#7398=FACE_BOUND('',#6914,.T.);
#7399=FACE_BOUND('',#6915,.T.);
#7400=FACE_BOUND('',#6916,.T.);
#7401=FACE_BOUND('',#6917,.T.);
#7402=FACE_BOUND('',#6918,.T.);
#7403=FACE_BOUND('',#6919,.T.);
#7404=FACE_BOUND('',#6920,.T.);
#7405=FACE_BOUND('',#6921,.T.);
#7406=FACE_BOUND('',#6922,.T.);
#7407=FACE_BOUND('',#6923,.T.);
#7408=FACE_BOUND('',#6924,.T.);
#7409=FACE_BOUND('',#6925,.T.);
#7410=FACE_BOUND('',#6926,.T.);
#7411=FACE_BOUND('',#6927,.T.);
#7412=FACE_BOUND('',#6928,.T.);
#7413=FACE_BOUND('',#6929,.T.);
#7414=FACE_BOUND('',#6930,.T.);
#7415=FACE_BOUND('',#6931,.T.);
#7416=FACE_BOUND('',#6932,.T.);
#7417=FACE_BOUND('',#6933,.T.);
#7418=FACE_BOUND('',#6934,.T.);
#7419=FACE_BOUND('',#6935,.T.);
#7420=FACE_BOUND('',#6936,.T.);
#7421=FACE_BOUND('',#6937,.T.);
#7422=FACE_BOUND('',#6938,.T.);
#7423=FACE_BOUND('',#6939,.T.);
#7424=FACE_BOUND('',#6940,.T.);
#7425=FACE_BOUND('',#6941,.T.);
#7426=FACE_BOUND('',#6942,.T.);
#7427=FACE_BOUND('',#6943,.T.);
#7428=FACE_BOUND('',#6944,.T.);
#7429=FACE_BOUND('',#6945,.T.);
#7430=FACE_BOUND('',#6946,.T.);
#7431=FACE_BOUND('',#6947,.T.);
#7432=FACE_BOUND('',#6948,.T.);
#7433=FACE_BOUND('',#6949,.T.);
#7434=FACE_BOUND('',#6950,.T.);
#7435=FACE_BOUND('',#6951,.T.);
#7436=FACE_BOUND('',#6952,.T.);
#7437=FACE_BOUND('',#6953,.T.);
#7438=FACE_BOUND('',#6954,.T.);
#7439=FACE_BOUND('',#6955,.T.);
#7440=FACE_BOUND('',#6956,.T.);
#7441=FACE_BOUND('',#6957,.T.);
#7442=FACE_BOUND('',#6958,.T.);
#7443=FACE_BOUND('',#6959,.T.);
#7444=FACE_BOUND('',#6960,.T.);
#7445=FACE_BOUND('',#6961,.T.);
#7446=FACE_BOUND('',#6962,.T.);
#7447=FACE_BOUND('',#6963,.T.);
#7448=FACE_BOUND('',#6964,.T.);
#7449=FACE_BOUND('',#6965,.T.);
#7450=FACE_BOUND('',#6966,.T.);
#7451=FACE_BOUND('',#6967,.T.);
#7452=FACE_BOUND('',#6968,.T.);
#7453=FACE_BOUND('',#6969,.T.);
#7454=FACE_BOUND('',#6970,.T.);
#7455=FACE_BOUND('',#6971,.T.);
#7456=FACE_BOUND('',#6972,.T.);
#7457=FACE_BOUND('',#6973,.T.);
#7458=FACE_BOUND('',#6974,.T.);
#7459=FACE_BOUND('',#6975,.T.);
#7460=FACE_BOUND('',#6976,.T.);
#7461=FACE_BOUND('',#6977,.T.);
#7462=FACE_BOUND('',#6978,.T.);
#7463=FACE_BOUND('',#6979,.T.);
#7464=FACE_BOUND('',#6980,.T.);
#7465=FACE_BOUND('',#6981,.T.);
#7466=FACE_BOUND('',#6982,.T.);
#7467=FACE_BOUND('',#6983,.T.);
#7468=FACE_BOUND('',#6984,.T.);
#7469=FACE_BOUND('',#6985,.T.);
#7470=FACE_BOUND('',#6986,.T.);
#7471=FACE_BOUND('',#6987,.T.);
#7472=FACE_BOUND('',#6988,.T.);
#7473=FACE_BOUND('',#6989,.T.);
#7474=FACE_BOUND('',#6990,.T.);
#7475=FACE_BOUND('',#6991,.T.);
#7476=FACE_BOUND('',#6992,.T.);
#7477=FACE_BOUND('',#6993,.T.);
#7478=FACE_BOUND('',#6994,.T.);
#7479=FACE_BOUND('',#6995,.T.);
#7480=FACE_BOUND('',#6996,.T.);
#7481=FACE_BOUND('',#6997,.T.);
#7482=FACE_BOUND('',#6998,.T.);
#7483=FACE_BOUND('',#6999,.T.);
#7484=FACE_BOUND('',#7000,.T.);
#7485=FACE_BOUND('',#7001,.T.);
#7486=FACE_BOUND('',#7002,.T.);
#7487=FACE_BOUND('',#7003,.T.);
#7488=FACE_BOUND('',#7004,.T.);
#7489=FACE_BOUND('',#7005,.T.);
#7490=FACE_BOUND('',#7006,.T.);
#7491=FACE_BOUND('',#7007,.T.);
#7492=FACE_BOUND('',#7008,.T.);
#7493=FACE_BOUND('',#7009,.T.);
#7494=FACE_BOUND('',#7010,.T.);
#7495=FACE_BOUND('',#7011,.T.);
#7496=FACE_BOUND('',#7012,.T.);
#7497=FACE_BOUND('',#7013,.T.);
#7498=FACE_BOUND('',#7014,.T.);
#7499=FACE_BOUND('',#7015,.T.);
#7500=FACE_BOUND('',#7016,.T.);
#7501=FACE_BOUND('',#7017,.T.);
#7502=FACE_BOUND('',#7018,.T.);
#7503=FACE_BOUND('',#7019,.T.);
#7504=FACE_BOUND('',#7020,.T.);
#7505=FACE_BOUND('',#7021,.T.);
#7506=FACE_BOUND('',#7022,.T.);
#7507=FACE_BOUND('',#7023,.T.);
#7508=FACE_BOUND('',#7024,.T.);
#7509=FACE_BOUND('',#7025,.T.);
#7510=FACE_BOUND('',#7026,.T.);
#7511=FACE_BOUND('',#7027,.T.);
#7512=FACE_BOUND('',#7028,.T.);
#7513=FACE_BOUND('',#7029,.T.);
#7514=FACE_BOUND('',#7030,.T.);
#7515=FACE_BOUND('',#7031,.T.);
#7516=FACE_BOUND('',#7032,.T.);
#7517=FACE_BOUND('',#7033,.T.);
#7518=FACE_BOUND('',#7034,.T.);
#7519=FACE_BOUND('',#7035,.T.);
#7520=FACE_BOUND('',#7036,.T.);
#7521=FACE_BOUND('',#7037,.T.);
#7522=FACE_BOUND('',#7038,.T.);
#7523=FACE_BOUND('',#7039,.T.);
#7524=FACE_BOUND('',#7040,.T.);
#7525=FACE_BOUND('',#7041,.T.);
#7526=FACE_BOUND('',#7042,.T.);
#7527=FACE_BOUND('',#7043,.T.);
#7528=FACE_BOUND('',#7044,.T.);
#7529=FACE_BOUND('',#7045,.T.);
#7530=FACE_BOUND('',#7046,.T.);
#7531=FACE_BOUND('',#7047,.T.);
#7532=FACE_BOUND('',#7048,.T.);
#7533=FACE_BOUND('',#7049,.T.);
#7534=FACE_BOUND('',#7050,.T.);
#7535=FACE_BOUND('',#7051,.T.);
#7536=FACE_BOUND('',#7052,.T.);
#7537=FACE_BOUND('',#7053,.T.);
#7538=FACE_BOUND('',#7054,.T.);
#7539=FACE_BOUND('',#7055,.T.);
#7540=FACE_BOUND('',#7056,.T.);
#7541=FACE_BOUND('',#7057,.T.);
#7542=FACE_BOUND('',#7058,.T.);
#7543=FACE_BOUND('',#7059,.T.);
#7544=FACE_BOUND('',#7060,.T.);
#7545=FACE_BOUND('',#7061,.T.);
#7546=FACE_BOUND('',#7062,.T.);
#7547=FACE_BOUND('',#7063,.T.);
#7548=FACE_BOUND('',#7064,.T.);
#7549=FACE_BOUND('',#7065,.T.);
#7550=FACE_BOUND('',#7066,.T.);
#7551=FACE_BOUND('',#7067,.T.);
#7552=FACE_BOUND('',#7068,.T.);
#7553=FACE_BOUND('',#7069,.T.);
#7554=FACE_BOUND('',#7070,.T.);
#7555=FACE_BOUND('',#7071,.T.);
#7556=FACE_BOUND('',#7072,.T.);
#7557=FACE_BOUND('',#7073,.T.);
#7558=FACE_BOUND('',#7074,.T.);
#7559=FACE_BOUND('',#7075,.T.);
#7560=FACE_BOUND('',#7076,.T.);
#7561=FACE_BOUND('',#7077,.T.);
#7562=FACE_BOUND('',#7078,.T.);
#7563=FACE_BOUND('',#7079,.T.);
#7564=FACE_BOUND('',#7080,.T.);
#7565=FACE_BOUND('',#7081,.T.);
#7566=FACE_BOUND('',#7082,.T.);
#7567=FACE_BOUND('',#7083,.T.);
#7568=FACE_BOUND('',#7084,.T.);
#7569=FACE_BOUND('',#7085,.T.);
#7570=FACE_BOUND('',#7086,.T.);
#7571=FACE_BOUND('',#7087,.T.);
#7572=FACE_BOUND('',#7088,.T.);
#7573=FACE_BOUND('',#7089,.T.);
#7574=FACE_BOUND('',#7090,.T.);
#7575=FACE_BOUND('',#7091,.T.);
#7576=FACE_BOUND('',#7092,.T.);
#7577=FACE_BOUND('',#7093,.T.);
#7578=FACE_BOUND('',#7094,.T.);
#7579=FACE_BOUND('',#7095,.T.);
#7580=FACE_BOUND('',#7096,.T.);
#7581=FACE_BOUND('',#7097,.T.);
#7582=FACE_BOUND('',#7098,.T.);
#7583=FACE_BOUND('',#7099,.T.);
#7584=FACE_BOUND('',#7100,.T.);
#7585=FACE_BOUND('',#7101,.T.);
#7586=FACE_BOUND('',#7102,.T.);
#7587=FACE_BOUND('',#7103,.T.);
#7588=FACE_BOUND('',#7104,.T.);
#7589=FACE_BOUND('',#7105,.T.);
#7590=FACE_BOUND('',#7106,.T.);
#7591=FACE_BOUND('',#7107,.T.);
#7592=FACE_BOUND('',#7108,.T.);
#7593=FACE_BOUND('',#7109,.T.);
#7594=FACE_BOUND('',#7110,.T.);
#7595=FACE_BOUND('',#7111,.T.);
#7596=FACE_BOUND('',#7112,.T.);
#7597=FACE_BOUND('',#7113,.T.);
#7598=FACE_BOUND('',#7114,.T.);
#7599=FACE_BOUND('',#7115,.T.);
#7600=FACE_BOUND('',#7116,.T.);
#7601=FACE_BOUND('',#7117,.T.);
#7602=FACE_BOUND('',#7118,.T.);
#7603=FACE_BOUND('',#7119,.T.);
#7604=FACE_BOUND('',#7120,.T.);
#7605=FACE_BOUND('',#7121,.T.);
#7606=FACE_BOUND('',#7122,.T.);
#7607=FACE_BOUND('',#7123,.T.);
#7608=FACE_BOUND('',#7124,.T.);
#7609=FACE_BOUND('',#7125,.T.);
#7610=FACE_BOUND('',#7126,.T.);
#7611=FACE_BOUND('',#7127,.T.);
#7612=FACE_BOUND('',#7128,.T.);
#7613=FACE_BOUND('',#7129,.T.);
#7614=FACE_BOUND('',#7130,.T.);
#7615=FACE_BOUND('',#7131,.T.);
#7616=PLANE('',#8257);
#7617=PLANE('',#8298);
#7618=PLANE('',#8307);
#7619=PLANE('',#8309);
#7620=PLANE('',#8310);
#7621=PLANE('',#8311);
#7622=PLANE('',#8314);
#7623=PLANE('',#8316);
#7624=PLANE('',#8317);
#7625=PLANE('',#8318);
#7626=PLANE('',#8323);
#7627=PLANE('',#8324);
#7628=PLANE('',#8325);
#7629=PLANE('',#8326);
#7630=PLANE('',#8327);
#7631=PLANE('',#8328);
#7632=PLANE('',#8329);
#7633=PLANE('',#8330);
#7634=PLANE('',#8331);
#7635=PLANE('',#8332);
#7636=PLANE('',#8333);
#7637=PLANE('',#8334);
#7638=PLANE('',#8335);
#7639=PLANE('',#8336);
#7640=PLANE('',#8337);
#7641=PLANE('',#8346);
#7642=PLANE('',#8347);
#7643=PLANE('',#8348);
#7644=PLANE('',#8349);
#7645=PLANE('',#8350);
#7646=PLANE('',#8353);
#7647=PLANE('',#8354);
#7648=PLANE('',#8365);
#7649=PLANE('',#8366);
#7650=PLANE('',#8367);
#7651=PLANE('',#8368);
#7652=PLANE('',#8369);
#7653=PLANE('',#8372);
#7654=PLANE('',#8373);
#7655=PLANE('',#8377);
#7656=PLANE('',#8385);
#7657=PLANE('',#8388);
#7658=PLANE('',#8393);
#7659=PLANE('',#8394);
#7660=PLANE('',#8395);
#7661=PLANE('',#8398);
#7662=PLANE('',#8399);
#7663=PLANE('',#8400);
#7664=PLANE('',#8401);
#7665=PLANE('',#8402);
#7666=PLANE('',#8403);
#7667=PLANE('',#8404);
#7668=PLANE('',#8405);
#7669=PLANE('',#8406);
#7670=PLANE('',#8407);
#7671=PLANE('',#8408);
#7672=PLANE('',#8409);
#7673=PLANE('',#8428);
#7674=PLANE('',#8429);
#7675=PLANE('',#8430);
#7676=PLANE('',#8431);
#7677=PLANE('',#8432);
#7678=PLANE('',#8433);
#7679=PLANE('',#8434);
#7680=PLANE('',#8435);
#7681=PLANE('',#8436);
#7682=PLANE('',#8437);
#7683=PLANE('',#8438);
#7684=PLANE('',#8439);
#7685=PLANE('',#8440);
#7686=PLANE('',#8441);
#7687=PLANE('',#8442);
#7688=PLANE('',#8443);
#7689=PLANE('',#8444);
#7690=PLANE('',#8445);
#7691=PLANE('',#8446);
#7692=PLANE('',#8447);
#7693=PLANE('',#8448);
#7694=PLANE('',#8449);
#7695=PLANE('',#8450);
#7696=PLANE('',#8459);
#7697=PLANE('',#8460);
#7698=PLANE('',#8461);
#7699=PLANE('',#8462);
#7700=PLANE('',#8463);
#7701=PLANE('',#8466);
#7702=PLANE('',#8467);
#7703=PLANE('',#8470);
#7704=PLANE('',#8473);
#7705=PLANE('',#8476);
#7706=PLANE('',#8477);
#7707=PLANE('',#8478);
#7708=PLANE('',#8479);
#7709=PLANE('',#8480);
#7710=PLANE('',#8481);
#7711=PLANE('',#8482);
#7712=PLANE('',#8483);
#7713=PLANE('',#8484);
#7714=PLANE('',#8485);
#7715=PLANE('',#8486);
#7716=PLANE('',#8487);
#7717=PLANE('',#8488);
#7718=PLANE('',#8491);
#7719=PLANE('',#8496);
#7720=PLANE('',#8499);
#7721=PLANE('',#8500);
#7722=PLANE('',#8501);
#7723=PLANE('',#8502);
#7724=PLANE('',#8503);
#7725=PLANE('',#8504);
#7726=PLANE('',#8505);
#7727=PLANE('',#8506);
#7728=PLANE('',#8507);
#7729=PLANE('',#8510);
#7730=PLANE('',#8511);
#7731=PLANE('',#8512);
#7732=PLANE('',#8519);
#7733=PLANE('',#8520);
#7734=PLANE('',#8521);
#7735=PLANE('',#8528);
#7736=PLANE('',#8529);
#7737=PLANE('',#8530);
#7738=PLANE('',#8531);
#7739=PLANE('',#8532);
#7740=PLANE('',#8537);
#7741=PLANE('',#8538);
#7742=PLANE('',#8542);
#7743=PLANE('',#8543);
#7744=PLANE('',#8544);
#7745=PLANE('',#8545);
#7746=PLANE('',#8546);
#7747=PLANE('',#8547);
#7748=PLANE('',#8548);
#7749=PLANE('',#8549);
#7750=PLANE('',#8550);
#7751=PLANE('',#8551);
#7752=PLANE('',#8552);
#7753=PLANE('',#8555);
#7754=PLANE('',#8556);
#7755=PLANE('',#8559);
#7756=PLANE('',#8564);
#7757=PLANE('',#8567);
#7758=PLANE('',#8568);
#7759=PLANE('',#8569);
#7760=PLANE('',#8570);
#7761=PLANE('',#8571);
#7762=PLANE('',#8572);
#7763=PLANE('',#8576);
#7764=PLANE('',#8577);
#7765=PLANE('',#8578);
#7766=PLANE('',#8579);
#7767=PLANE('',#8580);
#7768=PLANE('',#8581);
#7769=PLANE('',#8587);
#7770=PLANE('',#8588);
#7771=PLANE('',#8589);
#7772=PLANE('',#8594);
#7773=PLANE('',#8595);
#7774=PLANE('',#8596);
#7775=PLANE('',#8609);
#7776=PLANE('',#8610);
#7777=PLANE('',#8611);
#7778=PLANE('',#8612);
#7779=PLANE('',#8613);
#7780=PLANE('',#8614);
#7781=PLANE('',#8615);
#7782=PLANE('',#8616);
#7783=PLANE('',#8617);
#7784=PLANE('',#8618);
#7785=PLANE('',#8619);
#7786=PLANE('',#8620);
#7787=PLANE('',#8621);
#7788=PLANE('',#8622);
#7789=PLANE('',#8623);
#7790=PLANE('',#8624);
#7791=PLANE('',#8625);
#7792=PLANE('',#8626);
#7793=PLANE('',#8627);
#7794=PLANE('',#8628);
#7795=PLANE('',#8629);
#7796=PLANE('',#8630);
#7797=PLANE('',#8631);
#7798=PLANE('',#8632);
#7799=ADVANCED_FACE('',(#7132,#7133,#7134,#7135,#7136,#7137,#7138,#7139,
#7140,#7141,#7142,#7143,#7144,#7145,#7146,#7147,#7148,#7149,#7150,#7151,
#7152,#7153,#7154),#7616,.T.);
#7800=ADVANCED_FACE('',(#7155,#7156),#7617,.T.);
#7801=ADVANCED_FACE('',(#7157),#211,.T.);
#7802=ADVANCED_FACE('',(#7158),#212,.T.);
#7803=ADVANCED_FACE('',(#7159,#7160),#7618,.T.);
#7804=ADVANCED_FACE('',(#7161),#7619,.F.);
#7805=ADVANCED_FACE('',(#7162),#7620,.F.);
#7806=ADVANCED_FACE('',(#7163),#12,.T.);
#7807=ADVANCED_FACE('',(#7164),#7621,.T.);
#7808=ADVANCED_FACE('',(#7165),#213,.F.);
#7809=ADVANCED_FACE('',(#7166),#214,.F.);
#7810=ADVANCED_FACE('',(#7167,#7168),#7622,.F.);
#7811=ADVANCED_FACE('',(#7169),#7623,.F.);
#7812=ADVANCED_FACE('',(#7170),#7624,.T.);
#7813=ADVANCED_FACE('',(#7171),#7625,.T.);
#7814=ADVANCED_FACE('',(#7172),#13,.F.);
#7815=ADVANCED_FACE('',(#7173,#7174),#215,.F.);
#7816=ADVANCED_FACE('',(#7175,#7176),#216,.T.);
#7817=ADVANCED_FACE('',(#7177,#7178),#7626,.T.);
#7818=ADVANCED_FACE('',(#7179),#7627,.T.);
#7819=ADVANCED_FACE('',(#7180),#7628,.T.);
#7820=ADVANCED_FACE('',(#7181),#7629,.T.);
#7821=ADVANCED_FACE('',(#7182),#7630,.T.);
#7822=ADVANCED_FACE('',(#7183),#7631,.T.);
#7823=ADVANCED_FACE('',(#7184),#7632,.T.);
#7824=ADVANCED_FACE('',(#7185),#7633,.T.);
#7825=ADVANCED_FACE('',(#7186),#7634,.T.);
#7826=ADVANCED_FACE('',(#7187),#7635,.T.);
#7827=ADVANCED_FACE('',(#7188),#7636,.T.);
#7828=ADVANCED_FACE('',(#7189),#7637,.T.);
#7829=ADVANCED_FACE('',(#7190),#7638,.T.);
#7830=ADVANCED_FACE('',(#7191),#7639,.T.);
#7831=ADVANCED_FACE('',(#7192),#7640,.T.);
#7832=ADVANCED_FACE('',(#7193),#217,.F.);
#7833=ADVANCED_FACE('',(#7194),#14,.T.);
#7834=ADVANCED_FACE('',(#7195),#15,.T.);
#7835=ADVANCED_FACE('',(#7196),#16,.T.);
#7836=ADVANCED_FACE('',(#7197),#17,.T.);
#7837=ADVANCED_FACE('',(#7198),#218,.F.);
#7838=ADVANCED_FACE('',(#7199),#18,.T.);
#7839=ADVANCED_FACE('',(#7200),#19,.T.);
#7840=ADVANCED_FACE('',(#7201),#20,.T.);
#7841=ADVANCED_FACE('',(#7202),#21,.T.);
#7842=ADVANCED_FACE('',(#7203),#219,.T.);
#7843=ADVANCED_FACE('',(#7204),#22,.T.);
#7844=ADVANCED_FACE('',(#7205),#23,.T.);
#7845=ADVANCED_FACE('',(#7206),#24,.T.);
#7846=ADVANCED_FACE('',(#7207),#25,.T.);
#7847=ADVANCED_FACE('',(#7208),#26,.T.);
#7848=ADVANCED_FACE('',(#7209),#7641,.T.);
#7849=ADVANCED_FACE('',(#7210),#7642,.T.);
#7850=ADVANCED_FACE('',(#7211),#7643,.T.);
#7851=ADVANCED_FACE('',(#7212),#7644,.T.);
#7852=ADVANCED_FACE('',(#7213),#7645,.T.);
#7853=ADVANCED_FACE('',(#7214),#27,.T.);
#7854=ADVANCED_FACE('',(#7215),#28,.T.);
#7855=ADVANCED_FACE('',(#7216),#220,.T.);
#7856=ADVANCED_FACE('',(#7217),#29,.T.);
#7857=ADVANCED_FACE('',(#7218),#30,.T.);
#7858=ADVANCED_FACE('',(#7219,#7220),#7646,.T.);
#7859=ADVANCED_FACE('',(#7221),#7647,.T.);
#7860=ADVANCED_FACE('',(#7222),#221,.F.);
#7861=ADVANCED_FACE('',(#7223),#31,.T.);
#7862=ADVANCED_FACE('',(#7224),#32,.T.);
#7863=ADVANCED_FACE('',(#7225),#33,.T.);
#7864=ADVANCED_FACE('',(#7226),#34,.T.);
#7865=ADVANCED_FACE('',(#7227),#222,.F.);
#7866=ADVANCED_FACE('',(#7228),#35,.T.);
#7867=ADVANCED_FACE('',(#7229),#36,.T.);
#7868=ADVANCED_FACE('',(#7230),#37,.T.);
#7869=ADVANCED_FACE('',(#7231),#38,.T.);
#7870=ADVANCED_FACE('',(#7232),#223,.T.);
#7871=ADVANCED_FACE('',(#7233),#39,.T.);
#7872=ADVANCED_FACE('',(#7234),#40,.T.);
#7873=ADVANCED_FACE('',(#7235),#41,.T.);
#7874=ADVANCED_FACE('',(#7236),#42,.T.);
#7875=ADVANCED_FACE('',(#7237),#224,.T.);
#7876=ADVANCED_FACE('',(#7238),#7648,.T.);
#7877=ADVANCED_FACE('',(#7239),#7649,.T.);
#7878=ADVANCED_FACE('',(#7240),#7650,.T.);
#7879=ADVANCED_FACE('',(#7241),#7651,.T.);
#7880=ADVANCED_FACE('',(#7242),#7652,.T.);
#7881=ADVANCED_FACE('',(#7243),#43,.T.);
#7882=ADVANCED_FACE('',(#7244),#44,.T.);
#7883=ADVANCED_FACE('',(#7245),#225,.T.);
#7884=ADVANCED_FACE('',(#7246),#45,.T.);
#7885=ADVANCED_FACE('',(#7247),#46,.T.);
#7886=ADVANCED_FACE('',(#7248,#7249),#7653,.T.);
#7887=ADVANCED_FACE('',(#7250),#7654,.T.);
#7888=ADVANCED_FACE('',(#7251),#226,.F.);
#7889=ADVANCED_FACE('',(#7252),#7655,.T.);
#7890=ADVANCED_FACE('',(#7253),#47,.T.);
#7891=ADVANCED_FACE('',(#7254),#227,.F.);
#7892=ADVANCED_FACE('',(#7255),#48,.T.);
#7893=ADVANCED_FACE('',(#7256),#49,.T.);
#7894=ADVANCED_FACE('',(#7257),#50,.T.);
#7895=ADVANCED_FACE('',(#7258),#228,.T.);
#7896=ADVANCED_FACE('',(#7259),#51,.T.);
#7897=ADVANCED_FACE('',(#7260),#229,.T.);
#7898=ADVANCED_FACE('',(#7261),#52,.T.);
#7899=ADVANCED_FACE('',(#7262),#53,.T.);
#7900=ADVANCED_FACE('',(#7263),#54,.T.);
#7901=ADVANCED_FACE('',(#7264),#55,.T.);
#7902=ADVANCED_FACE('',(#7265),#7656,.T.);
#7903=ADVANCED_FACE('',(#7266),#56,.T.);
#7904=ADVANCED_FACE('',(#7267),#57,.T.);
#7905=ADVANCED_FACE('',(#7268),#58,.T.);
#7906=ADVANCED_FACE('',(#7269),#230,.F.);
#7907=ADVANCED_FACE('',(#7270),#7657,.T.);
#7908=ADVANCED_FACE('',(#7271),#231,.T.);
#7909=ADVANCED_FACE('',(#7272),#232,.T.);
#7910=ADVANCED_FACE('',(#7273),#59,.T.);
#7911=ADVANCED_FACE('',(#7274),#60,.T.);
#7912=ADVANCED_FACE('',(#7275,#7276),#7658,.T.);
#7913=ADVANCED_FACE('',(#7277),#7659,.T.);
#7914=ADVANCED_FACE('',(#7278),#61,.T.);
#7915=ADVANCED_FACE('',(#7279),#7660,.T.);
#7916=ADVANCED_FACE('',(#7280),#233,.T.);
#7917=ADVANCED_FACE('',(#7281),#62,.T.);
#7918=ADVANCED_FACE('',(#7282),#63,.T.);
#7919=ADVANCED_FACE('',(#7283),#7661,.T.);
#7920=ADVANCED_FACE('',(#7284),#7662,.T.);
#7921=ADVANCED_FACE('',(#7285),#7663,.T.);
#7922=ADVANCED_FACE('',(#7286),#7664,.T.);
#7923=ADVANCED_FACE('',(#7287),#7665,.T.);
#7924=ADVANCED_FACE('',(#7288),#7666,.T.);
#7925=ADVANCED_FACE('',(#7289),#7667,.T.);
#7926=ADVANCED_FACE('',(#7290),#7668,.T.);
#7927=ADVANCED_FACE('',(#7291),#7669,.T.);
#7928=ADVANCED_FACE('',(#7292),#7670,.T.);
#7929=ADVANCED_FACE('',(#7293),#7671,.T.);
#7930=ADVANCED_FACE('',(#7294),#64,.T.);
#7931=ADVANCED_FACE('',(#7295),#7672,.T.);
#7932=ADVANCED_FACE('',(#7296),#234,.F.);
#7933=ADVANCED_FACE('',(#7297),#65,.T.);
#7934=ADVANCED_FACE('',(#7298),#66,.T.);
#7935=ADVANCED_FACE('',(#7299),#235,.F.);
#7936=ADVANCED_FACE('',(#7300),#67,.T.);
#7937=ADVANCED_FACE('',(#7301),#68,.T.);
#7938=ADVANCED_FACE('',(#7302),#69,.T.);
#7939=ADVANCED_FACE('',(#7303),#70,.T.);
#7940=ADVANCED_FACE('',(#7304),#236,.F.);
#7941=ADVANCED_FACE('',(#7305),#71,.T.);
#7942=ADVANCED_FACE('',(#7306),#72,.T.);
#7943=ADVANCED_FACE('',(#7307),#237,.T.);
#7944=ADVANCED_FACE('',(#7308),#73,.T.);
#7945=ADVANCED_FACE('',(#7309),#74,.T.);
#7946=ADVANCED_FACE('',(#7310),#75,.T.);
#7947=ADVANCED_FACE('',(#7311),#76,.T.);
#7948=ADVANCED_FACE('',(#7312),#77,.T.);
#7949=ADVANCED_FACE('',(#7313),#238,.T.);
#7950=ADVANCED_FACE('',(#7314),#78,.T.);
#7951=ADVANCED_FACE('',(#7315),#79,.T.);
#7952=ADVANCED_FACE('',(#7316),#239,.T.);
#7953=ADVANCED_FACE('',(#7317),#240,.F.);
#7954=ADVANCED_FACE('',(#7318,#7319),#7673,.T.);
#7955=ADVANCED_FACE('',(#7320),#7674,.T.);
#7956=ADVANCED_FACE('',(#7321),#80,.T.);
#7957=ADVANCED_FACE('',(#7322),#7675,.T.);
#7958=ADVANCED_FACE('',(#7323),#7676,.T.);
#7959=ADVANCED_FACE('',(#7324),#7677,.T.);
#7960=ADVANCED_FACE('',(#7325),#7678,.T.);
#7961=ADVANCED_FACE('',(#7326),#7679,.T.);
#7962=ADVANCED_FACE('',(#7327),#81,.T.);
#7963=ADVANCED_FACE('',(#7328),#82,.T.);
#7964=ADVANCED_FACE('',(#7329),#7680,.T.);
#7965=ADVANCED_FACE('',(#7330),#7681,.T.);
#7966=ADVANCED_FACE('',(#7331),#83,.T.);
#7967=ADVANCED_FACE('',(#7332),#7682,.T.);
#7968=ADVANCED_FACE('',(#7333),#7683,.T.);
#7969=ADVANCED_FACE('',(#7334),#7684,.T.);
#7970=ADVANCED_FACE('',(#7335),#7685,.T.);
#7971=ADVANCED_FACE('',(#7336),#7686,.T.);
#7972=ADVANCED_FACE('',(#7337),#7687,.T.);
#7973=ADVANCED_FACE('',(#7338),#7688,.T.);
#7974=ADVANCED_FACE('',(#7339),#7689,.T.);
#7975=ADVANCED_FACE('',(#7340),#7690,.T.);
#7976=ADVANCED_FACE('',(#7341),#7691,.T.);
#7977=ADVANCED_FACE('',(#7342),#7692,.T.);
#7978=ADVANCED_FACE('',(#7343),#7693,.T.);
#7979=ADVANCED_FACE('',(#7344),#7694,.T.);
#7980=ADVANCED_FACE('',(#7345),#7695,.T.);
#7981=ADVANCED_FACE('',(#7346),#241,.F.);
#7982=ADVANCED_FACE('',(#7347),#84,.T.);
#7983=ADVANCED_FACE('',(#7348),#85,.T.);
#7984=ADVANCED_FACE('',(#7349),#86,.T.);
#7985=ADVANCED_FACE('',(#7350),#87,.T.);
#7986=ADVANCED_FACE('',(#7351),#242,.F.);
#7987=ADVANCED_FACE('',(#7352),#88,.T.);
#7988=ADVANCED_FACE('',(#7353),#89,.T.);
#7989=ADVANCED_FACE('',(#7354),#90,.T.);
#7990=ADVANCED_FACE('',(#7355),#91,.T.);
#7991=ADVANCED_FACE('',(#7356),#243,.T.);
#7992=ADVANCED_FACE('',(#7357),#92,.T.);
#7993=ADVANCED_FACE('',(#7358),#93,.T.);
#7994=ADVANCED_FACE('',(#7359),#94,.T.);
#7995=ADVANCED_FACE('',(#7360),#95,.T.);
#7996=ADVANCED_FACE('',(#7361),#96,.T.);
#7997=ADVANCED_FACE('',(#7362),#7696,.T.);
#7998=ADVANCED_FACE('',(#7363),#7697,.T.);
#7999=ADVANCED_FACE('',(#7364),#7698,.T.);
#8000=ADVANCED_FACE('',(#7365),#7699,.T.);
#8001=ADVANCED_FACE('',(#7366),#7700,.T.);
#8002=ADVANCED_FACE('',(#7367),#97,.T.);
#8003=ADVANCED_FACE('',(#7368),#98,.T.);
#8004=ADVANCED_FACE('',(#7369),#244,.T.);
#8005=ADVANCED_FACE('',(#7370),#99,.T.);
#8006=ADVANCED_FACE('',(#7371),#100,.T.);
#8007=ADVANCED_FACE('',(#7372,#7373),#7701,.T.);
#8008=ADVANCED_FACE('',(#7374),#7702,.T.);
#8009=ADVANCED_FACE('',(#7375),#101,.T.);
#8010=ADVANCED_FACE('',(#7376),#245,.T.);
#8011=ADVANCED_FACE('',(#7377),#102,.T.);
#8012=ADVANCED_FACE('',(#7378),#103,.T.);
#8013=ADVANCED_FACE('',(#7379),#104,.T.);
#8014=ADVANCED_FACE('',(#7380),#105,.T.);
#8015=ADVANCED_FACE('',(#7381),#7703,.T.);
#8016=ADVANCED_FACE('',(#7382),#106,.T.);
#8017=ADVANCED_FACE('',(#7383),#107,.T.);
#8018=ADVANCED_FACE('',(#7384),#108,.T.);
#8019=ADVANCED_FACE('',(#7385),#246,.F.);
#8020=ADVANCED_FACE('',(#7386),#109,.T.);
#8021=ADVANCED_FACE('',(#7387),#110,.T.);
#8022=ADVANCED_FACE('',(#7388),#111,.T.);
#8023=ADVANCED_FACE('',(#7389),#7704,.T.);
#8024=ADVANCED_FACE('',(#7390),#112,.T.);
#8025=ADVANCED_FACE('',(#7391),#113,.T.);
#8026=ADVANCED_FACE('',(#7392),#114,.T.);
#8027=ADVANCED_FACE('',(#7393),#247,.T.);
#8028=ADVANCED_FACE('',(#7394),#7705,.T.);
#8029=ADVANCED_FACE('',(#7395),#7706,.T.);
#8030=ADVANCED_FACE('',(#7396),#7707,.T.);
#8031=ADVANCED_FACE('',(#7397),#7708,.T.);
#8032=ADVANCED_FACE('',(#7398),#7709,.T.);
#8033=ADVANCED_FACE('',(#7399),#7710,.T.);
#8034=ADVANCED_FACE('',(#7400),#7711,.T.);
#8035=ADVANCED_FACE('',(#7401),#7712,.T.);
#8036=ADVANCED_FACE('',(#7402),#7713,.T.);
#8037=ADVANCED_FACE('',(#7403),#7714,.T.);
#8038=ADVANCED_FACE('',(#7404),#7715,.T.);
#8039=ADVANCED_FACE('',(#7405),#7716,.T.);
#8040=ADVANCED_FACE('',(#7406),#7717,.T.);
#8041=ADVANCED_FACE('',(#7407),#115,.T.);
#8042=ADVANCED_FACE('',(#7408),#248,.T.);
#8043=ADVANCED_FACE('',(#7409),#116,.T.);
#8044=ADVANCED_FACE('',(#7410),#117,.T.);
#8045=ADVANCED_FACE('',(#7411),#118,.T.);
#8046=ADVANCED_FACE('',(#7412),#119,.T.);
#8047=ADVANCED_FACE('',(#7413),#120,.T.);
#8048=ADVANCED_FACE('',(#7414),#7718,.T.);
#8049=ADVANCED_FACE('',(#7415),#121,.T.);
#8050=ADVANCED_FACE('',(#7416),#249,.F.);
#8051=ADVANCED_FACE('',(#7417),#122,.T.);
#8052=ADVANCED_FACE('',(#7418),#123,.T.);
#8053=ADVANCED_FACE('',(#7419),#250,.F.);
#8054=ADVANCED_FACE('',(#7420),#124,.T.);
#8055=ADVANCED_FACE('',(#7421),#125,.T.);
#8056=ADVANCED_FACE('',(#7422),#126,.T.);
#8057=ADVANCED_FACE('',(#7423),#127,.T.);
#8058=ADVANCED_FACE('',(#7424),#7719,.T.);
#8059=ADVANCED_FACE('',(#7425),#128,.T.);
#8060=ADVANCED_FACE('',(#7426),#129,.T.);
#8061=ADVANCED_FACE('',(#7427),#130,.T.);
#8062=ADVANCED_FACE('',(#7428),#251,.T.);
#8063=ADVANCED_FACE('',(#7429),#7720,.T.);
#8064=ADVANCED_FACE('',(#7430),#7721,.T.);
#8065=ADVANCED_FACE('',(#7431),#7722,.T.);
#8066=ADVANCED_FACE('',(#7432),#7723,.T.);
#8067=ADVANCED_FACE('',(#7433),#7724,.T.);
#8068=ADVANCED_FACE('',(#7434),#7725,.T.);
#8069=ADVANCED_FACE('',(#7435),#7726,.T.);
#8070=ADVANCED_FACE('',(#7436),#7727,.T.);
#8071=ADVANCED_FACE('',(#7437),#7728,.T.);
#8072=ADVANCED_FACE('',(#7438),#131,.T.);
#8073=ADVANCED_FACE('',(#7439),#132,.T.);
#8074=ADVANCED_FACE('',(#7440),#133,.T.);
#8075=ADVANCED_FACE('',(#7441),#134,.T.);
#8076=ADVANCED_FACE('',(#7442),#252,.F.);
#8077=ADVANCED_FACE('',(#7443),#7729,.T.);
#8078=ADVANCED_FACE('',(#7444),#7730,.T.);
#8079=ADVANCED_FACE('',(#7445),#7731,.T.);
#8080=ADVANCED_FACE('',(#7446),#253,.T.);
#8081=ADVANCED_FACE('',(#7447),#135,.T.);
#8082=ADVANCED_FACE('',(#7448),#136,.T.);
#8083=ADVANCED_FACE('',(#7449),#254,.T.);
#8084=ADVANCED_FACE('',(#7450),#255,.T.);
#8085=ADVANCED_FACE('',(#7451),#7732,.T.);
#8086=ADVANCED_FACE('',(#7452),#7733,.T.);
#8087=ADVANCED_FACE('',(#7453),#7734,.T.);
#8088=ADVANCED_FACE('',(#7454),#256,.F.);
#8089=ADVANCED_FACE('',(#7455),#137,.T.);
#8090=ADVANCED_FACE('',(#7456),#138,.T.);
#8091=ADVANCED_FACE('',(#7457),#139,.T.);
#8092=ADVANCED_FACE('',(#7458),#140,.T.);
#8093=ADVANCED_FACE('',(#7459),#257,.F.);
#8094=ADVANCED_FACE('',(#7460),#141,.T.);
#8095=ADVANCED_FACE('',(#7461),#142,.T.);
#8096=ADVANCED_FACE('',(#7462),#143,.T.);
#8097=ADVANCED_FACE('',(#7463),#144,.T.);
#8098=ADVANCED_FACE('',(#7464),#7735,.T.);
#8099=ADVANCED_FACE('',(#7465),#7736,.T.);
#8100=ADVANCED_FACE('',(#7466),#7737,.T.);
#8101=ADVANCED_FACE('',(#7467),#7738,.T.);
#8102=ADVANCED_FACE('',(#7468),#7739,.T.);
#8103=ADVANCED_FACE('',(#7469),#145,.T.);
#8104=ADVANCED_FACE('',(#7470),#146,.T.);
#8105=ADVANCED_FACE('',(#7471),#258,.T.);
#8106=ADVANCED_FACE('',(#7472),#147,.T.);
#8107=ADVANCED_FACE('',(#7473),#148,.T.);
#8108=ADVANCED_FACE('',(#7474),#259,.T.);
#8109=ADVANCED_FACE('',(#7475),#149,.T.);
#8110=ADVANCED_FACE('',(#7476),#150,.T.);
#8111=ADVANCED_FACE('',(#7477),#151,.T.);
#8112=ADVANCED_FACE('',(#7478),#152,.T.);
#8113=ADVANCED_FACE('',(#7479,#7480),#7740,.T.);
#8114=ADVANCED_FACE('',(#7481),#7741,.T.);
#8115=ADVANCED_FACE('',(#7482),#260,.F.);
#8116=ADVANCED_FACE('',(#7483),#153,.T.);
#8117=ADVANCED_FACE('',(#7484),#154,.T.);
#8118=ADVANCED_FACE('',(#7485),#7742,.T.);
#8119=ADVANCED_FACE('',(#7486),#7743,.T.);
#8120=ADVANCED_FACE('',(#7487),#7744,.T.);
#8121=ADVANCED_FACE('',(#7488),#155,.T.);
#8122=ADVANCED_FACE('',(#7489),#156,.T.);
#8123=ADVANCED_FACE('',(#7490),#7745,.T.);
#8124=ADVANCED_FACE('',(#7491),#7746,.T.);
#8125=ADVANCED_FACE('',(#7492),#7747,.T.);
#8126=ADVANCED_FACE('',(#7493),#7748,.T.);
#8127=ADVANCED_FACE('',(#7494),#7749,.T.);
#8128=ADVANCED_FACE('',(#7495),#7750,.T.);
#8129=ADVANCED_FACE('',(#7496),#7751,.T.);
#8130=ADVANCED_FACE('',(#7497),#7752,.T.);
#8131=ADVANCED_FACE('',(#7498),#157,.T.);
#8132=ADVANCED_FACE('',(#7499),#158,.T.);
#8133=ADVANCED_FACE('',(#7500),#261,.T.);
#8134=ADVANCED_FACE('',(#7501),#159,.T.);
#8135=ADVANCED_FACE('',(#7502),#160,.T.);
#8136=ADVANCED_FACE('',(#7503,#7504),#7753,.T.);
#8137=ADVANCED_FACE('',(#7505),#7754,.T.);
#8138=ADVANCED_FACE('',(#7506),#161,.T.);
#8139=ADVANCED_FACE('',(#7507),#262,.T.);
#8140=ADVANCED_FACE('',(#7508),#162,.T.);
#8141=ADVANCED_FACE('',(#7509),#163,.T.);
#8142=ADVANCED_FACE('',(#7510),#164,.T.);
#8143=ADVANCED_FACE('',(#7511),#165,.T.);
#8144=ADVANCED_FACE('',(#7512),#166,.T.);
#8145=ADVANCED_FACE('',(#7513),#7755,.T.);
#8146=ADVANCED_FACE('',(#7514),#167,.T.);
#8147=ADVANCED_FACE('',(#7515),#263,.F.);
#8148=ADVANCED_FACE('',(#7516),#168,.T.);
#8149=ADVANCED_FACE('',(#7517),#169,.T.);
#8150=ADVANCED_FACE('',(#7518),#264,.F.);
#8151=ADVANCED_FACE('',(#7519),#170,.T.);
#8152=ADVANCED_FACE('',(#7520),#171,.T.);
#8153=ADVANCED_FACE('',(#7521),#172,.T.);
#8154=ADVANCED_FACE('',(#7522),#173,.T.);
#8155=ADVANCED_FACE('',(#7523),#7756,.T.);
#8156=ADVANCED_FACE('',(#7524),#174,.T.);
#8157=ADVANCED_FACE('',(#7525),#175,.T.);
#8158=ADVANCED_FACE('',(#7526),#176,.T.);
#8159=ADVANCED_FACE('',(#7527),#265,.T.);
#8160=ADVANCED_FACE('',(#7528),#7757,.T.);
#8161=ADVANCED_FACE('',(#7529),#7758,.T.);
#8162=ADVANCED_FACE('',(#7530),#7759,.T.);
#8163=ADVANCED_FACE('',(#7531),#7760,.T.);
#8164=ADVANCED_FACE('',(#7532),#7761,.T.);
#8165=ADVANCED_FACE('',(#7533),#7762,.T.);
#8166=ADVANCED_FACE('',(#7534),#266,.F.);
#8167=ADVANCED_FACE('',(#7535),#177,.T.);
#8168=ADVANCED_FACE('',(#7536),#178,.T.);
#8169=ADVANCED_FACE('',(#7537),#7763,.T.);
#8170=ADVANCED_FACE('',(#7538),#7764,.T.);
#8171=ADVANCED_FACE('',(#7539),#7765,.T.);
#8172=ADVANCED_FACE('',(#7540),#179,.T.);
#8173=ADVANCED_FACE('',(#7541),#180,.T.);
#8174=ADVANCED_FACE('',(#7542),#7766,.T.);
#8175=ADVANCED_FACE('',(#7543),#7767,.T.);
#8176=ADVANCED_FACE('',(#7544),#7768,.T.);
#8177=ADVANCED_FACE('',(#7545),#181,.T.);
#8178=ADVANCED_FACE('',(#7546),#182,.T.);
#8179=ADVANCED_FACE('',(#7547),#267,.F.);
#8180=ADVANCED_FACE('',(#7548),#183,.T.);
#8181=ADVANCED_FACE('',(#7549),#268,.T.);
#8182=ADVANCED_FACE('',(#7550),#184,.T.);
#8183=ADVANCED_FACE('',(#7551),#185,.T.);
#8184=ADVANCED_FACE('',(#7552),#7769,.T.);
#8185=ADVANCED_FACE('',(#7553),#7770,.T.);
#8186=ADVANCED_FACE('',(#7554),#7771,.T.);
#8187=ADVANCED_FACE('',(#7555),#186,.T.);
#8188=ADVANCED_FACE('',(#7556),#187,.T.);
#8189=ADVANCED_FACE('',(#7557),#269,.T.);
#8190=ADVANCED_FACE('',(#7558),#188,.T.);
#8191=ADVANCED_FACE('',(#7559),#189,.T.);
#8192=ADVANCED_FACE('',(#7560),#190,.T.);
#8193=ADVANCED_FACE('',(#7561),#270,.T.);
#8194=ADVANCED_FACE('',(#7562),#191,.T.);
#8195=ADVANCED_FACE('',(#7563,#7564,#7565),#7772,.T.);
#8196=ADVANCED_FACE('',(#7566),#7773,.T.);
#8197=ADVANCED_FACE('',(#7567),#7774,.T.);
#8198=ADVANCED_FACE('',(#7568),#192,.T.);
#8199=ADVANCED_FACE('',(#7569),#193,.T.);
#8200=ADVANCED_FACE('',(#7570),#194,.T.);
#8201=ADVANCED_FACE('',(#7571),#195,.T.);
#8202=ADVANCED_FACE('',(#7572),#271,.F.);
#8203=ADVANCED_FACE('',(#7573),#196,.T.);
#8204=ADVANCED_FACE('',(#7574),#197,.T.);
#8205=ADVANCED_FACE('',(#7575),#198,.T.);
#8206=ADVANCED_FACE('',(#7576),#272,.F.);
#8207=ADVANCED_FACE('',(#7577),#199,.T.);
#8208=ADVANCED_FACE('',(#7578),#200,.T.);
#8209=ADVANCED_FACE('',(#7579),#201,.T.);
#8210=ADVANCED_FACE('',(#7580),#202,.T.);
#8211=ADVANCED_FACE('',(#7581),#203,.T.);
#8212=ADVANCED_FACE('',(#7582),#273,.T.);
#8213=ADVANCED_FACE('',(#7583),#204,.T.);
#8214=ADVANCED_FACE('',(#7584),#205,.T.);
#8215=ADVANCED_FACE('',(#7585),#274,.T.);
#8216=ADVANCED_FACE('',(#7586),#206,.T.);
#8217=ADVANCED_FACE('',(#7587),#207,.T.);
#8218=ADVANCED_FACE('',(#7588),#275,.T.);
#8219=ADVANCED_FACE('',(#7589),#208,.T.);
#8220=ADVANCED_FACE('',(#7590,#7591),#7775,.T.);
#8221=ADVANCED_FACE('',(#7592),#7776,.T.);
#8222=ADVANCED_FACE('',(#7593),#7777,.T.);
#8223=ADVANCED_FACE('',(#7594),#7778,.T.);
#8224=ADVANCED_FACE('',(#7595),#7779,.T.);
#8225=ADVANCED_FACE('',(#7596),#7780,.T.);
#8226=ADVANCED_FACE('',(#7597),#7781,.T.);
#8227=ADVANCED_FACE('',(#7598),#7782,.T.);
#8228=ADVANCED_FACE('',(#7599),#7783,.T.);
#8229=ADVANCED_FACE('',(#7600),#7784,.T.);
#8230=ADVANCED_FACE('',(#7601),#7785,.T.);
#8231=ADVANCED_FACE('',(#7602),#7786,.T.);
#8232=ADVANCED_FACE('',(#7603),#7787,.T.);
#8233=ADVANCED_FACE('',(#7604,#7605),#7788,.T.);
#8234=ADVANCED_FACE('',(#7606),#7789,.T.);
#8235=ADVANCED_FACE('',(#7607),#7790,.T.);
#8236=ADVANCED_FACE('',(#7608),#7791,.T.);
#8237=ADVANCED_FACE('',(#7609),#7792,.T.);
#8238=ADVANCED_FACE('',(#7610),#7793,.T.);
#8239=ADVANCED_FACE('',(#7611),#7794,.T.);
#8240=ADVANCED_FACE('',(#7612),#7795,.T.);
#8241=ADVANCED_FACE('',(#7613),#7796,.T.);
#8242=ADVANCED_FACE('',(#7614),#7797,.T.);
#8243=ADVANCED_FACE('',(#7615),#7798,.T.);
#8244=CLOSED_SHELL('',(#7799,#7800,#7801,#7802,#7803,#7804,#7805,#7806,
#7807,#7808,#7809,#7810,#7811,#7812,#7813,#7814,#7815,#7816,#7817,#7818,
#7819,#7820,#7821,#7822,#7823,#7824,#7825,#7826,#7827,#7828,#7829,#7830,
#7831,#7832,#7833,#7834,#7835,#7836,#7837,#7838,#7839,#7840,#7841,#7842,
#7843,#7844,#7845,#7846,#7847,#7848,#7849,#7850,#7851,#7852,#7853,#7854,
#7855,#7856,#7857,#7858,#7859,#7860,#7861,#7862,#7863,#7864,#7865,#7866,
#7867,#7868,#7869,#7870,#7871,#7872,#7873,#7874,#7875,#7876,#7877,#7878,
#7879,#7880,#7881,#7882,#7883,#7884,#7885,#7886,#7887,#7888,#7889,#7890,
#7891,#7892,#7893,#7894,#7895,#7896,#7897,#7898,#7899,#7900,#7901,#7902,
#7903,#7904,#7905,#7906,#7907,#7908,#7909,#7910,#7911,#7912,#7913,#7914,
#7915,#7916,#7917,#7918,#7919,#7920,#7921,#7922,#7923,#7924,#7925,#7926,
#7927,#7928,#7929,#7930,#7931,#7932,#7933,#7934,#7935,#7936,#7937,#7938,
#7939,#7940,#7941,#7942,#7943,#7944,#7945,#7946,#7947,#7948,#7949,#7950,
#7951,#7952,#7953,#7954,#7955,#7956,#7957,#7958,#7959,#7960,#7961,#7962,
#7963,#7964,#7965,#7966,#7967,#7968,#7969,#7970,#7971,#7972,#7973,#7974,
#7975,#7976,#7977,#7978,#7979,#7980,#7981,#7982,#7983,#7984,#7985,#7986,
#7987,#7988,#7989,#7990,#7991,#7992,#7993,#7994,#7995,#7996,#7997,#7998,
#7999,#8000,#8001,#8002,#8003,#8004,#8005,#8006,#8007,#8008,#8009,#8010,
#8011,#8012,#8013,#8014,#8015,#8016,#8017,#8018,#8019,#8020,#8021,#8022,
#8023,#8024,#8025,#8026,#8027,#8028,#8029,#8030,#8031,#8032,#8033,#8034,
#8035,#8036,#8037,#8038,#8039,#8040,#8041,#8042,#8043,#8044,#8045,#8046,
#8047,#8048,#8049,#8050,#8051,#8052,#8053,#8054,#8055,#8056,#8057,#8058,
#8059,#8060,#8061,#8062,#8063,#8064,#8065,#8066,#8067,#8068,#8069,#8070,
#8071,#8072,#8073,#8074,#8075,#8076,#8077,#8078,#8079,#8080,#8081,#8082,
#8083,#8084,#8085,#8086,#8087,#8088,#8089,#8090,#8091,#8092,#8093,#8094,
#8095,#8096,#8097,#8098,#8099,#8100,#8101,#8102,#8103,#8104,#8105,#8106,
#8107,#8108,#8109,#8110,#8111,#8112,#8113,#8114,#8115,#8116,#8117,#8118,
#8119,#8120,#8121,#8122,#8123,#8124,#8125,#8126,#8127,#8128,#8129,#8130,
#8131,#8132,#8133,#8134,#8135,#8136,#8137,#8138,#8139,#8140,#8141,#8142,
#8143,#8144,#8145,#8146,#8147,#8148,#8149,#8150,#8151,#8152,#8153,#8154,
#8155,#8156,#8157,#8158,#8159,#8160,#8161,#8162,#8163,#8164,#8165,#8166,
#8167,#8168,#8169,#8170,#8171,#8172,#8173,#8174,#8175,#8176,#8177,#8178,
#8179,#8180,#8181,#8182,#8183,#8184,#8185,#8186,#8187,#8188,#8189,#8190,
#8191,#8192,#8193,#8194,#8195,#8196,#8197,#8198,#8199,#8200,#8201,#8202,
#8203,#8204,#8205,#8206,#8207,#8208,#8209,#8210,#8211,#8212,#8213,#8214,
#8215,#8216,#8217,#8218,#8219,#8220,#8221,#8222,#8223,#8224,#8225,#8226,
#8227,#8228,#8229,#8230,#8231,#8232,#8233,#8234,#8235,#8236,#8237,#8238,
#8239,#8240,#8241,#8242,#8243));
#8245=STYLED_ITEM('',(#8246),#8253);
#8246=PRESENTATION_STYLE_ASSIGNMENT((#8247));
#8247=SURFACE_STYLE_USAGE(.BOTH.,#8248);
#8248=SURFACE_SIDE_STYLE('',(#8249));
#8249=SURFACE_STYLE_FILL_AREA(#8250);
#8250=FILL_AREA_STYLE('',(#8251));
#8251=FILL_AREA_STYLE_COLOUR('',#8252);
#8252=COLOUR_RGB('',0.0862745098039216,0.905882352941176,0.529411764705882);
#8253=MANIFOLD_SOLID_BREP('Part 1',#8244);
#8254=SHAPE_DEFINITION_REPRESENTATION(#14826,#8255);
#8255=SHAPE_REPRESENTATION('Part 1',(#8256),#14821);
#8256=AXIS2_PLACEMENT_3D('',#10082,#8633,#8634);
#8257=AXIS2_PLACEMENT_3D('',#10083,#8635,#8636);
#8258=AXIS2_PLACEMENT_3D('',#10121,#8653,#8654);
#8259=AXIS2_PLACEMENT_3D('',#10131,#8655,#8656);
#8260=AXIS2_PLACEMENT_3D('',#10141,#8657,#8658);
#8261=AXIS2_PLACEMENT_3D('',#10163,#8659,#8660);
#8262=AXIS2_PLACEMENT_3D('',#10173,#8661,#8662);
#8263=AXIS2_PLACEMENT_3D('',#10197,#8666,#8667);
#8264=AXIS2_PLACEMENT_3D('',#10211,#8672,#8673);
#8265=AXIS2_PLACEMENT_3D('',#10243,#8675,#8676);
#8266=AXIS2_PLACEMENT_3D('',#10253,#8677,#8678);
#8267=AXIS2_PLACEMENT_3D('',#10281,#8680,#8681);
#8268=AXIS2_PLACEMENT_3D('',#10291,#8682,#8683);
#8269=AXIS2_PLACEMENT_3D('',#10333,#8692,#8693);
#8270=AXIS2_PLACEMENT_3D('',#10343,#8694,#8695);
#8271=AXIS2_PLACEMENT_3D('',#10369,#8704,#8705);
#8272=AXIS2_PLACEMENT_3D('',#10371,#8706,#8707);
#8273=AXIS2_PLACEMENT_3D('',#10381,#8708,#8709);
#8274=AXIS2_PLACEMENT_3D('',#10389,#8713,#8714);
#8275=AXIS2_PLACEMENT_3D('',#10423,#8721,#8722);
#8276=AXIS2_PLACEMENT_3D('',#10455,#8724,#8725);
#8277=AXIS2_PLACEMENT_3D('',#10465,#8726,#8727);
#8278=AXIS2_PLACEMENT_3D('',#10493,#8729,#8730);
#8279=AXIS2_PLACEMENT_3D('',#10521,#8742,#8743);
#8280=AXIS2_PLACEMENT_3D('',#10549,#8745,#8746);
#8281=AXIS2_PLACEMENT_3D('',#10581,#8748,#8749);
#8282=AXIS2_PLACEMENT_3D('',#10591,#8750,#8751);
#8283=AXIS2_PLACEMENT_3D('',#10631,#8757,#8758);
#8284=AXIS2_PLACEMENT_3D('',#10691,#8778,#8779);
#8285=AXIS2_PLACEMENT_3D('',#10701,#8780,#8781);
#8286=AXIS2_PLACEMENT_3D('',#10723,#8782,#8783);
#8287=AXIS2_PLACEMENT_3D('',#10767,#8795,#8796);
#8288=AXIS2_PLACEMENT_3D('',#10779,#8798,#8799);
#8289=AXIS2_PLACEMENT_3D('',#10781,#8800,#8801);
#8290=AXIS2_PLACEMENT_3D('',#10785,#8803,#8804);
#8291=AXIS2_PLACEMENT_3D('',#10817,#8806,#8807);
#8292=AXIS2_PLACEMENT_3D('',#10823,#8808,#8809);
#8293=AXIS2_PLACEMENT_3D('',#10837,#8810,#8811);
#8294=AXIS2_PLACEMENT_3D('',#10857,#8817,#8818);
#8295=AXIS2_PLACEMENT_3D('',#10875,#8819,#8820);
#8296=AXIS2_PLACEMENT_3D('',#10885,#8821,#8822);
#8297=AXIS2_PLACEMENT_3D('',#10925,#8828,#8829);
#8298=AXIS2_PLACEMENT_3D('',#10960,#8847,#8848);
#8299=AXIS2_PLACEMENT_3D('',#10963,#8850,#8851);
#8300=AXIS2_PLACEMENT_3D('',#10965,#8852,#8853);
#8301=AXIS2_PLACEMENT_3D('',#10975,#8858,#8859);
#8302=AXIS2_PLACEMENT_3D('',#10977,#8860,#8861);
#8303=AXIS2_PLACEMENT_3D('',#10978,#8862,#8863);
#8304=AXIS2_PLACEMENT_3D('',#10979,#8864,#8865);
#8305=AXIS2_PLACEMENT_3D('',#11005,#8866,#8867);
#8306=AXIS2_PLACEMENT_3D('',#11006,#8868,#8869);
#8307=AXIS2_PLACEMENT_3D('',#11035,#8871,#8872);
#8308=AXIS2_PLACEMENT_3D('',#11036,#8873,#8874);
#8309=AXIS2_PLACEMENT_3D('',#11041,#8877,#8878);
#8310=AXIS2_PLACEMENT_3D('',#11043,#8880,#8881);
#8311=AXIS2_PLACEMENT_3D('',#11054,#8884,#8885);
#8312=AXIS2_PLACEMENT_3D('',#11055,#8886,#8887);
#8313=AXIS2_PLACEMENT_3D('',#11081,#8890,#8891);
#8314=AXIS2_PLACEMENT_3D('',#11105,#8893,#8894);
#8315=AXIS2_PLACEMENT_3D('',#11106,#8895,#8896);
#8316=AXIS2_PLACEMENT_3D('',#11113,#8900,#8901);
#8317=AXIS2_PLACEMENT_3D('',#11115,#8903,#8904);
#8318=AXIS2_PLACEMENT_3D('',#11117,#8906,#8907);
#8319=AXIS2_PLACEMENT_3D('',#11145,#8909,#8910);
#8320=AXIS2_PLACEMENT_3D('',#11146,#8911,#8912);
#8321=AXIS2_PLACEMENT_3D('',#11148,#8913,#8914);
#8322=AXIS2_PLACEMENT_3D('',#11149,#8915,#8916);
#8323=AXIS2_PLACEMENT_3D('',#11151,#8917,#8918);
#8324=AXIS2_PLACEMENT_3D('',#11152,#8919,#8920);
#8325=AXIS2_PLACEMENT_3D('',#11158,#8924,#8925);
#8326=AXIS2_PLACEMENT_3D('',#11162,#8928,#8929);
#8327=AXIS2_PLACEMENT_3D('',#11166,#8932,#8933);
#8328=AXIS2_PLACEMENT_3D('',#11170,#8936,#8937);
#8329=AXIS2_PLACEMENT_3D('',#11174,#8940,#8941);
#8330=AXIS2_PLACEMENT_3D('',#11178,#8944,#8945);
#8331=AXIS2_PLACEMENT_3D('',#11182,#8948,#8949);
#8332=AXIS2_PLACEMENT_3D('',#11186,#8952,#8953);
#8333=AXIS2_PLACEMENT_3D('',#11190,#8956,#8957);
#8334=AXIS2_PLACEMENT_3D('',#11194,#8960,#8961);
#8335=AXIS2_PLACEMENT_3D('',#11198,#8964,#8965);
#8336=AXIS2_PLACEMENT_3D('',#11202,#8968,#8969);
#8337=AXIS2_PLACEMENT_3D('',#11204,#8971,#8972);
#8338=AXIS2_PLACEMENT_3D('',#11205,#8973,#8974);
#8339=AXIS2_PLACEMENT_3D('',#11206,#8975,#8976);
#8340=AXIS2_PLACEMENT_3D('',#11211,#8978,#8979);
#8341=AXIS2_PLACEMENT_3D('',#11282,#8985,#8986);
#8342=AXIS2_PLACEMENT_3D('',#11283,#8987,#8988);
#8343=AXIS2_PLACEMENT_3D('',#11287,#8990,#8991);
#8344=AXIS2_PLACEMENT_3D('',#11354,#8997,#8998);
#8345=AXIS2_PLACEMENT_3D('',#11357,#9000,#9001);
#8346=AXIS2_PLACEMENT_3D('',#11423,#9007,#9008);
#8347=AXIS2_PLACEMENT_3D('',#11427,#9011,#9012);
#8348=AXIS2_PLACEMENT_3D('',#11431,#9015,#9016);
#8349=AXIS2_PLACEMENT_3D('',#11435,#9019,#9020);
#8350=AXIS2_PLACEMENT_3D('',#11439,#9023,#9024);
#8351=AXIS2_PLACEMENT_3D('',#11469,#9029,#9030);
#8352=AXIS2_PLACEMENT_3D('',#11472,#9032,#9033);
#8353=AXIS2_PLACEMENT_3D('',#11498,#9034,#9035);
#8354=AXIS2_PLACEMENT_3D('',#11499,#9036,#9037);
#8355=AXIS2_PLACEMENT_3D('',#11500,#9038,#9039);
#8356=AXIS2_PLACEMENT_3D('',#11501,#9040,#9041);
#8357=AXIS2_PLACEMENT_3D('',#11506,#9043,#9044);
#8358=AXIS2_PLACEMENT_3D('',#11577,#9050,#9051);
#8359=AXIS2_PLACEMENT_3D('',#11578,#9052,#9053);
#8360=AXIS2_PLACEMENT_3D('',#11582,#9055,#9056);
#8361=AXIS2_PLACEMENT_3D('',#11649,#9062,#9063);
#8362=AXIS2_PLACEMENT_3D('',#11652,#9065,#9066);
#8363=AXIS2_PLACEMENT_3D('',#11705,#9071,#9072);
#8364=AXIS2_PLACEMENT_3D('',#11708,#9074,#9075);
#8365=AXIS2_PLACEMENT_3D('',#11709,#9076,#9077);
#8366=AXIS2_PLACEMENT_3D('',#11713,#9080,#9081);
#8367=AXIS2_PLACEMENT_3D('',#11717,#9084,#9085);
#8368=AXIS2_PLACEMENT_3D('',#11721,#9088,#9089);
#8369=AXIS2_PLACEMENT_3D('',#11725,#9092,#9093);
#8370=AXIS2_PLACEMENT_3D('',#11755,#9098,#9099);
#8371=AXIS2_PLACEMENT_3D('',#11758,#9101,#9102);
#8372=AXIS2_PLACEMENT_3D('',#11784,#9103,#9104);
#8373=AXIS2_PLACEMENT_3D('',#11785,#9105,#9106);
#8374=AXIS2_PLACEMENT_3D('',#11786,#9107,#9108);
#8375=AXIS2_PLACEMENT_3D('',#11787,#9109,#9110);
#8376=AXIS2_PLACEMENT_3D('',#11792,#9112,#9113);
#8377=AXIS2_PLACEMENT_3D('',#11795,#9115,#9116);
#8378=AXIS2_PLACEMENT_3D('',#11818,#9121,#9122);
#8379=AXIS2_PLACEMENT_3D('',#11819,#9123,#9124);
#8380=AXIS2_PLACEMENT_3D('',#11823,#9126,#9127);
#8381=AXIS2_PLACEMENT_3D('',#11869,#9132,#9133);
#8382=AXIS2_PLACEMENT_3D('',#11872,#9135,#9136);
#8383=AXIS2_PLACEMENT_3D('',#11886,#9138,#9139);
#8384=AXIS2_PLACEMENT_3D('',#11889,#9141,#9142);
#8385=AXIS2_PLACEMENT_3D('',#11942,#9147,#9148);
#8386=AXIS2_PLACEMENT_3D('',#11985,#9154,#9155);
#8387=AXIS2_PLACEMENT_3D('',#11988,#9157,#9158);
#8388=AXIS2_PLACEMENT_3D('',#11989,#9159,#9160);
#8389=AXIS2_PLACEMENT_3D('',#11993,#9163,#9164);
#8390=AXIS2_PLACEMENT_3D('',#11996,#9166,#9167);
#8391=AXIS2_PLACEMENT_3D('',#11997,#9168,#9169);
#8392=AXIS2_PLACEMENT_3D('',#12000,#9171,#9172);
#8393=AXIS2_PLACEMENT_3D('',#12026,#9173,#9174);
#8394=AXIS2_PLACEMENT_3D('',#12027,#9175,#9176);
#8395=AXIS2_PLACEMENT_3D('',#12043,#9179,#9180);
#8396=AXIS2_PLACEMENT_3D('',#12047,#9183,#9184);
#8397=AXIS2_PLACEMENT_3D('',#12050,#9186,#9187);
#8398=AXIS2_PLACEMENT_3D('',#12077,#9190,#9191);
#8399=AXIS2_PLACEMENT_3D('',#12081,#9194,#9195);
#8400=AXIS2_PLACEMENT_3D('',#12085,#9198,#9199);
#8401=AXIS2_PLACEMENT_3D('',#12089,#9202,#9203);
#8402=AXIS2_PLACEMENT_3D('',#12093,#9206,#9207);
#8403=AXIS2_PLACEMENT_3D('',#12097,#9210,#9211);
#8404=AXIS2_PLACEMENT_3D('',#12101,#9214,#9215);
#8405=AXIS2_PLACEMENT_3D('',#12105,#9218,#9219);
#8406=AXIS2_PLACEMENT_3D('',#12109,#9222,#9223);
#8407=AXIS2_PLACEMENT_3D('',#12113,#9226,#9227);
#8408=AXIS2_PLACEMENT_3D('',#12117,#9230,#9231);
#8409=AXIS2_PLACEMENT_3D('',#12132,#9234,#9235);
#8410=AXIS2_PLACEMENT_3D('',#12133,#9236,#9237);
#8411=AXIS2_PLACEMENT_3D('',#12134,#9238,#9239);
#8412=AXIS2_PLACEMENT_3D('',#12139,#9241,#9242);
#8413=AXIS2_PLACEMENT_3D('',#12176,#9246,#9247);
#8414=AXIS2_PLACEMENT_3D('',#12177,#9248,#9249);
#8415=AXIS2_PLACEMENT_3D('',#12181,#9251,#9252);
#8416=AXIS2_PLACEMENT_3D('',#12250,#9257,#9258);
#8417=AXIS2_PLACEMENT_3D('',#12251,#9259,#9260);
#8418=AXIS2_PLACEMENT_3D('',#12255,#9262,#9263);
#8419=AXIS2_PLACEMENT_3D('',#12284,#9267,#9268);
#8420=AXIS2_PLACEMENT_3D('',#12287,#9270,#9271);
#8421=AXIS2_PLACEMENT_3D('',#12353,#9277,#9278);
#8422=AXIS2_PLACEMENT_3D('',#12356,#9280,#9281);
#8423=AXIS2_PLACEMENT_3D('',#12383,#9284,#9285);
#8424=AXIS2_PLACEMENT_3D('',#12384,#9286,#9287);
#8425=AXIS2_PLACEMENT_3D('',#12385,#9288,#9289);
#8426=AXIS2_PLACEMENT_3D('',#12386,#9290,#9291);
#8427=AXIS2_PLACEMENT_3D('',#12387,#9292,#9293);
#8428=AXIS2_PLACEMENT_3D('',#12388,#9294,#9295);
#8429=AXIS2_PLACEMENT_3D('',#12389,#9296,#9297);
#8430=AXIS2_PLACEMENT_3D('',#12405,#9300,#9301);
#8431=AXIS2_PLACEMENT_3D('',#12409,#9304,#9305);
#8432=AXIS2_PLACEMENT_3D('',#12413,#9308,#9309);
#8433=AXIS2_PLACEMENT_3D('',#12417,#9312,#9313);
#8434=AXIS2_PLACEMENT_3D('',#12421,#9316,#9317);
#8435=AXIS2_PLACEMENT_3D('',#12451,#9322,#9323);
#8436=AXIS2_PLACEMENT_3D('',#12455,#9326,#9327);
#8437=AXIS2_PLACEMENT_3D('',#12470,#9330,#9331);
#8438=AXIS2_PLACEMENT_3D('',#12471,#9332,#9333);
#8439=AXIS2_PLACEMENT_3D('',#12477,#9337,#9338);
#8440=AXIS2_PLACEMENT_3D('',#12481,#9341,#9342);
#8441=AXIS2_PLACEMENT_3D('',#12485,#9345,#9346);
#8442=AXIS2_PLACEMENT_3D('',#12489,#9349,#9350);
#8443=AXIS2_PLACEMENT_3D('',#12493,#9353,#9354);
#8444=AXIS2_PLACEMENT_3D('',#12497,#9357,#9358);
#8445=AXIS2_PLACEMENT_3D('',#12501,#9361,#9362);
#8446=AXIS2_PLACEMENT_3D('',#12505,#9365,#9366);
#8447=AXIS2_PLACEMENT_3D('',#12509,#9369,#9370);
#8448=AXIS2_PLACEMENT_3D('',#12513,#9373,#9374);
#8449=AXIS2_PLACEMENT_3D('',#12517,#9377,#9378);
#8450=AXIS2_PLACEMENT_3D('',#12519,#9380,#9381);
#8451=AXIS2_PLACEMENT_3D('',#12520,#9382,#9383);
#8452=AXIS2_PLACEMENT_3D('',#12521,#9384,#9385);
#8453=AXIS2_PLACEMENT_3D('',#12526,#9387,#9388);
#8454=AXIS2_PLACEMENT_3D('',#12597,#9394,#9395);
#8455=AXIS2_PLACEMENT_3D('',#12598,#9396,#9397);
#8456=AXIS2_PLACEMENT_3D('',#12602,#9399,#9400);
#8457=AXIS2_PLACEMENT_3D('',#12669,#9406,#9407);
#8458=AXIS2_PLACEMENT_3D('',#12672,#9409,#9410);
#8459=AXIS2_PLACEMENT_3D('',#12738,#9416,#9417);
#8460=AXIS2_PLACEMENT_3D('',#12742,#9420,#9421);
#8461=AXIS2_PLACEMENT_3D('',#12746,#9424,#9425);
#8462=AXIS2_PLACEMENT_3D('',#12750,#9428,#9429);
#8463=AXIS2_PLACEMENT_3D('',#12754,#9432,#9433);
#8464=AXIS2_PLACEMENT_3D('',#12784,#9438,#9439);
#8465=AXIS2_PLACEMENT_3D('',#12787,#9441,#9442);
#8466=AXIS2_PLACEMENT_3D('',#12813,#9443,#9444);
#8467=AXIS2_PLACEMENT_3D('',#12814,#9445,#9446);
#8468=AXIS2_PLACEMENT_3D('',#12830,#9449,#9450);
#8469=AXIS2_PLACEMENT_3D('',#12833,#9452,#9453);
#8470=AXIS2_PLACEMENT_3D('',#12886,#9458,#9459);
#8471=AXIS2_PLACEMENT_3D('',#12929,#9465,#9466);
#8472=AXIS2_PLACEMENT_3D('',#12932,#9468,#9469);
#8473=AXIS2_PLACEMENT_3D('',#12972,#9473,#9474);
#8474=AXIS2_PLACEMENT_3D('',#13015,#9480,#9481);
#8475=AXIS2_PLACEMENT_3D('',#13016,#9482,#9483);
#8476=AXIS2_PLACEMENT_3D('',#13017,#9484,#9485);
#8477=AXIS2_PLACEMENT_3D('',#13018,#9486,#9487);
#8478=AXIS2_PLACEMENT_3D('',#13024,#9491,#9492);
#8479=AXIS2_PLACEMENT_3D('',#13028,#9495,#9496);
#8480=AXIS2_PLACEMENT_3D('',#13032,#9499,#9500);
#8481=AXIS2_PLACEMENT_3D('',#13036,#9503,#9504);
#8482=AXIS2_PLACEMENT_3D('',#13040,#9507,#9508);
#8483=AXIS2_PLACEMENT_3D('',#13044,#9511,#9512);
#8484=AXIS2_PLACEMENT_3D('',#13048,#9515,#9516);
#8485=AXIS2_PLACEMENT_3D('',#13052,#9519,#9520);
#8486=AXIS2_PLACEMENT_3D('',#13056,#9523,#9524);
#8487=AXIS2_PLACEMENT_3D('',#13060,#9527,#9528);
#8488=AXIS2_PLACEMENT_3D('',#13062,#9530,#9531);
#8489=AXIS2_PLACEMENT_3D('',#13078,#9534,#9535);
#8490=AXIS2_PLACEMENT_3D('',#13081,#9537,#9538);
#8491=AXIS2_PLACEMENT_3D('',#13147,#9544,#9545);
#8492=AXIS2_PLACEMENT_3D('',#13164,#9549,#9550);
#8493=AXIS2_PLACEMENT_3D('',#13167,#9552,#9553);
#8494=AXIS2_PLACEMENT_3D('',#13194,#9556,#9557);
#8495=AXIS2_PLACEMENT_3D('',#13197,#9559,#9560);
#8496=AXIS2_PLACEMENT_3D('',#13250,#9565,#9566);
#8497=AXIS2_PLACEMENT_3D('',#13293,#9572,#9573);
#8498=AXIS2_PLACEMENT_3D('',#13294,#9574,#9575);
#8499=AXIS2_PLACEMENT_3D('',#13295,#9576,#9577);
#8500=AXIS2_PLACEMENT_3D('',#13296,#9578,#9579);
#8501=AXIS2_PLACEMENT_3D('',#13302,#9583,#9584);
#8502=AXIS2_PLACEMENT_3D('',#13306,#9587,#9588);
#8503=AXIS2_PLACEMENT_3D('',#13310,#9591,#9592);
#8504=AXIS2_PLACEMENT_3D('',#13312,#9594,#9595);
#8505=AXIS2_PLACEMENT_3D('',#13313,#9596,#9597);
#8506=AXIS2_PLACEMENT_3D('',#13319,#9601,#9602);
#8507=AXIS2_PLACEMENT_3D('',#13323,#9605,#9606);
#8508=AXIS2_PLACEMENT_3D('',#13379,#9613,#9614);
#8509=AXIS2_PLACEMENT_3D('',#13382,#9616,#9617);
#8510=AXIS2_PLACEMENT_3D('',#13383,#9618,#9619);
#8511=AXIS2_PLACEMENT_3D('',#13387,#9622,#9623);
#8512=AXIS2_PLACEMENT_3D('',#13391,#9626,#9627);
#8513=AXIS2_PLACEMENT_3D('',#13395,#9630,#9631);
#8514=AXIS2_PLACEMENT_3D('',#13398,#9633,#9634);
#8515=AXIS2_PLACEMENT_3D('',#13425,#9637,#9638);
#8516=AXIS2_PLACEMENT_3D('',#13428,#9640,#9641);
#8517=AXIS2_PLACEMENT_3D('',#13429,#9642,#9643);
#8518=AXIS2_PLACEMENT_3D('',#13432,#9645,#9646);
#8519=AXIS2_PLACEMENT_3D('',#13433,#9647,#9648);
#8520=AXIS2_PLACEMENT_3D('',#13437,#9651,#9652);
#8521=AXIS2_PLACEMENT_3D('',#13439,#9654,#9655);
#8522=AXIS2_PLACEMENT_3D('',#13440,#9656,#9657);
#8523=AXIS2_PLACEMENT_3D('',#13441,#9658,#9659);
#8524=AXIS2_PLACEMENT_3D('',#13446,#9661,#9662);
#8525=AXIS2_PLACEMENT_3D('',#13517,#9668,#9669);
#8526=AXIS2_PLACEMENT_3D('',#13518,#9670,#9671);
#8527=AXIS2_PLACEMENT_3D('',#13522,#9673,#9674);
#8528=AXIS2_PLACEMENT_3D('',#13589,#9680,#9681);
#8529=AXIS2_PLACEMENT_3D('',#13593,#9684,#9685);
#8530=AXIS2_PLACEMENT_3D('',#13597,#9688,#9689);
#8531=AXIS2_PLACEMENT_3D('',#13601,#9692,#9693);
#8532=AXIS2_PLACEMENT_3D('',#13605,#9696,#9697);
#8533=AXIS2_PLACEMENT_3D('',#13635,#9702,#9703);
#8534=AXIS2_PLACEMENT_3D('',#13638,#9705,#9706);
#8535=AXIS2_PLACEMENT_3D('',#13665,#9709,#9710);
#8536=AXIS2_PLACEMENT_3D('',#13668,#9712,#9713);
#8537=AXIS2_PLACEMENT_3D('',#13720,#9716,#9717);
#8538=AXIS2_PLACEMENT_3D('',#13721,#9718,#9719);
#8539=AXIS2_PLACEMENT_3D('',#13722,#9720,#9721);
#8540=AXIS2_PLACEMENT_3D('',#13723,#9722,#9723);
#8541=AXIS2_PLACEMENT_3D('',#13728,#9725,#9726);
#8542=AXIS2_PLACEMENT_3D('',#13765,#9730,#9731);
#8543=AXIS2_PLACEMENT_3D('',#13771,#9735,#9736);
#8544=AXIS2_PLACEMENT_3D('',#13777,#9740,#9741);
#8545=AXIS2_PLACEMENT_3D('',#13815,#9748,#9749);
#8546=AXIS2_PLACEMENT_3D('',#13819,#9752,#9753);
#8547=AXIS2_PLACEMENT_3D('',#13823,#9756,#9757);
#8548=AXIS2_PLACEMENT_3D('',#13827,#9760,#9761);
#8549=AXIS2_PLACEMENT_3D('',#13831,#9764,#9765);
#8550=AXIS2_PLACEMENT_3D('',#13835,#9768,#9769);
#8551=AXIS2_PLACEMENT_3D('',#13839,#9772,#9773);
#8552=AXIS2_PLACEMENT_3D('',#13843,#9776,#9777);
#8553=AXIS2_PLACEMENT_3D('',#13873,#9782,#9783);
#8554=AXIS2_PLACEMENT_3D('',#13876,#9785,#9786);
#8555=AXIS2_PLACEMENT_3D('',#13902,#9787,#9788);
#8556=AXIS2_PLACEMENT_3D('',#13903,#9789,#9790);
#8557=AXIS2_PLACEMENT_3D('',#13919,#9793,#9794);
#8558=AXIS2_PLACEMENT_3D('',#13922,#9796,#9797);
#8559=AXIS2_PLACEMENT_3D('',#13988,#9803,#9804);
#8560=AXIS2_PLACEMENT_3D('',#14005,#9808,#9809);
#8561=AXIS2_PLACEMENT_3D('',#14008,#9811,#9812);
#8562=AXIS2_PLACEMENT_3D('',#14035,#9815,#9816);
#8563=AXIS2_PLACEMENT_3D('',#14038,#9818,#9819);
#8564=AXIS2_PLACEMENT_3D('',#14091,#9824,#9825);
#8565=AXIS2_PLACEMENT_3D('',#14134,#9831,#9832);
#8566=AXIS2_PLACEMENT_3D('',#14135,#9833,#9834);
#8567=AXIS2_PLACEMENT_3D('',#14136,#9835,#9836);
#8568=AXIS2_PLACEMENT_3D('',#14137,#9837,#9838);
#8569=AXIS2_PLACEMENT_3D('',#14143,#9842,#9843);
#8570=AXIS2_PLACEMENT_3D('',#14147,#9846,#9847);
#8571=AXIS2_PLACEMENT_3D('',#14151,#9850,#9851);
#8572=AXIS2_PLACEMENT_3D('',#14153,#9853,#9854);
#8573=AXIS2_PLACEMENT_3D('',#14154,#9855,#9856);
#8574=AXIS2_PLACEMENT_3D('',#14155,#9857,#9858);
#8575=AXIS2_PLACEMENT_3D('',#14160,#9860,#9861);
#8576=AXIS2_PLACEMENT_3D('',#14197,#9865,#9866);
#8577=AXIS2_PLACEMENT_3D('',#14203,#9870,#9871);
#8578=AXIS2_PLACEMENT_3D('',#14209,#9875,#9876);
#8579=AXIS2_PLACEMENT_3D('',#14252,#9883,#9884);
#8580=AXIS2_PLACEMENT_3D('',#14258,#9888,#9889);
#8581=AXIS2_PLACEMENT_3D('',#14264,#9893,#9894);
#8582=AXIS2_PLACEMENT_3D('',#14304,#9900,#9901);
#8583=AXIS2_PLACEMENT_3D('',#14305,#9902,#9903);
#8584=AXIS2_PLACEMENT_3D('',#14309,#9905,#9906);
#8585=AXIS2_PLACEMENT_3D('',#14325,#9909,#9910);
#8586=AXIS2_PLACEMENT_3D('',#14328,#9912,#9913);
#8587=AXIS2_PLACEMENT_3D('',#14355,#9916,#9917);
#8588=AXIS2_PLACEMENT_3D('',#14359,#9920,#9921);
#8589=AXIS2_PLACEMENT_3D('',#14363,#9924,#9925);
#8590=AXIS2_PLACEMENT_3D('',#14393,#9930,#9931);
#8591=AXIS2_PLACEMENT_3D('',#14396,#9933,#9934);
#8592=AXIS2_PLACEMENT_3D('',#14437,#9937,#9938);
#8593=AXIS2_PLACEMENT_3D('',#14438,#9939,#9940);
#8594=AXIS2_PLACEMENT_3D('',#14453,#9941,#9942);
#8595=AXIS2_PLACEMENT_3D('',#14454,#9943,#9944);
#8596=AXIS2_PLACEMENT_3D('',#14455,#9945,#9946);
#8597=AXIS2_PLACEMENT_3D('',#14527,#9952,#9953);
#8598=AXIS2_PLACEMENT_3D('',#14528,#9954,#9955);
#8599=AXIS2_PLACEMENT_3D('',#14532,#9957,#9958);
#8600=AXIS2_PLACEMENT_3D('',#14584,#9962,#9963);
#8601=AXIS2_PLACEMENT_3D('',#14585,#9964,#9965);
#8602=AXIS2_PLACEMENT_3D('',#14589,#9967,#9968);
#8603=AXIS2_PLACEMENT_3D('',#14657,#9975,#9976);
#8604=AXIS2_PLACEMENT_3D('',#14660,#9978,#9979);
#8605=AXIS2_PLACEMENT_3D('',#14687,#9982,#9983);
#8606=AXIS2_PLACEMENT_3D('',#14690,#9985,#9986);
#8607=AXIS2_PLACEMENT_3D('',#14717,#9989,#9990);
#8608=AXIS2_PLACEMENT_3D('',#14718,#9991,#9992);
#8609=AXIS2_PLACEMENT_3D('',#14733,#9993,#9994);
#8610=AXIS2_PLACEMENT_3D('',#14734,#9995,#9996);
#8611=AXIS2_PLACEMENT_3D('',#14735,#9997,#9998);
#8612=AXIS2_PLACEMENT_3D('',#14744,#10003,#10004);
#8613=AXIS2_PLACEMENT_3D('',#14750,#10008,#10009);
#8614=AXIS2_PLACEMENT_3D('',#14756,#10013,#10014);
#8615=AXIS2_PLACEMENT_3D('',#14760,#10017,#10018);
#8616=AXIS2_PLACEMENT_3D('',#14764,#10021,#10022);
#8617=AXIS2_PLACEMENT_3D('',#14768,#10025,#10026);
#8618=AXIS2_PLACEMENT_3D('',#14772,#10029,#10030);
#8619=AXIS2_PLACEMENT_3D('',#14776,#10033,#10034);
#8620=AXIS2_PLACEMENT_3D('',#14780,#10037,#10038);
#8621=AXIS2_PLACEMENT_3D('',#14782,#10040,#10041);
#8622=AXIS2_PLACEMENT_3D('',#14785,#10044,#10045);
#8623=AXIS2_PLACEMENT_3D('',#14786,#10046,#10047);
#8624=AXIS2_PLACEMENT_3D('',#14787,#10048,#10049);
#8625=AXIS2_PLACEMENT_3D('',#14793,#10053,#10054);
#8626=AXIS2_PLACEMENT_3D('',#14797,#10057,#10058);
#8627=AXIS2_PLACEMENT_3D('',#14801,#10061,#10062);
#8628=AXIS2_PLACEMENT_3D('',#14805,#10065,#10066);
#8629=AXIS2_PLACEMENT_3D('',#14809,#10069,#10070);
#8630=AXIS2_PLACEMENT_3D('',#14813,#10073,#10074);
#8631=AXIS2_PLACEMENT_3D('',#14817,#10077,#10078);
#8632=AXIS2_PLACEMENT_3D('',#14819,#10080,#10081);
#8633=DIRECTION('',(0.,0.,1.));
#8634=DIRECTION('',(1.,0.,0.));
#8635=DIRECTION('',(1.,1.82123199577617E-16,0.));
#8636=DIRECTION('',(-1.82123199577617E-16,1.,0.));
#8637=DIRECTION('',(3.05472634297224E-17,-0.16772856780777,-0.985833214870119));
#8638=DIRECTION('',(1.82123199577617E-16,-1.,0.));
#8639=DIRECTION('',(3.16306049011698E-17,-0.173676966880265,-0.984802676263256));
#8640=DIRECTION('',(1.82123199577617E-16,-1.,0.));
#8641=DIRECTION('',(-3.16306049011698E-17,0.173676966880265,0.984802676263256));
#8642=DIRECTION('',(1.82123199577617E-16,-1.,0.));
#8643=DIRECTION('',(-3.19580926852597E-17,0.175475133093298,0.984483863588373));
#8644=DIRECTION('',(-1.82123199577617E-16,1.,0.));
#8645=DIRECTION('',(1.82123199577617E-16,-1.,0.));
#8646=DIRECTION('',(8.33996361293045E-17,-0.457929776781465,-0.888988368617317));
#8647=DIRECTION('',(1.82123199577617E-16,-1.,0.));
#8648=DIRECTION('',(-8.63360631650244E-17,0.474053077066821,0.880496269227462));
#8649=DIRECTION('',(-1.82123199577617E-16,1.,0.));
#8650=DIRECTION('',(-3.31612514222286E-17,0.182081423449273,-0.983283456199018));
#8651=DIRECTION('',(1.82123199577617E-16,-1.,0.));
#8652=DIRECTION('',(2.89856818546409E-17,-0.159154253394762,0.987253728089368));
#8653=DIRECTION('',(-1.,-1.82123199577617E-16,0.));
#8654=DIRECTION('',(1.82123199577617E-16,-1.,0.));
#8655=DIRECTION('',(-1.,-1.82123199577617E-16,0.));
#8656=DIRECTION('',(1.82123199577617E-16,-1.,0.));
#8657=DIRECTION('',(-1.,-1.82123199577617E-16,0.));
#8658=DIRECTION('',(1.82123199577617E-16,-1.,0.));
#8659=DIRECTION('',(-1.,-1.82123199577617E-16,0.));
#8660=DIRECTION('',(1.82123199577617E-16,-1.,0.));
#8661=DIRECTION('',(-1.,-1.82123199577617E-16,0.));
#8662=DIRECTION('',(1.82123199577617E-16,-1.,0.));
#8663=DIRECTION('',(1.82123199577617E-16,-1.,0.));
#8664=DIRECTION('',(-3.16936051991697E-17,0.174022888202459,0.984741607926503));
#8665=DIRECTION('',(-1.82123199577617E-16,1.,0.));
#8666=DIRECTION('',(-1.,-1.82123199577617E-16,0.));
#8667=DIRECTION('',(1.82123199577617E-16,-1.,0.));
#8668=DIRECTION('',(3.2717934171076E-17,-0.17964726211134,-0.98373109192294));
#8669=DIRECTION('',(1.82123199577617E-16,-1.,0.));
#8670=DIRECTION('',(-3.2717934171076E-17,0.17964726211134,0.98373109192294));
#8671=DIRECTION('',(-1.82123199577617E-16,1.,0.));
#8672=DIRECTION('',(-1.,-1.82123199577617E-16,0.));
#8673=DIRECTION('',(1.82123199577617E-16,-1.,0.));
#8674=DIRECTION('',(1.82123199577617E-16,-1.,0.));
#8675=DIRECTION('',(-1.,-1.82123199577617E-16,0.));
#8676=DIRECTION('',(1.82123199577617E-16,-1.,0.));
#8677=DIRECTION('',(-1.,-1.82123199577617E-16,0.));
#8678=DIRECTION('',(1.82123199577617E-16,-1.,0.));
#8679=DIRECTION('',(-1.82123199577617E-16,1.,0.));
#8680=DIRECTION('',(-1.,-1.82123199577617E-16,0.));
#8681=DIRECTION('',(1.82123199577617E-16,-1.,0.));
#8682=DIRECTION('',(-1.,-1.82123199577617E-16,0.));
#8683=DIRECTION('',(1.82123199577617E-16,-1.,0.));
#8684=DIRECTION('',(-6.85698867524508E-17,0.376502756988011,-0.926415497485025));
#8685=DIRECTION('',(1.82123199577617E-16,-1.,0.));
#8686=DIRECTION('',(6.37713210153614E-17,-0.350154846627232,0.936691829463383));
#8687=DIRECTION('',(1.82123199577617E-16,-1.,0.));
#8688=DIRECTION('',(3.18252445651142E-17,-0.174745692140945,-0.984613600900466));
#8689=DIRECTION('',(1.82123199577617E-16,-1.,0.));
#8690=DIRECTION('',(-3.16936051991697E-17,0.174022888202459,0.984741607926503));
#8691=DIRECTION('',(-1.82123199577617E-16,1.,0.));
#8692=DIRECTION('',(-1.,-1.82123199577617E-16,0.));
#8693=DIRECTION('',(1.82123199577617E-16,-1.,0.));
#8694=DIRECTION('',(-1.,-1.82123199577617E-16,0.));
#8695=DIRECTION('',(1.82123199577617E-16,-1.,0.));
#8696=DIRECTION('',(3.19782454084754E-17,-0.175585787437513,-0.984464134059717));
#8697=DIRECTION('',(1.82123199577617E-16,-1.,0.));
#8698=DIRECTION('',(-3.17691402366572E-17,0.174437635130157,0.984668224048181));
#8699=DIRECTION('',(-1.82123199577617E-16,1.,0.));
#8700=DIRECTION('',(3.23052532708519E-17,-0.177381318501842,-0.984142198996948));
#8701=DIRECTION('',(3.14955871357725E-17,-0.172935612864355,-0.984933131640534));
#8702=DIRECTION('',(1.82123199577617E-16,-1.,0.));
#8703=DIRECTION('',(-3.10181825578236E-17,0.170314285218805,0.985389793051667));
#8704=DIRECTION('',(-1.,-1.82123199577617E-16,0.));
#8705=DIRECTION('',(1.82123199577617E-16,-1.,0.));
#8706=DIRECTION('',(-1.,-1.82123199577617E-16,0.));
#8707=DIRECTION('',(1.82123199577617E-16,-1.,0.));
#8708=DIRECTION('',(-1.,-1.82123199577617E-16,0.));
#8709=DIRECTION('',(1.82123199577617E-16,-1.,0.));
#8710=DIRECTION('',(-3.1890592533208E-17,0.17510450402348,0.984549852811269));
#8711=DIRECTION('',(-1.82123199577617E-16,1.,0.));
#8712=DIRECTION('',(3.13652807165867E-17,-0.172220127854823,-0.985058489411501));
#8713=DIRECTION('',(-1.,-1.82123199577617E-16,0.));
#8714=DIRECTION('',(1.82123199577617E-16,-1.,0.));
#8715=DIRECTION('',(-3.17223137033616E-17,0.174180520531884,0.984713738234235));
#8716=DIRECTION('',(-1.82123199577617E-16,1.,0.));
#8717=DIRECTION('',(3.17324249464934E-17,-0.174236039231068,-0.984703916227142));
#8718=DIRECTION('',(1.82123199577617E-16,-1.,0.));
#8719=DIRECTION('',(-3.17691402366572E-17,0.174437635130157,0.984668224048181));
#8720=DIRECTION('',(-1.82123199577617E-16,1.,0.));
#8721=DIRECTION('',(-1.,-1.82123199577617E-16,0.));
#8722=DIRECTION('',(1.82123199577617E-16,-1.,0.));
#8723=DIRECTION('',(1.82123199577617E-16,-1.,0.));
#8724=DIRECTION('',(-1.,-1.82123199577617E-16,0.));
#8725=DIRECTION('',(1.82123199577617E-16,-1.,0.));
#8726=DIRECTION('',(-1.,-1.82123199577617E-16,0.));
#8727=DIRECTION('',(1.82123199577617E-16,-1.,0.));
#8728=DIRECTION('',(-1.82123199577617E-16,1.,0.));
#8729=DIRECTION('',(-1.,-1.82123199577617E-16,0.));
#8730=DIRECTION('',(1.82123199577617E-16,-1.,0.));
#8731=DIRECTION('',(-1.00905740837312E-16,0.554052098092579,-0.832481995360387));
#8732=DIRECTION('',(1.82123199577617E-16,-1.,0.));
#8733=DIRECTION('',(8.82562695372035E-17,-0.484596524450968,0.874737794136073));
#8734=DIRECTION('',(3.1519934881692E-17,-0.173069301191685,-0.984909649148094));
#8735=DIRECTION('',(1.82123199577617E-16,-1.,0.));
#8736=DIRECTION('',(-3.17691402366572E-17,0.174437635130157,0.984668224048181));
#8737=DIRECTION('',(-1.82123199577617E-16,1.,0.));
#8738=DIRECTION('',(3.16660151214376E-17,-0.173871396916361,-0.984768367350593));
#8739=DIRECTION('',(-1.23391965382263E-16,0.677519204958157,0.735505082859981));
#8740=DIRECTION('',(-1.82123199577617E-16,1.,0.));
#8741=DIRECTION('',(1.28995601388837E-16,-0.708287586029707,-0.705924001204245));
#8742=DIRECTION('',(-1.,-1.82123199577617E-16,0.));
#8743=DIRECTION('',(1.82123199577617E-16,-1.,0.));
#8744=DIRECTION('',(1.82123199577617E-16,-1.,0.));
#8745=DIRECTION('',(-1.,-1.82123199577617E-16,0.));
#8746=DIRECTION('',(1.82123199577617E-16,-1.,0.));
#8747=DIRECTION('',(-1.82123199577617E-16,1.,0.));
#8748=DIRECTION('',(-1.,-1.82123199577617E-16,0.));
#8749=DIRECTION('',(1.82123199577617E-16,-1.,0.));
#8750=DIRECTION('',(-1.,-1.82123199577617E-16,0.));
#8751=DIRECTION('',(1.82123199577617E-16,-1.,0.));
#8752=DIRECTION('',(-3.19541098849104E-17,0.175453264378282,0.984487761233731));
#8753=DIRECTION('',(-1.82123199577617E-16,1.,0.));
#8754=DIRECTION('',(3.18365251687939E-17,-0.174807631551772,-0.984602606106271));
#8755=DIRECTION('',(1.82123199577617E-16,-1.,0.));
#8756=DIRECTION('',(-3.39474510630266E-17,0.186398279525936,0.982474265001262));
#8757=DIRECTION('',(-1.,-1.82123199577617E-16,0.));
#8758=DIRECTION('',(1.82123199577617E-16,-1.,0.));
#8759=DIRECTION('',(3.16548954323564E-17,-0.173810341053588,-0.98477914546503));
#8760=DIRECTION('',(1.82123199577617E-16,-1.,0.));
#8761=DIRECTION('',(-3.15019465659435E-17,0.172970531151458,0.984927000012276));
#8762=DIRECTION('',(1.82123199577617E-16,-1.,0.));
#8763=DIRECTION('',(3.14084797879928E-17,-0.172457324826468,-0.985016990266512));
#8764=DIRECTION('',(1.82123199577617E-16,-1.,0.));
#8765=DIRECTION('',(-3.16936051991697E-17,0.174022888202459,0.984741607926503));
#8766=DIRECTION('',(-1.82123199577617E-16,1.,0.));
#8767=DIRECTION('',(3.17661275307522E-17,-0.174421092998721,-0.984671154404927));
#8768=DIRECTION('',(-1.82123199577617E-16,1.,0.));
#8769=DIRECTION('',(-3.18645148185465E-17,0.174961316803389,0.984575308253474));
#8770=DIRECTION('',(-1.82123199577617E-16,1.,0.));
#8771=DIRECTION('',(3.17209565399986E-17,-0.174173068634673,-0.984715056329688));
#8772=DIRECTION('',(1.82123199577617E-16,-1.,0.));
#8773=DIRECTION('',(3.17984121716783E-17,-0.174598361139193,-0.984639737308782));
#8774=DIRECTION('',(1.82123199577617E-16,-1.,0.));
#8775=DIRECTION('',(-3.15443135635532E-17,0.173203159381733,0.984886118076697));
#8776=DIRECTION('',(-1.82123199577617E-16,1.,0.));
#8777=DIRECTION('',(3.19194834237289E-17,-0.175263137797694,-0.984521626237487));
#8778=DIRECTION('',(-1.,-1.82123199577617E-16,0.));
#8779=DIRECTION('',(1.82123199577617E-16,-1.,0.));
#8780=DIRECTION('',(-1.,-1.82123199577617E-16,0.));
#8781=DIRECTION('',(1.82123199577617E-16,-1.,0.));
#8782=DIRECTION('',(-1.,-1.82123199577617E-16,0.));
#8783=DIRECTION('',(1.82123199577617E-16,-1.,0.));
#8784=DIRECTION('',(3.89191593078021E-17,-0.213696878805467,-0.976900017396254));
#8785=DIRECTION('',(-1.82123199577617E-16,1.,0.));
#8786=DIRECTION('',(3.15715415736451E-17,-0.173352662630935,-0.984859814571985));
#8787=DIRECTION('',(1.82123199577617E-16,-1.,0.));
#8788=DIRECTION('',(3.14696468953886E-17,-0.17279318048647,-0.984958129453923));
#8789=DIRECTION('',(1.82123199577617E-16,-1.,0.));
#8790=DIRECTION('',(-3.14696468953884E-17,0.172793180486469,0.984958129453923));
#8791=DIRECTION('',(1.82123199577617E-16,-1.,0.));
#8792=DIRECTION('',(-3.15715415736443E-17,0.17335266263093,0.984859814571986));
#8793=DIRECTION('',(-1.82123199577617E-16,1.,0.));
#8794=DIRECTION('',(-3.47153326629062E-17,0.190614555111147,0.981664958822398));
#8795=DIRECTION('',(-1.,-1.82123199577617E-16,0.));
#8796=DIRECTION('',(1.82123199577617E-16,-1.,0.));
#8797=DIRECTION('',(3.09439912647393E-17,-0.169906916507645,-0.985460115744348));
#8798=DIRECTION('',(-1.,-1.82123199577617E-16,0.));
#8799=DIRECTION('',(1.82123199577617E-16,-1.,0.));
#8800=DIRECTION('',(-1.,-1.82123199577617E-16,0.));
#8801=DIRECTION('',(1.82123199577617E-16,-1.,0.));
#8802=DIRECTION('',(1.82123199577617E-16,-1.,0.));
#8803=DIRECTION('',(-1.,-1.82123199577617E-16,0.));
#8804=DIRECTION('',(1.82123199577617E-16,-1.,0.));
#8805=DIRECTION('',(-1.82123199577617E-16,1.,0.));
#8806=DIRECTION('',(-1.,-1.82123199577617E-16,0.));
#8807=DIRECTION('',(1.82123199577617E-16,-1.,0.));
#8808=DIRECTION('',(-1.,-1.82123199577617E-16,0.));
#8809=DIRECTION('',(1.82123199577617E-16,-1.,0.));
#8810=DIRECTION('',(-1.,-1.82123199577617E-16,0.));
#8811=DIRECTION('',(1.82123199577617E-16,-1.,0.));
#8812=DIRECTION('',(-3.17984121716779E-17,0.174598361139191,0.984639737308783));
#8813=DIRECTION('',(-1.82123199577617E-16,1.,0.));
#8814=DIRECTION('',(3.17691402366572E-17,-0.174437635130157,-0.984668224048181));
#8815=DIRECTION('',(1.82123199577617E-16,-1.,0.));
#8816=DIRECTION('',(-3.15304196293747E-17,0.173126870725423,0.984899531237995));
#8817=DIRECTION('',(-1.,-1.82123199577617E-16,0.));
#8818=DIRECTION('',(1.82123199577617E-16,-1.,0.));
#8819=DIRECTION('',(-1.,-1.82123199577617E-16,0.));
#8820=DIRECTION('',(1.82123199577617E-16,-1.,0.));
#8821=DIRECTION('',(-1.,-1.82123199577617E-16,0.));
#8822=DIRECTION('',(1.82123199577617E-16,-1.,0.));
#8823=DIRECTION('',(-3.19541098849128E-17,0.175453264378296,0.984487761233729));
#8824=DIRECTION('',(-1.82123199577617E-16,1.,0.));
#8825=DIRECTION('',(3.18365251687939E-17,-0.174807631551772,-0.984602606106271));
#8826=DIRECTION('',(1.82123199577617E-16,-1.,0.));
#8827=DIRECTION('',(-3.39474510630264E-17,0.186398279525935,0.982474265001263));
#8828=DIRECTION('',(-1.,-1.82123199577617E-16,0.));
#8829=DIRECTION('',(1.82123199577617E-16,-1.,0.));
#8830=DIRECTION('',(3.16936051991697E-17,-0.174022888202458,-0.984741607926503));
#8831=DIRECTION('',(1.82123199577617E-16,-1.,0.));
#8832=DIRECTION('',(-3.19464457440321E-17,0.175411182200415,0.984495260099841));
#8833=DIRECTION('',(8.79185455224193E-17,-0.48274215325846,-0.875762532577973));
#8834=DIRECTION('',(1.82123199577617E-16,-1.,0.));
#8835=DIRECTION('',(3.55015419725913E-17,-0.194931464277626,0.980816865798392));
#8836=DIRECTION('',(3.13478352705265E-17,-0.172124338597328,-0.985075231676461));
#8837=DIRECTION('',(1.82123199577617E-16,-1.,0.));
#8838=DIRECTION('',(-3.16936051991697E-17,0.174022888202459,0.984741607926503));
#8839=DIRECTION('',(-1.82123199577617E-16,1.,0.));
#8840=DIRECTION('',(-4.09021356316289E-17,0.224584982728667,-0.974454506651164));
#8841=DIRECTION('',(-9.0904170744802E-17,0.499135590389517,0.866523896038943));
#8842=DIRECTION('',(-1.82123199577617E-16,1.,0.));
#8843=DIRECTION('',(1.82123199577617E-16,-1.,0.));
#8844=DIRECTION('',(0.,0.,-1.));
#8845=DIRECTION('',(1.82123199577617E-16,-1.,0.));
#8846=DIRECTION('',(0.,0.,-1.));
#8847=DIRECTION('',(0.,0.,1.));
#8848=DIRECTION('',(1.,0.,0.));
#8849=DIRECTION('',(-1.,0.,0.));
#8850=DIRECTION('',(0.,0.,1.));
#8851=DIRECTION('',(1.,0.,0.));
#8852=DIRECTION('',(0.,0.,1.));
#8853=DIRECTION('',(1.,0.,0.));
#8854=DIRECTION('',(1.82123199577617E-16,-1.,0.));
#8855=DIRECTION('',(1.82123199577617E-16,-1.,0.));
#8856=DIRECTION('',(-1.,0.,0.));
#8857=DIRECTION('',(1.82123199577617E-16,-1.,0.));
#8858=DIRECTION('',(0.,0.,1.));
#8859=DIRECTION('',(1.,0.,0.));
#8860=DIRECTION('',(0.,0.,1.));
#8861=DIRECTION('',(1.,0.,0.));
#8862=DIRECTION('',(0.,0.,-1.));
#8863=DIRECTION('',(-1.,0.,0.));
#8864=DIRECTION('',(-1.82122759937969E-16,0.999997586031603,-0.0021972553257304));
#8865=DIRECTION('',(4.00171170210981E-19,-0.0021972553257304,-0.999997586031603));
#8866=DIRECTION('',(0.,0.,-1.));
#8867=DIRECTION('',(-1.,0.,0.));
#8868=DIRECTION('',(-1.82122759937969E-16,0.999997586031603,-0.0021972553257304));
#8869=DIRECTION('',(4.00171170210981E-19,-0.0021972553257304,-0.999997586031603));
#8870=DIRECTION('',(0.,0.,-1.));
#8871=DIRECTION('',(0.,-1.,0.));
#8872=DIRECTION('',(0.,0.,-1.));
#8873=DIRECTION('',(0.,-1.,0.));
#8874=DIRECTION('',(0.,0.,-1.));
#8875=DIRECTION('',(-1.,0.,0.));
#8876=DIRECTION('',(0.,0.,-1.));
#8877=DIRECTION('',(1.,1.82123199577617E-16,0.));
#8878=DIRECTION('',(-1.82123199577617E-16,1.,0.));
#8879=DIRECTION('',(1.82123199577617E-16,-1.,0.));
#8880=DIRECTION('',(0.,0.,1.));
#8881=DIRECTION('',(1.,0.,0.));
#8882=DIRECTION('',(1.,1.82123199577617E-16,0.));
#8883=DIRECTION('',(1.,1.82123199577617E-16,0.));
#8884=DIRECTION('',(-1.82122759937969E-16,0.999997586031603,-0.0021972553257304));
#8885=DIRECTION('',(0.,0.0021972553257304,0.999997586031603));
#8886=DIRECTION('',(0.,0.,-1.));
#8887=DIRECTION('',(-1.,0.,0.));
#8888=DIRECTION('',(0.,0.,-1.));
#8889=DIRECTION('',(0.,0.,-1.));
#8890=DIRECTION('',(0.,0.,-1.));
#8891=DIRECTION('',(-1.,0.,0.));
#8892=DIRECTION('',(0.,0.,1.));
#8893=DIRECTION('',(0.,-1.,0.));
#8894=DIRECTION('',(0.,0.,-1.));
#8895=DIRECTION('',(0.,-1.,0.));
#8896=DIRECTION('',(0.,0.,-1.));
#8897=DIRECTION('',(-1.,0.,0.));
#8898=DIRECTION('',(0.,0.,-1.));
#8899=DIRECTION('',(0.,0.,-1.));
#8900=DIRECTION('',(1.,1.82123199577617E-16,0.));
#8901=DIRECTION('',(-1.82123199577617E-16,1.,0.));
#8902=DIRECTION('',(1.82123199577617E-16,-1.,0.));
#8903=DIRECTION('',(1.,1.82123199577617E-16,0.));
#8904=DIRECTION('',(-1.82123199577617E-16,1.,0.));
#8905=DIRECTION('',(1.82123199577617E-16,-1.,0.));
#8906=DIRECTION('',(0.,0.,1.));
#8907=DIRECTION('',(1.,0.,0.));
#8908=DIRECTION('',(1.,0.,0.));
#8909=DIRECTION('',(0.,1.,0.));
#8910=DIRECTION('',(0.,0.,1.));
#8911=DIRECTION('',(0.,-1.,0.));
#8912=DIRECTION('',(0.,0.,-1.));
#8913=DIRECTION('',(0.,1.,0.));
#8914=DIRECTION('',(0.,0.,1.));
#8915=DIRECTION('',(0.,-1.,0.));
#8916=DIRECTION('',(0.,0.,-1.));
#8917=DIRECTION('',(0.,-1.,0.));
#8918=DIRECTION('',(1.,0.,0.));
#8919=DIRECTION('',(-1.79344292392782E-16,0.984741607926503,-0.174022888202458));
#8920=DIRECTION('',(0.,0.174022888202458,0.984741607926503));
#8921=DIRECTION('',(-1.,-1.82123199577617E-16,0.));
#8922=DIRECTION('',(3.16936051991697E-17,-0.174022888202458,-0.984741607926503));
#8923=DIRECTION('',(-1.,-1.82123199577617E-16,0.));
#8924=DIRECTION('',(0.,0.,1.));
#8925=DIRECTION('',(1.,0.,0.));
#8926=DIRECTION('',(-1.,-1.82123199577617E-16,0.));
#8927=DIRECTION('',(-1.82123199577617E-16,1.,0.));
#8928=DIRECTION('',(1.57814104457075E-16,-0.866523896038943,0.499135590389517));
#8929=DIRECTION('',(0.,-0.499135590389517,-0.866523896038943));
#8930=DIRECTION('',(-1.,-1.82123199577617E-16,0.));
#8931=DIRECTION('',(-9.0904170744802E-17,0.499135590389517,0.866523896038943));
#8932=DIRECTION('',(-1.77470772594139E-16,0.974454506651165,0.224584982728667));
#8933=DIRECTION('',(0.,-0.224584982728667,0.974454506651165));
#8934=DIRECTION('',(-1.,-1.82123199577617E-16,0.));
#8935=DIRECTION('',(-4.09021356316289E-17,0.224584982728667,-0.974454506651164));
#8936=DIRECTION('',(0.,0.,1.));
#8937=DIRECTION('',(1.,0.,0.));
#8938=DIRECTION('',(-1.,-1.82123199577617E-16,0.));
#8939=DIRECTION('',(-1.82123199577617E-16,1.,0.));
#8940=DIRECTION('',(1.79344292392782E-16,-0.984741607926503,0.174022888202459));
#8941=DIRECTION('',(0.,-0.174022888202459,-0.984741607926503));
#8942=DIRECTION('',(-1.,-1.82123199577617E-16,0.));
#8943=DIRECTION('',(-3.16936051991697E-17,0.174022888202459,0.984741607926503));
#8944=DIRECTION('',(0.,0.,-1.));
#8945=DIRECTION('',(-1.,0.,0.));
#8946=DIRECTION('',(-1.,-1.82123199577617E-16,0.));
#8947=DIRECTION('',(1.82123199577617E-16,-1.,0.));
#8948=DIRECTION('',(-1.7940505301758E-16,0.98507523167646,-0.172124338597328));
#8949=DIRECTION('',(0.,0.172124338597328,0.985075231676461));
#8950=DIRECTION('',(-1.,-1.82123199577617E-16,0.));
#8951=DIRECTION('',(3.13478352705265E-17,-0.172124338597328,-0.985075231676461));
#8952=DIRECTION('',(1.78629505798894E-16,-0.980816865798392,-0.194931464277626));
#8953=DIRECTION('',(0.,0.194931464277626,-0.980816865798392));
#8954=DIRECTION('',(-1.,-1.82123199577617E-16,0.));
#8955=DIRECTION('',(3.55015419725913E-17,-0.194931464277626,0.980816865798392));
#8956=DIRECTION('',(0.,0.,-1.));
#8957=DIRECTION('',(-1.,0.,0.));
#8958=DIRECTION('',(-1.,-1.82123199577617E-16,0.));
#8959=DIRECTION('',(1.82123199577617E-16,-1.,0.));
#8960=DIRECTION('',(-1.59496674503298E-16,0.875762532577973,-0.48274215325846));
#8961=DIRECTION('',(0.,0.48274215325846,0.875762532577973));
#8962=DIRECTION('',(-1.,-1.82123199577617E-16,0.));
#8963=DIRECTION('',(8.79185455224193E-17,-0.48274215325846,-0.875762532577973));
#8964=DIRECTION('',(1.79299426738381E-16,-0.984495260099841,0.175411182200415));
#8965=DIRECTION('',(0.,-0.175411182200415,-0.98449526009984));
#8966=DIRECTION('',(-1.,-1.82123199577617E-16,0.));
#8967=DIRECTION('',(-3.19464457440321E-17,0.175411182200415,0.984495260099841));
#8968=DIRECTION('',(0.,0.,-1.));
#8969=DIRECTION('',(-1.,0.,0.));
#8970=DIRECTION('',(1.82123199577617E-16,-1.,0.));
#8971=DIRECTION('',(1.,1.82123199577617E-16,0.));
#8972=DIRECTION('',(-1.82123199577617E-16,1.,0.));
#8973=DIRECTION('',(-1.,-1.82123199577617E-16,0.));
#8974=DIRECTION('',(0.,0.99620049378589,-0.0870894722727638));
#8975=DIRECTION('',(-1.,-1.82123199577617E-16,0.));
#8976=DIRECTION('',(1.82123199577617E-16,-1.,0.));
#8977=DIRECTION('',(-1.,-1.82123199577617E-16,0.));
#8978=DIRECTION('',(-1.,-1.82123199577617E-16,0.));
#8979=DIRECTION('',(1.82123199577617E-16,-1.,0.));
#8980=DIRECTION('',(-1.,-1.82123199577617E-16,0.));
#8981=DIRECTION('',(-1.,-1.82123199577617E-16,0.));
#8982=DIRECTION('',(-1.,-1.82123199577617E-16,0.));
#8983=DIRECTION('',(-1.,-1.82123199577617E-16,0.));
#8984=DIRECTION('',(-1.,-1.82123199577617E-16,0.));
#8985=DIRECTION('',(-1.,-1.82123199577617E-16,0.));
#8986=DIRECTION('',(0.,-0.996200493785871,0.0870894722729873));
#8987=DIRECTION('',(-1.,-1.82123199577617E-16,0.));
#8988=DIRECTION('',(1.82123199577617E-16,-1.,0.));
#8989=DIRECTION('',(-1.,-1.82123199577617E-16,0.));
#8990=DIRECTION('',(-1.,-1.82123199577617E-16,0.));
#8991=DIRECTION('',(1.82123199577617E-16,-1.,0.));
#8992=DIRECTION('',(-1.,-1.82123199577617E-16,0.));
#8993=DIRECTION('',(-1.,-1.82123199577617E-16,0.));
#8994=DIRECTION('',(-1.,-1.82123199577617E-16,0.));
#8995=DIRECTION('',(-1.,-1.82123199577617E-16,0.));
#8996=DIRECTION('',(-1.,-1.82123199577617E-16,0.));
#8997=DIRECTION('',(-1.,-1.82123199577617E-16,0.));
#8998=DIRECTION('',(0.,-0.996163771523031,0.0875085156142532));
#8999=DIRECTION('',(-1.,-1.82123199577617E-16,0.));
#9000=DIRECTION('',(-1.,-1.82123199577617E-16,0.));
#9001=DIRECTION('',(1.82123199577617E-16,-1.,0.));
#9002=DIRECTION('',(-1.,-1.82123199577617E-16,0.));
#9003=DIRECTION('',(-1.,-1.82123199577617E-16,0.));
#9004=DIRECTION('',(-1.,-1.82123199577617E-16,0.));
#9005=DIRECTION('',(-1.,-1.82123199577617E-16,0.));
#9006=DIRECTION('',(-1.,-1.82123199577617E-16,0.));
#9007=DIRECTION('',(1.78931356644698E-16,-0.982474265001263,0.186398279525935));
#9008=DIRECTION('',(0.,-0.186398279525935,-0.982474265001263));
#9009=DIRECTION('',(-1.,-1.82123199577617E-16,0.));
#9010=DIRECTION('',(-3.39474510630264E-17,0.186398279525935,0.982474265001263));
#9011=DIRECTION('',(0.,0.,-1.));
#9012=DIRECTION('',(-1.,0.,0.));
#9013=DIRECTION('',(-1.,-1.82123199577617E-16,0.));
#9014=DIRECTION('',(1.82123199577617E-16,-1.,0.));
#9015=DIRECTION('',(-1.79318976936534E-16,0.984602606106271,-0.174807631551772));
#9016=DIRECTION('',(0.,0.174807631551772,0.984602606106271));
#9017=DIRECTION('',(-1.,-1.82123199577617E-16,0.));
#9018=DIRECTION('',(3.18365251687939E-17,-0.174807631551772,-0.984602606106271));
#9019=DIRECTION('',(0.,0.,1.));
#9020=DIRECTION('',(1.,0.,0.));
#9021=DIRECTION('',(-1.,-1.82123199577617E-16,0.));
#9022=DIRECTION('',(-1.82123199577617E-16,1.,0.));
#9023=DIRECTION('',(1.79298061020892E-16,-0.984487761233729,0.175453264378296));
#9024=DIRECTION('',(0.,-0.175453264378296,-0.984487761233729));
#9025=DIRECTION('',(-1.,-1.82123199577617E-16,0.));
#9026=DIRECTION('',(-3.19541098849128E-17,0.175453264378296,0.984487761233729));
#9027=DIRECTION('',(-1.,-1.82123199577617E-16,0.));
#9028=DIRECTION('',(-1.,-1.82123199577617E-16,0.));
#9029=DIRECTION('',(-1.,-1.82123199577617E-16,0.));
#9030=DIRECTION('',(0.,-0.256777923586533,0.966470433049345));
#9031=DIRECTION('',(-1.,-1.82123199577617E-16,0.));
#9032=DIRECTION('',(-1.,-1.82123199577617E-16,0.));
#9033=DIRECTION('',(1.82123199577617E-16,-1.,0.));
#9034=DIRECTION('',(1.,1.82123199577617E-16,0.));
#9035=DIRECTION('',(-1.82123199577617E-16,1.,0.));
#9036=DIRECTION('',(1.,1.82123199577617E-16,0.));
#9037=DIRECTION('',(-1.82123199577617E-16,1.,0.));
#9038=DIRECTION('',(-1.,-1.82123199577617E-16,0.));
#9039=DIRECTION('',(0.,0.996200493785889,-0.0870894722727726));
#9040=DIRECTION('',(-1.,-1.82123199577617E-16,0.));
#9041=DIRECTION('',(1.82123199577617E-16,-1.,0.));
#9042=DIRECTION('',(-1.,-1.82123199577617E-16,0.));
#9043=DIRECTION('',(-1.,-1.82123199577617E-16,0.));
#9044=DIRECTION('',(1.82123199577617E-16,-1.,0.));
#9045=DIRECTION('',(-1.,-1.82123199577617E-16,0.));
#9046=DIRECTION('',(-1.,-1.82123199577617E-16,0.));
#9047=DIRECTION('',(-1.,-1.82123199577617E-16,0.));
#9048=DIRECTION('',(-1.,-1.82123199577617E-16,0.));
#9049=DIRECTION('',(-1.,-1.82123199577617E-16,0.));
#9050=DIRECTION('',(-1.,-1.82123199577617E-16,0.));
#9051=DIRECTION('',(0.,-0.996200493785882,0.0870894722728505));
#9052=DIRECTION('',(-1.,-1.82123199577617E-16,0.));
#9053=DIRECTION('',(1.82123199577617E-16,-1.,0.));
#9054=DIRECTION('',(-1.,-1.82123199577617E-16,0.));
#9055=DIRECTION('',(-1.,-1.82123199577617E-16,0.));
#9056=DIRECTION('',(1.82123199577617E-16,-1.,0.));
#9057=DIRECTION('',(-1.,-1.82123199577617E-16,0.));
#9058=DIRECTION('',(-1.,-1.82123199577617E-16,0.));
#9059=DIRECTION('',(-1.,-1.82123199577617E-16,0.));
#9060=DIRECTION('',(-1.,-1.82123199577617E-16,0.));
#9061=DIRECTION('',(-1.,-1.82123199577617E-16,0.));
#9062=DIRECTION('',(-1.,-1.82123199577617E-16,0.));
#9063=DIRECTION('',(0.,-0.996090037993384,0.0883438521366252));
#9064=DIRECTION('',(-1.,-1.82123199577617E-16,0.));
#9065=DIRECTION('',(-1.,-1.82123199577617E-16,0.));
#9066=DIRECTION('',(1.82123199577617E-16,-1.,0.));
#9067=DIRECTION('',(-1.,-1.82123199577617E-16,0.));
#9068=DIRECTION('',(-1.,-1.82123199577617E-16,0.));
#9069=DIRECTION('',(-1.,-1.82123199577617E-16,0.));
#9070=DIRECTION('',(-1.,-1.82123199577617E-16,0.));
#9071=DIRECTION('',(-1.,-1.82123199577617E-16,0.));
#9072=DIRECTION('',(0.,0.625604298480719,-0.780140539725021));
#9073=DIRECTION('',(-1.,-1.82123199577617E-16,0.));
#9074=DIRECTION('',(-1.,-1.82123199577617E-16,0.));
#9075=DIRECTION('',(1.82123199577617E-16,-1.,0.));
#9076=DIRECTION('',(1.79373053891559E-16,-0.984899531237995,0.173126870725423));
#9077=DIRECTION('',(0.,-0.173126870725423,-0.984899531237995));
#9078=DIRECTION('',(-1.,-1.82123199577617E-16,0.));
#9079=DIRECTION('',(-3.15304196293747E-17,0.173126870725423,0.984899531237995));
#9080=DIRECTION('',(0.,0.,-1.));
#9081=DIRECTION('',(-1.,0.,0.));
#9082=DIRECTION('',(-1.,-1.82123199577617E-16,0.));
#9083=DIRECTION('',(1.82123199577617E-16,-1.,0.));
#9084=DIRECTION('',(-1.79330927486065E-16,0.984668224048181,-0.174437635130157));
#9085=DIRECTION('',(0.,0.174437635130157,0.984668224048181));
#9086=DIRECTION('',(-1.,-1.82123199577617E-16,0.));
#9087=DIRECTION('',(3.17691402366572E-17,-0.174437635130157,-0.984668224048181));
#9088=DIRECTION('',(0.,0.,1.));
#9089=DIRECTION('',(1.,0.,0.));
#9090=DIRECTION('',(-1.,-1.82123199577617E-16,0.));
#9091=DIRECTION('',(-1.82123199577617E-16,1.,0.));
#9092=DIRECTION('',(1.7932573938994E-16,-0.984639737308783,0.174598361139191));
#9093=DIRECTION('',(0.,-0.174598361139191,-0.984639737308783));
#9094=DIRECTION('',(-1.,-1.82123199577617E-16,0.));
#9095=DIRECTION('',(-3.17984121716779E-17,0.174598361139191,0.984639737308783));
#9096=DIRECTION('',(-1.,-1.82123199577617E-16,0.));
#9097=DIRECTION('',(-1.,-1.82123199577617E-16,0.));
#9098=DIRECTION('',(-1.,-1.82123199577617E-16,0.));
#9099=DIRECTION('',(0.,-0.256777923586535,0.966470433049345));
#9100=DIRECTION('',(-1.,-1.82123199577617E-16,0.));
#9101=DIRECTION('',(-1.,-1.82123199577617E-16,0.));
#9102=DIRECTION('',(1.82123199577617E-16,-1.,0.));
#9103=DIRECTION('',(1.,1.82123199577617E-16,0.));
#9104=DIRECTION('',(-1.82123199577617E-16,1.,0.));
#9105=DIRECTION('',(1.,1.82123199577617E-16,0.));
#9106=DIRECTION('',(-1.82123199577617E-16,1.,0.));
#9107=DIRECTION('',(-1.,-1.82123199577617E-16,0.));
#9108=DIRECTION('',(0.,0.995135757384009,-0.0985130670304973));
#9109=DIRECTION('',(-1.,-1.82123199577617E-16,0.));
#9110=DIRECTION('',(1.82123199577617E-16,-1.,0.));
#9111=DIRECTION('',(-1.,-1.82123199577617E-16,0.));
#9112=DIRECTION('',(-1.,-1.82123199577617E-16,0.));
#9113=DIRECTION('',(1.82123199577617E-16,-1.,0.));
#9114=DIRECTION('',(-1.,-1.82123199577617E-16,0.));
#9115=DIRECTION('',(0.,0.,1.));
#9116=DIRECTION('',(1.,0.,0.));
#9117=DIRECTION('',(-1.82123199577617E-16,1.,0.));
#9118=DIRECTION('',(-1.,-1.82123199577617E-16,0.));
#9119=DIRECTION('',(-1.82123199577617E-16,1.,0.));
#9120=DIRECTION('',(-1.,-1.82123199577617E-16,0.));
#9121=DIRECTION('',(-1.,-1.82123199577617E-16,0.));
#9122=DIRECTION('',(0.,-0.325706358736671,0.945470976751005));
#9123=DIRECTION('',(-1.,-1.82123199577617E-16,0.));
#9124=DIRECTION('',(1.82123199577617E-16,-1.,0.));
#9125=DIRECTION('',(-1.,-1.82123199577617E-16,0.));
#9126=DIRECTION('',(-1.,-1.82123199577617E-16,0.));
#9127=DIRECTION('',(1.82123199577617E-16,-1.,0.));
#9128=DIRECTION('',(-1.,-1.82123199577617E-16,0.));
#9129=DIRECTION('',(-1.,-1.82123199577617E-16,0.));
#9130=DIRECTION('',(-1.,-1.82123199577617E-16,0.));
#9131=DIRECTION('',(-1.,-1.82123199577617E-16,0.));
#9132=DIRECTION('',(-1.,-1.82123199577617E-16,0.));
#9133=DIRECTION('',(0.,-0.64908857129358,0.760712841101068));
#9134=DIRECTION('',(-1.,-1.82123199577617E-16,0.));
#9135=DIRECTION('',(-1.,-1.82123199577617E-16,0.));
#9136=DIRECTION('',(1.82123199577617E-16,-1.,0.));
#9137=DIRECTION('',(-1.,-1.82123199577617E-16,0.));
#9138=DIRECTION('',(-1.,-1.82123199577617E-16,0.));
#9139=DIRECTION('',(0.,-0.995627236002788,0.0934152392784428));
#9140=DIRECTION('',(-1.,-1.82123199577617E-16,0.));
#9141=DIRECTION('',(-1.,-1.82123199577617E-16,0.));
#9142=DIRECTION('',(1.82123199577617E-16,-1.,0.));
#9143=DIRECTION('',(-1.,-1.82123199577617E-16,0.));
#9144=DIRECTION('',(-1.,-1.82123199577617E-16,0.));
#9145=DIRECTION('',(-1.,-1.82123199577617E-16,0.));
#9146=DIRECTION('',(-1.,-1.82123199577617E-16,0.));
#9147=DIRECTION('',(0.,0.,1.));
#9148=DIRECTION('',(1.,0.,0.));
#9149=DIRECTION('',(-1.,-1.82123199577617E-16,0.));
#9150=DIRECTION('',(-1.82123199577617E-16,1.,0.));
#9151=DIRECTION('',(-1.,-1.82123199577617E-16,0.));
#9152=DIRECTION('',(-1.,-1.82123199577617E-16,0.));
#9153=DIRECTION('',(-1.,-1.82123199577617E-16,0.));
#9154=DIRECTION('',(-1.,-1.82123199577617E-16,0.));
#9155=DIRECTION('',(0.,-0.998365080299807,0.0571591325857933));
#9156=DIRECTION('',(-1.,-1.82123199577617E-16,0.));
#9157=DIRECTION('',(-1.,-1.82123199577617E-16,0.));
#9158=DIRECTION('',(1.82123199577617E-16,-1.,0.));
#9159=DIRECTION('',(0.,0.,-1.));
#9160=DIRECTION('',(-1.,0.,0.));
#9161=DIRECTION('',(-1.,-1.82123199577617E-16,0.));
#9162=DIRECTION('',(1.82123199577617E-16,-1.,0.));
#9163=DIRECTION('',(-1.,-1.82123199577617E-16,0.));
#9164=DIRECTION('',(0.,0.971575350718311,-0.236730517417151));
#9165=DIRECTION('',(-1.,-1.82123199577617E-16,0.));
#9166=DIRECTION('',(-1.,-1.82123199577617E-16,0.));
#9167=DIRECTION('',(1.82123199577617E-16,-1.,0.));
#9168=DIRECTION('',(-1.,-1.82123199577617E-16,0.));
#9169=DIRECTION('',(0.,0.996118937750873,-0.0880173951788598));
#9170=DIRECTION('',(-1.,-1.82123199577617E-16,0.));
#9171=DIRECTION('',(-1.,-1.82123199577617E-16,0.));
#9172=DIRECTION('',(1.82123199577617E-16,-1.,0.));
#9173=DIRECTION('',(1.,1.82123199577617E-16,0.));
#9174=DIRECTION('',(-1.82123199577617E-16,1.,0.));
#9175=DIRECTION('',(1.,1.82123199577617E-16,0.));
#9176=DIRECTION('',(-1.82123199577617E-16,1.,0.));
#9177=DIRECTION('',(-1.,-1.82123199577617E-16,0.));
#9178=DIRECTION('',(-1.,-1.82123199577617E-16,0.));
#9179=DIRECTION('',(-1.7947514933549E-16,0.985460115744348,-0.169906916507645));
#9180=DIRECTION('',(0.,0.169906916507645,0.985460115744348));
#9181=DIRECTION('',(-1.,-1.82123199577617E-16,0.));
#9182=DIRECTION('',(3.09439912647393E-17,-0.169906916507645,-0.985460115744348));
#9183=DIRECTION('',(-1.,-1.82123199577617E-16,0.));
#9184=DIRECTION('',(0.,0.0465036578653325,0.998918119670048));
#9185=DIRECTION('',(-1.,-1.82123199577617E-16,0.));
#9186=DIRECTION('',(-1.,-1.82123199577617E-16,0.));
#9187=DIRECTION('',(1.82123199577617E-16,-1.,0.));
#9188=DIRECTION('',(-1.,-1.82123199577617E-16,0.));
#9189=DIRECTION('',(-1.,-1.82123199577617E-16,0.));
#9190=DIRECTION('',(1.78783963213965E-16,-0.981664958822398,0.190614555111147));
#9191=DIRECTION('',(0.,-0.190614555111147,-0.981664958822398));
#9192=DIRECTION('',(-1.,-1.82123199577617E-16,0.));
#9193=DIRECTION('',(-3.47153326629062E-17,0.190614555111147,0.981664958822398));
#9194=DIRECTION('',(0.,0.,1.));
#9195=DIRECTION('',(1.,0.,0.));
#9196=DIRECTION('',(-1.,-1.82123199577617E-16,0.));
#9197=DIRECTION('',(-1.82123199577617E-16,1.,0.));
#9198=DIRECTION('',(1.79365820565269E-16,-0.984859814571986,0.17335266263093));
#9199=DIRECTION('',(0.,-0.17335266263093,-0.984859814571986));
#9200=DIRECTION('',(-1.,-1.82123199577617E-16,0.));
#9201=DIRECTION('',(-3.15715415736443E-17,0.17335266263093,0.984859814571986));
#9202=DIRECTION('',(0.,0.,-1.));
#9203=DIRECTION('',(-1.,0.,0.));
#9204=DIRECTION('',(-1.,-1.82123199577617E-16,0.));
#9205=DIRECTION('',(1.82123199577617E-16,-1.,0.));
#9206=DIRECTION('',(1.79383725986133E-16,-0.984958129453923,0.172793180486469));
#9207=DIRECTION('',(0.,-0.172793180486469,-0.984958129453923));
#9208=DIRECTION('',(-1.,-1.82123199577617E-16,0.));
#9209=DIRECTION('',(-3.14696468953884E-17,0.172793180486469,0.984958129453923));
#9210=DIRECTION('',(0.,0.,-1.));
#9211=DIRECTION('',(-1.,0.,0.));
#9212=DIRECTION('',(-1.,-1.82123199577617E-16,0.));
#9213=DIRECTION('',(1.82123199577617E-16,-1.,0.));
#9214=DIRECTION('',(-1.79383725986133E-16,0.984958129453923,-0.17279318048647));
#9215=DIRECTION('',(0.,0.17279318048647,0.984958129453923));
#9216=DIRECTION('',(-1.,-1.82123199577617E-16,0.));
#9217=DIRECTION('',(3.14696468953886E-17,-0.17279318048647,-0.984958129453923));
#9218=DIRECTION('',(0.,0.,-1.));
#9219=DIRECTION('',(-1.,0.,0.));
#9220=DIRECTION('',(-1.,-1.82123199577617E-16,0.));
#9221=DIRECTION('',(1.82123199577617E-16,-1.,0.));
#9222=DIRECTION('',(-1.79365820565269E-16,0.984859814571985,-0.173352662630935));
#9223=DIRECTION('',(0.,0.173352662630935,0.984859814571985));
#9224=DIRECTION('',(-1.,-1.82123199577617E-16,0.));
#9225=DIRECTION('',(3.15715415736451E-17,-0.173352662630935,-0.984859814571985));
#9226=DIRECTION('',(0.,0.,1.));
#9227=DIRECTION('',(1.,0.,0.));
#9228=DIRECTION('',(-1.,-1.82123199577617E-16,0.));
#9229=DIRECTION('',(-1.82123199577617E-16,1.,0.));
#9230=DIRECTION('',(-1.77916156835636E-16,0.976900017396254,-0.213696878805467));
#9231=DIRECTION('',(0.,0.213696878805467,0.976900017396254));
#9232=DIRECTION('',(-1.,-1.82123199577617E-16,0.));
#9233=DIRECTION('',(3.89191593078021E-17,-0.213696878805467,-0.976900017396254));
#9234=DIRECTION('',(1.,1.82123199577617E-16,0.));
#9235=DIRECTION('',(-1.82123199577617E-16,1.,0.));
#9236=DIRECTION('',(-1.,-1.82123199577617E-16,0.));
#9237=DIRECTION('',(0.,0.31937360715667,-0.94762888255463));
#9238=DIRECTION('',(-1.,-1.82123199577617E-16,0.));
#9239=DIRECTION('',(1.82123199577617E-16,-1.,0.));
#9240=DIRECTION('',(-1.,-1.82123199577617E-16,0.));
#9241=DIRECTION('',(-1.,-1.82123199577617E-16,0.));
#9242=DIRECTION('',(1.82123199577617E-16,-1.,0.));
#9243=DIRECTION('',(-1.,-1.82123199577617E-16,0.));
#9244=DIRECTION('',(-1.,-1.82123199577617E-16,0.));
#9245=DIRECTION('',(-1.,-1.82123199577617E-16,0.));
#9246=DIRECTION('',(-1.,-1.82123199577617E-16,0.));
#9247=DIRECTION('',(0.,-0.97883331249442,0.204659097895013));
#9248=DIRECTION('',(-1.,-1.82123199577617E-16,0.));
#9249=DIRECTION('',(1.82123199577617E-16,-1.,0.));
#9250=DIRECTION('',(-1.,-1.82123199577617E-16,0.));
#9251=DIRECTION('',(-1.,-1.82123199577617E-16,0.));
#9252=DIRECTION('',(1.82123199577617E-16,-1.,0.));
#9253=DIRECTION('',(-1.,-1.82123199577617E-16,0.));
#9254=DIRECTION('',(-1.,-1.82123199577617E-16,0.));
#9255=DIRECTION('',(-1.,-1.82123199577617E-16,0.));
#9256=DIRECTION('',(-1.,-1.82123199577617E-16,0.));
#9257=DIRECTION('',(-1.,-1.82123199577617E-16,0.));
#9258=DIRECTION('',(0.,0.977102406473206,-0.212769563763873));
#9259=DIRECTION('',(-1.,-1.82123199577617E-16,0.));
#9260=DIRECTION('',(1.82123199577617E-16,-1.,0.));
#9261=DIRECTION('',(-1.,-1.82123199577617E-16,0.));
#9262=DIRECTION('',(-1.,-1.82123199577617E-16,0.));
#9263=DIRECTION('',(1.82123199577617E-16,-1.,0.));
#9264=DIRECTION('',(-1.,-1.82123199577617E-16,0.));
#9265=DIRECTION('',(-1.,-1.82123199577617E-16,0.));
#9266=DIRECTION('',(-1.,-1.82123199577617E-16,0.));
#9267=DIRECTION('',(-1.,-1.82123199577617E-16,0.));
#9268=DIRECTION('',(0.,0.697341360764332,-0.716739162155488));
#9269=DIRECTION('',(-1.,-1.82123199577617E-16,0.));
#9270=DIRECTION('',(-1.,-1.82123199577617E-16,0.));
#9271=DIRECTION('',(1.82123199577617E-16,-1.,0.));
#9272=DIRECTION('',(-1.,-1.82123199577617E-16,0.));
#9273=DIRECTION('',(-1.,-1.82123199577617E-16,0.));
#9274=DIRECTION('',(-1.,-1.82123199577617E-16,0.));
#9275=DIRECTION('',(-1.,-1.82123199577617E-16,0.));
#9276=DIRECTION('',(-1.,-1.82123199577617E-16,0.));
#9277=DIRECTION('',(-1.,-1.82123199577617E-16,0.));
#9278=DIRECTION('',(0.,-0.702842348417864,0.711345649646121));
#9279=DIRECTION('',(-1.,-1.82123199577617E-16,0.));
#9280=DIRECTION('',(-1.,-1.82123199577617E-16,0.));
#9281=DIRECTION('',(1.82123199577617E-16,-1.,0.));
#9282=DIRECTION('',(-1.,-1.82123199577617E-16,0.));
#9283=DIRECTION('',(-1.,-1.82123199577617E-16,0.));
#9284=DIRECTION('',(-1.,-1.82123199577617E-16,0.));
#9285=DIRECTION('',(0.,-0.68866671502375,-0.725078034157978));
#9286=DIRECTION('',(-1.,-1.82123199577617E-16,0.));
#9287=DIRECTION('',(1.82123199577617E-16,-1.,0.));
#9288=DIRECTION('',(-1.,-1.82123199577617E-16,0.));
#9289=DIRECTION('',(0.,0.78399556694729,-0.620766422261222));
#9290=DIRECTION('',(-1.,-1.82123199577617E-16,0.));
#9291=DIRECTION('',(1.82123199577617E-16,-1.,0.));
#9292=DIRECTION('',(-1.,-1.82123199577617E-16,0.));
#9293=DIRECTION('',(1.82123199577617E-16,-1.,0.));
#9294=DIRECTION('',(1.,1.82123199577617E-16,0.));
#9295=DIRECTION('',(-1.82123199577617E-16,1.,0.));
#9296=DIRECTION('',(1.,1.82123199577617E-16,0.));
#9297=DIRECTION('',(-1.82123199577617E-16,1.,0.));
#9298=DIRECTION('',(-1.,-1.82123199577617E-16,0.));
#9299=DIRECTION('',(-1.,-1.82123199577617E-16,0.));
#9300=DIRECTION('',(-1.7930422862373E-16,0.984521626237487,-0.175263137797694));
#9301=DIRECTION('',(0.,0.175263137797694,0.984521626237487));
#9302=DIRECTION('',(-1.,-1.82123199577617E-16,0.));
#9303=DIRECTION('',(3.19194834237289E-17,-0.175263137797694,-0.984521626237487));
#9304=DIRECTION('',(0.,0.,1.));
#9305=DIRECTION('',(1.,0.,0.));
#9306=DIRECTION('',(-1.,-1.82123199577617E-16,0.));
#9307=DIRECTION('',(-1.82123199577617E-16,1.,0.));
#9308=DIRECTION('',(1.79370611043707E-16,-0.984886118076697,0.173203159381733));
#9309=DIRECTION('',(0.,-0.173203159381733,-0.984886118076697));
#9310=DIRECTION('',(-1.,-1.82123199577617E-16,0.));
#9311=DIRECTION('',(-3.15443135635532E-17,0.173203159381733,0.984886118076697));
#9312=DIRECTION('',(0.,0.,-1.));
#9313=DIRECTION('',(-1.,0.,0.));
#9314=DIRECTION('',(-1.,-1.82123199577617E-16,0.));
#9315=DIRECTION('',(1.82123199577617E-16,-1.,0.));
#9316=DIRECTION('',(-1.7932573938994E-16,0.984639737308782,-0.174598361139193));
#9317=DIRECTION('',(0.,0.174598361139193,0.984639737308782));
#9318=DIRECTION('',(-1.,-1.82123199577617E-16,0.));
#9319=DIRECTION('',(3.17984121716783E-17,-0.174598361139193,-0.984639737308782));
#9320=DIRECTION('',(-1.,-1.82123199577617E-16,0.));
#9321=DIRECTION('',(-1.,-1.82123199577617E-16,0.));
#9322=DIRECTION('',(0.,0.,-1.));
#9323=DIRECTION('',(-1.,0.,0.));
#9324=DIRECTION('',(-1.,-1.82123199577617E-16,0.));
#9325=DIRECTION('',(1.82123199577617E-16,-1.,0.));
#9326=DIRECTION('',(-1.79339456731016E-16,0.984715056329688,-0.174173068634673));
#9327=DIRECTION('',(0.,0.174173068634673,0.984715056329688));
#9328=DIRECTION('',(-1.,-1.82123199577617E-16,0.));
#9329=DIRECTION('',(3.17209565399986E-17,-0.174173068634673,-0.984715056329688));
#9330=DIRECTION('',(1.,1.82123199577617E-16,0.));
#9331=DIRECTION('',(-1.82123199577617E-16,1.,0.));
#9332=DIRECTION('',(-1.79351128849403E-16,0.98477914546503,-0.173810341053588));
#9333=DIRECTION('',(0.,0.173810341053588,0.98477914546503));
#9334=DIRECTION('',(-1.,-1.82123199577617E-16,0.));
#9335=DIRECTION('',(3.16548954323564E-17,-0.173810341053588,-0.98477914546503));
#9336=DIRECTION('',(-1.,-1.82123199577617E-16,0.));
#9337=DIRECTION('',(0.,0.,1.));
#9338=DIRECTION('',(1.,0.,0.));
#9339=DIRECTION('',(-1.,-1.82123199577617E-16,0.));
#9340=DIRECTION('',(-1.82123199577617E-16,1.,0.));
#9341=DIRECTION('',(1.79314005364242E-16,-0.984575308253474,0.174961316803389));
#9342=DIRECTION('',(0.,-0.174961316803389,-0.984575308253475));
#9343=DIRECTION('',(-1.,-1.82123199577617E-16,0.));
#9344=DIRECTION('',(-3.18645148185465E-17,0.174961316803389,0.984575308253474));
#9345=DIRECTION('',(0.,0.,1.));
#9346=DIRECTION('',(1.,0.,0.));
#9347=DIRECTION('',(-1.,-1.82123199577617E-16,0.));
#9348=DIRECTION('',(-1.82123199577617E-16,1.,0.));
#9349=DIRECTION('',(-1.79331461172011E-16,0.984671154404927,-0.174421092998721));
#9350=DIRECTION('',(0.,0.174421092998721,0.984671154404927));
#9351=DIRECTION('',(-1.,-1.82123199577617E-16,0.));
#9352=DIRECTION('',(3.17661275307522E-17,-0.174421092998721,-0.984671154404927));
#9353=DIRECTION('',(0.,0.,1.));
#9354=DIRECTION('',(1.,0.,0.));
#9355=DIRECTION('',(-1.,-1.82123199577617E-16,0.));
#9356=DIRECTION('',(-1.82123199577617E-16,1.,0.));
#9357=DIRECTION('',(1.79344292392782E-16,-0.984741607926503,0.174022888202458));
#9358=DIRECTION('',(0.,-0.174022888202459,-0.984741607926503));
#9359=DIRECTION('',(-1.,-1.82123199577617E-16,0.));
#9360=DIRECTION('',(-3.16936051991697E-17,0.174022888202459,0.984741607926503));
#9361=DIRECTION('',(0.,0.,-1.));
#9362=DIRECTION('',(-1.,0.,0.));
#9363=DIRECTION('',(-1.,-1.82123199577617E-16,0.));
#9364=DIRECTION('',(1.82123199577617E-16,-1.,0.));
#9365=DIRECTION('',(-1.79394445905652E-16,0.985016990266512,-0.172457324826468));
#9366=DIRECTION('',(0.,0.172457324826468,0.985016990266512));
#9367=DIRECTION('',(-1.,-1.82123199577617E-16,0.));
#9368=DIRECTION('',(3.14084797879928E-17,-0.172457324826468,-0.985016990266512));
#9369=DIRECTION('',(0.,0.,-1.));
#9370=DIRECTION('',(-1.,0.,0.));
#9371=DIRECTION('',(-1.,-1.82123199577617E-16,0.));
#9372=DIRECTION('',(1.82123199577617E-16,-1.,0.));
#9373=DIRECTION('',(1.7937805659262E-16,-0.984927000012276,0.172970531151458));
#9374=DIRECTION('',(0.,-0.172970531151458,-0.984927000012277));
#9375=DIRECTION('',(-1.,-1.82123199577617E-16,0.));
#9376=DIRECTION('',(-3.15019465659435E-17,0.172970531151458,0.984927000012276));
#9377=DIRECTION('',(0.,0.,-1.));
#9378=DIRECTION('',(-1.,0.,0.));
#9379=DIRECTION('',(1.82123199577617E-16,-1.,0.));
#9380=DIRECTION('',(1.,1.82123199577617E-16,0.));
#9381=DIRECTION('',(-1.82123199577617E-16,1.,0.));
#9382=DIRECTION('',(-1.,-1.82123199577617E-16,0.));
#9383=DIRECTION('',(0.,0.996200493785882,-0.0870894722728589));
#9384=DIRECTION('',(-1.,-1.82123199577617E-16,0.));
#9385=DIRECTION('',(1.82123199577617E-16,-1.,0.));
#9386=DIRECTION('',(-1.,-1.82123199577617E-16,0.));
#9387=DIRECTION('',(-1.,-1.82123199577617E-16,0.));
#9388=DIRECTION('',(1.82123199577617E-16,-1.,0.));
#9389=DIRECTION('',(-1.,-1.82123199577617E-16,0.));
#9390=DIRECTION('',(-1.,-1.82123199577617E-16,0.));
#9391=DIRECTION('',(-1.,-1.82123199577617E-16,0.));
#9392=DIRECTION('',(-1.,-1.82123199577617E-16,0.));
#9393=DIRECTION('',(-1.,-1.82123199577617E-16,0.));
#9394=DIRECTION('',(-1.,-1.82123199577617E-16,0.));
#9395=DIRECTION('',(0.,-0.996200493785883,0.0870894722728482));
#9396=DIRECTION('',(-1.,-1.82123199577617E-16,0.));
#9397=DIRECTION('',(1.82123199577617E-16,-1.,0.));
#9398=DIRECTION('',(-1.,-1.82123199577617E-16,0.));
#9399=DIRECTION('',(-1.,-1.82123199577617E-16,0.));
#9400=DIRECTION('',(1.82123199577617E-16,-1.,0.));
#9401=DIRECTION('',(-1.,-1.82123199577617E-16,0.));
#9402=DIRECTION('',(-1.,-1.82123199577617E-16,0.));
#9403=DIRECTION('',(-1.,-1.82123199577617E-16,0.));
#9404=DIRECTION('',(-1.,-1.82123199577617E-16,0.));
#9405=DIRECTION('',(-1.,-1.82123199577617E-16,0.));
#9406=DIRECTION('',(-1.,-1.82123199577617E-16,0.));
#9407=DIRECTION('',(0.,-0.996163771523036,0.0875085156141964));
#9408=DIRECTION('',(-1.,-1.82123199577617E-16,0.));
#9409=DIRECTION('',(-1.,-1.82123199577617E-16,0.));
#9410=DIRECTION('',(1.82123199577617E-16,-1.,0.));
#9411=DIRECTION('',(-1.,-1.82123199577617E-16,0.));
#9412=DIRECTION('',(-1.,-1.82123199577617E-16,0.));
#9413=DIRECTION('',(-1.,-1.82123199577617E-16,0.));
#9414=DIRECTION('',(-1.,-1.82123199577617E-16,0.));
#9415=DIRECTION('',(-1.,-1.82123199577617E-16,0.));
#9416=DIRECTION('',(1.78931356644698E-16,-0.982474265001263,0.186398279525936));
#9417=DIRECTION('',(0.,-0.186398279525936,-0.982474265001262));
#9418=DIRECTION('',(-1.,-1.82123199577617E-16,0.));
#9419=DIRECTION('',(-3.39474510630266E-17,0.186398279525936,0.982474265001262));
#9420=DIRECTION('',(0.,0.,-1.));
#9421=DIRECTION('',(-1.,0.,0.));
#9422=DIRECTION('',(-1.,-1.82123199577617E-16,0.));
#9423=DIRECTION('',(1.82123199577617E-16,-1.,0.));
#9424=DIRECTION('',(-1.79318976936534E-16,0.984602606106271,-0.174807631551772));
#9425=DIRECTION('',(0.,0.174807631551772,0.984602606106271));
#9426=DIRECTION('',(-1.,-1.82123199577617E-16,0.));
#9427=DIRECTION('',(3.18365251687939E-17,-0.174807631551772,-0.984602606106271));
#9428=DIRECTION('',(0.,0.,1.));
#9429=DIRECTION('',(1.,0.,0.));
#9430=DIRECTION('',(-1.,-1.82123199577617E-16,0.));
#9431=DIRECTION('',(-1.82123199577617E-16,1.,0.));
#9432=DIRECTION('',(1.79298061020892E-16,-0.984487761233731,0.175453264378282));
#9433=DIRECTION('',(0.,-0.175453264378282,-0.984487761233732));
#9434=DIRECTION('',(-1.,-1.82123199577617E-16,0.));
#9435=DIRECTION('',(-3.19541098849104E-17,0.175453264378282,0.984487761233731));
#9436=DIRECTION('',(-1.,-1.82123199577617E-16,0.));
#9437=DIRECTION('',(-1.,-1.82123199577617E-16,0.));
#9438=DIRECTION('',(-1.,-1.82123199577617E-16,0.));
#9439=DIRECTION('',(0.,-0.256777923586633,0.966470433049318));
#9440=DIRECTION('',(-1.,-1.82123199577617E-16,0.));
#9441=DIRECTION('',(-1.,-1.82123199577617E-16,0.));
#9442=DIRECTION('',(1.82123199577617E-16,-1.,0.));
#9443=DIRECTION('',(1.,1.82123199577617E-16,0.));
#9444=DIRECTION('',(-1.82123199577617E-16,1.,0.));
#9445=DIRECTION('',(1.,1.82123199577617E-16,0.));
#9446=DIRECTION('',(-1.82123199577617E-16,1.,0.));
#9447=DIRECTION('',(-1.,-1.82123199577617E-16,0.));
#9448=DIRECTION('',(-1.,-1.82123199577617E-16,0.));
#9449=DIRECTION('',(-1.,-1.82123199577617E-16,0.));
#9450=DIRECTION('',(0.,-0.995786305964968,0.0917040503611685));
#9451=DIRECTION('',(-1.,-1.82123199577617E-16,0.));
#9452=DIRECTION('',(-1.,-1.82123199577617E-16,0.));
#9453=DIRECTION('',(1.82123199577617E-16,-1.,0.));
#9454=DIRECTION('',(-1.,-1.82123199577617E-16,0.));
#9455=DIRECTION('',(-1.,-1.82123199577617E-16,0.));
#9456=DIRECTION('',(-1.,-1.82123199577617E-16,0.));
#9457=DIRECTION('',(-1.,-1.82123199577617E-16,0.));
#9458=DIRECTION('',(0.,0.,1.));
#9459=DIRECTION('',(1.,0.,0.));
#9460=DIRECTION('',(-1.,-1.82123199577617E-16,0.));
#9461=DIRECTION('',(-1.82123199577617E-16,1.,0.));
#9462=DIRECTION('',(-1.,-1.82123199577617E-16,0.));
#9463=DIRECTION('',(-1.,-1.82123199577617E-16,0.));
#9464=DIRECTION('',(-1.,-1.82123199577617E-16,0.));
#9465=DIRECTION('',(-1.,-1.82123199577617E-16,0.));
#9466=DIRECTION('',(0.,-0.996000926840489,0.0893428997340418));
#9467=DIRECTION('',(-1.,-1.82123199577617E-16,0.));
#9468=DIRECTION('',(-1.,-1.82123199577617E-16,0.));
#9469=DIRECTION('',(1.82123199577617E-16,-1.,0.));
#9470=DIRECTION('',(-1.,-1.82123199577617E-16,0.));
#9471=DIRECTION('',(-1.,-1.82123199577617E-16,0.));
#9472=DIRECTION('',(-1.,-1.82123199577617E-16,0.));
#9473=DIRECTION('',(0.,0.,-1.));
#9474=DIRECTION('',(-1.,0.,0.));
#9475=DIRECTION('',(-1.,-1.82123199577617E-16,0.));
#9476=DIRECTION('',(1.82123199577617E-16,-1.,0.));
#9477=DIRECTION('',(-1.,-1.82123199577617E-16,0.));
#9478=DIRECTION('',(-1.,-1.82123199577617E-16,0.));
#9479=DIRECTION('',(-1.,-1.82123199577617E-16,0.));
#9480=DIRECTION('',(-1.,-1.82123199577617E-16,0.));
#9481=DIRECTION('',(0.,-0.650430002130639,0.75956620009604));
#9482=DIRECTION('',(-1.,-1.82123199577617E-16,0.));
#9483=DIRECTION('',(1.82123199577617E-16,-1.,0.));
#9484=DIRECTION('',(1.,1.82123199577617E-16,0.));
#9485=DIRECTION('',(-1.82123199577617E-16,1.,0.));
#9486=DIRECTION('',(-1.51614284585793E-16,0.832481995360387,0.554052098092579));
#9487=DIRECTION('',(0.,-0.554052098092579,0.832481995360387));
#9488=DIRECTION('',(-1.,-1.82123199577617E-16,0.));
#9489=DIRECTION('',(-1.00905740837312E-16,0.554052098092579,-0.832481995360387));
#9490=DIRECTION('',(-1.,-1.82123199577617E-16,0.));
#9491=DIRECTION('',(-1.28565137757951E-16,0.705924001204245,-0.708287586029707));
#9492=DIRECTION('',(0.,0.708287586029707,0.705924001204245));
#9493=DIRECTION('',(-1.,-1.82123199577617E-16,0.));
#9494=DIRECTION('',(1.28995601388837E-16,-0.708287586029707,-0.705924001204245));
#9495=DIRECTION('',(0.,0.,1.));
#9496=DIRECTION('',(1.,0.,0.));
#9497=DIRECTION('',(-1.,-1.82123199577617E-16,0.));
#9498=DIRECTION('',(-1.82123199577617E-16,1.,0.));
#9499=DIRECTION('',(1.3395253899606E-16,-0.735505082859981,0.677519204958157));
#9500=DIRECTION('',(0.,-0.677519204958157,-0.735505082859981));
#9501=DIRECTION('',(-1.,-1.82123199577617E-16,0.));
#9502=DIRECTION('',(-1.23391965382263E-16,0.677519204958157,0.735505082859981));
#9503=DIRECTION('',(-1.79349165904716E-16,0.984768367350593,-0.173871396916361));
#9504=DIRECTION('',(0.,0.173871396916361,0.984768367350593));
#9505=DIRECTION('',(-1.,-1.82123199577617E-16,0.));
#9506=DIRECTION('',(3.16660151214376E-17,-0.173871396916361,-0.984768367350593));
#9507=DIRECTION('',(0.,0.,1.));
#9508=DIRECTION('',(1.,0.,0.));
#9509=DIRECTION('',(-1.,-1.82123199577617E-16,0.));
#9510=DIRECTION('',(-1.82123199577617E-16,1.,0.));
#9511=DIRECTION('',(1.79330927486065E-16,-0.984668224048181,0.174437635130157));
#9512=DIRECTION('',(0.,-0.174437635130157,-0.984668224048181));
#9513=DIRECTION('',(-1.,-1.82123199577617E-16,0.));
#9514=DIRECTION('',(-3.17691402366572E-17,0.174437635130157,0.984668224048181));
#9515=DIRECTION('',(0.,0.,-1.));
#9516=DIRECTION('',(-1.,0.,0.));
#9517=DIRECTION('',(-1.,-1.82123199577617E-16,0.));
#9518=DIRECTION('',(1.82123199577617E-16,-1.,0.));
#9519=DIRECTION('',(-1.79374896597719E-16,0.984909649148094,-0.173069301191685));
#9520=DIRECTION('',(0.,0.173069301191685,0.984909649148094));
#9521=DIRECTION('',(-1.,-1.82123199577617E-16,0.));
#9522=DIRECTION('',(3.1519934881692E-17,-0.173069301191685,-0.984909649148094));
#9523=DIRECTION('',(1.59310045859529E-16,-0.874737794136073,-0.484596524450968));
#9524=DIRECTION('',(0.,0.484596524450968,-0.874737794136073));
#9525=DIRECTION('',(-1.,-1.82123199577617E-16,0.));
#9526=DIRECTION('',(8.82562695372035E-17,-0.484596524450968,0.874737794136073));
#9527=DIRECTION('',(0.,0.,-1.));
#9528=DIRECTION('',(-1.,0.,0.));
#9529=DIRECTION('',(1.82123199577617E-16,-1.,0.));
#9530=DIRECTION('',(1.,1.82123199577617E-16,0.));
#9531=DIRECTION('',(-1.82123199577617E-16,1.,0.));
#9532=DIRECTION('',(-1.,-1.82123199577617E-16,0.));
#9533=DIRECTION('',(-1.,-1.82123199577617E-16,0.));
#9534=DIRECTION('',(-1.,-1.82123199577617E-16,0.));
#9535=DIRECTION('',(0.,-0.99547503885987,0.0950234024172015));
#9536=DIRECTION('',(-1.,-1.82123199577617E-16,0.));
#9537=DIRECTION('',(-1.,-1.82123199577617E-16,0.));
#9538=DIRECTION('',(1.82123199577617E-16,-1.,0.));
#9539=DIRECTION('',(-1.,-1.82123199577617E-16,0.));
#9540=DIRECTION('',(-1.,-1.82123199577617E-16,0.));
#9541=DIRECTION('',(-1.,-1.82123199577617E-16,0.));
#9542=DIRECTION('',(-1.,-1.82123199577617E-16,0.));
#9543=DIRECTION('',(-1.,-1.82123199577617E-16,0.));
#9544=DIRECTION('',(0.,0.,1.));
#9545=DIRECTION('',(1.,0.,0.));
#9546=DIRECTION('',(-1.,-1.82123199577617E-16,0.));
#9547=DIRECTION('',(-1.82123199577617E-16,1.,0.));
#9548=DIRECTION('',(-1.,-1.82123199577617E-16,0.));
#9549=DIRECTION('',(-1.,-1.82123199577617E-16,0.));
#9550=DIRECTION('',(0.,0.244719058539954,-0.96959402967805));
#9551=DIRECTION('',(-1.,-1.82123199577617E-16,0.));
#9552=DIRECTION('',(-1.,-1.82123199577617E-16,0.));
#9553=DIRECTION('',(1.82123199577617E-16,-1.,0.));
#9554=DIRECTION('',(-1.,-1.82123199577617E-16,0.));
#9555=DIRECTION('',(-1.,-1.82123199577617E-16,0.));
#9556=DIRECTION('',(-1.,-1.82123199577617E-16,0.));
#9557=DIRECTION('',(0.,-0.995268035615582,0.097167573201665));
#9558=DIRECTION('',(-1.,-1.82123199577617E-16,0.));
#9559=DIRECTION('',(-1.,-1.82123199577617E-16,0.));
#9560=DIRECTION('',(1.82123199577617E-16,-1.,0.));
#9561=DIRECTION('',(-1.,-1.82123199577617E-16,0.));
#9562=DIRECTION('',(-1.,-1.82123199577617E-16,0.));
#9563=DIRECTION('',(-1.,-1.82123199577617E-16,0.));
#9564=DIRECTION('',(-1.,-1.82123199577617E-16,0.));
#9565=DIRECTION('',(0.,0.,-1.));
#9566=DIRECTION('',(-1.,0.,0.));
#9567=DIRECTION('',(-1.,-1.82123199577617E-16,0.));
#9568=DIRECTION('',(1.82123199577617E-16,-1.,0.));
#9569=DIRECTION('',(-1.,-1.82123199577617E-16,0.));
#9570=DIRECTION('',(-1.,-1.82123199577617E-16,0.));
#9571=DIRECTION('',(-1.,-1.82123199577617E-16,0.));
#9572=DIRECTION('',(-1.,-1.82123199577617E-16,0.));
#9573=DIRECTION('',(0.,-0.651973474777073,0.75824177422977));
#9574=DIRECTION('',(-1.,-1.82123199577617E-16,0.));
#9575=DIRECTION('',(1.82123199577617E-16,-1.,0.));
#9576=DIRECTION('',(1.,1.82123199577617E-16,0.));
#9577=DIRECTION('',(-1.82123199577617E-16,1.,0.));
#9578=DIRECTION('',(-1.79337427859897E-16,0.984703916227142,-0.174236039231068));
#9579=DIRECTION('',(0.,0.174236039231068,0.984703916227142));
#9580=DIRECTION('',(-1.,-1.82123199577617E-16,0.));
#9581=DIRECTION('',(3.17324249464934E-17,-0.174236039231068,-0.984703916227142));
#9582=DIRECTION('',(-1.,-1.82123199577617E-16,0.));
#9583=DIRECTION('',(0.,0.,1.));
#9584=DIRECTION('',(1.,0.,0.));
#9585=DIRECTION('',(-1.,-1.82123199577617E-16,0.));
#9586=DIRECTION('',(-1.82123199577617E-16,1.,0.));
#9587=DIRECTION('',(1.79330927486065E-16,-0.984668224048181,0.174437635130157));
#9588=DIRECTION('',(0.,-0.174437635130157,-0.984668224048181));
#9589=DIRECTION('',(-1.,-1.82123199577617E-16,0.));
#9590=DIRECTION('',(-3.17691402366572E-17,0.174437635130157,0.984668224048181));
#9591=DIRECTION('',(0.,0.,-1.));
#9592=DIRECTION('',(-1.,0.,0.));
#9593=DIRECTION('',(1.82123199577617E-16,-1.,0.));
#9594=DIRECTION('',(1.,1.82123199577617E-16,0.));
#9595=DIRECTION('',(-1.82123199577617E-16,1.,0.));
#9596=DIRECTION('',(-1.79379173304377E-16,0.984933131640534,-0.172935612864355));
#9597=DIRECTION('',(0.,0.172935612864355,0.984933131640534));
#9598=DIRECTION('',(-1.,-1.82123199577617E-16,0.));
#9599=DIRECTION('',(3.14955871357725E-17,-0.172935612864355,-0.984933131640534));
#9600=DIRECTION('',(-1.,-1.82123199577617E-16,0.));
#9601=DIRECTION('',(0.,0.,1.));
#9602=DIRECTION('',(1.,0.,0.));
#9603=DIRECTION('',(-1.,-1.82123199577617E-16,0.));
#9604=DIRECTION('',(-1.82123199577617E-16,1.,0.));
#9605=DIRECTION('',(1.79339216675255E-16,-0.984713738234235,0.174180520531884));
#9606=DIRECTION('',(0.,-0.174180520531884,-0.984713738234235));
#9607=DIRECTION('',(-1.,-1.82123199577617E-16,0.));
#9608=DIRECTION('',(-3.17223137033616E-17,0.174180520531884,0.984713738234235));
#9609=DIRECTION('',(-1.,-1.82123199577617E-16,0.));
#9610=DIRECTION('',(-1.,-1.82123199577617E-16,0.));
#9611=DIRECTION('',(-1.,-1.82123199577617E-16,0.));
#9612=DIRECTION('',(-1.,-1.82123199577617E-16,0.));
#9613=DIRECTION('',(-1.,-1.82123199577617E-16,0.));
#9614=DIRECTION('',(0.,-0.995540408565252,0.0943360742968055));
#9615=DIRECTION('',(-1.,-1.82123199577617E-16,0.));
#9616=DIRECTION('',(-1.,-1.82123199577617E-16,0.));
#9617=DIRECTION('',(1.82123199577617E-16,-1.,0.));
#9618=DIRECTION('',(-1.79402003862717E-16,0.985058489411501,-0.172220127854823));
#9619=DIRECTION('',(0.,0.172220127854823,0.985058489411501));
#9620=DIRECTION('',(-1.,-1.82123199577617E-16,0.));
#9621=DIRECTION('',(3.13652807165867E-17,-0.172220127854823,-0.985058489411501));
#9622=DIRECTION('',(0.,0.,1.));
#9623=DIRECTION('',(1.,0.,0.));
#9624=DIRECTION('',(-1.,-1.82123199577617E-16,0.));
#9625=DIRECTION('',(-1.82123199577617E-16,1.,0.));
#9626=DIRECTION('',(1.7930936933766E-16,-0.984549852811269,0.17510450402348));
#9627=DIRECTION('',(0.,-0.17510450402348,-0.984549852811269));
#9628=DIRECTION('',(-1.,-1.82123199577617E-16,0.));
#9629=DIRECTION('',(-3.1890592533208E-17,0.17510450402348,0.984549852811269));
#9630=DIRECTION('',(-1.,-1.82123199577617E-16,0.));
#9631=DIRECTION('',(0.,-0.996052846201876,0.0887621967570821));
#9632=DIRECTION('',(-1.,-1.82123199577617E-16,0.));
#9633=DIRECTION('',(-1.,-1.82123199577617E-16,0.));
#9634=DIRECTION('',(1.82123199577617E-16,-1.,0.));
#9635=DIRECTION('',(-1.,-1.82123199577617E-16,0.));
#9636=DIRECTION('',(-1.,-1.82123199577617E-16,0.));
#9637=DIRECTION('',(-1.,-1.82123199577617E-16,0.));
#9638=DIRECTION('',(0.,0.21756434122842,-0.976045981204699));
#9639=DIRECTION('',(-1.,-1.82123199577617E-16,0.));
#9640=DIRECTION('',(-1.,-1.82123199577617E-16,0.));
#9641=DIRECTION('',(1.82123199577617E-16,-1.,0.));
#9642=DIRECTION('',(-1.,-1.82123199577617E-16,0.));
#9643=DIRECTION('',(0.,0.594596709458312,-0.80402409982621));
#9644=DIRECTION('',(-1.,-1.82123199577617E-16,0.));
#9645=DIRECTION('',(-1.,-1.82123199577617E-16,0.));
#9646=DIRECTION('',(1.82123199577617E-16,-1.,0.));
#9647=DIRECTION('',(1.79462341941696E-16,-0.985389793051667,0.170314285218805));
#9648=DIRECTION('',(0.,-0.170314285218805,-0.985389793051667));
#9649=DIRECTION('',(-1.,-1.82123199577617E-16,0.));
#9650=DIRECTION('',(-3.10181825578236E-17,0.170314285218805,0.985389793051667));
#9651=DIRECTION('',(0.,0.,-1.));
#9652=DIRECTION('',(-1.,0.,0.));
#9653=DIRECTION('',(1.82123199577617E-16,-1.,0.));
#9654=DIRECTION('',(1.,1.82123199577617E-16,0.));
#9655=DIRECTION('',(-1.82123199577617E-16,1.,0.));
#9656=DIRECTION('',(-1.,-1.82123199577617E-16,0.));
#9657=DIRECTION('',(0.,0.995258994581346,-0.0972601342016816));
#9658=DIRECTION('',(-1.,-1.82123199577617E-16,0.));
#9659=DIRECTION('',(1.82123199577617E-16,-1.,0.));
#9660=DIRECTION('',(-1.,-1.82123199577617E-16,0.));
#9661=DIRECTION('',(-1.,-1.82123199577617E-16,0.));
#9662=DIRECTION('',(1.82123199577617E-16,-1.,0.));
#9663=DIRECTION('',(-1.,-1.82123199577617E-16,0.));
#9664=DIRECTION('',(-1.,-1.82123199577617E-16,0.));
#9665=DIRECTION('',(-1.,-1.82123199577617E-16,0.));
#9666=DIRECTION('',(-1.,-1.82123199577617E-16,0.));
#9667=DIRECTION('',(-1.,-1.82123199577617E-16,0.));
#9668=DIRECTION('',(-1.,-1.82123199577617E-16,0.));
#9669=DIRECTION('',(0.,-0.996244573277251,0.0865837757067028));
#9670=DIRECTION('',(-1.,-1.82123199577617E-16,0.));
#9671=DIRECTION('',(1.82123199577617E-16,-1.,0.));
#9672=DIRECTION('',(-1.,-1.82123199577617E-16,0.));
#9673=DIRECTION('',(-1.,-1.82123199577617E-16,0.));
#9674=DIRECTION('',(1.82123199577617E-16,-1.,0.));
#9675=DIRECTION('',(-1.,-1.82123199577617E-16,0.));
#9676=DIRECTION('',(-1.,-1.82123199577617E-16,0.));
#9677=DIRECTION('',(-1.,-1.82123199577617E-16,0.));
#9678=DIRECTION('',(-1.,-1.82123199577617E-16,0.));
#9679=DIRECTION('',(-1.,-1.82123199577617E-16,0.));
#9680=DIRECTION('',(-1.79235126120676E-16,0.984142198996948,-0.177381318501842));
#9681=DIRECTION('',(0.,0.177381318501842,0.984142198996948));
#9682=DIRECTION('',(-1.,-1.82123199577617E-16,0.));
#9683=DIRECTION('',(3.23052532708519E-17,-0.177381318501842,-0.984142198996948));
#9684=DIRECTION('',(0.,0.,1.));
#9685=DIRECTION('',(1.,0.,0.));
#9686=DIRECTION('',(-1.,-1.82123199577617E-16,0.));
#9687=DIRECTION('',(-1.82123199577617E-16,1.,0.));
#9688=DIRECTION('',(1.79330927486065E-16,-0.984668224048181,0.174437635130157));
#9689=DIRECTION('',(0.,-0.174437635130157,-0.984668224048181));
#9690=DIRECTION('',(-1.,-1.82123199577617E-16,0.));
#9691=DIRECTION('',(-3.17691402366572E-17,0.174437635130157,0.984668224048181));
#9692=DIRECTION('',(0.,0.,-1.));
#9693=DIRECTION('',(-1.,0.,0.));
#9694=DIRECTION('',(-1.,-1.82123199577617E-16,0.));
#9695=DIRECTION('',(1.82123199577617E-16,-1.,0.));
#9696=DIRECTION('',(-1.79293757964364E-16,0.984464134059717,-0.175585787437513));
#9697=DIRECTION('',(0.,0.175585787437513,0.984464134059717));
#9698=DIRECTION('',(-1.,-1.82123199577617E-16,0.));
#9699=DIRECTION('',(3.19782454084754E-17,-0.175585787437513,-0.984464134059717));
#9700=DIRECTION('',(-1.,-1.82123199577617E-16,0.));
#9701=DIRECTION('',(-1.,-1.82123199577617E-16,0.));
#9702=DIRECTION('',(-1.,-1.82123199577617E-16,0.));
#9703=DIRECTION('',(0.,0.259835682757372,-0.965652845470881));
#9704=DIRECTION('',(-1.,-1.82123199577617E-16,0.));
#9705=DIRECTION('',(-1.,-1.82123199577617E-16,0.));
#9706=DIRECTION('',(1.82123199577617E-16,-1.,0.));
#9707=DIRECTION('',(-1.,-1.82123199577617E-16,0.));
#9708=DIRECTION('',(-1.,-1.82123199577617E-16,0.));
#9709=DIRECTION('',(-1.,-1.82123199577617E-16,0.));
#9710=DIRECTION('',(0.,0.996356066897733,-0.0852911950677199));
#9711=DIRECTION('',(-1.,-1.82123199577617E-16,0.));
#9712=DIRECTION('',(-1.,-1.82123199577617E-16,0.));
#9713=DIRECTION('',(1.82123199577617E-16,-1.,0.));
#9714=DIRECTION('',(-1.,-1.82123199577617E-16,0.));
#9715=DIRECTION('',(-1.,-1.82123199577617E-16,0.));
#9716=DIRECTION('',(1.,1.82123199577617E-16,0.));
#9717=DIRECTION('',(-1.82123199577617E-16,1.,0.));
#9718=DIRECTION('',(1.,1.82123199577617E-16,0.));
#9719=DIRECTION('',(-1.82123199577617E-16,1.,0.));
#9720=DIRECTION('',(-1.,-1.82123199577617E-16,0.));
#9721=DIRECTION('',(0.,0.996017868833504,-0.0891538275362625));
#9722=DIRECTION('',(-1.,-1.82123199577617E-16,0.));
#9723=DIRECTION('',(1.82123199577617E-16,-1.,0.));
#9724=DIRECTION('',(-1.,-1.82123199577617E-16,0.));
#9725=DIRECTION('',(-1.,-1.82123199577617E-16,0.));
#9726=DIRECTION('',(1.82123199577617E-16,-1.,0.));
#9727=DIRECTION('',(-1.,-1.82123199577617E-16,0.));
#9728=DIRECTION('',(-1.,-1.82123199577617E-16,0.));
#9729=DIRECTION('',(-1.,-1.82123199577617E-16,0.));
#9730=DIRECTION('',(0.,0.,1.));
#9731=DIRECTION('',(1.,0.,0.));
#9732=DIRECTION('',(-1.82123199577617E-16,1.,0.));
#9733=DIRECTION('',(-1.,-1.82123199577617E-16,0.));
#9734=DIRECTION('',(-1.82123199577617E-16,1.,0.));
#9735=DIRECTION('',(-1.79375915487201E-16,0.984915243654913,-0.173037460730857));
#9736=DIRECTION('',(0.,0.173037460730857,0.984915243654913));
#9737=DIRECTION('',(3.15141359950899E-17,-0.173037460730857,-0.984915243654913));
#9738=DIRECTION('',(-1.,-1.82123199577617E-16,0.));
#9739=DIRECTION('',(3.15141359950899E-17,-0.173037460730857,-0.984915243654913));
#9740=DIRECTION('',(0.,0.,-1.));
#9741=DIRECTION('',(-1.,0.,0.));
#9742=DIRECTION('',(1.82123199577617E-16,-1.,0.));
#9743=DIRECTION('',(-1.,-1.82123199577617E-16,0.));
#9744=DIRECTION('',(1.82123199577617E-16,-1.,0.));
#9745=DIRECTION('',(-1.,-1.82123199577617E-16,0.));
#9746=DIRECTION('',(-1.,-1.82123199577617E-16,0.));
#9747=DIRECTION('',(-1.,-1.82123199577617E-16,0.));
#9748=DIRECTION('',(0.,0.,1.));
#9749=DIRECTION('',(1.,0.,0.));
#9750=DIRECTION('',(-1.,-1.82123199577617E-16,0.));
#9751=DIRECTION('',(-1.82123199577617E-16,1.,0.));
#9752=DIRECTION('',(1.79344292392782E-16,-0.984741607926503,0.174022888202458));
#9753=DIRECTION('',(0.,-0.174022888202458,-0.984741607926503));
#9754=DIRECTION('',(-1.,-1.82123199577617E-16,0.));
#9755=DIRECTION('',(-3.16936051991697E-17,0.174022888202459,0.984741607926503));
#9756=DIRECTION('',(0.,0.,-1.));
#9757=DIRECTION('',(-1.,0.,0.));
#9758=DIRECTION('',(-1.,-1.82123199577617E-16,0.));
#9759=DIRECTION('',(1.82123199577617E-16,-1.,0.));
#9760=DIRECTION('',(-1.79320979343632E-16,0.984613600900466,-0.174745692140945));
#9761=DIRECTION('',(0.,0.174745692140945,0.984613600900466));
#9762=DIRECTION('',(-1.,-1.82123199577617E-16,0.));
#9763=DIRECTION('',(3.18252445651142E-17,-0.174745692140945,-0.984613600900466));
#9764=DIRECTION('',(0.,0.,-1.));
#9765=DIRECTION('',(-1.,0.,0.));
#9766=DIRECTION('',(-1.,-1.82123199577617E-16,0.));
#9767=DIRECTION('',(1.82123199577617E-16,-1.,0.));
#9768=DIRECTION('',(1.70593313000083E-16,-0.936691829463383,-0.350154846627232));
#9769=DIRECTION('',(0.,0.350154846627232,-0.936691829463383));
#9770=DIRECTION('',(-1.,-1.82123199577617E-16,0.));
#9771=DIRECTION('',(6.37713210153614E-17,-0.350154846627232,0.936691829463383));
#9772=DIRECTION('',(0.,0.,-1.));
#9773=DIRECTION('',(-1.,0.,0.));
#9774=DIRECTION('',(-1.,-1.82123199577617E-16,0.));
#9775=DIRECTION('',(1.82123199577617E-16,-1.,0.));
#9776=DIRECTION('',(-1.68721754540263E-16,0.926415497485025,0.376502756988011));
#9777=DIRECTION('',(0.,-0.376502756988011,0.926415497485025));
#9778=DIRECTION('',(-1.,-1.82123199577617E-16,0.));
#9779=DIRECTION('',(-6.85698867524508E-17,0.376502756988011,-0.926415497485025));
#9780=DIRECTION('',(-1.,-1.82123199577617E-16,0.));
#9781=DIRECTION('',(-1.,-1.82123199577617E-16,0.));
#9782=DIRECTION('',(-1.,-1.82123199577617E-16,0.));
#9783=DIRECTION('',(0.,0.995395087393504,-0.095857289722157));
#9784=DIRECTION('',(-1.,-1.82123199577617E-16,0.));
#9785=DIRECTION('',(-1.,-1.82123199577617E-16,0.));
#9786=DIRECTION('',(1.82123199577617E-16,-1.,0.));
#9787=DIRECTION('',(1.,1.82123199577617E-16,0.));
#9788=DIRECTION('',(-1.82123199577617E-16,1.,0.));
#9789=DIRECTION('',(1.,1.82123199577617E-16,0.));
#9790=DIRECTION('',(-1.82123199577617E-16,1.,0.));
#9791=DIRECTION('',(-1.,-1.82123199577617E-16,0.));
#9792=DIRECTION('',(-1.,-1.82123199577617E-16,0.));
#9793=DIRECTION('',(-1.,-1.82123199577617E-16,0.));
#9794=DIRECTION('',(0.,-0.995475038859921,0.095023402416663));
#9795=DIRECTION('',(-1.,-1.82123199577617E-16,0.));
#9796=DIRECTION('',(-1.,-1.82123199577617E-16,0.));
#9797=DIRECTION('',(1.82123199577617E-16,-1.,0.));
#9798=DIRECTION('',(-1.,-1.82123199577617E-16,0.));
#9799=DIRECTION('',(-1.,-1.82123199577617E-16,0.));
#9800=DIRECTION('',(-1.,-1.82123199577617E-16,0.));
#9801=DIRECTION('',(-1.,-1.82123199577617E-16,0.));
#9802=DIRECTION('',(-1.,-1.82123199577617E-16,0.));
#9803=DIRECTION('',(0.,0.,1.));
#9804=DIRECTION('',(1.,0.,0.));
#9805=DIRECTION('',(-1.,-1.82123199577617E-16,0.));
#9806=DIRECTION('',(-1.82123199577617E-16,1.,0.));
#9807=DIRECTION('',(-1.,-1.82123199577617E-16,0.));
#9808=DIRECTION('',(-1.,-1.82123199577617E-16,0.));
#9809=DIRECTION('',(0.,0.244719058539972,-0.969594029678045));
#9810=DIRECTION('',(-1.,-1.82123199577617E-16,0.));
#9811=DIRECTION('',(-1.,-1.82123199577617E-16,0.));
#9812=DIRECTION('',(1.82123199577617E-16,-1.,0.));
#9813=DIRECTION('',(-1.,-1.82123199577617E-16,0.));
#9814=DIRECTION('',(-1.,-1.82123199577617E-16,0.));
#9815=DIRECTION('',(-1.,-1.82123199577617E-16,0.));
#9816=DIRECTION('',(0.,-0.995268035615578,0.0971675732017098));
#9817=DIRECTION('',(-1.,-1.82123199577617E-16,0.));
#9818=DIRECTION('',(-1.,-1.82123199577617E-16,0.));
#9819=DIRECTION('',(1.82123199577617E-16,-1.,0.));
#9820=DIRECTION('',(-1.,-1.82123199577617E-16,0.));
#9821=DIRECTION('',(-1.,-1.82123199577617E-16,0.));
#9822=DIRECTION('',(-1.,-1.82123199577617E-16,0.));
#9823=DIRECTION('',(-1.,-1.82123199577617E-16,0.));
#9824=DIRECTION('',(0.,0.,-1.));
#9825=DIRECTION('',(-1.,0.,0.));
#9826=DIRECTION('',(-1.,-1.82123199577617E-16,0.));
#9827=DIRECTION('',(1.82123199577617E-16,-1.,0.));
#9828=DIRECTION('',(-1.,-1.82123199577617E-16,0.));
#9829=DIRECTION('',(-1.,-1.82123199577617E-16,0.));
#9830=DIRECTION('',(-1.,-1.82123199577617E-16,0.));
#9831=DIRECTION('',(-1.,-1.82123199577617E-16,0.));
#9832=DIRECTION('',(0.,-0.651973474777067,0.758241774229775));
#9833=DIRECTION('',(-1.,-1.82123199577617E-16,0.));
#9834=DIRECTION('',(1.82123199577617E-16,-1.,0.));
#9835=DIRECTION('',(1.,1.82123199577617E-16,0.));
#9836=DIRECTION('',(-1.82123199577617E-16,1.,0.));
#9837=DIRECTION('',(-1.79160253984989E-16,0.98373109192294,-0.17964726211134));
#9838=DIRECTION('',(0.,0.17964726211134,0.98373109192294));
#9839=DIRECTION('',(-1.,-1.82123199577617E-16,0.));
#9840=DIRECTION('',(3.2717934171076E-17,-0.17964726211134,-0.98373109192294));
#9841=DIRECTION('',(-1.,-1.82123199577617E-16,0.));
#9842=DIRECTION('',(0.,0.,1.));
#9843=DIRECTION('',(1.,0.,0.));
#9844=DIRECTION('',(-1.,-1.82123199577617E-16,0.));
#9845=DIRECTION('',(-1.82123199577617E-16,1.,0.));
#9846=DIRECTION('',(1.79160253984989E-16,-0.98373109192294,0.17964726211134));
#9847=DIRECTION('',(0.,-0.17964726211134,-0.98373109192294));
#9848=DIRECTION('',(-1.,-1.82123199577617E-16,0.));
#9849=DIRECTION('',(-3.2717934171076E-17,0.17964726211134,0.98373109192294));
#9850=DIRECTION('',(0.,0.,-1.));
#9851=DIRECTION('',(-1.,0.,0.));
#9852=DIRECTION('',(1.82123199577617E-16,-1.,0.));
#9853=DIRECTION('',(1.,1.82123199577617E-16,0.));
#9854=DIRECTION('',(-1.82123199577617E-16,1.,0.));
#9855=DIRECTION('',(-1.,-1.82123199577617E-16,0.));
#9856=DIRECTION('',(0.,0.994541347732586,-0.104343220432629));
#9857=DIRECTION('',(-1.,-1.82123199577617E-16,0.));
#9858=DIRECTION('',(1.82123199577617E-16,-1.,0.));
#9859=DIRECTION('',(-1.,-1.82123199577617E-16,0.));
#9860=DIRECTION('',(-1.,-1.82123199577617E-16,0.));
#9861=DIRECTION('',(1.82123199577617E-16,-1.,0.));
#9862=DIRECTION('',(-1.,-1.82123199577617E-16,0.));
#9863=DIRECTION('',(-1.,-1.82123199577617E-16,0.));
#9864=DIRECTION('',(-1.,-1.82123199577617E-16,0.));
#9865=DIRECTION('',(0.,0.,1.));
#9866=DIRECTION('',(1.,0.,0.));
#9867=DIRECTION('',(-1.82123199577617E-16,1.,0.));
#9868=DIRECTION('',(-1.,-1.82123199577617E-16,0.));
#9869=DIRECTION('',(-1.82123199577617E-16,1.,0.));
#9870=DIRECTION('',(-1.79308959307379E-16,0.98454760142165,-0.1751171623082));
#9871=DIRECTION('',(0.,0.1751171623082,0.98454760142165));
#9872=DIRECTION('',(3.18928979005223E-17,-0.1751171623082,-0.98454760142165));
#9873=DIRECTION('',(-1.,-1.82123199577617E-16,0.));
#9874=DIRECTION('',(3.18928979005223E-17,-0.1751171623082,-0.98454760142165));
#9875=DIRECTION('',(0.,0.,-1.));
#9876=DIRECTION('',(-1.,0.,0.));
#9877=DIRECTION('',(1.82123199577617E-16,-1.,0.));
#9878=DIRECTION('',(-1.,-1.82123199577617E-16,0.));
#9879=DIRECTION('',(1.82123199577617E-16,-1.,0.));
#9880=DIRECTION('',(-1.,-1.82123199577617E-16,0.));
#9881=DIRECTION('',(-1.,-1.82123199577617E-16,0.));
#9882=DIRECTION('',(-1.,-1.82123199577617E-16,0.));
#9883=DIRECTION('',(0.,0.,1.));
#9884=DIRECTION('',(1.,0.,0.));
#9885=DIRECTION('',(-1.82123199577617E-16,1.,0.));
#9886=DIRECTION('',(-1.,-1.82123199577617E-16,0.));
#9887=DIRECTION('',(-1.82123199577617E-16,1.,0.));
#9888=DIRECTION('',(-1.79428545097999E-16,0.985204221725358,-0.17138448440431));
#9889=DIRECTION('',(0.,0.17138448440431,0.985204221725358));
#9890=DIRECTION('',(3.12130906576732E-17,-0.17138448440431,-0.985204221725358));
#9891=DIRECTION('',(-1.,-1.82123199577617E-16,0.));
#9892=DIRECTION('',(3.12130906576732E-17,-0.17138448440431,-0.985204221725358));
#9893=DIRECTION('',(0.,0.,-1.));
#9894=DIRECTION('',(-1.,0.,0.));
#9895=DIRECTION('',(1.82123199577617E-16,-1.,0.));
#9896=DIRECTION('',(-1.,-1.82123199577617E-16,0.));
#9897=DIRECTION('',(1.82123199577617E-16,-1.,0.));
#9898=DIRECTION('',(-1.,-1.82123199577617E-16,0.));
#9899=DIRECTION('',(-1.,-1.82123199577617E-16,0.));
#9900=DIRECTION('',(-1.,-1.82123199577617E-16,0.));
#9901=DIRECTION('',(0.,0.997238023777521,-0.0742719592599066));
#9902=DIRECTION('',(-1.,-1.82123199577617E-16,0.));
#9903=DIRECTION('',(1.82123199577617E-16,-1.,0.));
#9904=DIRECTION('',(-1.,-1.82123199577617E-16,0.));
#9905=DIRECTION('',(-1.,-1.82123199577617E-16,0.));
#9906=DIRECTION('',(1.82123199577617E-16,-1.,0.));
#9907=DIRECTION('',(-1.,-1.82123199577617E-16,0.));
#9908=DIRECTION('',(-1.,-1.82123199577617E-16,0.));
#9909=DIRECTION('',(-1.,-1.82123199577617E-16,0.));
#9910=DIRECTION('',(0.,0.996498632759596,-0.0836090599651474));
#9911=DIRECTION('',(-1.,-1.82123199577617E-16,0.));
#9912=DIRECTION('',(-1.,-1.82123199577617E-16,0.));
#9913=DIRECTION('',(1.82123199577617E-16,-1.,0.));
#9914=DIRECTION('',(-1.,-1.82123199577617E-16,0.));
#9915=DIRECTION('',(-1.,-1.82123199577617E-16,0.));
#9916=DIRECTION('',(0.,0.,1.));
#9917=DIRECTION('',(1.,0.,0.));
#9918=DIRECTION('',(-1.,-1.82123199577617E-16,0.));
#9919=DIRECTION('',(-1.82123199577617E-16,1.,0.));
#9920=DIRECTION('',(1.79344292392782E-16,-0.984741607926503,0.174022888202459));
#9921=DIRECTION('',(0.,-0.174022888202459,-0.984741607926503));
#9922=DIRECTION('',(-1.,-1.82123199577617E-16,0.));
#9923=DIRECTION('',(-3.16936051991697E-17,0.174022888202459,0.984741607926503));
#9924=DIRECTION('',(0.,0.,-1.));
#9925=DIRECTION('',(-1.,0.,0.));
#9926=DIRECTION('',(-1.,-1.82123199577617E-16,0.));
#9927=DIRECTION('',(1.82123199577617E-16,-1.,0.));
#9928=DIRECTION('',(-1.,-1.82123199577617E-16,0.));
#9929=DIRECTION('',(-1.,-1.82123199577617E-16,0.));
#9930=DIRECTION('',(-1.,-1.82123199577617E-16,0.));
#9931=DIRECTION('',(0.,0.995393361969633,-0.0958752050677963));
#9932=DIRECTION('',(-1.,-1.82123199577617E-16,0.));
#9933=DIRECTION('',(-1.,-1.82123199577617E-16,0.));
#9934=DIRECTION('',(1.82123199577617E-16,-1.,0.));
#9935=DIRECTION('',(-1.,-1.82123199577617E-16,0.));
#9936=DIRECTION('',(-1.,-1.82123199577617E-16,0.));
#9937=DIRECTION('',(-1.,-1.82123199577617E-16,0.));
#9938=DIRECTION('',(0.,0.511075965509783,-0.859535547536135));
#9939=DIRECTION('',(-1.,-1.82123199577617E-16,0.));
#9940=DIRECTION('',(1.82123199577617E-16,-1.,0.));
#9941=DIRECTION('',(1.,1.82123199577617E-16,0.));
#9942=DIRECTION('',(-1.82123199577617E-16,1.,0.));
#9943=DIRECTION('',(1.,1.82123199577617E-16,0.));
#9944=DIRECTION('',(-1.82123199577617E-16,1.,0.));
#9945=DIRECTION('',(1.,1.82123199577617E-16,0.));
#9946=DIRECTION('',(-1.82123199577617E-16,1.,0.));
#9947=DIRECTION('',(-1.,-1.82123199577617E-16,0.));
#9948=DIRECTION('',(-1.,-1.82123199577617E-16,0.));
#9949=DIRECTION('',(-1.,-1.82123199577617E-16,0.));
#9950=DIRECTION('',(-1.,-1.82123199577617E-16,0.));
#9951=DIRECTION('',(-1.,-1.82123199577617E-16,0.));
#9952=DIRECTION('',(-1.,-1.82123199577617E-16,0.));
#9953=DIRECTION('',(0.,-0.756227752345958,0.65430847968048));
#9954=DIRECTION('',(-1.,-1.82123199577617E-16,0.));
#9955=DIRECTION('',(1.82123199577617E-16,-1.,0.));
#9956=DIRECTION('',(-1.,-1.82123199577617E-16,0.));
#9957=DIRECTION('',(-1.,-1.82123199577617E-16,0.));
#9958=DIRECTION('',(1.82123199577617E-16,-1.,0.));
#9959=DIRECTION('',(-1.,-1.82123199577617E-16,0.));
#9960=DIRECTION('',(-1.,-1.82123199577617E-16,0.));
#9961=DIRECTION('',(-1.,-1.82123199577617E-16,0.));
#9962=DIRECTION('',(-1.,-1.82123199577617E-16,0.));
#9963=DIRECTION('',(0.,0.976012200551886,-0.217715833998965));
#9964=DIRECTION('',(-1.,-1.82123199577617E-16,0.));
#9965=DIRECTION('',(1.82123199577617E-16,-1.,0.));
#9966=DIRECTION('',(-1.,-1.82123199577617E-16,0.));
#9967=DIRECTION('',(-1.,-1.82123199577617E-16,0.));
#9968=DIRECTION('',(1.82123199577617E-16,-1.,0.));
#9969=DIRECTION('',(-1.,-1.82123199577617E-16,0.));
#9970=DIRECTION('',(-1.,-1.82123199577617E-16,0.));
#9971=DIRECTION('',(-1.,-1.82123199577617E-16,0.));
#9972=DIRECTION('',(-1.,-1.82123199577617E-16,0.));
#9973=DIRECTION('',(-1.,-1.82123199577617E-16,0.));
#9974=DIRECTION('',(-1.,-1.82123199577617E-16,0.));
#9975=DIRECTION('',(-1.,-1.82123199577617E-16,0.));
#9976=DIRECTION('',(0.,0.700904063035912,0.71325556038474));
#9977=DIRECTION('',(-1.,-1.82123199577617E-16,0.));
#9978=DIRECTION('',(-1.,-1.82123199577617E-16,0.));
#9979=DIRECTION('',(1.82123199577617E-16,-1.,0.));
#9980=DIRECTION('',(-1.,-1.82123199577617E-16,0.));
#9981=DIRECTION('',(-1.,-1.82123199577617E-16,0.));
#9982=DIRECTION('',(-1.,-1.82123199577617E-16,0.));
#9983=DIRECTION('',(0.,-0.713894768887291,0.700252996391563));
#9984=DIRECTION('',(-1.,-1.82123199577617E-16,0.));
#9985=DIRECTION('',(-1.,-1.82123199577617E-16,0.));
#9986=DIRECTION('',(1.82123199577617E-16,-1.,0.));
#9987=DIRECTION('',(-1.,-1.82123199577617E-16,0.));
#9988=DIRECTION('',(-1.,-1.82123199577617E-16,0.));
#9989=DIRECTION('',(-1.,-1.82123199577617E-16,0.));
#9990=DIRECTION('',(0.,-0.705757969483582,-0.708453024914434));
#9991=DIRECTION('',(-1.,-1.82123199577617E-16,0.));
#9992=DIRECTION('',(1.82123199577617E-16,-1.,0.));
#9993=DIRECTION('',(1.,1.82123199577617E-16,0.));
#9994=DIRECTION('',(-1.82123199577617E-16,1.,0.));
#9995=DIRECTION('',(1.,1.82123199577617E-16,0.));
#9996=DIRECTION('',(-1.82123199577617E-16,1.,0.));
#9997=DIRECTION('',(1.79906807626785E-16,-0.987830260197643,-0.155535774141697));
#9998=DIRECTION('',(0.,0.155535774141697,-0.987830260197643));
#9999=DIRECTION('',(2.83266728354675E-17,-0.155535774141697,0.987830260197643));
#10000=DIRECTION('',(-1.,-1.82123199577617E-16,0.));
#10001=DIRECTION('',(2.83266728354675E-17,-0.155535774141697,0.987830260197643));
#10002=DIRECTION('',(-1.,-1.82123199577617E-16,0.));
#10003=DIRECTION('',(0.,0.,1.));
#10004=DIRECTION('',(1.,0.,0.));
#10005=DIRECTION('',(-1.82123199577617E-16,1.,0.));
#10006=DIRECTION('',(-1.,-1.82123199577617E-16,0.));
#10007=DIRECTION('',(-1.82123199577617E-16,1.,0.));
#10008=DIRECTION('',(0.,0.,-1.));
#10009=DIRECTION('',(-1.,0.,0.));
#10010=DIRECTION('',(-1.,-1.82123199577617E-16,0.));
#10011=DIRECTION('',(1.82123199577617E-16,-1.,0.));
#10012=DIRECTION('',(-1.,-1.82123199577617E-16,0.));
#10013=DIRECTION('',(1.79801807754567E-16,-0.987253728089368,-0.159154253394762));
#10014=DIRECTION('',(0.,0.159154253394762,-0.987253728089368));
#10015=DIRECTION('',(-1.,-1.82123199577617E-16,0.));
#10016=DIRECTION('',(2.89856818546409E-17,-0.159154253394762,0.987253728089368));
#10017=DIRECTION('',(0.,0.,-1.));
#10018=DIRECTION('',(-1.,0.,0.));
#10019=DIRECTION('',(-1.,-1.82123199577617E-16,0.));
#10020=DIRECTION('',(1.82123199577617E-16,-1.,0.));
#10021=DIRECTION('',(-1.79078729134703E-16,0.983283456199018,0.182081423449273));
#10022=DIRECTION('',(0.,-0.182081423449273,0.983283456199018));
#10023=DIRECTION('',(-1.,-1.82123199577617E-16,0.));
#10024=DIRECTION('',(-3.31612514222286E-17,0.182081423449273,-0.983283456199018));
#10025=DIRECTION('',(0.,0.,1.));
#10026=DIRECTION('',(1.,0.,0.));
#10027=DIRECTION('',(-1.,-1.82123199577617E-16,0.));
#10028=DIRECTION('',(-1.82123199577617E-16,1.,0.));
#10029=DIRECTION('',(1.6035879776786E-16,-0.880496269227462,0.474053077066821));
#10030=DIRECTION('',(0.,-0.474053077066821,-0.880496269227462));
#10031=DIRECTION('',(-1.,-1.82123199577617E-16,0.));
#10032=DIRECTION('',(-8.63360631650244E-17,0.474053077066821,0.880496269227462));
#10033=DIRECTION('',(0.,0.,-1.));
#10034=DIRECTION('',(-1.,0.,0.));
#10035=DIRECTION('',(-1.,-1.82123199577617E-16,0.));
#10036=DIRECTION('',(1.82123199577617E-16,-1.,0.));
#10037=DIRECTION('',(-1.61905406079872E-16,0.888988368617317,-0.457929776781465));
#10038=DIRECTION('',(0.,0.457929776781465,0.888988368617317));
#10039=DIRECTION('',(8.33996361293045E-17,-0.457929776781465,-0.888988368617317));
#10040=DIRECTION('',(-1.61871676643155E-16,0.888803167408494,-0.458289133195005));
#10041=DIRECTION('',(0.,0.458289133195005,0.888803167408494));
#10042=DIRECTION('',(8.34650832691273E-17,-0.458289133195005,-0.888803167408494));
#10043=DIRECTION('',(8.34650832691273E-17,-0.458289133195005,-0.888803167408494));
#10044=DIRECTION('',(1.,1.82123199577617E-16,0.));
#10045=DIRECTION('',(-1.82123199577617E-16,1.,0.));
#10046=DIRECTION('',(1.,1.82123199577617E-16,0.));
#10047=DIRECTION('',(-1.82123199577617E-16,1.,0.));
#10048=DIRECTION('',(-1.79543099342035E-16,0.985833214870119,-0.16772856780777));
#10049=DIRECTION('',(0.,0.16772856780777,0.985833214870119));
#10050=DIRECTION('',(-1.,-1.82123199577617E-16,0.));
#10051=DIRECTION('',(3.05472634297224E-17,-0.16772856780777,-0.985833214870119));
#10052=DIRECTION('',(-1.,-1.82123199577617E-16,0.));
#10053=DIRECTION('',(0.,0.,1.));
#10054=DIRECTION('',(1.,0.,0.));
#10055=DIRECTION('',(-1.,-1.82123199577617E-16,0.));
#10056=DIRECTION('',(-1.82123199577617E-16,1.,0.));
#10057=DIRECTION('',(1.79297351169249E-16,-0.984483863588373,0.175475133093298));
#10058=DIRECTION('',(0.,-0.175475133093298,-0.984483863588373));
#10059=DIRECTION('',(-1.,-1.82123199577617E-16,0.));
#10060=DIRECTION('',(-3.19580926852597E-17,0.175475133093298,0.984483863588373));
#10061=DIRECTION('',(0.,0.,-1.));
#10062=DIRECTION('',(-1.,0.,0.));
#10063=DIRECTION('',(-1.,-1.82123199577617E-16,0.));
#10064=DIRECTION('',(1.82123199577617E-16,-1.,0.));
#10065=DIRECTION('',(1.79355414353665E-16,-0.984802676263256,0.173676966880265));
#10066=DIRECTION('',(0.,-0.173676966880265,-0.984802676263256));
#10067=DIRECTION('',(-1.,-1.82123199577617E-16,0.));
#10068=DIRECTION('',(-3.16306049011698E-17,0.173676966880265,0.984802676263256));
#10069=DIRECTION('',(0.,0.,-1.));
#10070=DIRECTION('',(-1.,0.,0.));
#10071=DIRECTION('',(-1.,-1.82123199577617E-16,0.));
#10072=DIRECTION('',(1.82123199577617E-16,-1.,0.));
#10073=DIRECTION('',(-1.79355414353665E-16,0.984802676263256,-0.173676966880265));
#10074=DIRECTION('',(0.,0.173676966880265,0.984802676263256));
#10075=DIRECTION('',(-1.,-1.82123199577617E-16,0.));
#10076=DIRECTION('',(3.16306049011698E-17,-0.173676966880265,-0.984802676263256));
#10077=DIRECTION('',(0.,0.,-1.));
#10078=DIRECTION('',(-1.,0.,0.));
#10079=DIRECTION('',(1.82123199577617E-16,-1.,0.));
#10080=DIRECTION('',(1.,1.82123199577617E-16,0.));
#10081=DIRECTION('',(-1.82123199577617E-16,1.,0.));
#10082=CARTESIAN_POINT('',(0.,0.,0.));
#10083=CARTESIAN_POINT('',(0.0762,0.,0.0508));
#10084=CARTESIAN_POINT('',(0.0762,0.00571808873191446,0.0244238622131577));
#10085=CARTESIAN_POINT('',(0.0762,0.00586268860179084,0.0252737553259005));
#10086=CARTESIAN_POINT('',(0.0762,0.00557348886203807,0.0235739691004149));
#10087=CARTESIAN_POINT('',(0.0762,0.00439603277875896,0.0235739691004149));
#10088=CARTESIAN_POINT('',(0.0762,0.00321857669547984,0.0235739691004149));
#10089=CARTESIAN_POINT('',(0.0762,0.00258902624159626,0.0200042212923782));
#10090=CARTESIAN_POINT('',(0.0762,0.0019594757877127,0.0164344734843415));
#10091=CARTESIAN_POINT('',(0.0762,0.00088333798060547,0.0164344734843416));
#10092=CARTESIAN_POINT('',(0.0762,-0.00019279982650177,0.0164344734843415));
#10093=CARTESIAN_POINT('',(0.0762,0.0004367506273818,0.0200042212923782));
#10094=CARTESIAN_POINT('',(0.0762,0.00106630108126537,0.0235739691004149));
#10095=CARTESIAN_POINT('',(0.0762,-0.000105252966508578,0.0235739691004149));
#10096=CARTESIAN_POINT('',(0.0762,-0.00127680701428253,0.0235739691004149));
#10097=CARTESIAN_POINT('',(0.0762,-0.0011253214363168,0.0244238622131577));
#10098=CARTESIAN_POINT('',(0.0762,-0.000973835858351067,0.0252737553259005));
#10099=CARTESIAN_POINT('',(0.0762,0.00244442637171989,0.0252737553259005));
#10100=CARTESIAN_POINT('',(0.0762,-0.00720736902438261,0.0179965455480401));
#10101=CARTESIAN_POINT('',(0.0762,-0.00555775010069082,0.0179965455480401));
#10102=CARTESIAN_POINT('',(0.0762,-0.00885698794807441,0.0179965455480401));
#10103=CARTESIAN_POINT('',(0.0762,-0.00925931003500938,0.0172155095161909));
#10104=CARTESIAN_POINT('',(0.0762,-0.00966163212194435,0.0164344734843416));
#10105=CARTESIAN_POINT('',(0.0762,-0.0107889209034296,0.0164344734843416));
#10106=CARTESIAN_POINT('',(0.0762,-0.0119162096849149,0.0164344734843415));
#10107=CARTESIAN_POINT('',(0.0762,-0.00953670570375182,0.020854114405121));
#10108=CARTESIAN_POINT('',(0.0762,-0.00715720172258876,0.0252737553259005));
#10109=CARTESIAN_POINT('',(0.0762,-0.00591088855841613,0.0252737553259005));
#10110=CARTESIAN_POINT('',(0.0762,-0.00466457539424349,0.0252737553259005));
#10111=CARTESIAN_POINT('',(0.0762,-0.00384615980419485,0.020854114405121));
#10112=CARTESIAN_POINT('',(0.0762,-0.00302774421414621,0.0164344734843415));
#10113=CARTESIAN_POINT('',(0.0762,-0.0041668370666418,0.0164344734843416));
#10114=CARTESIAN_POINT('',(0.0762,-0.00530592991913739,0.0164344734843415));
#10115=CARTESIAN_POINT('',(0.0762,-0.00543184000991411,0.0172155095161909));
#10116=CARTESIAN_POINT('',(0.0762,-0.0170273724323821,0.0163459429517642));
#10117=CARTESIAN_POINT('',(0.0762,-0.0181487591783622,0.0163459429517642));
#10118=CARTESIAN_POINT('',(0.0762,-0.0189986522911051,0.0168122037566717));
#10119=CARTESIAN_POINT('',(0.0762,-0.0170273724323821,0.0163459429517642));
#10120=CARTESIAN_POINT('',(0.0762,-0.0189986522911051,0.0168122037566717));
#10121=CARTESIAN_POINT('',(0.0762,-0.0174503125958325,0.0196835208993086));
#10122=CARTESIAN_POINT('',(0.0762,-0.0203138225361712,0.0181214719662326));
#10123=CARTESIAN_POINT('',(0.0762,-0.0203138225361712,0.0181214719662326));
#10124=CARTESIAN_POINT('',(0.0762,-0.0207790996684946,0.0189644793708861));
#10125=CARTESIAN_POINT('',(0.0762,-0.0207790996684946,0.0200602906296772));
#10126=CARTESIAN_POINT('',(0.0762,-0.0207790996684946,0.0200602906296772));
#10127=CARTESIAN_POINT('',(0.0762,-0.0207790996684946,0.0200602906296772));
#10128=CARTESIAN_POINT('',(0.0762,-0.0207790996684946,0.0216085912771971));
#10129=CARTESIAN_POINT('',(0.0762,-0.0201121696564116,0.0228244105912598));
#10130=CARTESIAN_POINT('',(0.0762,-0.0201121696564116,0.0228244105912598));
#10131=CARTESIAN_POINT('',(0.0762,-0.0158954017481236,0.0205525287204285));
#10132=CARTESIAN_POINT('',(0.0762,-0.0182549958174551,0.0247199476609999));
#10133=CARTESIAN_POINT('',(0.0762,-0.0182549958174551,0.0247199476609999));
#10134=CARTESIAN_POINT('',(0.0762,-0.0170647519905815,0.0253996654166773));
#10135=CARTESIAN_POINT('',(0.0762,-0.0155538309012609,0.0253996654166773));
#10136=CARTESIAN_POINT('',(0.0762,-0.0155538309012609,0.0253996654166773));
#10137=CARTESIAN_POINT('',(0.0762,-0.0155538309012609,0.0253996654166773));
#10138=CARTESIAN_POINT('',(0.0762,-0.0144206400842705,0.0253996654166773));
#10139=CARTESIAN_POINT('',(0.0762,-0.0135648449360225,0.0249402903198591));
#10140=CARTESIAN_POINT('',(0.0762,-0.0135648449360225,0.0249402903198591));
#10141=CARTESIAN_POINT('',(0.0762,-0.0150651927272279,0.0220876729910679));
#10142=CARTESIAN_POINT('',(0.0762,-0.012242788982867,0.0236428261813084));
#10143=CARTESIAN_POINT('',(0.0762,-0.012242788982867,0.0236428261813084));
#10144=CARTESIAN_POINT('',(0.0762,-0.0117765281779595,0.0228047371395759));
#10145=CARTESIAN_POINT('',(0.0762,-0.0117765281779595,0.0217226972969635));
#10146=CARTESIAN_POINT('',(0.0762,-0.0117765281779595,0.0217226972969635));
#10147=CARTESIAN_POINT('',(0.0762,-0.0117765281779595,0.0217226972969635));
#10148=CARTESIAN_POINT('',(0.0762,-0.0117765281779595,0.0201743966494436));
#10149=CARTESIAN_POINT('',(0.0762,-0.0124444418626266,0.0189467732643707));
#10150=CARTESIAN_POINT('',(0.0762,-0.0124444418626266,0.0189467732643707));
#10151=CARTESIAN_POINT('',(0.0762,-0.0124444418626266,0.0189467732643707));
#10152=CARTESIAN_POINT('',(0.0762,-0.0131123555472937,0.0177191498792977));
#10153=CARTESIAN_POINT('',(0.0762,-0.0143085014096724,0.0170325464155309));
#10154=CARTESIAN_POINT('',(0.0762,-0.0143085014096724,0.0170325464155309));
#10155=CARTESIAN_POINT('',(0.0762,-0.0143085014096724,0.0170325464155309));
#10156=CARTESIAN_POINT('',(0.0762,-0.0155046472720512,0.0163459429517642));
#10157=CARTESIAN_POINT('',(0.0762,-0.0170273724323821,0.0163459429517642));
#10158=CARTESIAN_POINT('',(0.0762,-0.0215227561421445,0.0229817982047307));
#10159=CARTESIAN_POINT('',(0.0762,-0.0216624376490999,0.0222007621728814));
#10160=CARTESIAN_POINT('',(0.0762,-0.0221660780122067,0.02168433406618));
#10161=CARTESIAN_POINT('',(0.0762,-0.0215227561421445,0.0229817982047307));
#10162=CARTESIAN_POINT('',(0.0762,-0.0221660780122067,0.02168433406618));
#10163=CARTESIAN_POINT('',(0.0762,-0.0240908557171965,0.0235525645277186));
#10164=CARTESIAN_POINT('',(0.0762,-0.0233740279455959,0.0209672367523033));
#10165=CARTESIAN_POINT('',(0.0762,-0.0233740279455959,0.0209672367523033));
#10166=CARTESIAN_POINT('',(0.0762,-0.0227444774917123,0.0208295225905162));
#10167=CARTESIAN_POINT('',(0.0762,-0.0223795349629767,0.0203504740420142));
#10168=CARTESIAN_POINT('',(0.0762,-0.0223795349629767,0.0203504740420142));
#10169=CARTESIAN_POINT('',(0.0762,-0.0223795349629767,0.0203504740420142));
#10170=CARTESIAN_POINT('',(0.0762,-0.0220145924342411,0.0198714254935121));
#10171=CARTESIAN_POINT('',(0.0762,-0.0220145924342411,0.0192300709686182));
#10172=CARTESIAN_POINT('',(0.0762,-0.0220145924342411,0.0192300709686182));
#10173=CARTESIAN_POINT('',(0.0762,-0.0240271426998089,0.0192238238315044));
#10174=CARTESIAN_POINT('',(0.0762,-0.0220519719924404,0.0188385692801094));
#10175=CARTESIAN_POINT('',(0.0762,-0.0220519719924404,0.0188385692801094));
#10176=CARTESIAN_POINT('',(0.0762,-0.0222408371286055,0.017730953950308));
#10177=CARTESIAN_POINT('',(0.0762,-0.023134995507637,0.0170827137173247));
#10178=CARTESIAN_POINT('',(0.0762,-0.023134995507637,0.0170827137173247));
#10179=CARTESIAN_POINT('',(0.0762,-0.023134995507637,0.0170827137173247));
#10180=CARTESIAN_POINT('',(0.0762,-0.0240291538866685,0.0164344734843416));
#10181=CARTESIAN_POINT('',(0.0762,-0.0254141648852123,0.0164344734843416));
#10182=CARTESIAN_POINT('',(0.0762,-0.0254141648852123,0.0164344734843416));
#10183=CARTESIAN_POINT('',(0.0762,-0.0274729916039285,0.0164344734843416));
#10184=CARTESIAN_POINT('',(0.0762,-0.0295318183226445,0.0164344734843415));
#10185=CARTESIAN_POINT('',(0.0762,-0.0287507822907953,0.020854114405121));
#10186=CARTESIAN_POINT('',(0.0762,-0.0279697462589459,0.0252737553259005));
#10187=CARTESIAN_POINT('',(0.0762,-0.0259807602937075,0.0252737553259005));
#10188=CARTESIAN_POINT('',(0.0762,-0.0239917743284692,0.0252737553259005));
#10189=CARTESIAN_POINT('',(0.0762,-0.0239917743284692,0.0252737553259005));
#10190=CARTESIAN_POINT('',(0.0762,-0.0227956284660903,0.0252737553259005));
#10191=CARTESIAN_POINT('',(0.0762,-0.0221405025250177,0.0247829027063882));
#10192=CARTESIAN_POINT('',(0.0762,-0.0221405025250177,0.0247829027063882));
#10193=CARTESIAN_POINT('',(0.0762,-0.0221405025250177,0.0247829027063882));
#10194=CARTESIAN_POINT('',(0.0762,-0.0214853765839451,0.0242920500868758));
#10195=CARTESIAN_POINT('',(0.0762,-0.0214853765839451,0.0234224835224492));
#10196=CARTESIAN_POINT('',(0.0762,-0.0214853765839451,0.0234224835224492));
#10197=CARTESIAN_POINT('',(0.0762,-0.0241881539087935,0.0234310784974719));
#10198=CARTESIAN_POINT('',(0.0762,-0.0335471698113207,0.020854114405121));
#10199=CARTESIAN_POINT('',(0.0762,-0.0333838801623446,0.0217482727841526));
#10200=CARTESIAN_POINT('',(0.0762,-0.0337104594602967,0.0199599560260895));
#10201=CARTESIAN_POINT('',(0.0762,-0.0364804814573845,0.0199599560260895));
#10202=CARTESIAN_POINT('',(0.0762,-0.0392505034544722,0.0199599560260895));
#10203=CARTESIAN_POINT('',(0.0762,-0.0390872138054962,0.020854114405121));
#10204=CARTESIAN_POINT('',(0.0762,-0.0389239241565201,0.0217482727841526));
#10205=CARTESIAN_POINT('',(0.0762,-0.0361539021594324,0.0217482727841526));
#10206=CARTESIAN_POINT('',(0.0762,-0.0518159370449546,0.0208669021487155));
#10207=CARTESIAN_POINT('',(0.0762,-0.0515896923505902,0.0221751866856923));
#10208=CARTESIAN_POINT('',(0.0762,-0.050840133841435,0.0232021408635899));
#10209=CARTESIAN_POINT('',(0.0762,-0.0518159370449546,0.0208669021487155));
#10210=CARTESIAN_POINT('',(0.0762,-0.050840133841435,0.0232021408635899));
#10211=CARTESIAN_POINT('',(0.0762,-0.0465686792276204,0.0201236384871263));
#10212=CARTESIAN_POINT('',(0.0762,-0.0489829600024785,0.0248015924854878));
#10213=CARTESIAN_POINT('',(0.0762,-0.0489829600024785,0.0248015924854878));
#10214=CARTESIAN_POINT('',(0.0762,-0.0478753446726771,0.0253740899294882));
#10215=CARTESIAN_POINT('',(0.0762,-0.0465906682777209,0.0253740899294882));
#10216=CARTESIAN_POINT('',(0.0762,-0.0465906682777209,0.0253740899294882));
#10217=CARTESIAN_POINT('',(0.0762,-0.0465906682777209,0.0253740899294882));
#10218=CARTESIAN_POINT('',(0.0762,-0.045016792143012,0.0253740899294882));
#10219=CARTESIAN_POINT('',(0.0762,-0.0440409889394925,0.0245428865958451));
#10220=CARTESIAN_POINT('',(0.0762,-0.0440409889394925,0.0245428865958451));
#10221=CARTESIAN_POINT('',(0.0762,-0.0440409889394925,0.0245428865958451));
#10222=CARTESIAN_POINT('',(0.0762,-0.0430651857359729,0.0237116832622019));
#10223=CARTESIAN_POINT('',(0.0762,-0.0429392756451962,0.0222774886344484));
#10224=CARTESIAN_POINT('',(0.0762,-0.0429392756451962,0.0222774886344484));
#10225=CARTESIAN_POINT('',(0.0762,-0.0441226337639805,0.0222774886344484));
#10226=CARTESIAN_POINT('',(0.0762,-0.0453059918827648,0.0222774886344484));
#10227=CARTESIAN_POINT('',(0.0762,-0.0453059918827648,0.0222774886344484));
#10228=CARTESIAN_POINT('',(0.0762,-0.0454692815317408,0.0228185085557546));
#10229=CARTESIAN_POINT('',(0.0762,-0.0459040648139542,0.0231018062600022));
#10230=CARTESIAN_POINT('',(0.0762,-0.0459040648139542,0.0231018062600022));
#10231=CARTESIAN_POINT('',(0.0762,-0.0459040648139542,0.0231018062600022));
#10232=CARTESIAN_POINT('',(0.0762,-0.0463388480961675,0.0233851039642498));
#10233=CARTESIAN_POINT('',(0.0762,-0.0469683985500511,0.0233851039642498));
#10234=CARTESIAN_POINT('',(0.0762,-0.0469683985500511,0.0233851039642498));
#10235=CARTESIAN_POINT('',(0.0762,-0.0469683985500511,0.0233851039642498));
#10236=CARTESIAN_POINT('',(0.0762,-0.0479638752052545,0.0233851039642498));
#10237=CARTESIAN_POINT('',(0.0762,-0.0486937602627257,0.0226985005004831));
#10238=CARTESIAN_POINT('',(0.0762,-0.0486937602627257,0.0226985005004831));
#10239=CARTESIAN_POINT('',(0.0762,-0.0486937602627257,0.0226985005004831));
#10240=CARTESIAN_POINT('',(0.0762,-0.049423645320197,0.0220118970367163));
#10241=CARTESIAN_POINT('',(0.0762,-0.0496243145273724,0.0208669021487155));
#10242=CARTESIAN_POINT('',(0.0762,-0.0496243145273724,0.0208669021487155));
#10243=CARTESIAN_POINT('',(0.0762,-0.0460878948049863,0.0201865193798349));
#10244=CARTESIAN_POINT('',(0.0762,-0.0496872695727608,0.0202491557658423));
#10245=CARTESIAN_POINT('',(0.0762,-0.0496872695727608,0.0202491557658423));
#10246=CARTESIAN_POINT('',(0.0762,-0.0496872695727608,0.0193677851304053));
#10247=CARTESIAN_POINT('',(0.0762,-0.0491964169532484,0.0188513570237039));
#10248=CARTESIAN_POINT('',(0.0762,-0.0491964169532484,0.0188513570237039));
#10249=CARTESIAN_POINT('',(0.0762,-0.0491964169532484,0.0188513570237039));
#10250=CARTESIAN_POINT('',(0.0762,-0.0487055643337361,0.0183349289170026));
#10251=CARTESIAN_POINT('',(0.0762,-0.0478497691854881,0.0183349289170026));
#10252=CARTESIAN_POINT('',(0.0762,-0.0478497691854881,0.0183349289170026));
#10253=CARTESIAN_POINT('',(0.0762,-0.0478347899080277,0.0207138352378878));
#10254=CARTESIAN_POINT('',(0.0762,-0.0466969040836537,0.0186251107999753));
#10255=CARTESIAN_POINT('',(0.0762,-0.0466969049168138,0.0186251123293395));
#10256=CARTESIAN_POINT('',(0.0762,-0.0461617870310128,0.0189152957416765));
#10257=CARTESIAN_POINT('',(0.0762,-0.0457978281748613,0.0194563156629826));
#10258=CARTESIAN_POINT('',(0.0762,-0.0457978281748613,0.0194563156629826));
#10259=CARTESIAN_POINT('',(0.0762,-0.0446144700560771,0.0194563156629826));
#10260=CARTESIAN_POINT('',(0.0762,-0.0434311119372928,0.0194563156629826));
#10261=CARTESIAN_POINT('',(0.0762,-0.0434311119372928,0.0194563156629826));
#10262=CARTESIAN_POINT('',(0.0762,-0.0440606623911763,0.0180201536900607));
#10263=CARTESIAN_POINT('',(0.0762,-0.0453315673699538,0.017195836064507));
#10264=CARTESIAN_POINT('',(0.0762,-0.0453315673699538,0.017195836064507));
#10265=CARTESIAN_POINT('',(0.0762,-0.0453315673699538,0.017195836064507));
#10266=CARTESIAN_POINT('',(0.0762,-0.0466024723487313,0.0163715184389531));
#10267=CARTESIAN_POINT('',(0.0762,-0.0481763484834402,0.0163715184389531));
#10268=CARTESIAN_POINT('',(0.0762,-0.0481763484834402,0.0163715184389531));
#10269=CARTESIAN_POINT('',(0.0762,-0.0481763484834402,0.0163715184389531));
#10270=CARTESIAN_POINT('',(0.0762,-0.0493095393004306,0.0163715184389531));
#10271=CARTESIAN_POINT('',(0.0762,-0.0501535303776683,0.0168122037566717));
#10272=CARTESIAN_POINT('',(0.0762,-0.0501535303776683,0.0168122037566717));
#10273=CARTESIAN_POINT('',(0.0762,-0.0501535303776683,0.0168122037566717));
#10274=CARTESIAN_POINT('',(0.0762,-0.0509975214549059,0.0172528890743902));
#10275=CARTESIAN_POINT('',(0.0762,-0.0514509945162189,0.0180585169208443));
#10276=CARTESIAN_POINT('',(0.0762,-0.0514509945162189,0.0180585169208443));
#10277=CARTESIAN_POINT('',(0.0762,-0.0514509945162189,0.0180585169208443));
#10278=CARTESIAN_POINT('',(0.0762,-0.051904467577532,0.0188641447672984));
#10279=CARTESIAN_POINT('',(0.0762,-0.051904467577532,0.0199343805389005));
#10280=CARTESIAN_POINT('',(0.0762,-0.051904467577532,0.0199343805389005));
#10281=CARTESIAN_POINT('',(0.0762,-0.0470385893635973,0.0199441820266323));
#10282=CARTESIAN_POINT('',(0.0762,-0.0552784645413142,0.0252737553259005));
#10283=CARTESIAN_POINT('',(0.0762,-0.0539072249589491,0.0252737553259005));
#10284=CARTESIAN_POINT('',(0.0762,-0.0531891439724881,0.0246501069075221));
#10285=CARTESIAN_POINT('',(0.0762,-0.0552784645413142,0.0252737553259005));
#10286=CARTESIAN_POINT('',(0.0762,-0.0531891439724881,0.0246501069075221));
#10287=CARTESIAN_POINT('',(0.0762,-0.0531891439724881,0.0246501069075221));
#10288=CARTESIAN_POINT('',(0.0762,-0.0524710629860272,0.0240264584891437));
#10289=CARTESIAN_POINT('',(0.0762,-0.0524710629860272,0.0230329491791087));
#10290=CARTESIAN_POINT('',(0.0762,-0.0524710629860272,0.0230329491791087));
#10291=CARTESIAN_POINT('',(0.0762,-0.0552027877914722,0.0230134544880722));
#10292=CARTESIAN_POINT('',(0.0762,-0.0525222139604052,0.0224899619126342));
#10293=CARTESIAN_POINT('',(0.0762,-0.0525222139604052,0.0224899619126342));
#10294=CARTESIAN_POINT('',(0.0762,-0.0526717321932026,0.0216085912771971));
#10295=CARTESIAN_POINT('',(0.0762,-0.0532894785760758,0.0209160857779252));
#10296=CARTESIAN_POINT('',(0.0762,-0.0532894785760758,0.0209160857779252));
#10297=CARTESIAN_POINT('',(0.0762,-0.0532894785760758,0.0209160857779252));
#10298=CARTESIAN_POINT('',(0.0762,-0.0539072249589491,0.0202235802786533));
#10299=CARTESIAN_POINT('',(0.0762,-0.0549381138271834,0.0199343805389005));
#10300=CARTESIAN_POINT('',(0.0762,-0.0549381138271834,0.0199343805389005));
#10301=CARTESIAN_POINT('',(0.0762,-0.0542269185488118,0.018184427011621));
#10302=CARTESIAN_POINT('',(0.0762,-0.0535157232704402,0.0164344734843415));
#10303=CARTESIAN_POINT('',(0.0762,-0.0547305589119187,0.0164344734843416));
#10304=CARTESIAN_POINT('',(0.0762,-0.0559453945533971,0.0164344734843415));
#10305=CARTESIAN_POINT('',(0.0762,-0.0565690429717755,0.018102782187133));
#10306=CARTESIAN_POINT('',(0.0762,-0.0571926913901539,0.0197710908899245));
#10307=CARTESIAN_POINT('',(0.0762,-0.0574504136072125,0.0197710908899245));
#10308=CARTESIAN_POINT('',(0.0762,-0.0577081358242711,0.0197710908899245));
#10309=CARTESIAN_POINT('',(0.0762,-0.0580042212721132,0.018102782187133));
#10310=CARTESIAN_POINT('',(0.0762,-0.0583003067199554,0.0164344734843416));
#10311=CARTESIAN_POINT('',(0.0762,-0.0593774281996468,0.0164344734843416));
#10312=CARTESIAN_POINT('',(0.0762,-0.0604545496793382,0.0164344734843415));
#10313=CARTESIAN_POINT('',(0.0762,-0.0596735136474889,0.020854114405121));
#10314=CARTESIAN_POINT('',(0.0762,-0.0588924776156396,0.0252737553259005));
#10315=CARTESIAN_POINT('',(0.0762,-0.0570854710784769,0.0252737553259005));
#10316=CARTESIAN_POINT('',(0.0762,0.0607830963224589,0.0413528673871206));
#10317=CARTESIAN_POINT('',(0.0762,0.061186402081978,0.0418427363340488));
#10318=CARTESIAN_POINT('',(0.0762,0.0618031647922671,0.042144723817396));
#10319=CARTESIAN_POINT('',(0.0762,0.0607830963224589,0.0413528673871206));
#10320=CARTESIAN_POINT('',(0.0762,0.0618031647922671,0.042144723817396));
#10321=CARTESIAN_POINT('',(0.0762,0.0618031647922671,0.042144723817396));
#10322=CARTESIAN_POINT('',(0.0762,0.0624199275025562,0.0424467113007434));
#10323=CARTESIAN_POINT('',(0.0762,0.0631517799051958,0.0424467113007434));
#10324=CARTESIAN_POINT('',(0.0762,0.0631517799051958,0.0424467113007434));
#10325=CARTESIAN_POINT('',(0.0762,0.0631517799051958,0.0424467113007434));
#10326=CARTESIAN_POINT('',(0.0762,0.0642849707221862,0.0424467113007434));
#10327=CARTESIAN_POINT('',(0.0762,0.0649833782569633,0.0417109242077669));
#10328=CARTESIAN_POINT('',(0.0762,0.0649833782569633,0.0417109242077669));
#10329=CARTESIAN_POINT('',(0.0762,0.0649833782569633,0.0417109242077669));
#10330=CARTESIAN_POINT('',(0.0762,0.0656817857917404,0.0409751371147905));
#10331=CARTESIAN_POINT('',(0.0762,0.0656817857917404,0.0397022647908447));
#10332=CARTESIAN_POINT('',(0.0762,0.0656817857917404,0.0397022647908447));
#10333=CARTESIAN_POINT('',(0.0762,0.0604134664153041,0.0397360478338626));
#10334=CARTESIAN_POINT('',(0.0762,0.0656070266753417,0.0388464696425967));
#10335=CARTESIAN_POINT('',(0.0762,0.0656070266753417,0.0388464696425967));
#10336=CARTESIAN_POINT('',(0.0762,0.0654181615391767,0.0377644297999842));
#10337=CARTESIAN_POINT('',(0.0762,0.0648633702016918,0.0369391285018463));
#10338=CARTESIAN_POINT('',(0.0762,0.0648633702016918,0.0369391285018463));
#10339=CARTESIAN_POINT('',(0.0762,0.0648633702016918,0.0369391285018463));
#10340=CARTESIAN_POINT('',(0.0762,0.0643085788642069,0.0361138272037083));
#10341=CARTESIAN_POINT('',(0.0762,0.0635285265049417,0.0356672398504846));
#10342=CARTESIAN_POINT('',(0.0762,0.0635285265049417,0.0356672398504846));
#10343=CARTESIAN_POINT('',(0.0762,0.0618772216471581,0.0384870528855337));
#10344=CARTESIAN_POINT('',(0.0762,0.06187890758125,0.035220652497261));
#10345=CARTESIAN_POINT('',(0.0762,0.06187890758125,0.035220652497261));
#10346=CARTESIAN_POINT('',(0.0762,0.0611372184527684,0.035220652497261));
#10347=CARTESIAN_POINT('',(0.0762,0.0606335780896615,0.0355167379451031));
#10348=CARTESIAN_POINT('',(0.0762,0.0606335780896615,0.0355167379451031));
#10349=CARTESIAN_POINT('',(0.0762,0.0606335780896615,0.0355167379451031));
#10350=CARTESIAN_POINT('',(0.0762,0.0601299377265546,0.0358128233929452));
#10351=CARTESIAN_POINT('',(0.0762,0.0599017256870219,0.0363026923398733));
#10352=CARTESIAN_POINT('',(0.0762,0.0599017256870219,0.0363026923398733));
#10353=CARTESIAN_POINT('',(0.0762,0.0598141788270287,0.035811839720361));
#10354=CARTESIAN_POINT('',(0.0762,0.0597266319670355,0.0353209871008486));
#10355=CARTESIAN_POINT('',(0.0762,0.0586495104873441,0.0353209871008486));
#10356=CARTESIAN_POINT('',(0.0762,0.0575723890076527,0.0353209871008486));
#10357=CARTESIAN_POINT('',(0.0762,0.0583976903057906,0.0399796604595871));
#10358=CARTESIAN_POINT('',(0.0762,0.0592229916039286,0.0446383338183255));
#10359=CARTESIAN_POINT('',(0.0762,0.0602991294110359,0.0446383338183255));
#10360=CARTESIAN_POINT('',(0.0762,0.0613752672181431,0.0446383338183255));
#10361=CARTESIAN_POINT('',(0.0762,0.061079181770301,0.0429956006027231));
#10362=CARTESIAN_POINT('',(0.0762,0.0566408510704218,0.0388336818990021));
#10363=CARTESIAN_POINT('',(0.0762,0.0572576137807109,0.0423463766971557));
#10364=CARTESIAN_POINT('',(0.0762,0.0560240883601327,0.0353209871008486));
#10365=CARTESIAN_POINT('',(0.0762,0.0549469668804413,0.0353209871008486));
#10366=CARTESIAN_POINT('',(0.0762,0.0538698454007499,0.0353209871008486));
#10367=CARTESIAN_POINT('',(0.0762,0.0539524738978221,0.0357990519767665));
#10368=CARTESIAN_POINT('',(0.0762,0.0540350146829745,0.0362766092065958));
#10369=CARTESIAN_POINT('',(0.0762,0.0516875653213001,0.0384072876574331));
#10370=CARTESIAN_POINT('',(0.0762,0.0530198347680351,0.0355297812894005));
#10371=CARTESIAN_POINT('',(0.0762,0.0517613730830808,0.0381897761400703));
#10372=CARTESIAN_POINT('',(0.0762,0.0517431452737245,0.03524622798445));
#10373=CARTESIAN_POINT('',(0.0762,0.0517431452737245,0.03524622798445));
#10374=CARTESIAN_POINT('',(0.0762,0.0506847135731327,0.03524622798445));
#10375=CARTESIAN_POINT('',(0.0762,0.0500807386064382,0.0358443009156394));
#10376=CARTESIAN_POINT('',(0.0762,0.0500807386064382,0.0358443009156394));
#10377=CARTESIAN_POINT('',(0.0762,0.0500807386064382,0.0358443009156394));
#10378=CARTESIAN_POINT('',(0.0762,0.0494767636397436,0.0364423738468287));
#10379=CARTESIAN_POINT('',(0.0762,0.0494767636397436,0.0375126096184309));
#10380=CARTESIAN_POINT('',(0.0762,0.0494767636397436,0.0375126096184309));
#10381=CARTESIAN_POINT('',(0.0762,0.0533815205212409,0.0375491843501251));
#10382=CARTESIAN_POINT('',(0.0762,0.0495394493145655,0.0382425432878303));
#10383=CARTESIAN_POINT('',(0.0762,0.0499046612138676,0.0402944356865288));
#10384=CARTESIAN_POINT('',(0.0762,0.0502696037426032,0.0423463766971557));
#10385=CARTESIAN_POINT('',(0.0762,0.0513398395142053,0.0423463766971557));
#10386=CARTESIAN_POINT('',(0.0762,0.0524100752858074,0.0423463766971557));
#10387=CARTESIAN_POINT('',(0.0762,0.0520766102797659,0.0404390355564052));
#10388=CARTESIAN_POINT('',(0.0762,0.0517432045812231,0.0385316831081154));
#10389=CARTESIAN_POINT('',(0.0762,0.053832539541989,0.0381333314992151));
#10390=CARTESIAN_POINT('',(0.0762,0.0517057657155251,0.0381421600723144));
#10391=CARTESIAN_POINT('',(0.0762,0.0517057657155251,0.0381421600723144));
#10392=CARTESIAN_POINT('',(0.0762,0.0517057657155251,0.0376129442220185));
#10393=CARTESIAN_POINT('',(0.0762,0.0520008674907831,0.037329646517771));
#10394=CARTESIAN_POINT('',(0.0762,0.0520008674907831,0.037329646517771));
#10395=CARTESIAN_POINT('',(0.0762,0.0520008674907831,0.037329646517771));
#10396=CARTESIAN_POINT('',(0.0762,0.052295969266041,0.0370463488135233));
#10397=CARTESIAN_POINT('',(0.0762,0.0528251851163368,0.0370463488135233));
#10398=CARTESIAN_POINT('',(0.0762,0.0528251851163368,0.0370463488135233));
#10399=CARTESIAN_POINT('',(0.0762,0.0528251851163368,0.0370463488135233));
#10400=CARTESIAN_POINT('',(0.0762,0.0534291600830314,0.0370463488135233));
#10401=CARTESIAN_POINT('',(0.0762,0.0538511556216502,0.0374053893067538));
#10402=CARTESIAN_POINT('',(0.0762,0.0538511556216502,0.0374053893067538));
#10403=CARTESIAN_POINT('',(0.0762,0.0538511556216502,0.0374053893067538));
#10404=CARTESIAN_POINT('',(0.0762,0.0542731511602691,0.0377644297999842));
#10405=CARTESIAN_POINT('',(0.0762,0.0544128326672245,0.0384313598120672));
#10406=CARTESIAN_POINT('',(0.0762,0.0544128326672245,0.0384313598120672));
#10407=CARTESIAN_POINT('',(0.0762,0.0547590854168605,0.0403888682546114));
#10408=CARTESIAN_POINT('',(0.0762,0.0551053381664964,0.0423463766971557));
#10409=CARTESIAN_POINT('',(0.0762,0.0561814759736036,0.0423463766971557));
#10410=CARTESIAN_POINT('',(0.0762,0.0483494748582583,0.0399796604595871));
#10411=CARTESIAN_POINT('',(0.0762,0.0491737924838121,0.0446383338183255));
#10412=CARTESIAN_POINT('',(0.0762,0.0475251572327045,0.0353209871008486));
#10413=CARTESIAN_POINT('',(0.0762,0.0464480357530131,0.0353209871008486));
#10414=CARTESIAN_POINT('',(0.0762,0.0453709142733217,0.0353209871008486));
#10415=CARTESIAN_POINT('',(0.0762,0.0461962155714597,0.0399796604595871));
#10416=CARTESIAN_POINT('',(0.0762,0.0470215168695977,0.0446383338183255));
#10417=CARTESIAN_POINT('',(0.0762,0.0480976546767049,0.0446383338183255));
#10418=CARTESIAN_POINT('',(0.0762,0.0362050531338106,0.0397534157652226));
#10419=CARTESIAN_POINT('',(0.0762,0.036431297828175,0.0410617003021994));
#10420=CARTESIAN_POINT('',(0.0762,0.0371808563373301,0.042088654480097));
#10421=CARTESIAN_POINT('',(0.0762,0.0362050531338106,0.0397534157652226));
#10422=CARTESIAN_POINT('',(0.0762,0.0371808563373301,0.042088654480097));
#10423=CARTESIAN_POINT('',(0.0762,0.0414523109511442,0.0390101521036341));
#10424=CARTESIAN_POINT('',(0.0762,0.0390380301762867,0.043688106101995));
#10425=CARTESIAN_POINT('',(0.0762,0.0390380301762867,0.043688106101995));
#10426=CARTESIAN_POINT('',(0.0762,0.040145645506088,0.0442606035459954));
#10427=CARTESIAN_POINT('',(0.0762,0.0414303219010442,0.0442606035459954));
#10428=CARTESIAN_POINT('',(0.0762,0.0414303219010442,0.0442606035459954));
#10429=CARTESIAN_POINT('',(0.0762,0.0414303219010442,0.0442606035459954));
#10430=CARTESIAN_POINT('',(0.0762,0.0430041980357532,0.0442606035459954));
#10431=CARTESIAN_POINT('',(0.0762,0.0439800012392727,0.0434294002123522));
#10432=CARTESIAN_POINT('',(0.0762,0.0439800012392727,0.0434294002123522));
#10433=CARTESIAN_POINT('',(0.0762,0.0439800012392727,0.0434294002123522));
#10434=CARTESIAN_POINT('',(0.0762,0.0449558044427922,0.0425981968787091));
#10435=CARTESIAN_POINT('',(0.0762,0.0450817145335689,0.0411640022509556));
#10436=CARTESIAN_POINT('',(0.0762,0.0450817145335689,0.0411640022509556));
#10437=CARTESIAN_POINT('',(0.0762,0.0438983564147847,0.0411640022509556));
#10438=CARTESIAN_POINT('',(0.0762,0.0427149982960003,0.0411640022509556));
#10439=CARTESIAN_POINT('',(0.0762,0.0427149982960003,0.0411640022509556));
#10440=CARTESIAN_POINT('',(0.0762,0.0425517086470243,0.0417050221722618));
#10441=CARTESIAN_POINT('',(0.0762,0.042116925364811,0.0419883198765093));
#10442=CARTESIAN_POINT('',(0.0762,0.042116925364811,0.0419883198765093));
#10443=CARTESIAN_POINT('',(0.0762,0.042116925364811,0.0419883198765093));
#10444=CARTESIAN_POINT('',(0.0762,0.0416821420825976,0.0422716175807569));
#10445=CARTESIAN_POINT('',(0.0762,0.0410525916287141,0.0422716175807569));
#10446=CARTESIAN_POINT('',(0.0762,0.0410525916287141,0.0422716175807569));
#10447=CARTESIAN_POINT('',(0.0762,0.0410525916287141,0.0422716175807569));
#10448=CARTESIAN_POINT('',(0.0762,0.0400571149735107,0.0422716175807569));
#10449=CARTESIAN_POINT('',(0.0762,0.0393272299160394,0.0415850141169902));
#10450=CARTESIAN_POINT('',(0.0762,0.0393272299160394,0.0415850141169902));
#10451=CARTESIAN_POINT('',(0.0762,0.0393272299160394,0.0415850141169902));
#10452=CARTESIAN_POINT('',(0.0762,0.0385973448585682,0.0408984106532234));
#10453=CARTESIAN_POINT('',(0.0762,0.0383966756513928,0.0397534157652226));
#10454=CARTESIAN_POINT('',(0.0762,0.0383966756513928,0.0397534157652226));
#10455=CARTESIAN_POINT('',(0.0762,0.0419330953737888,0.0390730329963412));
#10456=CARTESIAN_POINT('',(0.0762,0.0383337206060044,0.0391356693823494));
#10457=CARTESIAN_POINT('',(0.0762,0.0383337206060044,0.0391356693823494));
#10458=CARTESIAN_POINT('',(0.0762,0.0383337206060044,0.0382542987469124));
#10459=CARTESIAN_POINT('',(0.0762,0.0388245732255167,0.0377378706402111));
#10460=CARTESIAN_POINT('',(0.0762,0.0388245732255167,0.0377378706402111));
#10461=CARTESIAN_POINT('',(0.0762,0.0388245732255167,0.0377378706402111));
#10462=CARTESIAN_POINT('',(0.0762,0.0393154258450291,0.0372214425335097));
#10463=CARTESIAN_POINT('',(0.0762,0.0401712209932771,0.0372214425335097));
#10464=CARTESIAN_POINT('',(0.0762,0.0401712209932771,0.0372214425335097));
#10465=CARTESIAN_POINT('',(0.0762,0.0401862002707371,0.039600348854396));
#10466=CARTESIAN_POINT('',(0.0762,0.0413240860951115,0.0375116244164824));
#10467=CARTESIAN_POINT('',(0.0762,0.0413240852619513,0.0375116259458467));
#10468=CARTESIAN_POINT('',(0.0762,0.0418592031477524,0.0378018093581836));
#10469=CARTESIAN_POINT('',(0.0762,0.0422231620039039,0.0383428292794898));
#10470=CARTESIAN_POINT('',(0.0762,0.0422231620039039,0.0383428292794898));
#10471=CARTESIAN_POINT('',(0.0762,0.0434065201226881,0.0383428292794898));
#10472=CARTESIAN_POINT('',(0.0762,0.0445898782414724,0.0383428292794898));
#10473=CARTESIAN_POINT('',(0.0762,0.0445898782414724,0.0383428292794898));
#10474=CARTESIAN_POINT('',(0.0762,0.0439603277875888,0.0369066673065679));
#10475=CARTESIAN_POINT('',(0.0762,0.0426894228088113,0.0360823496810141));
#10476=CARTESIAN_POINT('',(0.0762,0.0426894228088113,0.0360823496810141));
#10477=CARTESIAN_POINT('',(0.0762,0.0426894228088113,0.0360823496810141));
#10478=CARTESIAN_POINT('',(0.0762,0.0414185178300339,0.0352580320554603));
#10479=CARTESIAN_POINT('',(0.0762,0.039844641695325,0.0352580320554603));
#10480=CARTESIAN_POINT('',(0.0762,0.039844641695325,0.0352580320554603));
#10481=CARTESIAN_POINT('',(0.0762,0.039844641695325,0.0352580320554603));
#10482=CARTESIAN_POINT('',(0.0762,0.0387114508783345,0.0352580320554603));
#10483=CARTESIAN_POINT('',(0.0762,0.0378674598010969,0.0356987173731788));
#10484=CARTESIAN_POINT('',(0.0762,0.0378674598010969,0.0356987173731788));
#10485=CARTESIAN_POINT('',(0.0762,0.0378674598010969,0.0356987173731788));
#10486=CARTESIAN_POINT('',(0.0762,0.0370234687238592,0.0361394026908973));
#10487=CARTESIAN_POINT('',(0.0762,0.0365699956625462,0.0369450305373515));
#10488=CARTESIAN_POINT('',(0.0762,0.0365699956625462,0.0369450305373515));
#10489=CARTESIAN_POINT('',(0.0762,0.0365699956625462,0.0369450305373515));
#10490=CARTESIAN_POINT('',(0.0762,0.0361165226012332,0.0377506583838056));
#10491=CARTESIAN_POINT('',(0.0762,0.0361165226012332,0.0388208941554077));
#10492=CARTESIAN_POINT('',(0.0762,0.0361165226012332,0.0388208941554077));
#10493=CARTESIAN_POINT('',(0.0762,0.0409824008110785,0.0388306956435271));
#10494=CARTESIAN_POINT('',(0.0762,0.0308873191436628,0.0370709406281282));
#10495=CARTESIAN_POINT('',(0.0762,0.0297226508039782,0.0388208941554077));
#10496=CARTESIAN_POINT('',(0.0762,0.0320519874833474,0.0353209871008486));
#10497=CARTESIAN_POINT('',(0.0762,0.0307171437865974,0.0353209871008486));
#10498=CARTESIAN_POINT('',(0.0762,0.0293823000898473,0.0353209871008486));
#10499=CARTESIAN_POINT('',(0.0762,0.0285697865353039,0.0367876429238806));
#10500=CARTESIAN_POINT('',(0.0762,0.0277572729807604,0.0382542987469124));
#10501=CARTESIAN_POINT('',(0.0762,0.0274995507637018,0.0367876429238806));
#10502=CARTESIAN_POINT('',(0.0762,0.0272418285466432,0.0353209871008486));
#10503=CARTESIAN_POINT('',(0.0762,0.0261647070669518,0.0353209871008486));
#10504=CARTESIAN_POINT('',(0.0762,0.0250875855872604,0.0353209871008486));
#10505=CARTESIAN_POINT('',(0.0762,0.0259128868853984,0.0399796604595871));
#10506=CARTESIAN_POINT('',(0.0762,0.0267381881835364,0.0446383338183255));
#10507=CARTESIAN_POINT('',(0.0762,0.0278143259906436,0.0446383338183255));
#10508=CARTESIAN_POINT('',(0.0762,0.0288904637977508,0.0446383338183255));
#10509=CARTESIAN_POINT('',(0.0762,0.0284369907364379,0.0420699647009974));
#10510=CARTESIAN_POINT('',(0.0762,0.0279835176751248,0.0395015955836693));
#10511=CARTESIAN_POINT('',(0.0762,0.02929376955727,0.0409239861404124));
#10512=CARTESIAN_POINT('',(0.0762,0.0306040214394152,0.0423463766971557));
#10513=CARTESIAN_POINT('',(0.0762,0.0319319794280758,0.0423463766971557));
#10514=CARTESIAN_POINT('',(0.0762,0.0332599374167365,0.0423463766971557));
#10515=CARTESIAN_POINT('',(0.0762,0.0314912941103573,0.0405836354262816));
#10516=CARTESIAN_POINT('',(0.0762,0.0176726616476129,0.0388346655715863));
#10517=CARTESIAN_POINT('',(0.0762,0.017861526783778,0.039928509485209));
#10518=CARTESIAN_POINT('',(0.0762,0.018452714006878,0.0407469250752577));
#10519=CARTESIAN_POINT('',(0.0762,0.0176726616476129,0.0388346655715863));
#10520=CARTESIAN_POINT('',(0.0762,0.018452714006878,0.0407469250752577));
#10521=CARTESIAN_POINT('',(0.0762,0.0217268132159033,0.038420823346285));
#10522=CARTESIAN_POINT('',(0.0762,0.01991936982991,0.0420060259830249));
#10523=CARTESIAN_POINT('',(0.0762,0.01991936982991,0.0420060259830249));
#10524=CARTESIAN_POINT('',(0.0762,0.0207948384298418,0.0424467113007434));
#10525=CARTESIAN_POINT('',(0.0762,0.0218276946432445,0.0424467113007434));
#10526=CARTESIAN_POINT('',(0.0762,0.0218276946432445,0.0424467113007434));
#10527=CARTESIAN_POINT('',(0.0762,0.0218276946432445,0.0424467113007434));
#10528=CARTESIAN_POINT('',(0.0762,0.0231497505964001,0.0424467113007434));
#10529=CARTESIAN_POINT('',(0.0762,0.0239179988846548,0.0417542058014714));
#10530=CARTESIAN_POINT('',(0.0762,0.0239179988846548,0.0417542058014714));
#10531=CARTESIAN_POINT('',(0.0762,0.0239179988846548,0.0417542058014714));
#10532=CARTESIAN_POINT('',(0.0762,0.0246862471729096,0.0410617003021994));
#10533=CARTESIAN_POINT('',(0.0762,0.0247354308021192,0.0398025993944323));
#10534=CARTESIAN_POINT('',(0.0762,0.0247354308021192,0.0398025993944323));
#10535=CARTESIAN_POINT('',(0.0762,0.0235894522415343,0.0398025993944323));
#10536=CARTESIAN_POINT('',(0.0762,0.0224434736809494,0.0398025993944323));
#10537=CARTESIAN_POINT('',(0.0762,0.0224434736809494,0.0398025993944323));
#10538=CARTESIAN_POINT('',(0.0762,0.0223057595191623,0.0406092109134706));
#10539=CARTESIAN_POINT('',(0.0762,0.0214617684419247,0.0406092109134706));
#10540=CARTESIAN_POINT('',(0.0762,0.0214617684419247,0.0406092109134706));
#10541=CARTESIAN_POINT('',(0.0762,0.0214617684419247,0.0406092109134706));
#10542=CARTESIAN_POINT('',(0.0762,0.0208695975462404,0.0406092109134706));
#10543=CARTESIAN_POINT('',(0.0762,0.0204416999721165,0.0401498358166525));
#10544=CARTESIAN_POINT('',(0.0762,0.0204416999721165,0.0401498358166525));
#10545=CARTESIAN_POINT('',(0.0762,0.0204416999721165,0.0401498358166525));
#10546=CARTESIAN_POINT('',(0.0762,0.0200138023979925,0.0396904607198343));
#10547=CARTESIAN_POINT('',(0.0762,0.0198623168200267,0.0388346655715863));
#10548=CARTESIAN_POINT('',(0.0762,0.0198623168200267,0.0388346655715863));
#10549=CARTESIAN_POINT('',(0.0762,0.0228566723544447,0.0382912644982843));
#10550=CARTESIAN_POINT('',(0.0762,0.0198131331908171,0.0382798742341015));
#10551=CARTESIAN_POINT('',(0.0762,0.0198131331908171,0.0382798742341015));
#10552=CARTESIAN_POINT('',(0.0762,0.0198131331908171,0.0376877033384172));
#10553=CARTESIAN_POINT('',(0.0762,0.0200895451869754,0.0373729281114754));
#10554=CARTESIAN_POINT('',(0.0762,0.0200895451869754,0.0373729281114754));
#10555=CARTESIAN_POINT('',(0.0762,0.0200895451869754,0.0373729281114754));
#10556=CARTESIAN_POINT('',(0.0762,0.0203659571831336,0.0370581528845337));
#10557=CARTESIAN_POINT('',(0.0762,0.0208459894042198,0.0370581528845337));
#10558=CARTESIAN_POINT('',(0.0762,0.0208459894042198,0.0370581528845337));
#10559=CARTESIAN_POINT('',(0.0762,0.0208459894042198,0.0370581528845337));
#10560=CARTESIAN_POINT('',(0.0762,0.0216762090652788,0.0370581528845337));
#10561=CARTESIAN_POINT('',(0.0762,0.0220913188958082,0.0378647644035719));
#10562=CARTESIAN_POINT('',(0.0762,0.0220913188958082,0.0378647644035719));
#10563=CARTESIAN_POINT('',(0.0762,0.0232431994918984,0.0378647644035719));
#10564=CARTESIAN_POINT('',(0.0762,0.0243950800879884,0.0378647644035719));
#10565=CARTESIAN_POINT('',(0.0762,0.0243950800879884,0.0378647644035719));
#10566=CARTESIAN_POINT('',(0.0762,0.0239052111410603,0.0366312389829938));
#10567=CARTESIAN_POINT('',(0.0762,0.0228851426712521,0.0359259457401274));
#10568=CARTESIAN_POINT('',(0.0762,0.0228851426712521,0.0359259457401274));
#10569=CARTESIAN_POINT('',(0.0762,0.0228851426712521,0.0359259457401274));
#10570=CARTESIAN_POINT('',(0.0762,0.0218650742014438,0.035220652497261));
#10571=CARTESIAN_POINT('',(0.0762,0.0205548223192987,0.035220652497261));
#10572=CARTESIAN_POINT('',(0.0762,0.0205548223192987,0.035220652497261));
#10573=CARTESIAN_POINT('',(0.0762,0.0205548223192987,0.035220652497261));
#10574=CARTESIAN_POINT('',(0.0762,0.0191953868079438,0.035220652497261));
#10575=CARTESIAN_POINT('',(0.0762,0.0183956609969948,0.0359692273338319));
#10576=CARTESIAN_POINT('',(0.0762,0.0183956609969948,0.0359692273338319));
#10577=CARTESIAN_POINT('',(0.0762,0.0183956609969948,0.0359692273338319));
#10578=CARTESIAN_POINT('',(0.0762,0.0175959351860459,0.0367178021704029));
#10579=CARTESIAN_POINT('',(0.0762,0.0175959351860459,0.0380162499815377));
#10580=CARTESIAN_POINT('',(0.0762,0.0175959351860459,0.0380162499815377));
#10581=CARTESIAN_POINT('',(0.0762,0.0222526416519793,0.0379885416563784));
#10582=CARTESIAN_POINT('',(0.0762,0.0091225795458067,0.0388464696425967));
#10583=CARTESIAN_POINT('',(0.0762,0.00931144468197177,0.039928509485209));
#10584=CARTESIAN_POINT('',(0.0762,0.00986525234687248,0.0407469250752577));
#10585=CARTESIAN_POINT('',(0.0762,0.0091225795458067,0.0388464696425967));
#10586=CARTESIAN_POINT('',(0.0762,0.00986525234687248,0.0407469250752577));
#10587=CARTESIAN_POINT('',(0.0762,0.00986525234687248,0.0407469250752577));
#10588=CARTESIAN_POINT('',(0.0762,0.0104190600117732,0.0415653406653064));
#10589=CARTESIAN_POINT('',(0.0762,0.0112000960436225,0.0420060259830249));
#10590=CARTESIAN_POINT('',(0.0762,0.0112000960436225,0.0420060259830249));
#10591=CARTESIAN_POINT('',(0.0762,0.0128507637861549,0.0391448397882742));
#10592=CARTESIAN_POINT('',(0.0762,0.0128487312947301,0.0424467113007434));
#10593=CARTESIAN_POINT('',(0.0762,0.0128487312947301,0.0424467113007434));
#10594=CARTESIAN_POINT('',(0.0762,0.01359238776838,0.0424467113007434));
#10595=CARTESIAN_POINT('',(0.0762,0.0140960281314869,0.042144723817396));
#10596=CARTESIAN_POINT('',(0.0762,0.0140960281314869,0.042144723817396));
#10597=CARTESIAN_POINT('',(0.0762,0.0140960281314869,0.042144723817396));
#10598=CARTESIAN_POINT('',(0.0762,0.0145996684945938,0.0418427363340488));
#10599=CARTESIAN_POINT('',(0.0762,0.0148259131889582,0.0413528673871206));
#10600=CARTESIAN_POINT('',(0.0762,0.0148259131889582,0.0413528673871206));
#10601=CARTESIAN_POINT('',(0.0762,0.0149144437215355,0.0418496220421381));
#10602=CARTESIAN_POINT('',(0.0762,0.0150029742541129,0.0423463766971557));
#10603=CARTESIAN_POINT('',(0.0762,0.0160791120612202,0.0423463766971557));
#10604=CARTESIAN_POINT('',(0.0762,0.0171552498683274,0.0423463766971557));
#10605=CARTESIAN_POINT('',(0.0762,0.016531601449949,0.0388336818990021));
#10606=CARTESIAN_POINT('',(0.0762,0.0159079530315706,0.0353209871008486));
#10607=CARTESIAN_POINT('',(0.0762,0.0148318152244633,0.0353209871008486));
#10608=CARTESIAN_POINT('',(0.0762,0.0137556774173561,0.0353209871008486));
#10609=CARTESIAN_POINT('',(0.0762,0.0138501099854386,0.0358187254284504));
#10610=CARTESIAN_POINT('',(0.0762,0.0139445425535212,0.0363164637560521));
#10611=CARTESIAN_POINT('',(0.0762,0.0139445425535212,0.0363164637560521));
#10612=CARTESIAN_POINT('',(0.0762,0.013541236794002,0.0358246274639555));
#10613=CARTESIAN_POINT('',(0.0762,0.012924474083713,0.0355226399806082));
#10614=CARTESIAN_POINT('',(0.0762,0.012924474083713,0.0355226399806082));
#10615=CARTESIAN_POINT('',(0.0762,0.012924474083713,0.0355226399806082));
#10616=CARTESIAN_POINT('',(0.0762,0.0123077113734239,0.035220652497261));
#10617=CARTESIAN_POINT('',(0.0762,0.0115640548997739,0.035220652497261));
#10618=CARTESIAN_POINT('',(0.0762,0.0115640548997739,0.035220652497261));
#10619=CARTESIAN_POINT('',(0.0762,0.0115640548997739,0.035220652497261));
#10620=CARTESIAN_POINT('',(0.0762,0.0108223657712923,0.035220652497261));
#10621=CARTESIAN_POINT('',(0.0762,0.0102488846547078,0.0355600195388076));
#10622=CARTESIAN_POINT('',(0.0762,0.0102488846547078,0.0355600195388076));
#10623=CARTESIAN_POINT('',(0.0762,0.0102488846547078,0.0355600195388076));
#10624=CARTESIAN_POINT('',(0.0762,0.00967540353812321,0.0358993865803542));
#10625=CARTESIAN_POINT('',(0.0762,0.00936062831118142,0.0365230349987326));
#10626=CARTESIAN_POINT('',(0.0762,0.00936062831118142,0.0365230349987326));
#10627=CARTESIAN_POINT('',(0.0762,0.00936062831118142,0.0365230349987326));
#10628=CARTESIAN_POINT('',(0.0762,0.00904585308423965,0.037146683417111));
#10629=CARTESIAN_POINT('',(0.0762,0.00904585308423965,0.0379906744943487));
#10630=CARTESIAN_POINT('',(0.0762,0.00904585308423965,0.0379906744943487));
#10631=CARTESIAN_POINT('',(0.0762,0.0141826346026137,0.037956717982265));
#10632=CARTESIAN_POINT('',(0.0762,0.00815366205037651,0.0397406280216282));
#10633=CARTESIAN_POINT('',(0.0762,0.00893371440964164,0.0441602689424076));
#10634=CARTESIAN_POINT('',(0.0762,0.00737360969111141,0.0353209871008486));
#10635=CARTESIAN_POINT('',(0.0762,0.00629648821141999,0.0353209871008486));
#10636=CARTESIAN_POINT('',(0.0762,0.00521936673172857,0.0353209871008486));
#10637=CARTESIAN_POINT('',(0.0762,0.00554102766675971,0.0371525854526161));
#10638=CARTESIAN_POINT('',(0.0762,0.00586268860179085,0.0389841838043837));
#10639=CARTESIAN_POINT('',(0.0762,0.00418749419091002,0.0389841838043837));
#10640=CARTESIAN_POINT('',(0.0762,0.0025122997800292,0.0389841838043837));
#10641=CARTESIAN_POINT('',(0.0762,0.00219162251758226,0.0371525854526161));
#10642=CARTESIAN_POINT('',(0.0762,0.00187094525513531,0.0353209871008486));
#10643=CARTESIAN_POINT('',(0.0762,0.000793823775443896,0.0353209871008486));
#10644=CARTESIAN_POINT('',(0.0762,-0.00028329770424753,0.0353209871008486));
#10645=CARTESIAN_POINT('',(0.0762,0.000497738327601777,0.0397406280216282));
#10646=CARTESIAN_POINT('',(0.0762,0.00127877435945108,0.0441602689424076));
#10647=CARTESIAN_POINT('',(0.0762,0.00235491216655832,0.0441602689424076));
#10648=CARTESIAN_POINT('',(0.0762,0.00343104997366555,0.0441602689424076));
#10649=CARTESIAN_POINT('',(0.0762,0.00312316045481312,0.0424221194861385));
#10650=CARTESIAN_POINT('',(0.0762,0.00281527093596069,0.0406839700298693));
#10651=CARTESIAN_POINT('',(0.0762,0.0044894816742573,0.0406839700298693));
#10652=CARTESIAN_POINT('',(0.0762,0.00616369241255391,0.0406839700298693));
#10653=CARTESIAN_POINT('',(0.0762,0.00647256560399054,0.0424221194861385));
#10654=CARTESIAN_POINT('',(0.0762,0.00678143879542716,0.0441602689424076));
#10655=CARTESIAN_POINT('',(0.0762,0.0078575766025344,0.0441602689424076));
#10656=CARTESIAN_POINT('',(0.0762,-0.0054180685937354,0.0410754717183782));
#10657=CARTESIAN_POINT('',(0.0762,-0.00492819964680725,0.0417050221722618));
#10658=CARTESIAN_POINT('',(0.0762,-0.00429176348483433,0.0420640626654922));
#10659=CARTESIAN_POINT('',(0.0762,-0.0054180685937354,0.0410754717183782));
#10660=CARTESIAN_POINT('',(0.0762,-0.00429176348483433,0.0420640626654922));
#10661=CARTESIAN_POINT('',(0.0762,-0.00429176348483433,0.0420640626654922));
#10662=CARTESIAN_POINT('',(0.0762,-0.0036553273228614,0.0424231031587227));
#10663=CARTESIAN_POINT('',(0.0762,-0.00296282182358947,0.0424231031587227));
#10664=CARTESIAN_POINT('',(0.0762,-0.00296282182358947,0.0424231031587227));
#10665=CARTESIAN_POINT('',(0.0762,-0.00316447470334905,0.0412830266336429));
#10666=CARTESIAN_POINT('',(0.0762,-0.00336612758310863,0.0401429501085631));
#10667=CARTESIAN_POINT('',(0.0762,-0.00366221303095075,0.0401429501085631));
#10668=CARTESIAN_POINT('',(0.0762,-0.00395829847879286,0.0401429501085631));
#10669=CARTESIAN_POINT('',(0.0762,-0.00395829847879286,0.0401429501085631));
#10670=CARTESIAN_POINT('',(0.0762,-0.00476294265266281,0.0401429501085631));
#10671=CARTESIAN_POINT('',(0.0762,-0.00522920345757033,0.0397966973589272));
#10672=CARTESIAN_POINT('',(0.0762,-0.00522920345757033,0.0397966973589272));
#10673=CARTESIAN_POINT('',(0.0762,-0.00522920345757033,0.0397966973589272));
#10674=CARTESIAN_POINT('',(0.0762,-0.00569546426247785,0.0394504446092912));
#10675=CARTESIAN_POINT('',(0.0762,-0.00584694984044358,0.0385828453900329));
#10676=CARTESIAN_POINT('',(0.0762,-0.00584694984044358,0.0385828453900329));
#10677=CARTESIAN_POINT('',(0.0762,-0.00613614958019634,0.0369519162454408));
#10678=CARTESIAN_POINT('',(0.0762,-0.00642534931994911,0.0353209871008486));
#10679=CARTESIAN_POINT('',(0.0762,-0.00750247079964054,0.0353209871008486));
#10680=CARTESIAN_POINT('',(0.0762,-0.00857959227933196,0.0353209871008486));
#10681=CARTESIAN_POINT('',(0.0762,-0.0079618458964587,0.0388336818990021));
#10682=CARTESIAN_POINT('',(0.0762,-0.00734409951358544,0.0423463766971557));
#10683=CARTESIAN_POINT('',(0.0762,-0.00626796170647822,0.0423463766971557));
#10684=CARTESIAN_POINT('',(0.0762,-0.005191823899371,0.0423463766971557));
#10685=CARTESIAN_POINT('',(0.0762,-0.0053049462465532,0.0417109242077669));
#10686=CARTESIAN_POINT('',(0.0762,-0.0133897512160361,0.035220652497261));
#10687=CARTESIAN_POINT('',(0.0762,-0.0142947299934937,0.035220652497261));
#10688=CARTESIAN_POINT('',(0.0762,-0.0150000232363602,0.0355855950259966));
#10689=CARTESIAN_POINT('',(0.0762,-0.0133897512160361,0.035220652497261));
#10690=CARTESIAN_POINT('',(0.0762,-0.0150000232363602,0.0355855950259966));
#10691=CARTESIAN_POINT('',(0.0762,-0.013825613139791,0.0379207137587347));
#10692=CARTESIAN_POINT('',(0.0762,-0.0160899324596461,0.0366174675668152));
#10693=CARTESIAN_POINT('',(0.0762,-0.0160899324596461,0.0366174675668152));
#10694=CARTESIAN_POINT('',(0.0762,-0.0164745484400656,0.037284397578898));
#10695=CARTESIAN_POINT('',(0.0762,-0.0164745484400656,0.038165768214335));
#10696=CARTESIAN_POINT('',(0.0762,-0.0164745484400656,0.038165768214335));
#10697=CARTESIAN_POINT('',(0.0762,-0.0164745484400656,0.038165768214335));
#10698=CARTESIAN_POINT('',(0.0762,-0.0164745484400656,0.0393619140767138));
#10699=CARTESIAN_POINT('',(0.0762,-0.0159079530315704,0.0403446029883227));
#10700=CARTESIAN_POINT('',(0.0762,-0.0159079530315704,0.0403446029883227));
#10701=CARTESIAN_POINT('',(0.0762,-0.0123726727944591,0.0383254633020617));
#10702=CARTESIAN_POINT('',(0.0762,-0.0143458809678718,0.0418870016003375));
#10703=CARTESIAN_POINT('',(0.0762,-0.0143458809678718,0.0418870016003375));
#10704=CARTESIAN_POINT('',(0.0762,-0.0133504043126684,0.0424467113007434));
#10705=CARTESIAN_POINT('',(0.0762,-0.012130650308269,0.0424467113007434));
#10706=CARTESIAN_POINT('',(0.0762,-0.012130650308269,0.0424467113007434));
#10707=CARTESIAN_POINT('',(0.0762,-0.012130650308269,0.0424467113007434));
#10708=CARTESIAN_POINT('',(0.0762,-0.0112237041856429,0.0424467113007434));
#10709=CARTESIAN_POINT('',(0.0762,-0.0105125089072714,0.0420758667365025));
#10710=CARTESIAN_POINT('',(0.0762,-0.0105125089072714,0.0420758667365025));
#10711=CARTESIAN_POINT('',(0.0762,-0.0105125089072714,0.0420758667365025));
#10712=CARTESIAN_POINT('',(0.0762,-0.00980131362889976,0.0417050221722618));
#10713=CARTESIAN_POINT('',(0.0762,-0.00941079561297511,0.0410371084875946));
#10714=CARTESIAN_POINT('',(0.0762,-0.00941079561297511,0.0410371084875946));
#10715=CARTESIAN_POINT('',(0.0762,-0.00941079561297511,0.0410371084875946));
#10716=CARTESIAN_POINT('',(0.0762,-0.00902027759705046,0.0403691948029275));
#10717=CARTESIAN_POINT('',(0.0762,-0.00902027759705046,0.0394878241674905));
#10718=CARTESIAN_POINT('',(0.0762,-0.00902027759705046,0.0394878241674905));
#10719=CARTESIAN_POINT('',(0.0762,-0.00902027759705046,0.0394878241674905));
#10720=CARTESIAN_POINT('',(0.0762,-0.00902027759705046,0.0382798742341015));
#10721=CARTESIAN_POINT('',(0.0762,-0.00959277504105083,0.0373040710305819));
#10722=CARTESIAN_POINT('',(0.0762,-0.00959277504105083,0.0373040710305819));
#10723=CARTESIAN_POINT('',(0.0762,-0.0131138472206551,0.0393541585080103));
#10724=CARTESIAN_POINT('',(0.0762,-0.0111666511757597,0.0357744601621617));
#10725=CARTESIAN_POINT('',(0.0762,-0.0111666511757597,0.0357744601621617));
#10726=CARTESIAN_POINT('',(0.0762,-0.0121680298664683,0.035220652497261));
#10727=CARTESIAN_POINT('',(0.0762,-0.0133897512160361,0.035220652497261));
#10728=CARTESIAN_POINT('',(0.0762,-0.0162227282585122,0.0433536574233694));
#10729=CARTESIAN_POINT('',(0.0762,-0.016838507296217,0.0433910369815687));
#10730=CARTESIAN_POINT('',(0.0762,-0.0171218050004646,0.0431775800307988));
#10731=CARTESIAN_POINT('',(0.0762,-0.0162227282585122,0.0433536574233694));
#10732=CARTESIAN_POINT('',(0.0762,-0.0171218050004646,0.0431775800307988));
#10733=CARTESIAN_POINT('',(0.0762,-0.0171218050004646,0.0431775800307988));
#10734=CARTESIAN_POINT('',(0.0762,-0.0174051027047123,0.0429641230800289));
#10735=CARTESIAN_POINT('',(0.0762,-0.0175054373083,0.042409331742544));
#10736=CARTESIAN_POINT('',(0.0762,-0.0175054373083,0.042409331742544));
#10737=CARTESIAN_POINT('',(0.0762,-0.0175123230163893,0.0423778542198498));
#10738=CARTESIAN_POINT('',(0.0762,-0.0175192087244786,0.0423463766971557));
#10739=CARTESIAN_POINT('',(0.0762,-0.016939825572389,0.0423463766971557));
#10740=CARTESIAN_POINT('',(0.0762,-0.0163604424202992,0.0423463766971557));
#10741=CARTESIAN_POINT('',(0.0762,-0.0165178300337701,0.0414522183181241));
#10742=CARTESIAN_POINT('',(0.0762,-0.016675217647241,0.0405580599390926));
#10743=CARTESIAN_POINT('',(0.0762,-0.0172546007993308,0.0405580599390926));
#10744=CARTESIAN_POINT('',(0.0762,-0.0178339839514205,0.0405580599390926));
#10745=CARTESIAN_POINT('',(0.0762,-0.0182933590482386,0.0379395235199707));
#10746=CARTESIAN_POINT('',(0.0762,-0.0187527341450568,0.0353209871008486));
#10747=CARTESIAN_POINT('',(0.0762,-0.0198357576602534,0.0353209871008486));
#10748=CARTESIAN_POINT('',(0.0762,-0.02091878117545,0.0353209871008486));
#10749=CARTESIAN_POINT('',(0.0762,-0.0204594060786318,0.0379395235199707));
#10750=CARTESIAN_POINT('',(0.0762,-0.0200000309818136,0.0405580599390926));
#10751=CARTESIAN_POINT('',(0.0762,-0.0203895653251541,0.0405580599390926));
#10752=CARTESIAN_POINT('',(0.0762,-0.0207790996684946,0.0405580599390926));
#10753=CARTESIAN_POINT('',(0.0762,-0.0206217120550237,0.0414522183181242));
#10754=CARTESIAN_POINT('',(0.0762,-0.0204643244415528,0.0423463766971557));
#10755=CARTESIAN_POINT('',(0.0762,-0.0200747900982123,0.0423463766971557));
#10756=CARTESIAN_POINT('',(0.0762,-0.0196852557548718,0.0423463766971557));
#10757=CARTESIAN_POINT('',(0.0762,-0.019665582303188,0.0424476949733275));
#10758=CARTESIAN_POINT('',(0.0762,-0.0196459088515041,0.0425490132494994));
#10759=CARTESIAN_POINT('',(0.0762,-0.0196459088515041,0.0425490132494994));
#10760=CARTESIAN_POINT('',(0.0762,-0.0194078600861293,0.0438454937154659));
#10761=CARTESIAN_POINT('',(0.0762,-0.018545179229792,0.0445193094356382));
#10762=CARTESIAN_POINT('',(0.0762,-0.018545179229792,0.0445193094356382));
#10763=CARTESIAN_POINT('',(0.0762,-0.018545179229792,0.0445193094356382));
#10764=CARTESIAN_POINT('',(0.0762,-0.0176824983734547,0.0451931251558104));
#10765=CARTESIAN_POINT('',(0.0762,-0.0162463364005328,0.0451931251558104));
#10766=CARTESIAN_POINT('',(0.0762,-0.0162463364005328,0.0451931251558104));
#10767=CARTESIAN_POINT('',(0.0762,-0.0161967202422723,0.0420083884148111));
#10768=CARTESIAN_POINT('',(0.0762,-0.0159079530315704,0.0451793537396317));
#10769=CARTESIAN_POINT('',(0.0762,-0.0160653406450413,0.0442665055815005));
#10770=CARTESIAN_POINT('',(0.0762,-0.0274129875762926,0.0424467113007434));
#10771=CARTESIAN_POINT('',(0.0762,-0.0260535520649378,0.0424467113007434));
#10772=CARTESIAN_POINT('',(0.0762,-0.0252538262539889,0.0417109242077669));
#10773=CARTESIAN_POINT('',(0.0762,-0.0274129875762926,0.0424467113007434));
#10774=CARTESIAN_POINT('',(0.0762,-0.0252538262539889,0.0417109242077669));
#10775=CARTESIAN_POINT('',(0.0762,-0.0252538262539889,0.0417109242077669));
#10776=CARTESIAN_POINT('',(0.0762,-0.0244541004430399,0.0409751371147905));
#10777=CARTESIAN_POINT('',(0.0762,-0.0244541004430399,0.0397022647908447));
#10778=CARTESIAN_POINT('',(0.0762,-0.0244541004430399,0.0397022647908447));
#10779=CARTESIAN_POINT('',(0.0762,-0.0284170276232764,0.0396580624533123));
#10780=CARTESIAN_POINT('',(0.0762,-0.0245167190097464,0.0389605151402775));
#10781=CARTESIAN_POINT('',(0.0762,-0.0295861765932519,0.0398802199053259));
#10782=CARTESIAN_POINT('',(0.0762,-0.0246687882962437,0.0383428292794898));
#10783=CARTESIAN_POINT('',(0.0762,-0.0271050980574402,0.0383428292794898));
#10784=CARTESIAN_POINT('',(0.0762,-0.0295422428573836,0.0383428292794898));
#10785=CARTESIAN_POINT('',(0.0762,-0.0277259884052391,0.0381409869487569));
#10786=CARTESIAN_POINT('',(0.0762,-0.0295534591194968,0.0381028131689467));
#10787=CARTESIAN_POINT('',(0.0762,-0.0295534591194968,0.0381028131689467));
#10788=CARTESIAN_POINT('',(0.0762,-0.0295534591194968,0.0375499891766302));
#10789=CARTESIAN_POINT('',(0.0762,-0.0292514716361495,0.0372598057642932));
#10790=CARTESIAN_POINT('',(0.0762,-0.0292514716361495,0.0372598057642932));
#10791=CARTESIAN_POINT('',(0.0762,-0.0292514716361495,0.0372598057642932));
#10792=CARTESIAN_POINT('',(0.0762,-0.0289494841528022,0.0369696223519562));
#10793=CARTESIAN_POINT('',(0.0762,-0.0284458437896954,0.0369696223519562));
#10794=CARTESIAN_POINT('',(0.0762,-0.0284458437896954,0.0369696223519562));
#10795=CARTESIAN_POINT('',(0.0762,-0.0284458437896954,0.0369696223519562));
#10796=CARTESIAN_POINT('',(0.0762,-0.0276411996158254,0.0369696223519562));
#10797=CARTESIAN_POINT('',(0.0762,-0.0272123183691172,0.0376503237802179));
#10798=CARTESIAN_POINT('',(0.0762,-0.0272123183691172,0.0376503237802179));
#10799=CARTESIAN_POINT('',(0.0762,-0.0260663398085323,0.0376503237802179));
#10800=CARTESIAN_POINT('',(0.0762,-0.0249203612479474,0.0376503237802179));
#10801=CARTESIAN_POINT('',(0.0762,-0.0249203612479474,0.0376503237802179));
#10802=CARTESIAN_POINT('',(0.0762,-0.0253748179818446,0.0365800880086158));
#10803=CARTESIAN_POINT('',(0.0762,-0.0263939027790687,0.0359003702529384));
#10804=CARTESIAN_POINT('',(0.0762,-0.0263939027790687,0.0359003702529384));
#10805=CARTESIAN_POINT('',(0.0762,-0.0263939027790687,0.0359003702529384));
#10806=CARTESIAN_POINT('',(0.0762,-0.0274129875762926,0.035220652497261));
#10807=CARTESIAN_POINT('',(0.0762,-0.0286858599002385,0.035220652497261));
#10808=CARTESIAN_POINT('',(0.0762,-0.0286858599002385,0.035220652497261));
#10809=CARTESIAN_POINT('',(0.0762,-0.0286858599002385,0.035220652497261));
#10810=CARTESIAN_POINT('',(0.0762,-0.0300452954115934,0.035220652497261));
#10811=CARTESIAN_POINT('',(0.0762,-0.0308578089661368,0.0359761130419212));
#10812=CARTESIAN_POINT('',(0.0762,-0.0308578089661368,0.0359761130419212));
#10813=CARTESIAN_POINT('',(0.0762,-0.0308578089661368,0.0359761130419212));
#10814=CARTESIAN_POINT('',(0.0762,-0.0316703225206803,0.0367315735865816));
#10815=CARTESIAN_POINT('',(0.0762,-0.0316703225206803,0.038028054052548));
#10816=CARTESIAN_POINT('',(0.0762,-0.0316703225206803,0.038028054052548));
#10817=CARTESIAN_POINT('',(0.0762,-0.027211001400382,0.038007875723297));
#10818=CARTESIAN_POINT('',(0.0762,-0.0315935960591133,0.0388346655715863));
#10819=CARTESIAN_POINT('',(0.0762,-0.0315935960591133,0.0388346655715863));
#10820=CARTESIAN_POINT('',(0.0762,-0.0314047309229482,0.039928509485209));
#10821=CARTESIAN_POINT('',(0.0762,-0.0308135436998482,0.0407469250752577));
#10822=CARTESIAN_POINT('',(0.0762,-0.0308135436998482,0.0407469250752577));
#10823=CARTESIAN_POINT('',(0.0762,-0.0275523054695898,0.0384267079480941));
#10824=CARTESIAN_POINT('',(0.0762,-0.0293409858413111,0.0420060259830249));
#10825=CARTESIAN_POINT('',(0.0762,-0.0293409858413111,0.0420060259830249));
#10826=CARTESIAN_POINT('',(0.0762,-0.0284596152058741,0.0424467113007434));
#10827=CARTESIAN_POINT('',(0.0762,-0.0274129875762926,0.0424467113007434));
#10828=CARTESIAN_POINT('',(0.0762,-0.0401436781609195,0.0388464696425967));
#10829=CARTESIAN_POINT('',(0.0762,-0.0399548130247544,0.039928509485209));
#10830=CARTESIAN_POINT('',(0.0762,-0.0394010053598537,0.0407469250752577));
#10831=CARTESIAN_POINT('',(0.0762,-0.0401436781609195,0.0388464696425967));
#10832=CARTESIAN_POINT('',(0.0762,-0.0394010053598537,0.0407469250752577));
#10833=CARTESIAN_POINT('',(0.0762,-0.0394010053598537,0.0407469250752577));
#10834=CARTESIAN_POINT('',(0.0762,-0.038847197694953,0.0415653406653064));
#10835=CARTESIAN_POINT('',(0.0762,-0.0380661616631037,0.0420060259830249));
#10836=CARTESIAN_POINT('',(0.0762,-0.0380661616631037,0.0420060259830249));
#10837=CARTESIAN_POINT('',(0.0762,-0.0364154939205701,0.0391448397882684));
#10838=CARTESIAN_POINT('',(0.0762,-0.0364175264119961,0.0424467113007434));
#10839=CARTESIAN_POINT('',(0.0762,-0.0364175264119961,0.0424467113007434));
#10840=CARTESIAN_POINT('',(0.0762,-0.0357250209127242,0.0424467113007434));
#10841=CARTESIAN_POINT('',(0.0762,-0.0352026907705176,0.0421575115609906));
#10842=CARTESIAN_POINT('',(0.0762,-0.0352026907705176,0.0421575115609906));
#10843=CARTESIAN_POINT('',(0.0762,-0.0352026907705176,0.0421575115609906));
#10844=CARTESIAN_POINT('',(0.0762,-0.0346803606283112,0.0418683118212378));
#10845=CARTESIAN_POINT('',(0.0762,-0.034440344517768,0.0413764755291413));
#10846=CARTESIAN_POINT('',(0.0762,-0.034440344517768,0.0413764755291413));
#10847=CARTESIAN_POINT('',(0.0762,-0.0341511447780152,0.0430074046737334));
#10848=CARTESIAN_POINT('',(0.0762,-0.0338619450382625,0.0446383338183255));
#10849=CARTESIAN_POINT('',(0.0762,-0.032784823558571,0.0446383338183255));
#10850=CARTESIAN_POINT('',(0.0762,-0.0317077020788797,0.0446383338183255));
#10851=CARTESIAN_POINT('',(0.0762,-0.0325330033770177,0.0399796604595871));
#10852=CARTESIAN_POINT('',(0.0762,-0.0333583046751557,0.0353209871008486));
#10853=CARTESIAN_POINT('',(0.0762,-0.0344344424822629,0.0353209871008486));
#10854=CARTESIAN_POINT('',(0.0762,-0.0355105802893701,0.0353209871008486));
#10855=CARTESIAN_POINT('',(0.0762,-0.0354220497567927,0.0358246274639555));
#10856=CARTESIAN_POINT('',(0.0762,-0.0353336806638091,0.0363273494151512));
#10857=CARTESIAN_POINT('',(0.0762,-0.0376466046126828,0.0381937062004097));
#10858=CARTESIAN_POINT('',(0.0762,-0.0363417836230132,0.0355226399806082));
#10859=CARTESIAN_POINT('',(0.0762,-0.0363417836230132,0.0355226399806082));
#10860=CARTESIAN_POINT('',(0.0762,-0.036946742262292,0.035220652497261));
#10861=CARTESIAN_POINT('',(0.0762,-0.0376884313907735,0.035220652497261));
#10862=CARTESIAN_POINT('',(0.0762,-0.0376884313907735,0.035220652497261));
#10863=CARTESIAN_POINT('',(0.0762,-0.0376884313907735,0.035220652497261));
#10864=CARTESIAN_POINT('',(0.0762,-0.0384320878644236,0.035220652497261));
#10865=CARTESIAN_POINT('',(0.0762,-0.0390045853084239,0.0355600195388076));
#10866=CARTESIAN_POINT('',(0.0762,-0.0390045853084239,0.0355600195388076));
#10867=CARTESIAN_POINT('',(0.0762,-0.0390045853084239,0.0355600195388076));
#10868=CARTESIAN_POINT('',(0.0762,-0.0395770827524243,0.0358993865803542));
#10869=CARTESIAN_POINT('',(0.0762,-0.0398987436874554,0.0365289370342377));
#10870=CARTESIAN_POINT('',(0.0762,-0.0398987436874554,0.0365289370342377));
#10871=CARTESIAN_POINT('',(0.0762,-0.0398987436874554,0.0365289370342377));
#10872=CARTESIAN_POINT('',(0.0762,-0.0402204046224865,0.0371584874881214));
#10873=CARTESIAN_POINT('',(0.0762,-0.0402204046224865,0.038002478565359));
#10874=CARTESIAN_POINT('',(0.0762,-0.0402204046224865,0.038002478565359));
#10875=CARTESIAN_POINT('',(0.0762,-0.035141194293783,0.0379604500489393));
#10876=CARTESIAN_POINT('',(0.0762,-0.0486937602627257,0.0388464696425967));
#10877=CARTESIAN_POINT('',(0.0762,-0.0485048951265607,0.039928509485209));
#10878=CARTESIAN_POINT('',(0.0762,-0.04795108746166,0.0407469250752577));
#10879=CARTESIAN_POINT('',(0.0762,-0.0486937602627257,0.0388464696425967));
#10880=CARTESIAN_POINT('',(0.0762,-0.04795108746166,0.0407469250752577));
#10881=CARTESIAN_POINT('',(0.0762,-0.04795108746166,0.0407469250752577));
#10882=CARTESIAN_POINT('',(0.0762,-0.0473972797967593,0.0415653406653064));
#10883=CARTESIAN_POINT('',(0.0762,-0.04661624376491,0.0420060259830249));
#10884=CARTESIAN_POINT('',(0.0762,-0.04661624376491,0.0420060259830249));
#10885=CARTESIAN_POINT('',(0.0762,-0.0449655760223764,0.0391448397882684));
#10886=CARTESIAN_POINT('',(0.0762,-0.0449676085138023,0.0424467113007434));
#10887=CARTESIAN_POINT('',(0.0762,-0.0449676085138023,0.0424467113007434));
#10888=CARTESIAN_POINT('',(0.0762,-0.0442239520401524,0.0424467113007434));
#10889=CARTESIAN_POINT('',(0.0762,-0.0437203116770455,0.042144723817396));
#10890=CARTESIAN_POINT('',(0.0762,-0.0437203116770455,0.042144723817396));
#10891=CARTESIAN_POINT('',(0.0762,-0.0437203116770455,0.042144723817396));
#10892=CARTESIAN_POINT('',(0.0762,-0.0432166713139387,0.0418427363340488));
#10893=CARTESIAN_POINT('',(0.0762,-0.0429904266195743,0.0413528673871206));
#10894=CARTESIAN_POINT('',(0.0762,-0.0429904266195743,0.0413528673871206));
#10895=CARTESIAN_POINT('',(0.0762,-0.0429018960869969,0.0418496220421381));
#10896=CARTESIAN_POINT('',(0.0762,-0.0428133655544195,0.0423463766971557));
#10897=CARTESIAN_POINT('',(0.0762,-0.0417372277473123,0.0423463766971557));
#10898=CARTESIAN_POINT('',(0.0762,-0.0406610899402051,0.0423463766971557));
#10899=CARTESIAN_POINT('',(0.0762,-0.0412847383585834,0.0388336818990021));
#10900=CARTESIAN_POINT('',(0.0762,-0.0419083867769619,0.0353209871008486));
#10901=CARTESIAN_POINT('',(0.0762,-0.0429845245840691,0.0353209871008486));
#10902=CARTESIAN_POINT('',(0.0762,-0.0440606623911763,0.0353209871008486));
#10903=CARTESIAN_POINT('',(0.0762,-0.0439662298230938,0.0358187254284504));
#10904=CARTESIAN_POINT('',(0.0762,-0.0438717972550113,0.0363164637560521));
#10905=CARTESIAN_POINT('',(0.0762,-0.0438717972550113,0.0363164637560521));
#10906=CARTESIAN_POINT('',(0.0762,-0.0442751030145305,0.0358246274639555));
#10907=CARTESIAN_POINT('',(0.0762,-0.0448918657248195,0.0355226399806082));
#10908=CARTESIAN_POINT('',(0.0762,-0.0448918657248195,0.0355226399806082));
#10909=CARTESIAN_POINT('',(0.0762,-0.0448918657248195,0.0355226399806082));
#10910=CARTESIAN_POINT('',(0.0762,-0.0455086284351086,0.035220652497261));
#10911=CARTESIAN_POINT('',(0.0762,-0.0462522849087585,0.035220652497261));
#10912=CARTESIAN_POINT('',(0.0762,-0.0462522849087585,0.035220652497261));
#10913=CARTESIAN_POINT('',(0.0762,-0.0462522849087585,0.035220652497261));
#10914=CARTESIAN_POINT('',(0.0762,-0.0469939740372401,0.035220652497261));
#10915=CARTESIAN_POINT('',(0.0762,-0.0475674551538247,0.0355600195388076));
#10916=CARTESIAN_POINT('',(0.0762,-0.0475674551538247,0.0355600195388076));
#10917=CARTESIAN_POINT('',(0.0762,-0.0475674551538247,0.0355600195388076));
#10918=CARTESIAN_POINT('',(0.0762,-0.0481409362704092,0.0358993865803542));
#10919=CARTESIAN_POINT('',(0.0762,-0.048455711497351,0.0365230349987326));
#10920=CARTESIAN_POINT('',(0.0762,-0.048455711497351,0.0365230349987326));
#10921=CARTESIAN_POINT('',(0.0762,-0.048455711497351,0.0365230349987326));
#10922=CARTESIAN_POINT('',(0.0762,-0.0487704867242928,0.037146683417111));
#10923=CARTESIAN_POINT('',(0.0762,-0.0487704867242928,0.0379906744943487));
#10924=CARTESIAN_POINT('',(0.0762,-0.0487704867242928,0.0379906744943487));
#10925=CARTESIAN_POINT('',(0.0762,-0.0436337052059202,0.0379567179822648));
#10926=CARTESIAN_POINT('',(0.0762,-0.0496636614307401,0.0397406280216282));
#10927=CARTESIAN_POINT('',(0.0762,-0.0488826253988908,0.0441602689424076));
#10928=CARTESIAN_POINT('',(0.0762,-0.0504446974625894,0.0353209871008486));
#10929=CARTESIAN_POINT('',(0.0762,-0.0515208352696967,0.0353209871008486));
#10930=CARTESIAN_POINT('',(0.0762,-0.0525969730768039,0.0353209871008486));
#10931=CARTESIAN_POINT('',(0.0762,-0.0521248102363912,0.0379710010426648));
#10932=CARTESIAN_POINT('',(0.0762,-0.0516526473959785,0.040621014984481));
#10933=CARTESIAN_POINT('',(0.0762,-0.0531134011835052,0.0379710010426648));
#10934=CARTESIAN_POINT('',(0.0762,-0.054574154971032,0.0353209871008486));
#10935=CARTESIAN_POINT('',(0.0762,-0.0554427378628745,0.0353209871008486));
#10936=CARTESIAN_POINT('',(0.0762,-0.056311320754717,0.0353209871008486));
#10937=CARTESIAN_POINT('',(0.0762,-0.0568405366050128,0.0379837887862593));
#10938=CARTESIAN_POINT('',(0.0762,-0.0573697524553087,0.04064659047167));
#10939=CARTESIAN_POINT('',(0.0762,-0.057835029587632,0.0379837887862593));
#10940=CARTESIAN_POINT('',(0.0762,-0.0583003067199554,0.0353209871008486));
#10941=CARTESIAN_POINT('',(0.0762,-0.0593774281996468,0.0353209871008486));
#10942=CARTESIAN_POINT('',(0.0762,-0.0604545496793382,0.0353209871008486));
#10943=CARTESIAN_POINT('',(0.0762,-0.0596735136474889,0.0397406280216282));
#10944=CARTESIAN_POINT('',(0.0762,-0.0588924776156396,0.0441602689424076));
#10945=CARTESIAN_POINT('',(0.0762,-0.0576205889642779,0.0441602689424076));
#10946=CARTESIAN_POINT('',(0.0762,-0.0563487003129163,0.0441602689424076));
#10947=CARTESIAN_POINT('',(0.0762,-0.0556434070700499,0.041100063532983));
#10948=CARTESIAN_POINT('',(0.0762,-0.0549381138271834,0.0380398581235583));
#10949=CARTESIAN_POINT('',(0.0762,-0.0531753725563094,0.041100063532983));
#10950=CARTESIAN_POINT('',(0.0762,-0.0514126312854354,0.0441602689424076));
#10951=CARTESIAN_POINT('',(0.0762,-0.0501476283421631,0.0441602689424076));
#10952=CARTESIAN_POINT('',(0.0762,0.,0.));
#10953=CARTESIAN_POINT('',(0.0762,0.0762,0.));
#10954=CARTESIAN_POINT('',(0.0762,-0.0762,0.));
#10955=CARTESIAN_POINT('',(0.0762,0.0762,0.0508));
#10956=CARTESIAN_POINT('',(0.0762,0.0762,0.0508));
#10957=CARTESIAN_POINT('',(0.0762,0.,0.0508));
#10958=CARTESIAN_POINT('',(0.0762,-0.0762,0.0508));
#10959=CARTESIAN_POINT('',(0.0762,-0.0762,0.0508));
#10960=CARTESIAN_POINT('',(0.,0.0659911357683743,0.0508));
#10961=CARTESIAN_POINT('',(1.38777878078145E-17,-0.0762,0.0508));
#10962=CARTESIAN_POINT('',(-0.0762,-0.0762,0.0508));
#10963=CARTESIAN_POINT('',(-0.0762,0.0762,0.0508));
#10964=CARTESIAN_POINT('',(1.11022302462516E-16,0.208182271536748,0.0508));
#10965=CARTESIAN_POINT('',(0.0762,0.0762,0.0508));
#10966=CARTESIAN_POINT('',(-0.0762,0.0762,0.0508));
#10967=CARTESIAN_POINT('',(-0.0762,0.,0.0508));
#10968=CARTESIAN_POINT('',(0.06985,-1.15648231731787E-18,0.0508));
#10969=CARTESIAN_POINT('',(0.06985,0.0762,0.0508));
#10970=CARTESIAN_POINT('',(0.06985,-0.06985,0.0508));
#10971=CARTESIAN_POINT('',(1.38777878078145E-17,-0.06985,0.0508));
#10972=CARTESIAN_POINT('',(-0.06985,-0.06985,0.0508));
#10973=CARTESIAN_POINT('',(-0.06985,1.15648231731787E-18,0.0508));
#10974=CARTESIAN_POINT('',(-0.06985,0.0762,0.0508));
#10975=CARTESIAN_POINT('',(0.0762,0.0762,0.0508));
#10976=CARTESIAN_POINT('',(2.77555756156289E-17,0.200795997126714,0.0508));
#10977=CARTESIAN_POINT('',(-0.0762,0.0762,0.0508));
#10978=CARTESIAN_POINT('',(-0.0762,0.0762,0.0508));
#10979=CARTESIAN_POINT('',(-0.0762,0.0762,-60.0159347987168));
#10980=CARTESIAN_POINT('',(1.53871863639576E-7,0.208182182698667,0.0507595687100536));
#10981=CARTESIAN_POINT('',(1.53257186191747E-7,0.208182183053552,0.0507595687088859));
#10982=CARTESIAN_POINT('',(7.10522043905444E-6,0.208178169324933,0.049842416092287));
#10983=CARTESIAN_POINT('',(0.000509679720554972,0.207888997547242,0.0480891164384928));
#10984=CARTESIAN_POINT('',(0.00199639905715493,0.20701405373439,0.0459553239507755));
#10985=CARTESIAN_POINT('',(0.0037209362059173,0.205968607812741,0.0441919142366847));
#10986=CARTESIAN_POINT('',(0.00620717122053666,0.204413719025255,0.0421125883038976));
#10987=CARTESIAN_POINT('',(0.00946141932814024,0.202276977743922,0.0398838149851799));
#10988=CARTESIAN_POINT('',(0.0133807276003985,0.19952419781564,0.0375386038691601));
#10989=CARTESIAN_POINT('',(0.0172867969791499,0.196591158490277,0.0353905107417995));
#10990=CARTESIAN_POINT('',(0.0224303927336768,0.192462959717734,0.0327089499978914));
#10991=CARTESIAN_POINT('',(0.0287088321587487,0.186896686782302,0.0295957809840694));
#10992=CARTESIAN_POINT('',(0.0357729250461261,0.17974465331747,0.0261536702878385));
#10993=CARTESIAN_POINT('',(0.0423682375565612,0.172123648725288,0.0229096805300862));
#10994=CARTESIAN_POINT('',(0.0484737852849382,0.164043872932643,0.0198181147437448));
#10995=CARTESIAN_POINT('',(0.0540745371802942,0.155507377094822,0.0168514185297312));
#10996=CARTESIAN_POINT('',(0.0591543416607394,0.146488692756698,0.0139906592414291));
#10997=CARTESIAN_POINT('',(0.0650477360443919,0.134134575005488,0.0104054790772974));
#10998=CARTESIAN_POINT('',(0.0696778470683575,0.121237448200907,0.00712778882078959));
#10999=CARTESIAN_POINT('',(0.0730101486245947,0.107802727615819,0.00421719930940095));
#11000=CARTESIAN_POINT('',(0.0748421303744758,0.0973973156373192,0.00226375890226832));
#11001=CARTESIAN_POINT('',(0.075763165950254,0.0886415893880563,0.000937933910446039));
#11002=CARTESIAN_POINT('',(0.0761365515982043,0.081566940765025,0.000199459310769158));
#11003=CARTESIAN_POINT('',(0.0762,0.0779987983185363,-2.52746711861842E-33));
#11004=CARTESIAN_POINT('',(0.0762,0.0762,-2.52746711861842E-33));
#11005=CARTESIAN_POINT('',(0.0762,0.0762,0.0508));
#11006=CARTESIAN_POINT('',(0.0762,0.0762,-60.0159347987168));
#11007=CARTESIAN_POINT('',(-1.53871863750598E-7,0.208182182698667,0.0507595687100536));
#11008=CARTESIAN_POINT('',(-0.0762,0.0762,0.));
#11009=CARTESIAN_POINT('',(-0.0762,0.0780048964938064,0.));
#11010=CARTESIAN_POINT('',(-0.0761361402270473,0.0815769638216418,0.000200414027415369));
#11011=CARTESIAN_POINT('',(-0.0757630928059042,0.0886397681410017,0.000937956698343447));
#11012=CARTESIAN_POINT('',(-0.0748454948508265,0.0973543372478971,0.00225766673808015));
#11013=CARTESIAN_POINT('',(-0.0730405448486175,0.107660789290123,0.00418834802054673));
#11014=CARTESIAN_POINT('',(-0.0705163511103494,0.117872265890899,0.00639702848917401));
#11015=CARTESIAN_POINT('',(-0.0673403402821154,0.127749496849043,0.00878403537390065));
#11016=CARTESIAN_POINT('',(-0.0635404767881946,0.137301740129611,0.0113231089637688));
#11017=CARTESIAN_POINT('',(-0.0591245492200695,0.14654071544017,0.0140074156255906));
#11018=CARTESIAN_POINT('',(-0.0541044457438006,0.155457703166442,0.0168350153291746));
#11019=CARTESIAN_POINT('',(-0.0484490107909429,0.164083609313315,0.0198314717881027));
#11020=CARTESIAN_POINT('',(-0.0423050072938497,0.172202301699711,0.0229411827331528));
#11021=CARTESIAN_POINT('',(-0.0357013554399627,0.179821799837888,0.0261885091315159));
#11022=CARTESIAN_POINT('',(-0.0286585953182106,0.186941477195482,0.0296205894614536));
#11023=CARTESIAN_POINT('',(-0.0224475666833309,0.192447770705139,0.0327004882437069));
#11024=CARTESIAN_POINT('',(-0.0172991700239172,0.196581949209661,0.035383734051229));
#11025=CARTESIAN_POINT('',(-0.0133643089117676,0.199536634621444,0.037547472723218));
#11026=CARTESIAN_POINT('',(-0.00941895049006982,0.202306011764256,0.0399101157236944));
#11027=CARTESIAN_POINT('',(-0.00616769240627784,0.204438901982242,0.0421425133566914));
#11028=CARTESIAN_POINT('',(-0.00369622184842325,0.205983777674976,0.0442145844485586));
#11029=CARTESIAN_POINT('',(-0.00197656833346245,0.207025853473919,0.0459798843903176));
#11030=CARTESIAN_POINT('',(-0.000504133989279675,0.207892170935548,0.048101660497295));
#11031=CARTESIAN_POINT('',(-7.03028570947489E-6,0.208178212588635,0.0498523020167263));
#11032=CARTESIAN_POINT('',(-1.53257186316647E-7,0.208182183053552,0.0507595687088859));
#11033=CARTESIAN_POINT('',(-0.0762,0.0762,0.));
#11034=CARTESIAN_POINT('',(-0.0762,0.0762,0.0508));
#11035=CARTESIAN_POINT('',(1.38777878078145E-17,-0.0762,0.0508));
#11036=CARTESIAN_POINT('',(0.,-0.0762,0.0254));
#11037=CARTESIAN_POINT('',(0.,-0.0762,0.00445577284792605));
#11038=CARTESIAN_POINT('',(1.38777878078145E-17,-0.0762,0.));
#11039=CARTESIAN_POINT('',(-0.0762,-0.0762,0.));
#11040=CARTESIAN_POINT('',(-0.0762,-0.0762,0.0508));
#11041=CARTESIAN_POINT('',(-0.0762,0.,0.0508));
#11042=CARTESIAN_POINT('',(-0.0762,0.,0.));
#11043=CARTESIAN_POINT('',(0.,0.0659911357683743,0.));
#11044=CARTESIAN_POINT('',(-0.250428548714554,0.0762,0.));
#11045=CARTESIAN_POINT('',(-0.0771144,0.0762,0.));
#11046=CARTESIAN_POINT('',(0.0771144,0.0762000000000001,0.));
#11047=CARTESIAN_POINT('',(-0.0771144,0.103371074769788,0.));
#11048=CARTESIAN_POINT('',(0.0771144,0.103371074769788,0.));
#11049=CARTESIAN_POINT('',(-0.0771144,0.208071084221172,0.0253730529542676));
#11050=CARTESIAN_POINT('',(0.0771144,0.208071084221172,0.0253730529542676));
#11051=CARTESIAN_POINT('',(-0.0771144,0.208182183053552,0.0507595687088859));
#11052=CARTESIAN_POINT('',(0.0771144,0.208182183053552,0.0507595687088859));
#11053=CARTESIAN_POINT('',(-0.250428548714554,0.208182182698667,0.0507595687100536));
#11054=CARTESIAN_POINT('',(-0.250428548714554,0.208182227117708,0.0507797843550268));
#11055=CARTESIAN_POINT('',(-0.0762,0.0762,0.0508));
#11056=CARTESIAN_POINT('',(2.75254664210526E-17,0.200795997126713,0.0479501003059036));
#11057=CARTESIAN_POINT('',(0.00107837670959734,0.200136487133084,0.0469101196501054));
#11058=CARTESIAN_POINT('',(0.00345513683401552,0.198641705955802,0.0452031187356611));
#11059=CARTESIAN_POINT('',(0.00709135873597304,0.196198664304485,0.0430113388621664));
#11060=CARTESIAN_POINT('',(0.0107243793446954,0.193594640484386,0.0410464295955584));
#11061=CARTESIAN_POINT('',(0.015518515822041,0.189929643405871,0.0386044674942603));
#11062=CARTESIAN_POINT('',(0.0213899035815394,0.184989762591233,0.0357770986469421));
#11063=CARTESIAN_POINT('',(0.0280552444224504,0.178619674664491,0.032631849826333));
#11064=CARTESIAN_POINT('',(0.0343196525047498,0.171827220009694,0.0296573760160752));
#11065=CARTESIAN_POINT('',(0.0401682004217813,0.164619224990745,0.0268099787535119));
#11066=CARTESIAN_POINT('',(0.0455919304092231,0.15698893092204,0.0240623767380217));
#11067=CARTESIAN_POINT('',(0.0505583359460471,0.148951373881966,0.0214081940973735));
#11068=CARTESIAN_POINT('',(0.0549952039396737,0.140605714332235,0.0188719850650827));
#11069=CARTESIAN_POINT('',(0.06015793946892,0.129168566164318,0.015670556982476));
#11070=CARTESIAN_POINT('',(0.0642112634107987,0.117264329516641,0.0127297065382399));
#11071=CARTESIAN_POINT('',(0.0671304421072321,0.104797829274775,0.0100980738681658));
#11072=CARTESIAN_POINT('',(0.0686957034937335,0.0953386939159496,0.00836587797781163));
#11073=CARTESIAN_POINT('',(0.069480041654915,0.0874140337066602,0.00719022788922808));
#11074=CARTESIAN_POINT('',(0.0697965220880602,0.081028148192644,0.00653291660237882));
#11075=CARTESIAN_POINT('',(0.06985,0.0778160595547997,0.00635));
#11076=CARTESIAN_POINT('',(0.06985,0.0762000000000001,0.00635));
#11077=CARTESIAN_POINT('',(9.76654962624944E-19,0.200795997126714,0.0479501003059035));
#11078=CARTESIAN_POINT('',(0.06985,0.0762,0.00635));
#11079=CARTESIAN_POINT('',(0.06985,0.0762,0.0508));
#11080=CARTESIAN_POINT('',(2.77555756156289E-17,0.200795997126714,0.0508));
#11081=CARTESIAN_POINT('',(0.0762,0.0762,0.0508));
#11082=CARTESIAN_POINT('',(-0.06985,0.0762,0.0508));
#11083=CARTESIAN_POINT('',(-0.06985,0.0762000007569766,0.00635));
#11084=CARTESIAN_POINT('',(-4.00533263822178E-17,0.200795997126713,0.0479501003059036));
#11085=CARTESIAN_POINT('',(-0.00108270941078756,0.200133837354292,0.0469059412165533));
#11086=CARTESIAN_POINT('',(-0.00344920656282891,0.198645570191006,0.0452074448335046));
#11087=CARTESIAN_POINT('',(-0.00710219397449522,0.196191341057371,0.0430047393498652));
#11088=CARTESIAN_POINT('',(-0.0107370882310187,0.193585270982228,0.0410398830708259));
#11089=CARTESIAN_POINT('',(-0.0155311908740138,0.189919076549073,0.0385982683253898));
#11090=CARTESIAN_POINT('',(-0.021377978728577,0.185000856821151,0.0357827809324338));
#11091=CARTESIAN_POINT('',(-0.0280936185563887,0.178582778129358,0.0326137512632009));
#11092=CARTESIAN_POINT('',(-0.0343814407798855,0.171756629144443,0.0296278362549598));
#11093=CARTESIAN_POINT('',(-0.0402442554583777,0.16452028483142,0.0267724198928599));
#11094=CARTESIAN_POINT('',(-0.0456777500306272,0.156859994841986,0.0240178268408012));
#11095=CARTESIAN_POINT('',(-0.0522700831112578,0.146162639459451,0.0204910515133934));
#11096=CARTESIAN_POINT('',(-0.0577685884488799,0.134950036070859,0.0172229240675566));
#11097=CARTESIAN_POINT('',(-0.0621929962716701,0.123188222063016,0.0141947750259922));
#11098=CARTESIAN_POINT('',(-0.0649630849476556,0.114071070292865,0.0120538721302278));
#11099=CARTESIAN_POINT('',(-0.0671448668712283,0.104719378510564,0.0100831036514442));
#11100=CARTESIAN_POINT('',(-0.0686960850065459,0.0953271838987192,0.00836452845261235));
#11101=CARTESIAN_POINT('',(-0.0694795919934618,0.0874190865508727,0.00719097583142604));
#11102=CARTESIAN_POINT('',(-0.0697962277546921,0.0810369254218991,0.00653368421490422));
#11103=CARTESIAN_POINT('',(-0.0698499999916002,0.0778206411833941,0.00635000003289435));
#11104=CARTESIAN_POINT('',(-0.06985,0.0762000007569767,0.00635000000000001));
#11105=CARTESIAN_POINT('',(1.38777878078145E-17,-0.06985,0.0508));
#11106=CARTESIAN_POINT('',(0.,-0.06985,0.0254));
#11107=CARTESIAN_POINT('',(0.,-0.06985,0.0145685022524306));
#11108=CARTESIAN_POINT('',(1.38777878078145E-17,-0.06985,0.00635));
#11109=CARTESIAN_POINT('',(0.06985,-0.06985,0.00635));
#11110=CARTESIAN_POINT('',(-0.06985,-0.06985,0.00635));
#11111=CARTESIAN_POINT('',(-0.06985,-0.06985,0.0508));
#11112=CARTESIAN_POINT('',(0.06985,-0.06985,0.0508));
#11113=CARTESIAN_POINT('',(0.06985,-1.15648231731787E-18,0.0508));
#11114=CARTESIAN_POINT('',(0.06985,-1.15648231731787E-18,0.00635));
#11115=CARTESIAN_POINT('',(-0.06985,1.15648231731787E-18,0.0508));
#11116=CARTESIAN_POINT('',(-0.06985,1.15648231731787E-18,0.00635));
#11117=CARTESIAN_POINT('',(0.,0.0659911357683743,0.00635));
#11118=CARTESIAN_POINT('',(0.,0.0762,0.00635));
#11119=CARTESIAN_POINT('',(-0.0706882,0.0762,0.00635));
#11120=CARTESIAN_POINT('',(0.0706882,0.0762000000000001,0.00635));
#11121=CARTESIAN_POINT('',(-0.0706882,0.0775405167000836,0.00635));
#11122=CARTESIAN_POINT('',(0.0706882,0.0775405167000836,0.00635));
#11123=CARTESIAN_POINT('',(-0.0706882,0.0808882535745982,0.00649944753149863));
#11124=CARTESIAN_POINT('',(0.0706882000000001,0.0808882535745982,0.00649944753149863));
#11125=CARTESIAN_POINT('',(-0.0706882,0.0895933537724025,0.0074314141498975));
#11126=CARTESIAN_POINT('',(0.0706882,0.0895933537724025,0.0074314141498975));
#11127=CARTESIAN_POINT('',(-0.0706882,0.103490329427682,0.00972046350547982));
#11128=CARTESIAN_POINT('',(0.0706882000000001,0.103490329427682,0.00972046350547982));
#11129=CARTESIAN_POINT('',(-0.0706882,0.123068628716383,0.0140279077043263));
#11130=CARTESIAN_POINT('',(0.0706882,0.123068628716383,0.0140279077043263));
#11131=CARTESIAN_POINT('',(-0.0706882000000001,0.143795642096194,0.0196456605804682));
#11132=CARTESIAN_POINT('',(0.0706882,0.143795642096195,0.0196456605804682));
#11133=CARTESIAN_POINT('',(-0.0706882,0.163923957892172,0.0263179583596326));
#11134=CARTESIAN_POINT('',(0.0706882,0.163923957892172,0.0263179583596326));
#11135=CARTESIAN_POINT('',(-0.0706882,0.181680456891112,0.0337486866504045));
#11136=CARTESIAN_POINT('',(0.0706882,0.181680456891112,0.0337486866504045));
#11137=CARTESIAN_POINT('',(-0.0706882,0.192939745364372,0.0402648871597419));
#11138=CARTESIAN_POINT('',(0.0706882,0.192939745364372,0.0402648871597419));
#11139=CARTESIAN_POINT('',(-0.0706882,0.198760481562184,0.0451856095414605));
#11140=CARTESIAN_POINT('',(0.0706882,0.198760481562184,0.0451856095414605));
#11141=CARTESIAN_POINT('',(-0.0706882,0.20042579252922,0.047318277687286));
#11142=CARTESIAN_POINT('',(0.0706882000000001,0.20042579252922,0.047318277687286));
#11143=CARTESIAN_POINT('',(-0.0706882,0.200955731217108,0.0482101136790389));
#11144=CARTESIAN_POINT('',(0.0706882000000001,0.200955731217108,0.0482101136790389));
#11145=CARTESIAN_POINT('',(0.,-0.10668,0.0254));
#11146=CARTESIAN_POINT('',(0.,-0.10668,0.0254));
#11147=CARTESIAN_POINT('',(0.,-0.10668,0.0145685022524306));
#11148=CARTESIAN_POINT('',(0.,-0.10668,0.0254));
#11149=CARTESIAN_POINT('',(0.,-0.10668,0.0254));
#11150=CARTESIAN_POINT('',(0.,-0.10668,0.00445577284792605));
#11151=CARTESIAN_POINT('',(1.38777878078145E-17,-0.10668,0.0254));
#11152=CARTESIAN_POINT('',(0.076708,-0.0496636614307401,0.0397406280216282));
#11153=CARTESIAN_POINT('',(0.076708,-0.0488826253988908,0.0441602689424076));
#11154=CARTESIAN_POINT('',(0.076708,-0.0488826253988908,0.0441602689424076));
#11155=CARTESIAN_POINT('',(0.076708,-0.0496636614307401,0.0397406280216282));
#11156=CARTESIAN_POINT('',(0.076708,-0.0504446974625894,0.0353209871008486));
#11157=CARTESIAN_POINT('',(0.076708,-0.0504446974625894,0.0353209871008486));
#11158=CARTESIAN_POINT('',(0.076708,-0.0501476283421631,0.0441602689424076));
#11159=CARTESIAN_POINT('',(0.076708,-0.0514126312854354,0.0441602689424076));
#11160=CARTESIAN_POINT('',(0.076708,-0.0514126312854354,0.0441602689424076));
#11161=CARTESIAN_POINT('',(0.076708,-0.0501476283421631,0.0441602689424076));
#11162=CARTESIAN_POINT('',(0.076708,-0.0531753725563094,0.041100063532983));
#11163=CARTESIAN_POINT('',(0.076708,-0.0549381138271834,0.0380398581235583));
#11164=CARTESIAN_POINT('',(0.076708,-0.0549381138271834,0.0380398581235583));
#11165=CARTESIAN_POINT('',(0.076708,-0.0531753725563094,0.041100063532983));
#11166=CARTESIAN_POINT('',(0.076708,-0.0556434070700499,0.041100063532983));
#11167=CARTESIAN_POINT('',(0.076708,-0.0563487003129163,0.0441602689424076));
#11168=CARTESIAN_POINT('',(0.076708,-0.0563487003129163,0.0441602689424076));
#11169=CARTESIAN_POINT('',(0.076708,-0.0556434070700499,0.041100063532983));
#11170=CARTESIAN_POINT('',(0.076708,-0.0576205889642779,0.0441602689424076));
#11171=CARTESIAN_POINT('',(0.076708,-0.0588924776156396,0.0441602689424076));
#11172=CARTESIAN_POINT('',(0.076708,-0.0588924776156396,0.0441602689424076));
#11173=CARTESIAN_POINT('',(0.076708,-0.0576205889642779,0.0441602689424076));
#11174=CARTESIAN_POINT('',(0.076708,-0.0596735136474889,0.0397406280216282));
#11175=CARTESIAN_POINT('',(0.076708,-0.0604545496793382,0.0353209871008486));
#11176=CARTESIAN_POINT('',(0.076708,-0.0604545496793382,0.0353209871008486));
#11177=CARTESIAN_POINT('',(0.076708,-0.0596735136474889,0.0397406280216282));
#11178=CARTESIAN_POINT('',(0.076708,-0.0593774281996468,0.0353209871008486));
#11179=CARTESIAN_POINT('',(0.076708,-0.0583003067199554,0.0353209871008486));
#11180=CARTESIAN_POINT('',(0.076708,-0.0583003067199554,0.0353209871008486));
#11181=CARTESIAN_POINT('',(0.076708,-0.0593774281996468,0.0353209871008486));
#11182=CARTESIAN_POINT('',(0.076708,-0.057835029587632,0.0379837887862593));
#11183=CARTESIAN_POINT('',(0.076708,-0.0573697524553087,0.04064659047167));
#11184=CARTESIAN_POINT('',(0.076708,-0.0573697524553087,0.04064659047167));
#11185=CARTESIAN_POINT('',(0.076708,-0.057835029587632,0.0379837887862593));
#11186=CARTESIAN_POINT('',(0.076708,-0.0568405366050128,0.0379837887862593));
#11187=CARTESIAN_POINT('',(0.076708,-0.056311320754717,0.0353209871008486));
#11188=CARTESIAN_POINT('',(0.076708,-0.056311320754717,0.0353209871008486));
#11189=CARTESIAN_POINT('',(0.076708,-0.0568405366050128,0.0379837887862593));
#11190=CARTESIAN_POINT('',(0.076708,-0.0554427378628745,0.0353209871008486));
#11191=CARTESIAN_POINT('',(0.076708,-0.054574154971032,0.0353209871008486));
#11192=CARTESIAN_POINT('',(0.076708,-0.054574154971032,0.0353209871008486));
#11193=CARTESIAN_POINT('',(0.076708,-0.0554427378628745,0.0353209871008486));
#11194=CARTESIAN_POINT('',(0.076708,-0.0531134011835052,0.0379710010426648));
#11195=CARTESIAN_POINT('',(0.076708,-0.0516526473959785,0.040621014984481));
#11196=CARTESIAN_POINT('',(0.076708,-0.0516526473959785,0.040621014984481));
#11197=CARTESIAN_POINT('',(0.076708,-0.0531134011835052,0.0379710010426648));
#11198=CARTESIAN_POINT('',(0.076708,-0.0521248102363912,0.0379710010426648));
#11199=CARTESIAN_POINT('',(0.076708,-0.0525969730768039,0.0353209871008486));
#11200=CARTESIAN_POINT('',(0.076708,-0.0525969730768039,0.0353209871008486));
#11201=CARTESIAN_POINT('',(0.076708,-0.0521248102363912,0.0379710010426648));
#11202=CARTESIAN_POINT('',(0.076708,-0.0515208352696967,0.0353209871008486));
#11203=CARTESIAN_POINT('',(0.076708,-0.0515208352696967,0.0353209871008486));
#11204=CARTESIAN_POINT('',(0.076708,1.39703063931999E-17,0.0254));
#11205=CARTESIAN_POINT('',(0.0767080000000005,-0.0459656429919743,0.0392755890522586));
#11206=CARTESIAN_POINT('',(0.0762,-0.0459656429919743,0.0392755890522586));
#11207=CARTESIAN_POINT('',(0.0762,-0.0434311119372928,0.0388346655715863));
#11208=CARTESIAN_POINT('',(0.0762,-0.0433937323790934,0.0392497754021158));
#11209=CARTESIAN_POINT('',(0.076708,-0.0434311119372928,0.0388346655715863));
#11210=CARTESIAN_POINT('',(0.076708,-0.0434311119372928,0.0388346655715863));
#11211=CARTESIAN_POINT('',(0.076708,-0.0459656429919743,0.0392755890522586));
#11212=CARTESIAN_POINT('',(0.076708,-0.0433937323790934,0.0392497754021158));
#11213=CARTESIAN_POINT('',(0.076708,-0.0433937323790934,0.0392497754021158));
#11214=CARTESIAN_POINT('',(0.076708,-0.0441108296929702,0.0375617932476405));
#11215=CARTESIAN_POINT('',(0.0762,-0.0441108296929702,0.0375617932476405));
#11216=CARTESIAN_POINT('',(0.076708,-0.0437586749078291,0.0378726337842455));
#11217=CARTESIAN_POINT('',(0.0762,-0.0437586749078291,0.0378726337842455));
#11218=CARTESIAN_POINT('',(0.076708,-0.0435321023226032,0.0382969245588941));
#11219=CARTESIAN_POINT('',(0.0762,-0.0435321023226032,0.0382969245588941));
#11220=CARTESIAN_POINT('',(0.076708,-0.0434311119372928,0.0388346655715863));
#11221=CARTESIAN_POINT('',(0.0762,-0.0434311119372928,0.0388346655715863));
#11222=CARTESIAN_POINT('',(0.0762,-0.0441108296929702,0.0375617932476405));
#11223=CARTESIAN_POINT('',(0.0762,-0.0435825975152585,0.038028054052548));
#11224=CARTESIAN_POINT('',(0.0762,-0.0434311119372928,0.0388346655715863));
#11225=CARTESIAN_POINT('',(0.0762,-0.0441108296929702,0.0375617932476405));
#11226=CARTESIAN_POINT('',(0.076708,-0.0441108296929702,0.0375617932476405));
#11227=CARTESIAN_POINT('',(0.076708,-0.0441108296929702,0.0375617932476405));
#11228=CARTESIAN_POINT('',(0.076708,-0.0441108296929702,0.0375617932476405));
#11229=CARTESIAN_POINT('',(0.076708,-0.0435825975152585,0.038028054052548));
#11230=CARTESIAN_POINT('',(0.076708,-0.0434311119372928,0.0388346655715863));
#11231=CARTESIAN_POINT('',(0.076708,-0.0452823837407441,0.0370955324427329));
#11232=CARTESIAN_POINT('',(0.0762,-0.0452823837407441,0.0370955324427329));
#11233=CARTESIAN_POINT('',(0.076708,-0.0448535024940359,0.0370955324427329));
#11234=CARTESIAN_POINT('',(0.0762,-0.0448535024940359,0.0370955324427329));
#11235=CARTESIAN_POINT('',(0.076708,-0.0444629844781113,0.0372509527110355));
#11236=CARTESIAN_POINT('',(0.0762,-0.0444629844781113,0.0372509527110355));
#11237=CARTESIAN_POINT('',(0.076708,-0.0441108296929702,0.0375617932476405));
#11238=CARTESIAN_POINT('',(0.0762,-0.0441108296929702,0.0375617932476405));
#11239=CARTESIAN_POINT('',(0.0762,-0.0452823837407441,0.0370955324427329));
#11240=CARTESIAN_POINT('',(0.0762,-0.0446390618706818,0.0370955324427329));
#11241=CARTESIAN_POINT('',(0.0762,-0.0441108296929702,0.0375617932476405));
#11242=CARTESIAN_POINT('',(0.0762,-0.0452823837407441,0.0370955324427329));
#11243=CARTESIAN_POINT('',(0.076708,-0.0452823837407441,0.0370955324427329));
#11244=CARTESIAN_POINT('',(0.076708,-0.0452823837407441,0.0370955324427329));
#11245=CARTESIAN_POINT('',(0.076708,-0.0452823837407441,0.0370955324427329));
#11246=CARTESIAN_POINT('',(0.076708,-0.0446390618706818,0.0370955324427329));
#11247=CARTESIAN_POINT('',(0.076708,-0.0441108296929702,0.0375617932476405));
#11248=CARTESIAN_POINT('',(0.076708,-0.0461824441552808,0.0374545729359634));
#11249=CARTESIAN_POINT('',(0.0762,-0.0461824441552808,0.0374545729359634));
#11250=CARTESIAN_POINT('',(0.076708,-0.0459430838264605,0.0372152126071431));
#11251=CARTESIAN_POINT('',(0.0762,-0.0459430838264605,0.0372152126071431));
#11252=CARTESIAN_POINT('',(0.076708,-0.0456430636882816,0.0370955324427329));
#11253=CARTESIAN_POINT('',(0.0762,-0.0456430636882816,0.0370955324427329));
#11254=CARTESIAN_POINT('',(0.076708,-0.0452823837407441,0.0370955324427329));
#11255=CARTESIAN_POINT('',(0.0762,-0.0452823837407441,0.0370955324427329));
#11256=CARTESIAN_POINT('',(0.0762,-0.0461824441552808,0.0374545729359634));
#11257=CARTESIAN_POINT('',(0.0762,-0.0458234036620503,0.0370955324427329));
#11258=CARTESIAN_POINT('',(0.0762,-0.0452823837407441,0.0370955324427329));
#11259=CARTESIAN_POINT('',(0.0762,-0.0461824441552808,0.0374545729359634));
#11260=CARTESIAN_POINT('',(0.076708,-0.0461824441552808,0.0374545729359634));
#11261=CARTESIAN_POINT('',(0.076708,-0.0461824441552808,0.0374545729359634));
#11262=CARTESIAN_POINT('',(0.076708,-0.0461824441552808,0.0374545729359634));
#11263=CARTESIAN_POINT('',(0.076708,-0.0458234036620503,0.0370955324427329));
#11264=CARTESIAN_POINT('',(0.076708,-0.0452823837407441,0.0370955324427329));
#11265=CARTESIAN_POINT('',(0.076708,-0.0465414846485113,0.0384313598120672));
#11266=CARTESIAN_POINT('',(0.0762,-0.0465414846485113,0.0384313598120672));
#11267=CARTESIAN_POINT('',(0.076708,-0.0465414846485113,0.0380195288901517));
#11268=CARTESIAN_POINT('',(0.0762,-0.0465414846485113,0.0380195288901517));
#11269=CARTESIAN_POINT('',(0.076708,-0.0464218044841011,0.0376939332647837));
#11270=CARTESIAN_POINT('',(0.0762,-0.0464218044841011,0.0376939332647837));
#11271=CARTESIAN_POINT('',(0.076708,-0.0461824441552808,0.0374545729359634));
#11272=CARTESIAN_POINT('',(0.0762,-0.0461824441552808,0.0374545729359634));
#11273=CARTESIAN_POINT('',(0.0762,-0.0465414846485113,0.0384313598120672));
#11274=CARTESIAN_POINT('',(0.0762,-0.0465414846485113,0.0378136134291939));
#11275=CARTESIAN_POINT('',(0.0762,-0.0461824441552808,0.0374545729359634));
#11276=CARTESIAN_POINT('',(0.0762,-0.0465414846485113,0.0384313598120672));
#11277=CARTESIAN_POINT('',(0.076708,-0.0465414846485113,0.0384313598120672));
#11278=CARTESIAN_POINT('',(0.076708,-0.0465414846485113,0.0384313598120672));
#11279=CARTESIAN_POINT('',(0.076708,-0.0465414846485113,0.0384313598120672));
#11280=CARTESIAN_POINT('',(0.076708,-0.0465414846485113,0.0378136134291939));
#11281=CARTESIAN_POINT('',(0.076708,-0.0461824441552808,0.0374545729359634));
#11282=CARTESIAN_POINT('',(0.0767080000000005,-0.0439695740356378,0.0384055461619244));
#11283=CARTESIAN_POINT('',(0.0762,-0.0439695740356378,0.0384055461619244));
#11284=CARTESIAN_POINT('',(0.0762,-0.0465041050903119,0.0388464696425967));
#11285=CARTESIAN_POINT('',(0.076708,-0.0465041050903119,0.0388464696425967));
#11286=CARTESIAN_POINT('',(0.076708,-0.0465041050903119,0.0388464696425967));
#11287=CARTESIAN_POINT('',(0.076708,-0.0439695740356378,0.0384055461619244));
#11288=CARTESIAN_POINT('',(0.076708,-0.0458361914056448,0.0401124562584532));
#11289=CARTESIAN_POINT('',(0.0762,-0.0458361914056448,0.0401124562584532));
#11290=CARTESIAN_POINT('',(0.076708,-0.0461883461907859,0.0398062061939077));
#11291=CARTESIAN_POINT('',(0.0762,-0.0461883461907859,0.0398062061939077));
#11292=CARTESIAN_POINT('',(0.076708,-0.046410984085675,0.0393842106552889));
#11293=CARTESIAN_POINT('',(0.0762,-0.046410984085675,0.0393842106552889));
#11294=CARTESIAN_POINT('',(0.076708,-0.0465041050903119,0.0388464696425967));
#11295=CARTESIAN_POINT('',(0.0762,-0.0465041050903119,0.0388464696425967));
#11296=CARTESIAN_POINT('',(0.0762,-0.0458361914056448,0.0401124562584532));
#11297=CARTESIAN_POINT('',(0.0762,-0.0463644235833565,0.039653081161635));
#11298=CARTESIAN_POINT('',(0.0762,-0.0465041050903119,0.0388464696425967));
#11299=CARTESIAN_POINT('',(0.0762,-0.0458361914056448,0.0401124562584532));
#11300=CARTESIAN_POINT('',(0.076708,-0.0458361914056448,0.0401124562584532));
#11301=CARTESIAN_POINT('',(0.076708,-0.0458361914056448,0.0401124562584532));
#11302=CARTESIAN_POINT('',(0.076708,-0.0458361914056448,0.0401124562584532));
#11303=CARTESIAN_POINT('',(0.076708,-0.0463644235833565,0.039653081161635));
#11304=CARTESIAN_POINT('',(0.076708,-0.0465041050903119,0.0388464696425967));
#11305=CARTESIAN_POINT('',(0.076708,-0.0446646373578709,0.0405718313552713));
#11306=CARTESIAN_POINT('',(0.0762,-0.0446646373578709,0.0405718313552713));
#11307=CARTESIAN_POINT('',(0.076708,-0.0450935186045791,0.0405718313552713));
#11308=CARTESIAN_POINT('',(0.0762,-0.0450935186045791,0.0405718313552713));
#11309=CARTESIAN_POINT('',(0.076708,-0.0454840366205037,0.0404187063229986));
#11310=CARTESIAN_POINT('',(0.0762,-0.0454840366205037,0.0404187063229986));
#11311=CARTESIAN_POINT('',(0.076708,-0.0458361914056448,0.0401124562584532));
#11312=CARTESIAN_POINT('',(0.0762,-0.0458361914056448,0.0401124562584532));
#11313=CARTESIAN_POINT('',(0.0762,-0.0446646373578709,0.0405718313552713));
#11314=CARTESIAN_POINT('',(0.0762,-0.0453079592279332,0.0405718313552713));
#11315=CARTESIAN_POINT('',(0.0762,-0.0458361914056448,0.0401124562584532));
#11316=CARTESIAN_POINT('',(0.0762,-0.0446646373578709,0.0405718313552713));
#11317=CARTESIAN_POINT('',(0.076708,-0.0446646373578709,0.0405718313552713));
#11318=CARTESIAN_POINT('',(0.076708,-0.0446646373578709,0.0405718313552713));
#11319=CARTESIAN_POINT('',(0.076708,-0.0446646373578709,0.0405718313552713));
#11320=CARTESIAN_POINT('',(0.076708,-0.0453079592279332,0.0405718313552713));
#11321=CARTESIAN_POINT('',(0.076708,-0.0458361914056448,0.0401124562584532));
#11322=CARTESIAN_POINT('',(0.076708,-0.0437527728723239,0.040218692897546));
#11323=CARTESIAN_POINT('',(0.0762,-0.0437527728723239,0.040218692897546));
#11324=CARTESIAN_POINT('',(0.076708,-0.0439921332011442,0.0404541185360295));
#11325=CARTESIAN_POINT('',(0.0762,-0.0439921332011442,0.0404541185360295));
#11326=CARTESIAN_POINT('',(0.076708,-0.0442960880296599,0.0405718313552713));
#11327=CARTESIAN_POINT('',(0.0762,-0.0442960880296599,0.0405718313552713));
#11328=CARTESIAN_POINT('',(0.076708,-0.0446646373578709,0.0405718313552713));
#11329=CARTESIAN_POINT('',(0.0762,-0.0446646373578709,0.0405718313552713));
#11330=CARTESIAN_POINT('',(0.0762,-0.0437527728723239,0.040218692897546));
#11331=CARTESIAN_POINT('',(0.0762,-0.0441118133655544,0.0405718313552713));
#11332=CARTESIAN_POINT('',(0.0762,-0.0446646373578709,0.0405718313552713));
#11333=CARTESIAN_POINT('',(0.0762,-0.0437527728723239,0.040218692897546));
#11334=CARTESIAN_POINT('',(0.076708,-0.0437527728723239,0.040218692897546));
#11335=CARTESIAN_POINT('',(0.076708,-0.0437527728723239,0.040218692897546));
#11336=CARTESIAN_POINT('',(0.076708,-0.0437527728723239,0.040218692897546));
#11337=CARTESIAN_POINT('',(0.076708,-0.0441118133655544,0.0405718313552713));
#11338=CARTESIAN_POINT('',(0.076708,-0.0446646373578709,0.0405718313552713));
#11339=CARTESIAN_POINT('',(0.076708,-0.0486937602627257,0.0388464696425967));
#11340=CARTESIAN_POINT('',(0.0762,-0.0486937602627257,0.0388464696425967));
#11341=CARTESIAN_POINT('',(0.076708,-0.048567850171949,0.0395678295376716));
#11342=CARTESIAN_POINT('',(0.0762,-0.048567850171949,0.0395678295376716));
#11343=CARTESIAN_POINT('',(0.076708,-0.0483202925715938,0.0402013146818919));
#11344=CARTESIAN_POINT('',(0.0762,-0.0483202925715938,0.0402013146818919));
#11345=CARTESIAN_POINT('',(0.076708,-0.04795108746166,0.0407469250752577));
#11346=CARTESIAN_POINT('',(0.0762,-0.04795108746166,0.0407469250752577));
#11347=CARTESIAN_POINT('',(0.076708,-0.0486937602627257,0.0388464696425967));
#11348=CARTESIAN_POINT('',(0.076708,-0.0486937602627257,0.0388464696425967));
#11349=CARTESIAN_POINT('',(0.076708,-0.0486937602627257,0.0388464696425967));
#11350=CARTESIAN_POINT('',(0.076708,-0.0485048951265607,0.039928509485209));
#11351=CARTESIAN_POINT('',(0.076708,-0.04795108746166,0.0407469250752577));
#11352=CARTESIAN_POINT('',(0.076708,-0.04795108746166,0.0407469250752577));
#11353=CARTESIAN_POINT('',(0.076708,-0.04795108746166,0.0407469250752577));
#11354=CARTESIAN_POINT('',(0.0767080000000005,-0.0436337052059202,0.0379567179822648));
#11355=CARTESIAN_POINT('',(0.076708,-0.0487704867242928,0.0379906744943487));
#11356=CARTESIAN_POINT('',(0.076708,-0.0487704867242928,0.0379906744943487));
#11357=CARTESIAN_POINT('',(0.076708,-0.0436337052059202,0.0379567179822648));
#11358=CARTESIAN_POINT('',(0.076708,-0.048455711497351,0.0365230349987326));
#11359=CARTESIAN_POINT('',(0.0762,-0.048455711497351,0.0365230349987326));
#11360=CARTESIAN_POINT('',(0.076708,-0.0486655616486455,0.0369388006109849));
#11361=CARTESIAN_POINT('',(0.0762,-0.0486655616486455,0.0369388006109849));
#11362=CARTESIAN_POINT('',(0.076708,-0.0487704867242928,0.0374280137761902));
#11363=CARTESIAN_POINT('',(0.0762,-0.0487704867242928,0.0374280137761902));
#11364=CARTESIAN_POINT('',(0.076708,-0.0487704867242928,0.0379906744943487));
#11365=CARTESIAN_POINT('',(0.0762,-0.0487704867242928,0.0379906744943487));
#11366=CARTESIAN_POINT('',(0.076708,-0.048455711497351,0.0365230349987326));
#11367=CARTESIAN_POINT('',(0.076708,-0.048455711497351,0.0365230349987326));
#11368=CARTESIAN_POINT('',(0.076708,-0.048455711497351,0.0365230349987326));
#11369=CARTESIAN_POINT('',(0.076708,-0.0487704867242928,0.037146683417111));
#11370=CARTESIAN_POINT('',(0.076708,-0.0487704867242928,0.0379906744943487));
#11371=CARTESIAN_POINT('',(0.076708,-0.0475674551538247,0.0355600195388076));
#11372=CARTESIAN_POINT('',(0.0762,-0.0475674551538247,0.0355600195388076));
#11373=CARTESIAN_POINT('',(0.076708,-0.0479497758982144,0.035786264233172));
#11374=CARTESIAN_POINT('',(0.0762,-0.0479497758982144,0.035786264233172));
#11375=CARTESIAN_POINT('',(0.076708,-0.0482458613460565,0.0361072693864803));
#11376=CARTESIAN_POINT('',(0.0762,-0.0482458613460565,0.0361072693864803));
#11377=CARTESIAN_POINT('',(0.076708,-0.048455711497351,0.0365230349987326));
#11378=CARTESIAN_POINT('',(0.0762,-0.048455711497351,0.0365230349987326));
#11379=CARTESIAN_POINT('',(0.076708,-0.0475674551538247,0.0355600195388076));
#11380=CARTESIAN_POINT('',(0.076708,-0.0475674551538247,0.0355600195388076));
#11381=CARTESIAN_POINT('',(0.076708,-0.0475674551538247,0.0355600195388076));
#11382=CARTESIAN_POINT('',(0.076708,-0.0481409362704092,0.0358993865803542));
#11383=CARTESIAN_POINT('',(0.076708,-0.048455711497351,0.0365230349987326));
#11384=CARTESIAN_POINT('',(0.076708,-0.0462522849087585,0.035220652497261));
#11385=CARTESIAN_POINT('',(0.0762,-0.0462522849087585,0.035220652497261));
#11386=CARTESIAN_POINT('',(0.076708,-0.0467467443277462,0.035220652497261));
#11387=CARTESIAN_POINT('',(0.0762,-0.0467467443277462,0.035220652497261));
#11388=CARTESIAN_POINT('',(0.076708,-0.047185134409435,0.0353337748444432));
#11389=CARTESIAN_POINT('',(0.0762,-0.047185134409435,0.0353337748444432));
#11390=CARTESIAN_POINT('',(0.076708,-0.0475674551538247,0.0355600195388076));
#11391=CARTESIAN_POINT('',(0.0762,-0.0475674551538247,0.0355600195388076));
#11392=CARTESIAN_POINT('',(0.076708,-0.0462522849087585,0.035220652497261));
#11393=CARTESIAN_POINT('',(0.076708,-0.0462522849087585,0.035220652497261));
#11394=CARTESIAN_POINT('',(0.076708,-0.0462522849087585,0.035220652497261));
#11395=CARTESIAN_POINT('',(0.076708,-0.0469939740372401,0.035220652497261));
#11396=CARTESIAN_POINT('',(0.076708,-0.0475674551538247,0.0355600195388076));
#11397=CARTESIAN_POINT('',(0.076708,-0.0448918657248195,0.0355226399806082));
#11398=CARTESIAN_POINT('',(0.0762,-0.0448918657248195,0.0355226399806082));
#11399=CARTESIAN_POINT('',(0.076708,-0.0453030408650122,0.03532131499171));
#11400=CARTESIAN_POINT('',(0.0762,-0.0453030408650122,0.03532131499171));
#11401=CARTESIAN_POINT('',(0.076708,-0.0457565139263252,0.035220652497261));
#11402=CARTESIAN_POINT('',(0.0762,-0.0457565139263252,0.035220652497261));
#11403=CARTESIAN_POINT('',(0.076708,-0.0462522849087585,0.035220652497261));
#11404=CARTESIAN_POINT('',(0.0762,-0.0462522849087585,0.035220652497261));
#11405=CARTESIAN_POINT('',(0.076708,-0.0448918657248195,0.0355226399806082));
#11406=CARTESIAN_POINT('',(0.076708,-0.0448918657248195,0.0355226399806082));
#11407=CARTESIAN_POINT('',(0.076708,-0.0448918657248195,0.0355226399806082));
#11408=CARTESIAN_POINT('',(0.076708,-0.0455086284351086,0.035220652497261));
#11409=CARTESIAN_POINT('',(0.076708,-0.0462522849087585,0.035220652497261));
#11410=CARTESIAN_POINT('',(0.076708,-0.0438717972550113,0.0363164637560521));
#11411=CARTESIAN_POINT('',(0.0762,-0.0438717972550113,0.0363164637560521));
#11412=CARTESIAN_POINT('',(0.076708,-0.0441406677613574,0.0359885728946544));
#11413=CARTESIAN_POINT('',(0.0762,-0.0441406677613574,0.0359885728946544));
#11414=CARTESIAN_POINT('',(0.076708,-0.0444806905846268,0.0357239649695064));
#11415=CARTESIAN_POINT('',(0.0762,-0.0444806905846268,0.0357239649695064));
#11416=CARTESIAN_POINT('',(0.076708,-0.0448918657248195,0.0355226399806082));
#11417=CARTESIAN_POINT('',(0.0762,-0.0448918657248195,0.0355226399806082));
#11418=CARTESIAN_POINT('',(0.076708,-0.0438717972550113,0.0363164637560521));
#11419=CARTESIAN_POINT('',(0.076708,-0.0438717972550113,0.0363164637560521));
#11420=CARTESIAN_POINT('',(0.076708,-0.0438717972550113,0.0363164637560521));
#11421=CARTESIAN_POINT('',(0.076708,-0.0442751030145305,0.0358246274639555));
#11422=CARTESIAN_POINT('',(0.076708,-0.0448918657248195,0.0355226399806082));
#11423=CARTESIAN_POINT('',(0.076708,-0.0439662298230938,0.0358187254284504));
#11424=CARTESIAN_POINT('',(0.076708,-0.0440606623911763,0.0353209871008486));
#11425=CARTESIAN_POINT('',(0.076708,-0.0440606623911763,0.0353209871008486));
#11426=CARTESIAN_POINT('',(0.076708,-0.0439662298230938,0.0358187254284504));
#11427=CARTESIAN_POINT('',(0.076708,-0.0429845245840691,0.0353209871008486));
#11428=CARTESIAN_POINT('',(0.076708,-0.0419083867769619,0.0353209871008486));
#11429=CARTESIAN_POINT('',(0.076708,-0.0419083867769619,0.0353209871008486));
#11430=CARTESIAN_POINT('',(0.076708,-0.0429845245840691,0.0353209871008486));
#11431=CARTESIAN_POINT('',(0.076708,-0.0412847383585834,0.0388336818990021));
#11432=CARTESIAN_POINT('',(0.076708,-0.0406610899402051,0.0423463766971557));
#11433=CARTESIAN_POINT('',(0.076708,-0.0406610899402051,0.0423463766971557));
#11434=CARTESIAN_POINT('',(0.076708,-0.0412847383585834,0.0388336818990021));
#11435=CARTESIAN_POINT('',(0.076708,-0.0417372277473123,0.0423463766971557));
#11436=CARTESIAN_POINT('',(0.076708,-0.0428133655544195,0.0423463766971557));
#11437=CARTESIAN_POINT('',(0.076708,-0.0428133655544195,0.0423463766971557));
#11438=CARTESIAN_POINT('',(0.076708,-0.0417372277473123,0.0423463766971557));
#11439=CARTESIAN_POINT('',(0.076708,-0.0429018960869969,0.0418496220421381));
#11440=CARTESIAN_POINT('',(0.076708,-0.0429904266195743,0.0413528673871206));
#11441=CARTESIAN_POINT('',(0.076708,-0.0429904266195743,0.0413528673871206));
#11442=CARTESIAN_POINT('',(0.076708,-0.0429018960869969,0.0418496220421381));
#11443=CARTESIAN_POINT('',(0.076708,-0.0437203116770455,0.042144723817396));
#11444=CARTESIAN_POINT('',(0.0762,-0.0437203116770455,0.042144723817396));
#11445=CARTESIAN_POINT('',(0.076708,-0.0433845514349743,0.0419433988284979));
#11446=CARTESIAN_POINT('',(0.0762,-0.0433845514349743,0.0419433988284979));
#11447=CARTESIAN_POINT('',(0.076708,-0.0431412564158172,0.0416794466850727));
#11448=CARTESIAN_POINT('',(0.0762,-0.0431412564158172,0.0416794466850727));
#11449=CARTESIAN_POINT('',(0.076708,-0.0429904266195743,0.0413528673871206));
#11450=CARTESIAN_POINT('',(0.0762,-0.0429904266195743,0.0413528673871206));
#11451=CARTESIAN_POINT('',(0.076708,-0.0437203116770455,0.042144723817396));
#11452=CARTESIAN_POINT('',(0.076708,-0.0437203116770455,0.042144723817396));
#11453=CARTESIAN_POINT('',(0.076708,-0.0437203116770455,0.042144723817396));
#11454=CARTESIAN_POINT('',(0.076708,-0.0432166713139387,0.0418427363340488));
#11455=CARTESIAN_POINT('',(0.076708,-0.0429904266195743,0.0413528673871206));
#11456=CARTESIAN_POINT('',(0.076708,-0.0449676085138023,0.0424467113007434));
#11457=CARTESIAN_POINT('',(0.0762,-0.0449676085138023,0.0424467113007434));
#11458=CARTESIAN_POINT('',(0.076708,-0.044471837531369,0.0424467113007434));
#11459=CARTESIAN_POINT('',(0.0762,-0.044471837531369,0.0424467113007434));
#11460=CARTESIAN_POINT('',(0.076708,-0.0440560719191168,0.0423460488062943));
#11461=CARTESIAN_POINT('',(0.0762,-0.0440560719191168,0.0423460488062943));
#11462=CARTESIAN_POINT('',(0.076708,-0.0437203116770455,0.042144723817396));
#11463=CARTESIAN_POINT('',(0.0762,-0.0437203116770455,0.042144723817396));
#11464=CARTESIAN_POINT('',(0.076708,-0.0449676085138023,0.0424467113007434));
#11465=CARTESIAN_POINT('',(0.076708,-0.0449676085138023,0.0424467113007434));
#11466=CARTESIAN_POINT('',(0.076708,-0.0449676085138023,0.0424467113007434));
#11467=CARTESIAN_POINT('',(0.076708,-0.0442239520401524,0.0424467113007434));
#11468=CARTESIAN_POINT('',(0.076708,-0.0437203116770455,0.042144723817396));
#11469=CARTESIAN_POINT('',(0.076708,-0.0449655760223764,0.0391448397882684));
#11470=CARTESIAN_POINT('',(0.076708,-0.04661624376491,0.0420060259830249));
#11471=CARTESIAN_POINT('',(0.076708,-0.04661624376491,0.0420060259830249));
#11472=CARTESIAN_POINT('',(0.076708,-0.0449655760223764,0.0391448397882684));
#11473=CARTESIAN_POINT('',(0.076708,-0.04795108746166,0.0407469250752577));
#11474=CARTESIAN_POINT('',(0.0762,-0.04795108746166,0.0407469250752577));
#11475=CARTESIAN_POINT('',(0.076708,-0.0475818823517262,0.0412925354686235));
#11476=CARTESIAN_POINT('',(0.0762,-0.0475818823517262,0.0412925354686235));
#11477=CARTESIAN_POINT('',(0.076708,-0.0471369344528095,0.0417122357712125));
#11478=CARTESIAN_POINT('',(0.0762,-0.0471369344528095,0.0417122357712125));
#11479=CARTESIAN_POINT('',(0.076708,-0.04661624376491,0.0420060259830249));
#11480=CARTESIAN_POINT('',(0.0762,-0.04661624376491,0.0420060259830249));
#11481=CARTESIAN_POINT('',(0.076708,-0.04795108746166,0.0407469250752577));
#11482=CARTESIAN_POINT('',(0.076708,-0.0473972797967593,0.0415653406653064));
#11483=CARTESIAN_POINT('',(0.076708,-0.04661624376491,0.0420060259830249));
#11484=CARTESIAN_POINT('',(0.076708,-0.0433937323790934,0.0392497754021158));
#11485=CARTESIAN_POINT('',(0.0762,-0.0433937323790934,0.0392497754021158));
#11486=CARTESIAN_POINT('',(0.076708,-0.0433937323790934,0.0396602947605857));
#11487=CARTESIAN_POINT('',(0.0762,-0.0433937323790934,0.0396602947605857));
#11488=CARTESIAN_POINT('',(0.076708,-0.0435134125435036,0.0399832672590625));
#11489=CARTESIAN_POINT('',(0.0762,-0.0435134125435036,0.0399832672590625));
#11490=CARTESIAN_POINT('',(0.076708,-0.0437527728723239,0.040218692897546));
#11491=CARTESIAN_POINT('',(0.0762,-0.0437527728723239,0.040218692897546));
#11492=CARTESIAN_POINT('',(0.0762,-0.0433937323790934,0.0392497754021158));
#11493=CARTESIAN_POINT('',(0.0762,-0.0433937323790934,0.0398655544398207));
#11494=CARTESIAN_POINT('',(0.0762,-0.0437527728723239,0.040218692897546));
#11495=CARTESIAN_POINT('',(0.076708,-0.0433937323790934,0.0392497754021158));
#11496=CARTESIAN_POINT('',(0.076708,-0.0433937323790934,0.0398655544398207));
#11497=CARTESIAN_POINT('',(0.076708,-0.0437527728723239,0.040218692897546));
#11498=CARTESIAN_POINT('',(0.076708,1.39703063931999E-17,0.0254));
#11499=CARTESIAN_POINT('',(0.0762,0.,0.0508));
#11500=CARTESIAN_POINT('',(0.0767080000000005,-0.0374155608901667,0.0392755890522585));
#11501=CARTESIAN_POINT('',(0.0762,-0.0374155608901667,0.0392755890522585));
#11502=CARTESIAN_POINT('',(0.0762,-0.0348810298354865,0.0388346655715863));
#11503=CARTESIAN_POINT('',(0.0762,-0.0348436502772872,0.0392497754021158));
#11504=CARTESIAN_POINT('',(0.076708,-0.0348810298354865,0.0388346655715863));
#11505=CARTESIAN_POINT('',(0.076708,-0.0348810298354865,0.0388346655715863));
#11506=CARTESIAN_POINT('',(0.076708,-0.0374155608901667,0.0392755890522585));
#11507=CARTESIAN_POINT('',(0.076708,-0.0348436502772872,0.0392497754021158));
#11508=CARTESIAN_POINT('',(0.076708,-0.0348436502772872,0.0392497754021158));
#11509=CARTESIAN_POINT('',(0.076708,-0.035560747591164,0.0375617932476405));
#11510=CARTESIAN_POINT('',(0.0762,-0.035560747591164,0.0375617932476405));
#11511=CARTESIAN_POINT('',(0.076708,-0.0352085928060228,0.0378726337842455));
#11512=CARTESIAN_POINT('',(0.0762,-0.0352085928060228,0.0378726337842455));
#11513=CARTESIAN_POINT('',(0.076708,-0.034982020220797,0.0382969245588941));
#11514=CARTESIAN_POINT('',(0.0762,-0.034982020220797,0.0382969245588941));
#11515=CARTESIAN_POINT('',(0.076708,-0.0348810298354865,0.0388346655715863));
#11516=CARTESIAN_POINT('',(0.0762,-0.0348810298354865,0.0388346655715863));
#11517=CARTESIAN_POINT('',(0.0762,-0.035560747591164,0.0375617932476405));
#11518=CARTESIAN_POINT('',(0.0762,-0.0350325154134523,0.038028054052548));
#11519=CARTESIAN_POINT('',(0.0762,-0.0348810298354865,0.0388346655715863));
#11520=CARTESIAN_POINT('',(0.0762,-0.035560747591164,0.0375617932476405));
#11521=CARTESIAN_POINT('',(0.076708,-0.035560747591164,0.0375617932476405));
#11522=CARTESIAN_POINT('',(0.076708,-0.035560747591164,0.0375617932476405));
#11523=CARTESIAN_POINT('',(0.076708,-0.035560747591164,0.0375617932476405));
#11524=CARTESIAN_POINT('',(0.076708,-0.0350325154134523,0.038028054052548));
#11525=CARTESIAN_POINT('',(0.076708,-0.0348810298354865,0.0388346655715863));
#11526=CARTESIAN_POINT('',(0.076708,-0.0367323016389379,0.0370955324427329));
#11527=CARTESIAN_POINT('',(0.0762,-0.0367323016389379,0.0370955324427329));
#11528=CARTESIAN_POINT('',(0.076708,-0.0363034203922297,0.0370955324427329));
#11529=CARTESIAN_POINT('',(0.0762,-0.0363034203922297,0.0370955324427329));
#11530=CARTESIAN_POINT('',(0.076708,-0.0359129023763051,0.0372509527110355));
#11531=CARTESIAN_POINT('',(0.0762,-0.0359129023763051,0.0372509527110355));
#11532=CARTESIAN_POINT('',(0.076708,-0.035560747591164,0.0375617932476405));
#11533=CARTESIAN_POINT('',(0.0762,-0.035560747591164,0.0375617932476405));
#11534=CARTESIAN_POINT('',(0.0762,-0.0367323016389379,0.0370955324427329));
#11535=CARTESIAN_POINT('',(0.0762,-0.0360889797688757,0.0370955324427329));
#11536=CARTESIAN_POINT('',(0.0762,-0.035560747591164,0.0375617932476405));
#11537=CARTESIAN_POINT('',(0.0762,-0.0367323016389379,0.0370955324427329));
#11538=CARTESIAN_POINT('',(0.076708,-0.0367323016389379,0.0370955324427329));
#11539=CARTESIAN_POINT('',(0.076708,-0.0367323016389379,0.0370955324427329));
#11540=CARTESIAN_POINT('',(0.076708,-0.0367323016389379,0.0370955324427329));
#11541=CARTESIAN_POINT('',(0.076708,-0.0360889797688757,0.0370955324427329));
#11542=CARTESIAN_POINT('',(0.076708,-0.035560747591164,0.0375617932476405));
#11543=CARTESIAN_POINT('',(0.076708,-0.0376323620534746,0.0374545729359634));
#11544=CARTESIAN_POINT('',(0.0762,-0.0376323620534746,0.0374545729359634));
#11545=CARTESIAN_POINT('',(0.076708,-0.0373930017246542,0.0372152126071431));
#11546=CARTESIAN_POINT('',(0.0762,-0.0373930017246542,0.0372152126071431));
#11547=CARTESIAN_POINT('',(0.076708,-0.0370929815864754,0.0370955324427329));
#11548=CARTESIAN_POINT('',(0.0762,-0.0370929815864754,0.0370955324427329));
#11549=CARTESIAN_POINT('',(0.076708,-0.0367323016389379,0.0370955324427329));
#11550=CARTESIAN_POINT('',(0.0762,-0.0367323016389379,0.0370955324427329));
#11551=CARTESIAN_POINT('',(0.0762,-0.0376323620534746,0.0374545729359634));
#11552=CARTESIAN_POINT('',(0.0762,-0.0372733215602441,0.0370955324427329));
#11553=CARTESIAN_POINT('',(0.0762,-0.0367323016389379,0.0370955324427329));
#11554=CARTESIAN_POINT('',(0.0762,-0.0376323620534746,0.0374545729359634));
#11555=CARTESIAN_POINT('',(0.076708,-0.0376323620534746,0.0374545729359634));
#11556=CARTESIAN_POINT('',(0.076708,-0.0376323620534746,0.0374545729359634));
#11557=CARTESIAN_POINT('',(0.076708,-0.0376323620534746,0.0374545729359634));
#11558=CARTESIAN_POINT('',(0.076708,-0.0372733215602441,0.0370955324427329));
#11559=CARTESIAN_POINT('',(0.076708,-0.0367323016389379,0.0370955324427329));
#11560=CARTESIAN_POINT('',(0.076708,-0.037991402546705,0.0384313598120672));
#11561=CARTESIAN_POINT('',(0.0762,-0.037991402546705,0.0384313598120672));
#11562=CARTESIAN_POINT('',(0.076708,-0.037991402546705,0.0380195288901517));
#11563=CARTESIAN_POINT('',(0.0762,-0.037991402546705,0.0380195288901517));
#11564=CARTESIAN_POINT('',(0.076708,-0.0378717223822949,0.0376939332647837));
#11565=CARTESIAN_POINT('',(0.0762,-0.0378717223822949,0.0376939332647837));
#11566=CARTESIAN_POINT('',(0.076708,-0.0376323620534746,0.0374545729359634));
#11567=CARTESIAN_POINT('',(0.0762,-0.0376323620534746,0.0374545729359634));
#11568=CARTESIAN_POINT('',(0.0762,-0.037991402546705,0.0384313598120672));
#11569=CARTESIAN_POINT('',(0.0762,-0.037991402546705,0.0378136134291939));
#11570=CARTESIAN_POINT('',(0.0762,-0.0376323620534746,0.0374545729359634));
#11571=CARTESIAN_POINT('',(0.0762,-0.037991402546705,0.0384313598120672));
#11572=CARTESIAN_POINT('',(0.076708,-0.037991402546705,0.0384313598120672));
#11573=CARTESIAN_POINT('',(0.076708,-0.037991402546705,0.0384313598120672));
#11574=CARTESIAN_POINT('',(0.076708,-0.037991402546705,0.0384313598120672));
#11575=CARTESIAN_POINT('',(0.076708,-0.037991402546705,0.0378136134291939));
#11576=CARTESIAN_POINT('',(0.076708,-0.0376323620534746,0.0374545729359634));
#11577=CARTESIAN_POINT('',(0.0767080000000005,-0.035419491933828,0.0384055461619245));
#11578=CARTESIAN_POINT('',(0.0762,-0.035419491933828,0.0384055461619245));
#11579=CARTESIAN_POINT('',(0.0762,-0.0379540229885057,0.0388464696425967));
#11580=CARTESIAN_POINT('',(0.076708,-0.0379540229885057,0.0388464696425967));
#11581=CARTESIAN_POINT('',(0.076708,-0.0379540229885057,0.0388464696425967));
#11582=CARTESIAN_POINT('',(0.076708,-0.035419491933828,0.0384055461619245));
#11583=CARTESIAN_POINT('',(0.076708,-0.0372861093038386,0.0401124562584532));
#11584=CARTESIAN_POINT('',(0.0762,-0.0372861093038386,0.0401124562584532));
#11585=CARTESIAN_POINT('',(0.076708,-0.0376382640889797,0.0398062061939077));
#11586=CARTESIAN_POINT('',(0.0762,-0.0376382640889797,0.0398062061939077));
#11587=CARTESIAN_POINT('',(0.076708,-0.0378609019838688,0.0393842106552889));
#11588=CARTESIAN_POINT('',(0.0762,-0.0378609019838688,0.0393842106552889));
#11589=CARTESIAN_POINT('',(0.076708,-0.0379540229885057,0.0388464696425967));
#11590=CARTESIAN_POINT('',(0.0762,-0.0379540229885057,0.0388464696425967));
#11591=CARTESIAN_POINT('',(0.0762,-0.0372861093038386,0.0401124562584532));
#11592=CARTESIAN_POINT('',(0.0762,-0.0378143414815503,0.039653081161635));
#11593=CARTESIAN_POINT('',(0.0762,-0.0379540229885057,0.0388464696425967));
#11594=CARTESIAN_POINT('',(0.0762,-0.0372861093038386,0.0401124562584532));
#11595=CARTESIAN_POINT('',(0.076708,-0.0372861093038386,0.0401124562584532));
#11596=CARTESIAN_POINT('',(0.076708,-0.0372861093038386,0.0401124562584532));
#11597=CARTESIAN_POINT('',(0.076708,-0.0372861093038386,0.0401124562584532));
#11598=CARTESIAN_POINT('',(0.076708,-0.0378143414815503,0.039653081161635));
#11599=CARTESIAN_POINT('',(0.076708,-0.0379540229885057,0.0388464696425967));
#11600=CARTESIAN_POINT('',(0.076708,-0.0361145552560647,0.0405718313552713));
#11601=CARTESIAN_POINT('',(0.0762,-0.0361145552560647,0.0405718313552713));
#11602=CARTESIAN_POINT('',(0.076708,-0.0365434365027728,0.0405718313552713));
#11603=CARTESIAN_POINT('',(0.0762,-0.0365434365027728,0.0405718313552713));
#11604=CARTESIAN_POINT('',(0.076708,-0.0369339545186975,0.0404187063229986));
#11605=CARTESIAN_POINT('',(0.0762,-0.0369339545186975,0.0404187063229986));
#11606=CARTESIAN_POINT('',(0.076708,-0.0372861093038386,0.0401124562584532));
#11607=CARTESIAN_POINT('',(0.0762,-0.0372861093038386,0.0401124562584532));
#11608=CARTESIAN_POINT('',(0.0762,-0.0361145552560647,0.0405718313552713));
#11609=CARTESIAN_POINT('',(0.0762,-0.0367578771261269,0.0405718313552713));
#11610=CARTESIAN_POINT('',(0.0762,-0.0372861093038386,0.0401124562584532));
#11611=CARTESIAN_POINT('',(0.0762,-0.0361145552560647,0.0405718313552713));
#11612=CARTESIAN_POINT('',(0.076708,-0.0361145552560647,0.0405718313552713));
#11613=CARTESIAN_POINT('',(0.076708,-0.0361145552560647,0.0405718313552713));
#11614=CARTESIAN_POINT('',(0.076708,-0.0361145552560647,0.0405718313552713));
#11615=CARTESIAN_POINT('',(0.076708,-0.0367578771261269,0.0405718313552713));
#11616=CARTESIAN_POINT('',(0.076708,-0.0372861093038386,0.0401124562584532));
#11617=CARTESIAN_POINT('',(0.076708,-0.0352026907705176,0.040218692897546));
#11618=CARTESIAN_POINT('',(0.0762,-0.0352026907705176,0.040218692897546));
#11619=CARTESIAN_POINT('',(0.076708,-0.035442051099338,0.0404541185360295));
#11620=CARTESIAN_POINT('',(0.0762,-0.035442051099338,0.0404541185360295));
#11621=CARTESIAN_POINT('',(0.076708,-0.0357460059278537,0.0405718313552713));
#11622=CARTESIAN_POINT('',(0.0762,-0.0357460059278537,0.0405718313552713));
#11623=CARTESIAN_POINT('',(0.076708,-0.0361145552560647,0.0405718313552713));
#11624=CARTESIAN_POINT('',(0.0762,-0.0361145552560647,0.0405718313552713));
#11625=CARTESIAN_POINT('',(0.0762,-0.0352026907705176,0.040218692897546));
#11626=CARTESIAN_POINT('',(0.0762,-0.0355617312637482,0.0405718313552713));
#11627=CARTESIAN_POINT('',(0.0762,-0.0361145552560647,0.0405718313552713));
#11628=CARTESIAN_POINT('',(0.0762,-0.0352026907705176,0.040218692897546));
#11629=CARTESIAN_POINT('',(0.076708,-0.0352026907705176,0.040218692897546));
#11630=CARTESIAN_POINT('',(0.076708,-0.0352026907705176,0.040218692897546));
#11631=CARTESIAN_POINT('',(0.076708,-0.0352026907705176,0.040218692897546));
#11632=CARTESIAN_POINT('',(0.076708,-0.0355617312637482,0.0405718313552713));
#11633=CARTESIAN_POINT('',(0.076708,-0.0361145552560647,0.0405718313552713));
#11634=CARTESIAN_POINT('',(0.076708,-0.0401436781609195,0.0388464696425967));
#11635=CARTESIAN_POINT('',(0.0762,-0.0401436781609195,0.0388464696425967));
#11636=CARTESIAN_POINT('',(0.076708,-0.0400177680701428,0.0395678295376716));
#11637=CARTESIAN_POINT('',(0.0762,-0.0400177680701428,0.0395678295376716));
#11638=CARTESIAN_POINT('',(0.076708,-0.0397702104697875,0.0402013146818919));
#11639=CARTESIAN_POINT('',(0.0762,-0.0397702104697875,0.0402013146818919));
#11640=CARTESIAN_POINT('',(0.076708,-0.0394010053598537,0.0407469250752577));
#11641=CARTESIAN_POINT('',(0.0762,-0.0394010053598537,0.0407469250752577));
#11642=CARTESIAN_POINT('',(0.076708,-0.0401436781609195,0.0388464696425967));
#11643=CARTESIAN_POINT('',(0.076708,-0.0401436781609195,0.0388464696425967));
#11644=CARTESIAN_POINT('',(0.076708,-0.0401436781609195,0.0388464696425967));
#11645=CARTESIAN_POINT('',(0.076708,-0.0399548130247544,0.039928509485209));
#11646=CARTESIAN_POINT('',(0.076708,-0.0394010053598537,0.0407469250752577));
#11647=CARTESIAN_POINT('',(0.076708,-0.0394010053598537,0.0407469250752577));
#11648=CARTESIAN_POINT('',(0.076708,-0.0394010053598537,0.0407469250752577));
#11649=CARTESIAN_POINT('',(0.0767080000000005,-0.035141194293783,0.0379604500489393));
#11650=CARTESIAN_POINT('',(0.076708,-0.0402204046224865,0.038002478565359));
#11651=CARTESIAN_POINT('',(0.076708,-0.0402204046224865,0.038002478565359));
#11652=CARTESIAN_POINT('',(0.076708,-0.035141194293783,0.0379604500489393));
#11653=CARTESIAN_POINT('',(0.076708,-0.0398987436874554,0.0365289370342377));
#11654=CARTESIAN_POINT('',(0.0762,-0.0398987436874554,0.0365289370342377));
#11655=CARTESIAN_POINT('',(0.076708,-0.0401131843108095,0.0369486373368268));
#11656=CARTESIAN_POINT('',(0.0762,-0.0401131843108095,0.0369486373368268));
#11657=CARTESIAN_POINT('',(0.076708,-0.0402204046224865,0.0374398178472006));
#11658=CARTESIAN_POINT('',(0.0762,-0.0402204046224865,0.0374398178472006));
#11659=CARTESIAN_POINT('',(0.076708,-0.0402204046224865,0.038002478565359));
#11660=CARTESIAN_POINT('',(0.0762,-0.0402204046224865,0.038002478565359));
#11661=CARTESIAN_POINT('',(0.076708,-0.0398987436874554,0.0365289370342377));
#11662=CARTESIAN_POINT('',(0.076708,-0.0398987436874554,0.0365289370342377));
#11663=CARTESIAN_POINT('',(0.076708,-0.0398987436874554,0.0365289370342377));
#11664=CARTESIAN_POINT('',(0.076708,-0.0402204046224865,0.0371584874881214));
#11665=CARTESIAN_POINT('',(0.076708,-0.0402204046224865,0.038002478565359));
#11666=CARTESIAN_POINT('',(0.076708,-0.0390045853084239,0.0355600195388076));
#11667=CARTESIAN_POINT('',(0.0762,-0.0390045853084239,0.0355600195388076));
#11668=CARTESIAN_POINT('',(0.076708,-0.0393862502710908,0.035786264233172));
#11669=CARTESIAN_POINT('',(0.0762,-0.0393862502710908,0.035786264233172));
#11670=CARTESIAN_POINT('',(0.076708,-0.0396843030641013,0.0361092367316487));
#11671=CARTESIAN_POINT('',(0.0762,-0.0396843030641013,0.0361092367316487));
#11672=CARTESIAN_POINT('',(0.076708,-0.0398987436874554,0.0365289370342377));
#11673=CARTESIAN_POINT('',(0.0762,-0.0398987436874554,0.0365289370342377));
#11674=CARTESIAN_POINT('',(0.076708,-0.0390045853084239,0.0355600195388076));
#11675=CARTESIAN_POINT('',(0.076708,-0.0390045853084239,0.0355600195388076));
#11676=CARTESIAN_POINT('',(0.076708,-0.0390045853084239,0.0355600195388076));
#11677=CARTESIAN_POINT('',(0.076708,-0.0395770827524243,0.0358993865803542));
#11678=CARTESIAN_POINT('',(0.076708,-0.0398987436874554,0.0365289370342377));
#11679=CARTESIAN_POINT('',(0.076708,-0.0376884313907735,0.035220652497261));
#11680=CARTESIAN_POINT('',(0.0762,-0.0376884313907735,0.035220652497261));
#11681=CARTESIAN_POINT('',(0.076708,-0.0381842023732069,0.035220652497261));
#11682=CARTESIAN_POINT('',(0.0762,-0.0381842023732069,0.035220652497261));
#11683=CARTESIAN_POINT('',(0.076708,-0.038622920345757,0.0353337748444432));
#11684=CARTESIAN_POINT('',(0.0762,-0.038622920345757,0.0353337748444432));
#11685=CARTESIAN_POINT('',(0.076708,-0.0390045853084239,0.0355600195388076));
#11686=CARTESIAN_POINT('',(0.0762,-0.0390045853084239,0.0355600195388076));
#11687=CARTESIAN_POINT('',(0.076708,-0.0376884313907735,0.035220652497261));
#11688=CARTESIAN_POINT('',(0.076708,-0.0376884313907735,0.035220652497261));
#11689=CARTESIAN_POINT('',(0.076708,-0.0376884313907735,0.035220652497261));
#11690=CARTESIAN_POINT('',(0.076708,-0.0384320878644236,0.035220652497261));
#11691=CARTESIAN_POINT('',(0.076708,-0.0390045853084239,0.0355600195388076));
#11692=CARTESIAN_POINT('',(0.076708,-0.0363417836230132,0.0355226399806082));
#11693=CARTESIAN_POINT('',(0.0762,-0.0363417836230132,0.0355226399806082));
#11694=CARTESIAN_POINT('',(0.076708,-0.0367450893825324,0.03532131499171));
#11695=CARTESIAN_POINT('',(0.0762,-0.0367450893825324,0.03532131499171));
#11696=CARTESIAN_POINT('',(0.076708,-0.0371939719717858,0.035220652497261));
#11697=CARTESIAN_POINT('',(0.0762,-0.0371939719717858,0.035220652497261));
#11698=CARTESIAN_POINT('',(0.076708,-0.0376884313907735,0.035220652497261));
#11699=CARTESIAN_POINT('',(0.0762,-0.0376884313907735,0.035220652497261));
#11700=CARTESIAN_POINT('',(0.076708,-0.0363417836230132,0.0355226399806082));
#11701=CARTESIAN_POINT('',(0.076708,-0.0363417836230132,0.0355226399806082));
#11702=CARTESIAN_POINT('',(0.076708,-0.0363417836230132,0.0355226399806082));
#11703=CARTESIAN_POINT('',(0.076708,-0.036946742262292,0.035220652497261));
#11704=CARTESIAN_POINT('',(0.076708,-0.0376884313907735,0.035220652497261));
#11705=CARTESIAN_POINT('',(0.0767080000000001,-0.0376466046126828,0.0381937062004097));
#11706=CARTESIAN_POINT('',(0.076708,-0.0353336806638091,0.0363273494151512));
#11707=CARTESIAN_POINT('',(0.076708,-0.0353336806638091,0.0363273494151512));
#11708=CARTESIAN_POINT('',(0.076708,-0.0376466046126828,0.0381937062004097));
#11709=CARTESIAN_POINT('',(0.076708,-0.0354220497567927,0.0358246274639555));
#11710=CARTESIAN_POINT('',(0.076708,-0.0355105802893701,0.0353209871008486));
#11711=CARTESIAN_POINT('',(0.076708,-0.0355105802893701,0.0353209871008486));
#11712=CARTESIAN_POINT('',(0.076708,-0.0354220497567927,0.0358246274639555));
#11713=CARTESIAN_POINT('',(0.076708,-0.0344344424822629,0.0353209871008486));
#11714=CARTESIAN_POINT('',(0.076708,-0.0333583046751557,0.0353209871008486));
#11715=CARTESIAN_POINT('',(0.076708,-0.0333583046751557,0.0353209871008486));
#11716=CARTESIAN_POINT('',(0.076708,-0.0344344424822629,0.0353209871008486));
#11717=CARTESIAN_POINT('',(0.076708,-0.0325330033770177,0.0399796604595871));
#11718=CARTESIAN_POINT('',(0.076708,-0.0317077020788797,0.0446383338183255));
#11719=CARTESIAN_POINT('',(0.076708,-0.0317077020788797,0.0446383338183255));
#11720=CARTESIAN_POINT('',(0.076708,-0.0325330033770177,0.0399796604595871));
#11721=CARTESIAN_POINT('',(0.076708,-0.032784823558571,0.0446383338183255));
#11722=CARTESIAN_POINT('',(0.076708,-0.0338619450382625,0.0446383338183255));
#11723=CARTESIAN_POINT('',(0.076708,-0.0338619450382625,0.0446383338183255));
#11724=CARTESIAN_POINT('',(0.076708,-0.032784823558571,0.0446383338183255));
#11725=CARTESIAN_POINT('',(0.076708,-0.0341511447780152,0.0430074046737334));
#11726=CARTESIAN_POINT('',(0.076708,-0.034440344517768,0.0413764755291413));
#11727=CARTESIAN_POINT('',(0.076708,-0.034440344517768,0.0413764755291413));
#11728=CARTESIAN_POINT('',(0.076708,-0.0341511447780152,0.0430074046737334));
#11729=CARTESIAN_POINT('',(0.076708,-0.0352026907705176,0.0421575115609906));
#11730=CARTESIAN_POINT('',(0.0762,-0.0352026907705176,0.0421575115609906));
#11731=CARTESIAN_POINT('',(0.076708,-0.0348544706757133,0.0419647117344887));
#11732=CARTESIAN_POINT('',(0.0762,-0.0348544706757133,0.0419647117344887));
#11733=CARTESIAN_POINT('',(0.076708,-0.0346003552581301,0.041704366390539));
#11734=CARTESIAN_POINT('',(0.0762,-0.0346003552581301,0.041704366390539));
#11735=CARTESIAN_POINT('',(0.076708,-0.034440344517768,0.0413764755291413));
#11736=CARTESIAN_POINT('',(0.0762,-0.034440344517768,0.0413764755291413));
#11737=CARTESIAN_POINT('',(0.076708,-0.0352026907705176,0.0421575115609906));
#11738=CARTESIAN_POINT('',(0.076708,-0.0352026907705176,0.0421575115609906));
#11739=CARTESIAN_POINT('',(0.076708,-0.0352026907705176,0.0421575115609906));
#11740=CARTESIAN_POINT('',(0.076708,-0.0346803606283112,0.0418683118212378));
#11741=CARTESIAN_POINT('',(0.076708,-0.034440344517768,0.0413764755291413));
#11742=CARTESIAN_POINT('',(0.076708,-0.0364175264119961,0.0424467113007434));
#11743=CARTESIAN_POINT('',(0.0762,-0.0364175264119961,0.0424467113007434));
#11744=CARTESIAN_POINT('',(0.076708,-0.0359558560791482,0.0424467113007434));
#11745=CARTESIAN_POINT('',(0.0762,-0.0359558560791482,0.0424467113007434));
#11746=CARTESIAN_POINT('',(0.076708,-0.035550910865322,0.0423503113874924));
#11747=CARTESIAN_POINT('',(0.0762,-0.035550910865322,0.0423503113874924));
#11748=CARTESIAN_POINT('',(0.076708,-0.0352026907705176,0.0421575115609906));
#11749=CARTESIAN_POINT('',(0.0762,-0.0352026907705176,0.0421575115609906));
#11750=CARTESIAN_POINT('',(0.076708,-0.0364175264119961,0.0424467113007434));
#11751=CARTESIAN_POINT('',(0.076708,-0.0364175264119961,0.0424467113007434));
#11752=CARTESIAN_POINT('',(0.076708,-0.0364175264119961,0.0424467113007434));
#11753=CARTESIAN_POINT('',(0.076708,-0.0357250209127242,0.0424467113007434));
#11754=CARTESIAN_POINT('',(0.076708,-0.0352026907705176,0.0421575115609906));
#11755=CARTESIAN_POINT('',(0.076708,-0.0364154939205701,0.0391448397882684));
#11756=CARTESIAN_POINT('',(0.076708,-0.0380661616631037,0.0420060259830249));
#11757=CARTESIAN_POINT('',(0.076708,-0.0380661616631037,0.0420060259830249));
#11758=CARTESIAN_POINT('',(0.076708,-0.0364154939205701,0.0391448397882684));
#11759=CARTESIAN_POINT('',(0.076708,-0.0394010053598537,0.0407469250752577));
#11760=CARTESIAN_POINT('',(0.0762,-0.0394010053598537,0.0407469250752577));
#11761=CARTESIAN_POINT('',(0.076708,-0.0390318002499199,0.0412925354686235));
#11762=CARTESIAN_POINT('',(0.0762,-0.0390318002499199,0.0412925354686235));
#11763=CARTESIAN_POINT('',(0.076708,-0.0385868523510032,0.0417122357712125));
#11764=CARTESIAN_POINT('',(0.0762,-0.0385868523510032,0.0417122357712125));
#11765=CARTESIAN_POINT('',(0.076708,-0.0380661616631037,0.0420060259830249));
#11766=CARTESIAN_POINT('',(0.0762,-0.0380661616631037,0.0420060259830249));
#11767=CARTESIAN_POINT('',(0.076708,-0.0394010053598537,0.0407469250752577));
#11768=CARTESIAN_POINT('',(0.076708,-0.038847197694953,0.0415653406653064));
#11769=CARTESIAN_POINT('',(0.076708,-0.0380661616631037,0.0420060259830249));
#11770=CARTESIAN_POINT('',(0.076708,-0.0348436502772872,0.0392497754021158));
#11771=CARTESIAN_POINT('',(0.0762,-0.0348436502772872,0.0392497754021158));
#11772=CARTESIAN_POINT('',(0.076708,-0.0348436502772872,0.0396602947605857));
#11773=CARTESIAN_POINT('',(0.0762,-0.0348436502772872,0.0396602947605857));
#11774=CARTESIAN_POINT('',(0.076708,-0.0349633304416973,0.0399832672590625));
#11775=CARTESIAN_POINT('',(0.0762,-0.0349633304416973,0.0399832672590625));
#11776=CARTESIAN_POINT('',(0.076708,-0.0352026907705176,0.040218692897546));
#11777=CARTESIAN_POINT('',(0.0762,-0.0352026907705176,0.040218692897546));
#11778=CARTESIAN_POINT('',(0.0762,-0.0348436502772872,0.0392497754021158));
#11779=CARTESIAN_POINT('',(0.0762,-0.0348436502772872,0.0398655544398207));
#11780=CARTESIAN_POINT('',(0.0762,-0.0352026907705176,0.040218692897546));
#11781=CARTESIAN_POINT('',(0.076708,-0.0348436502772872,0.0392497754021158));
#11782=CARTESIAN_POINT('',(0.076708,-0.0348436502772872,0.0398655544398207));
#11783=CARTESIAN_POINT('',(0.076708,-0.0352026907705176,0.040218692897546));
#11784=CARTESIAN_POINT('',(0.076708,1.39703063931999E-17,0.0254));
#11785=CARTESIAN_POINT('',(0.0762,0.,0.0508));
#11786=CARTESIAN_POINT('',(0.076708,-0.0288307806748831,0.0398050759213917));
#11787=CARTESIAN_POINT('',(0.0762,-0.0288307806748831,0.0398050759213917));
#11788=CARTESIAN_POINT('',(0.0762,-0.026634358222263,0.0394386405382809));
#11789=CARTESIAN_POINT('',(0.0762,-0.0266083434024227,0.0396766893036556));
#11790=CARTESIAN_POINT('',(0.076708,-0.026634358222263,0.0394386405382809));
#11791=CARTESIAN_POINT('',(0.076708,-0.026634358222263,0.0394386405382809));
#11792=CARTESIAN_POINT('',(0.076708,-0.0288307806748831,0.0398050759213917));
#11793=CARTESIAN_POINT('',(0.076708,-0.0266083434024227,0.0396766893036556));
#11794=CARTESIAN_POINT('',(0.076708,-0.0266083434024227,0.0396766893036556));
#11795=CARTESIAN_POINT('',(0.076708,-0.0279874523654614,0.0394386405382809));
#11796=CARTESIAN_POINT('',(0.0762,-0.0279874523654614,0.0394386405382809));
#11797=CARTESIAN_POINT('',(0.0762,-0.0293409858413111,0.0394386405382809));
#11798=CARTESIAN_POINT('',(0.076708,-0.0293409858413111,0.0394386405382809));
#11799=CARTESIAN_POINT('',(0.076708,-0.0293409858413111,0.0394386405382809));
#11800=CARTESIAN_POINT('',(0.076708,-0.0279874523654614,0.0394386405382809));
#11801=CARTESIAN_POINT('',(0.076708,-0.0287301251665272,0.0403888682546114));
#11802=CARTESIAN_POINT('',(0.0762,-0.0287301251665272,0.0403888682546114));
#11803=CARTESIAN_POINT('',(0.076708,-0.0290114555256064,0.040165902468861));
#11804=CARTESIAN_POINT('',(0.0762,-0.0290114555256064,0.040165902468861));
#11805=CARTESIAN_POINT('',(0.076708,-0.0292150757505344,0.0398491598967508));
#11806=CARTESIAN_POINT('',(0.0762,-0.0292150757505344,0.0398491598967508));
#11807=CARTESIAN_POINT('',(0.076708,-0.0293409858413111,0.0394386405382809));
#11808=CARTESIAN_POINT('',(0.0762,-0.0293409858413111,0.0394386405382809));
#11809=CARTESIAN_POINT('',(0.0762,-0.0287301251665272,0.0403888682546114));
#11810=CARTESIAN_POINT('',(0.0762,-0.029152120705146,0.0400544195759858));
#11811=CARTESIAN_POINT('',(0.0762,-0.0293409858413111,0.0394386405382809));
#11812=CARTESIAN_POINT('',(0.0762,-0.0287301251665272,0.0403888682546114));
#11813=CARTESIAN_POINT('',(0.076708,-0.0287301251665272,0.0403888682546114));
#11814=CARTESIAN_POINT('',(0.076708,-0.0287301251665272,0.0403888682546114));
#11815=CARTESIAN_POINT('',(0.076708,-0.0287301251665272,0.0403888682546114));
#11816=CARTESIAN_POINT('',(0.076708,-0.029152120705146,0.0400544195759858));
#11817=CARTESIAN_POINT('',(0.076708,-0.0293409858413111,0.0394386405382809));
#11818=CARTESIAN_POINT('',(0.076708,-0.0277781544370792,0.0391976465865981));
#11819=CARTESIAN_POINT('',(0.0762,-0.0277781544370792,0.0391976465865981));
#11820=CARTESIAN_POINT('',(0.0762,-0.0277533382904235,0.0407233169332371));
#11821=CARTESIAN_POINT('',(0.076708,-0.0277533382904235,0.0407233169332371));
#11822=CARTESIAN_POINT('',(0.076708,-0.0277533382904235,0.0407233169332371));
#11823=CARTESIAN_POINT('',(0.076708,-0.0277781544370792,0.0391976465865981));
#11824=CARTESIAN_POINT('',(0.076708,-0.0269231186293645,0.0404518232999998));
#11825=CARTESIAN_POINT('',(0.0762,-0.0269231186293645,0.0404518232999998));
#11826=CARTESIAN_POINT('',(0.076708,-0.027132968780659,0.0406328190554913));
#11827=CARTESIAN_POINT('',(0.0762,-0.027132968780659,0.0406328190554913));
#11828=CARTESIAN_POINT('',(0.076708,-0.0274097086676787,0.0407233169332371));
#11829=CARTESIAN_POINT('',(0.0762,-0.0274097086676787,0.0407233169332371));
#11830=CARTESIAN_POINT('',(0.076708,-0.0277533382904235,0.0407233169332371));
#11831=CARTESIAN_POINT('',(0.0762,-0.0277533382904235,0.0407233169332371));
#11832=CARTESIAN_POINT('',(0.0762,-0.0269231186293645,0.0404518232999998));
#11833=CARTESIAN_POINT('',(0.0762,-0.0272378938563063,0.0407233169332371));
#11834=CARTESIAN_POINT('',(0.0762,-0.0277533382904235,0.0407233169332371));
#11835=CARTESIAN_POINT('',(0.0762,-0.0269231186293645,0.0404518232999998));
#11836=CARTESIAN_POINT('',(0.076708,-0.0269231186293645,0.0404518232999998));
#11837=CARTESIAN_POINT('',(0.076708,-0.0269231186293645,0.0404518232999998));
#11838=CARTESIAN_POINT('',(0.076708,-0.0269231186293645,0.0404518232999998));
#11839=CARTESIAN_POINT('',(0.076708,-0.0272378938563063,0.0407233169332371));
#11840=CARTESIAN_POINT('',(0.076708,-0.0277533382904235,0.0407233169332371));
#11841=CARTESIAN_POINT('',(0.076708,-0.0274129875762926,0.0424467113007434));
#11842=CARTESIAN_POINT('',(0.0762,-0.0274129875762926,0.0424467113007434));
#11843=CARTESIAN_POINT('',(0.076708,-0.0265066972353894,0.0424467113007434));
#11844=CARTESIAN_POINT('',(0.0762,-0.0265066972353894,0.0424467113007434));
#11845=CARTESIAN_POINT('',(0.076708,-0.0257869767946215,0.0422014489364179));
#11846=CARTESIAN_POINT('',(0.0762,-0.0257869767946215,0.0422014489364179));
#11847=CARTESIAN_POINT('',(0.076708,-0.0252538262539889,0.0417109242077669));
#11848=CARTESIAN_POINT('',(0.0762,-0.0252538262539889,0.0417109242077669));
#11849=CARTESIAN_POINT('',(0.076708,-0.0274129875762926,0.0424467113007434));
#11850=CARTESIAN_POINT('',(0.076708,-0.0274129875762926,0.0424467113007434));
#11851=CARTESIAN_POINT('',(0.076708,-0.0274129875762926,0.0424467113007434));
#11852=CARTESIAN_POINT('',(0.076708,-0.0260535520649378,0.0424467113007434));
#11853=CARTESIAN_POINT('',(0.076708,-0.0252538262539889,0.0417109242077669));
#11854=CARTESIAN_POINT('',(0.076708,-0.0252538262539889,0.0417109242077669));
#11855=CARTESIAN_POINT('',(0.076708,-0.0252538262539889,0.0417109242077669));
#11856=CARTESIAN_POINT('',(0.076708,-0.0293409858413111,0.0420060259830249));
#11857=CARTESIAN_POINT('',(0.0762,-0.0293409858413111,0.0420060259830249));
#11858=CARTESIAN_POINT('',(0.076708,-0.0287534054176864,0.0422998161948372));
#11859=CARTESIAN_POINT('',(0.0762,-0.0287534054176864,0.0422998161948372));
#11860=CARTESIAN_POINT('',(0.076708,-0.0281107393293469,0.0424467113007434));
#11861=CARTESIAN_POINT('',(0.0762,-0.0281107393293469,0.0424467113007434));
#11862=CARTESIAN_POINT('',(0.076708,-0.0274129875762926,0.0424467113007434));
#11863=CARTESIAN_POINT('',(0.0762,-0.0274129875762926,0.0424467113007434));
#11864=CARTESIAN_POINT('',(0.076708,-0.0293409858413111,0.0420060259830249));
#11865=CARTESIAN_POINT('',(0.076708,-0.0293409858413111,0.0420060259830249));
#11866=CARTESIAN_POINT('',(0.076708,-0.0293409858413111,0.0420060259830249));
#11867=CARTESIAN_POINT('',(0.076708,-0.0284596152058741,0.0424467113007434));
#11868=CARTESIAN_POINT('',(0.076708,-0.0274129875762926,0.0424467113007434));
#11869=CARTESIAN_POINT('',(0.0767080000000001,-0.0275523054695898,0.0384267079480941));
#11870=CARTESIAN_POINT('',(0.076708,-0.0308135436998482,0.0407469250752577));
#11871=CARTESIAN_POINT('',(0.076708,-0.0308135436998482,0.0407469250752577));
#11872=CARTESIAN_POINT('',(0.076708,-0.0275523054695898,0.0384267079480941));
#11873=CARTESIAN_POINT('',(0.076708,-0.0315935960591133,0.0388346655715863));
#11874=CARTESIAN_POINT('',(0.0762,-0.0315935960591133,0.0388346655715863));
#11875=CARTESIAN_POINT('',(0.076708,-0.0314676859683366,0.0395638948473348));
#11876=CARTESIAN_POINT('',(0.0762,-0.0314676859683366,0.0395638948473348));
#11877=CARTESIAN_POINT('',(0.076708,-0.0312076685152482,0.0402013146818919));
#11878=CARTESIAN_POINT('',(0.0762,-0.0312076685152482,0.0402013146818919));
#11879=CARTESIAN_POINT('',(0.076708,-0.0308135436998482,0.0407469250752577));
#11880=CARTESIAN_POINT('',(0.0762,-0.0308135436998482,0.0407469250752577));
#11881=CARTESIAN_POINT('',(0.076708,-0.0315935960591133,0.0388346655715863));
#11882=CARTESIAN_POINT('',(0.076708,-0.0315935960591133,0.0388346655715863));
#11883=CARTESIAN_POINT('',(0.076708,-0.0315935960591133,0.0388346655715863));
#11884=CARTESIAN_POINT('',(0.076708,-0.0314047309229482,0.039928509485209));
#11885=CARTESIAN_POINT('',(0.076708,-0.0308135436998482,0.0407469250752577));
#11886=CARTESIAN_POINT('',(0.0767080000000004,-0.027211001400382,0.038007875723297));
#11887=CARTESIAN_POINT('',(0.076708,-0.0316703225206803,0.038028054052548));
#11888=CARTESIAN_POINT('',(0.076708,-0.0316703225206803,0.038028054052548));
#11889=CARTESIAN_POINT('',(0.076708,-0.027211001400382,0.038007875723297));
#11890=CARTESIAN_POINT('',(0.076708,-0.0308578089661368,0.0359761130419212));
#11891=CARTESIAN_POINT('',(0.0762,-0.0308578089661368,0.0359761130419212));
#11892=CARTESIAN_POINT('',(0.076708,-0.0313994846691658,0.0364797534050281));
#11893=CARTESIAN_POINT('',(0.0762,-0.0313994846691658,0.0364797534050281));
#11894=CARTESIAN_POINT('',(0.076708,-0.0316703225206803,0.0371637337419037));
#11895=CARTESIAN_POINT('',(0.0762,-0.0316703225206803,0.0371637337419037));
#11896=CARTESIAN_POINT('',(0.076708,-0.0316703225206803,0.038028054052548));
#11897=CARTESIAN_POINT('',(0.0762,-0.0316703225206803,0.038028054052548));
#11898=CARTESIAN_POINT('',(0.076708,-0.0308578089661368,0.0359761130419212));
#11899=CARTESIAN_POINT('',(0.076708,-0.0308578089661368,0.0359761130419212));
#11900=CARTESIAN_POINT('',(0.076708,-0.0308578089661368,0.0359761130419212));
#11901=CARTESIAN_POINT('',(0.076708,-0.0316703225206803,0.0367315735865816));
#11902=CARTESIAN_POINT('',(0.076708,-0.0316703225206803,0.038028054052548));
#11903=CARTESIAN_POINT('',(0.076708,-0.0286858599002385,0.035220652497261));
#11904=CARTESIAN_POINT('',(0.0762,-0.0286858599002385,0.035220652497261));
#11905=CARTESIAN_POINT('',(0.076708,-0.0295921502411417,0.035220652497261));
#11906=CARTESIAN_POINT('',(0.0762,-0.0295921502411417,0.035220652497261));
#11907=CARTESIAN_POINT('',(0.076708,-0.0303161332631079,0.0354724726788144));
#11908=CARTESIAN_POINT('',(0.0762,-0.0303161332631079,0.0354724726788144));
#11909=CARTESIAN_POINT('',(0.076708,-0.0308578089661368,0.0359761130419212));
#11910=CARTESIAN_POINT('',(0.0762,-0.0308578089661368,0.0359761130419212));
#11911=CARTESIAN_POINT('',(0.076708,-0.0286858599002385,0.035220652497261));
#11912=CARTESIAN_POINT('',(0.076708,-0.0286858599002385,0.035220652497261));
#11913=CARTESIAN_POINT('',(0.076708,-0.0286858599002385,0.035220652497261));
#11914=CARTESIAN_POINT('',(0.076708,-0.0300452954115934,0.035220652497261));
#11915=CARTESIAN_POINT('',(0.076708,-0.0308578089661368,0.0359761130419212));
#11916=CARTESIAN_POINT('',(0.076708,-0.0263939027790687,0.0359003702529384));
#11917=CARTESIAN_POINT('',(0.0762,-0.0263939027790687,0.0359003702529384));
#11918=CARTESIAN_POINT('',(0.076708,-0.0270732926438846,0.0354472250824868));
#11919=CARTESIAN_POINT('',(0.0762,-0.0270732926438846,0.0354472250824868));
#11920=CARTESIAN_POINT('',(0.076708,-0.0278372783509413,0.035220652497261));
#11921=CARTESIAN_POINT('',(0.0762,-0.0278372783509413,0.035220652497261));
#11922=CARTESIAN_POINT('',(0.076708,-0.0286858599002385,0.035220652497261));
#11923=CARTESIAN_POINT('',(0.0762,-0.0286858599002385,0.035220652497261));
#11924=CARTESIAN_POINT('',(0.076708,-0.0263939027790687,0.0359003702529384));
#11925=CARTESIAN_POINT('',(0.076708,-0.0263939027790687,0.0359003702529384));
#11926=CARTESIAN_POINT('',(0.076708,-0.0263939027790687,0.0359003702529384));
#11927=CARTESIAN_POINT('',(0.076708,-0.0274129875762926,0.035220652497261));
#11928=CARTESIAN_POINT('',(0.076708,-0.0286858599002385,0.035220652497261));
#11929=CARTESIAN_POINT('',(0.076708,-0.0249203612479474,0.0376503237802179));
#11930=CARTESIAN_POINT('',(0.0762,-0.0249203612479474,0.0376503237802179));
#11931=CARTESIAN_POINT('',(0.076708,-0.0252233324038789,0.0369368332658165));
#11932=CARTESIAN_POINT('',(0.0762,-0.0252233324038789,0.0369368332658165));
#11933=CARTESIAN_POINT('',(0.076708,-0.0257145129142526,0.03635351542339));
#11934=CARTESIAN_POINT('',(0.0762,-0.0257145129142526,0.03635351542339));
#11935=CARTESIAN_POINT('',(0.076708,-0.0263939027790687,0.0359003702529384));
#11936=CARTESIAN_POINT('',(0.0762,-0.0263939027790687,0.0359003702529384));
#11937=CARTESIAN_POINT('',(0.076708,-0.0249203612479474,0.0376503237802179));
#11938=CARTESIAN_POINT('',(0.076708,-0.0249203612479474,0.0376503237802179));
#11939=CARTESIAN_POINT('',(0.076708,-0.0249203612479474,0.0376503237802179));
#11940=CARTESIAN_POINT('',(0.076708,-0.0253748179818446,0.0365800880086158));
#11941=CARTESIAN_POINT('',(0.076708,-0.0263939027790687,0.0359003702529384));
#11942=CARTESIAN_POINT('',(0.076708,-0.0260663398085323,0.0376503237802179));
#11943=CARTESIAN_POINT('',(0.076708,-0.0272123183691172,0.0376503237802179));
#11944=CARTESIAN_POINT('',(0.076708,-0.0272123183691172,0.0376503237802179));
#11945=CARTESIAN_POINT('',(0.076708,-0.0260663398085323,0.0376503237802179));
#11946=CARTESIAN_POINT('',(0.076708,-0.0284458437896954,0.0369696223519562));
#11947=CARTESIAN_POINT('',(0.0762,-0.0284458437896954,0.0369696223519562));
#11948=CARTESIAN_POINT('',(0.076708,-0.0279094143404488,0.0369696223519562));
#11949=CARTESIAN_POINT('',(0.0762,-0.0279094143404488,0.0369696223519562));
#11950=CARTESIAN_POINT('',(0.076708,-0.0274982392002561,0.0371965228280435));
#11951=CARTESIAN_POINT('',(0.0762,-0.0274982392002561,0.0371965228280435));
#11952=CARTESIAN_POINT('',(0.076708,-0.0272123183691172,0.0376503237802179));
#11953=CARTESIAN_POINT('',(0.0762,-0.0272123183691172,0.0376503237802179));
#11954=CARTESIAN_POINT('',(0.076708,-0.0284458437896954,0.0369696223519562));
#11955=CARTESIAN_POINT('',(0.076708,-0.0284458437896954,0.0369696223519562));
#11956=CARTESIAN_POINT('',(0.076708,-0.0284458437896954,0.0369696223519562));
#11957=CARTESIAN_POINT('',(0.076708,-0.0276411996158254,0.0369696223519562));
#11958=CARTESIAN_POINT('',(0.076708,-0.0272123183691172,0.0376503237802179));
#11959=CARTESIAN_POINT('',(0.076708,-0.0292514716361495,0.0372598057642932));
#11960=CARTESIAN_POINT('',(0.0762,-0.0292514716361495,0.0372598057642932));
#11961=CARTESIAN_POINT('',(0.076708,-0.0290501466472513,0.0370663501560686));
#11962=CARTESIAN_POINT('',(0.0762,-0.0290501466472513,0.0370663501560686));
#11963=CARTESIAN_POINT('',(0.076708,-0.0287816040317666,0.0369696223519562));
#11964=CARTESIAN_POINT('',(0.0762,-0.0287816040317666,0.0369696223519562));
#11965=CARTESIAN_POINT('',(0.076708,-0.0284458437896954,0.0369696223519562));
#11966=CARTESIAN_POINT('',(0.0762,-0.0284458437896954,0.0369696223519562));
#11967=CARTESIAN_POINT('',(0.076708,-0.0292514716361495,0.0372598057642932));
#11968=CARTESIAN_POINT('',(0.076708,-0.0292514716361495,0.0372598057642932));
#11969=CARTESIAN_POINT('',(0.076708,-0.0292514716361495,0.0372598057642932));
#11970=CARTESIAN_POINT('',(0.076708,-0.0289494841528022,0.0369696223519562));
#11971=CARTESIAN_POINT('',(0.076708,-0.0284458437896954,0.0369696223519562));
#11972=CARTESIAN_POINT('',(0.076708,-0.0295534591194968,0.0381028131689467));
#11973=CARTESIAN_POINT('',(0.0762,-0.0295534591194968,0.0381028131689467));
#11974=CARTESIAN_POINT('',(0.076708,-0.0295534591194968,0.0377342638407357));
#11975=CARTESIAN_POINT('',(0.0762,-0.0295534591194968,0.0377342638407357));
#11976=CARTESIAN_POINT('',(0.076708,-0.0294527966250477,0.0374532613725179));
#11977=CARTESIAN_POINT('',(0.0762,-0.0294527966250477,0.0374532613725179));
#11978=CARTESIAN_POINT('',(0.076708,-0.0292514716361495,0.0372598057642932));
#11979=CARTESIAN_POINT('',(0.0762,-0.0292514716361495,0.0372598057642932));
#11980=CARTESIAN_POINT('',(0.076708,-0.0295534591194968,0.0381028131689467));
#11981=CARTESIAN_POINT('',(0.076708,-0.0295534591194968,0.0381028131689467));
#11982=CARTESIAN_POINT('',(0.076708,-0.0295534591194968,0.0381028131689467));
#11983=CARTESIAN_POINT('',(0.076708,-0.0295534591194968,0.0375499891766302));
#11984=CARTESIAN_POINT('',(0.076708,-0.0292514716361495,0.0372598057642932));
#11985=CARTESIAN_POINT('',(0.0767080000000009,-0.0277259884052391,0.0381409869487569));
#11986=CARTESIAN_POINT('',(0.076708,-0.0295422428573836,0.0383428292794898));
#11987=CARTESIAN_POINT('',(0.076708,-0.0295422428573836,0.0383428292794898));
#11988=CARTESIAN_POINT('',(0.076708,-0.0277259884052391,0.0381409869487569));
#11989=CARTESIAN_POINT('',(0.076708,-0.0271050980574402,0.0383428292794898));
#11990=CARTESIAN_POINT('',(0.076708,-0.0246687882962437,0.0383428292794898));
#11991=CARTESIAN_POINT('',(0.076708,-0.0246687882962437,0.0383428292794898));
#11992=CARTESIAN_POINT('',(0.076708,-0.0271050980574402,0.0383428292794898));
#11993=CARTESIAN_POINT('',(0.0767080000000009,-0.0295861765932519,0.0398802199053259));
#11994=CARTESIAN_POINT('',(0.076708,-0.0245170554884283,0.0389605756623631));
#11995=CARTESIAN_POINT('',(0.076708,-0.0245167190097464,0.0389605151402775));
#11996=CARTESIAN_POINT('',(0.076708,-0.0295861765932519,0.0398802199053259));
#11997=CARTESIAN_POINT('',(0.0767080000000004,-0.0284170276232764,0.0396580624533123));
#11998=CARTESIAN_POINT('',(0.076708,-0.0244541004430399,0.0397022647908447));
#11999=CARTESIAN_POINT('',(0.076708,-0.0244541004430399,0.0397022647908447));
#12000=CARTESIAN_POINT('',(0.076708,-0.0284170276232764,0.0396580624533123));
#12001=CARTESIAN_POINT('',(0.076708,-0.0252538262539889,0.0417109242077669));
#12002=CARTESIAN_POINT('',(0.0762,-0.0252538262539889,0.0417109242077669));
#12003=CARTESIAN_POINT('',(0.076708,-0.0247206757133562,0.041220399479116));
#12004=CARTESIAN_POINT('',(0.0762,-0.0247206757133562,0.041220399479116));
#12005=CARTESIAN_POINT('',(0.076708,-0.0244541004430399,0.0405508463401419));
#12006=CARTESIAN_POINT('',(0.0762,-0.0244541004430399,0.0405508463401419));
#12007=CARTESIAN_POINT('',(0.076708,-0.0244541004430399,0.0397022647908447));
#12008=CARTESIAN_POINT('',(0.0762,-0.0244541004430399,0.0397022647908447));
#12009=CARTESIAN_POINT('',(0.076708,-0.0252538262539889,0.0417109242077669));
#12010=CARTESIAN_POINT('',(0.076708,-0.0244541004430399,0.0409751371147905));
#12011=CARTESIAN_POINT('',(0.076708,-0.0244541004430399,0.0397022647908447));
#12012=CARTESIAN_POINT('',(0.076708,-0.0266083434024227,0.0396766893036556));
#12013=CARTESIAN_POINT('',(0.0762,-0.0266083434024227,0.0396766893036556));
#12014=CARTESIAN_POINT('',(0.076708,-0.0266083434024227,0.0400124495457268));
#12015=CARTESIAN_POINT('',(0.0762,-0.0266083434024227,0.0400124495457268));
#12016=CARTESIAN_POINT('',(0.076708,-0.02671326847807,0.0402708275445082));
#12017=CARTESIAN_POINT('',(0.0762,-0.02671326847807,0.0402708275445082));
#12018=CARTESIAN_POINT('',(0.076708,-0.0269231186293645,0.0404518232999998));
#12019=CARTESIAN_POINT('',(0.0762,-0.0269231186293645,0.0404518232999998));
#12020=CARTESIAN_POINT('',(0.0762,-0.0266083434024227,0.0396766893036556));
#12021=CARTESIAN_POINT('',(0.0762,-0.0266083434024227,0.0401803296667625));
#12022=CARTESIAN_POINT('',(0.0762,-0.0269231186293645,0.0404518232999998));
#12023=CARTESIAN_POINT('',(0.076708,-0.0266083434024227,0.0396766893036556));
#12024=CARTESIAN_POINT('',(0.076708,-0.0266083434024227,0.0401803296667625));
#12025=CARTESIAN_POINT('',(0.076708,-0.0269231186293645,0.0404518232999998));
#12026=CARTESIAN_POINT('',(0.076708,1.39703063931999E-17,0.0254));
#12027=CARTESIAN_POINT('',(0.0762,0.,0.0508));
#12028=CARTESIAN_POINT('',(0.076708,-0.0162227282585122,0.0433536574233694));
#12029=CARTESIAN_POINT('',(0.0762,-0.0162227282585122,0.0433536574233694));
#12030=CARTESIAN_POINT('',(0.076708,-0.0166332476169821,0.0433785771288356));
#12031=CARTESIAN_POINT('',(0.0762,-0.0166332476169821,0.0433785771288356));
#12032=CARTESIAN_POINT('',(0.076708,-0.0169329398642996,0.0433198846646454));
#12033=CARTESIAN_POINT('',(0.0762,-0.0169329398642996,0.0433198846646454));
#12034=CARTESIAN_POINT('',(0.076708,-0.0171218050004646,0.0431775800307988));
#12035=CARTESIAN_POINT('',(0.0762,-0.0171218050004646,0.0431775800307988));
#12036=CARTESIAN_POINT('',(0.076708,-0.0162227282585122,0.0433536574233694));
#12037=CARTESIAN_POINT('',(0.076708,-0.0162227282585122,0.0433536574233694));
#12038=CARTESIAN_POINT('',(0.076708,-0.0162227282585122,0.0433536574233694));
#12039=CARTESIAN_POINT('',(0.076708,-0.016838507296217,0.0433910369815687));
#12040=CARTESIAN_POINT('',(0.076708,-0.0171218050004646,0.0431775800307988));
#12041=CARTESIAN_POINT('',(0.076708,-0.0171218050004646,0.0431775800307988));
#12042=CARTESIAN_POINT('',(0.076708,-0.0171218050004646,0.0431775800307988));
#12043=CARTESIAN_POINT('',(0.076708,-0.0160653406450413,0.0442665055815005));
#12044=CARTESIAN_POINT('',(0.076708,-0.0159078529694461,0.0451799340999524));
#12045=CARTESIAN_POINT('',(0.076708,-0.0159079530315704,0.0451793537396317));
#12046=CARTESIAN_POINT('',(0.076708,-0.0160653406450413,0.0442665055815005));
#12047=CARTESIAN_POINT('',(0.076708000000001,-0.0161967202422723,0.0420083884148111));
#12048=CARTESIAN_POINT('',(0.076708,-0.0162463364005328,0.0451931251558104));
#12049=CARTESIAN_POINT('',(0.076708,-0.0162463364005328,0.0451931251558104));
#12050=CARTESIAN_POINT('',(0.076708,-0.0161967202422723,0.0420083884148111));
#12051=CARTESIAN_POINT('',(0.076708,-0.018545179229792,0.0445193094356382));
#12052=CARTESIAN_POINT('',(0.0762,-0.018545179229792,0.0445193094356382));
#12053=CARTESIAN_POINT('',(0.076708,-0.0179700586589005,0.044968519915753));
#12054=CARTESIAN_POINT('',(0.0762,-0.0179700586589005,0.044968519915753));
#12055=CARTESIAN_POINT('',(0.076708,-0.0172037777158141,0.0451931251558104));
#12056=CARTESIAN_POINT('',(0.0762,-0.0172037777158141,0.0451931251558104));
#12057=CARTESIAN_POINT('',(0.076708,-0.0162463364005328,0.0451931251558104));
#12058=CARTESIAN_POINT('',(0.0762,-0.0162463364005328,0.0451931251558104));
#12059=CARTESIAN_POINT('',(0.076708,-0.018545179229792,0.0445193094356382));
#12060=CARTESIAN_POINT('',(0.076708,-0.018545179229792,0.0445193094356382));
#12061=CARTESIAN_POINT('',(0.076708,-0.018545179229792,0.0445193094356382));
#12062=CARTESIAN_POINT('',(0.076708,-0.0176824983734547,0.0451931251558104));
#12063=CARTESIAN_POINT('',(0.076708,-0.0162463364005328,0.0451931251558104));
#12064=CARTESIAN_POINT('',(0.076708,-0.0196459088515041,0.0425490132494994));
#12065=CARTESIAN_POINT('',(0.0762,-0.0196459088515041,0.0425490132494994));
#12066=CARTESIAN_POINT('',(0.076708,-0.0194872096745876,0.0434133335601437));
#12067=CARTESIAN_POINT('',(0.0762,-0.0194872096745876,0.0434133335601437));
#12068=CARTESIAN_POINT('',(0.076708,-0.0191202998006836,0.0440700989555233));
#12069=CARTESIAN_POINT('',(0.0762,-0.0191202998006836,0.0440700989555233));
#12070=CARTESIAN_POINT('',(0.076708,-0.018545179229792,0.0445193094356382));
#12071=CARTESIAN_POINT('',(0.0762,-0.018545179229792,0.0445193094356382));
#12072=CARTESIAN_POINT('',(0.076708,-0.0196459088515041,0.0425490132494994));
#12073=CARTESIAN_POINT('',(0.076708,-0.0196459088515041,0.0425490132494994));
#12074=CARTESIAN_POINT('',(0.076708,-0.0196459088515041,0.0425490132494994));
#12075=CARTESIAN_POINT('',(0.076708,-0.0194078600861293,0.0438454937154659));
#12076=CARTESIAN_POINT('',(0.076708,-0.018545179229792,0.0445193094356382));
#12077=CARTESIAN_POINT('',(0.076708,-0.019665582303188,0.0424476949733275));
#12078=CARTESIAN_POINT('',(0.076708,-0.0196852557548718,0.0423463766971557));
#12079=CARTESIAN_POINT('',(0.076708,-0.0196852557548718,0.0423463766971557));
#12080=CARTESIAN_POINT('',(0.076708,-0.019665582303188,0.0424476949733275));
#12081=CARTESIAN_POINT('',(0.076708,-0.0200747900982123,0.0423463766971557));
#12082=CARTESIAN_POINT('',(0.076708,-0.0204643244415528,0.0423463766971557));
#12083=CARTESIAN_POINT('',(0.076708,-0.0204643244415528,0.0423463766971557));
#12084=CARTESIAN_POINT('',(0.076708,-0.0200747900982123,0.0423463766971557));
#12085=CARTESIAN_POINT('',(0.076708,-0.0206217120550237,0.0414522183181242));
#12086=CARTESIAN_POINT('',(0.076708,-0.0207790996684946,0.0405580599390926));
#12087=CARTESIAN_POINT('',(0.076708,-0.0207790996684946,0.0405580599390926));
#12088=CARTESIAN_POINT('',(0.076708,-0.0206217120550237,0.0414522183181242));
#12089=CARTESIAN_POINT('',(0.076708,-0.0203895653251541,0.0405580599390926));
#12090=CARTESIAN_POINT('',(0.076708,-0.0200000309818136,0.0405580599390926));
#12091=CARTESIAN_POINT('',(0.076708,-0.0200000309818136,0.0405580599390926));
#12092=CARTESIAN_POINT('',(0.076708,-0.0203895653251541,0.0405580599390926));
#12093=CARTESIAN_POINT('',(0.076708,-0.0204594060786318,0.0379395235199707));
#12094=CARTESIAN_POINT('',(0.076708,-0.02091878117545,0.0353209871008486));
#12095=CARTESIAN_POINT('',(0.076708,-0.02091878117545,0.0353209871008486));
#12096=CARTESIAN_POINT('',(0.076708,-0.0204594060786318,0.0379395235199707));
#12097=CARTESIAN_POINT('',(0.076708,-0.0198357576602534,0.0353209871008486));
#12098=CARTESIAN_POINT('',(0.076708,-0.0187527341450568,0.0353209871008486));
#12099=CARTESIAN_POINT('',(0.076708,-0.0187527341450568,0.0353209871008486));
#12100=CARTESIAN_POINT('',(0.076708,-0.0198357576602534,0.0353209871008486));
#12101=CARTESIAN_POINT('',(0.076708,-0.0182933590482386,0.0379395235199707));
#12102=CARTESIAN_POINT('',(0.076708,-0.0178339839514205,0.0405580599390926));
#12103=CARTESIAN_POINT('',(0.076708,-0.0178339839514205,0.0405580599390926));
#12104=CARTESIAN_POINT('',(0.076708,-0.0182933590482386,0.0379395235199707));
#12105=CARTESIAN_POINT('',(0.076708,-0.0172546007993308,0.0405580599390926));
#12106=CARTESIAN_POINT('',(0.076708,-0.016675217647241,0.0405580599390926));
#12107=CARTESIAN_POINT('',(0.076708,-0.016675217647241,0.0405580599390926));
#12108=CARTESIAN_POINT('',(0.076708,-0.0172546007993308,0.0405580599390926));
#12109=CARTESIAN_POINT('',(0.076708,-0.0165178300337701,0.0414522183181241));
#12110=CARTESIAN_POINT('',(0.076708,-0.0163604424202992,0.0423463766971557));
#12111=CARTESIAN_POINT('',(0.076708,-0.0163604424202992,0.0423463766971557));
#12112=CARTESIAN_POINT('',(0.076708,-0.0165178300337701,0.0414522183181241));
#12113=CARTESIAN_POINT('',(0.076708,-0.016939825572389,0.0423463766971557));
#12114=CARTESIAN_POINT('',(0.076708,-0.0175192087244786,0.0423463766971557));
#12115=CARTESIAN_POINT('',(0.076708,-0.0175192087244786,0.0423463766971557));
#12116=CARTESIAN_POINT('',(0.076708,-0.016939825572389,0.0423463766971557));
#12117=CARTESIAN_POINT('',(0.076708,-0.0175123230163893,0.0423778542198498));
#12118=CARTESIAN_POINT('',(0.076708,-0.0175054373083,0.042409331742544));
#12119=CARTESIAN_POINT('',(0.076708,-0.0175054373083,0.042409331742544));
#12120=CARTESIAN_POINT('',(0.076708,-0.0175123230163893,0.0423778542198498));
#12121=CARTESIAN_POINT('',(0.076708,-0.0171218050004646,0.0431775800307988));
#12122=CARTESIAN_POINT('',(0.0762,-0.0171218050004646,0.0431775800307988));
#12123=CARTESIAN_POINT('',(0.076708,-0.0173106701366297,0.0430352753969522));
#12124=CARTESIAN_POINT('',(0.0762,-0.0173106701366297,0.0430352753969522));
#12125=CARTESIAN_POINT('',(0.076708,-0.0174385475725748,0.0427791926342006));
#12126=CARTESIAN_POINT('',(0.0762,-0.0174385475725748,0.0427791926342006));
#12127=CARTESIAN_POINT('',(0.076708,-0.0175054373083,0.042409331742544));
#12128=CARTESIAN_POINT('',(0.0762,-0.0175054373083,0.042409331742544));
#12129=CARTESIAN_POINT('',(0.076708,-0.0171218050004646,0.0431775800307988));
#12130=CARTESIAN_POINT('',(0.076708,-0.0174051027047123,0.0429641230800289));
#12131=CARTESIAN_POINT('',(0.076708,-0.0175054373083,0.042409331742544));
#12132=CARTESIAN_POINT('',(0.076708,1.39703063931999E-17,0.0254));
#12133=CARTESIAN_POINT('',(0.076708,-0.0130729541846174,0.0386017975038629));
#12134=CARTESIAN_POINT('',(0.0762,-0.0130729541846174,0.0386017975038629));
#12135=CARTESIAN_POINT('',(0.0762,-0.0130867800601046,0.0370719243007124));
#12136=CARTESIAN_POINT('',(0.0762,-0.012135543402882,0.0373925668452682));
#12137=CARTESIAN_POINT('',(0.076708,-0.0130867800601046,0.0370719243007124));
#12138=CARTESIAN_POINT('',(0.076708,-0.0130867800601046,0.0370719243007124));
#12139=CARTESIAN_POINT('',(0.076708,-0.0130729541846174,0.0386017975038629));
#12140=CARTESIAN_POINT('',(0.07670799975,-0.0121355434028812,0.0373925668452672));
#12141=CARTESIAN_POINT('',(0.076708,-0.0121355686711899,0.0373926015631593));
#12142=CARTESIAN_POINT('',(0.076708,-0.0139297874647581,0.0374053893067538));
#12143=CARTESIAN_POINT('',(0.0762,-0.0139297874647581,0.0374053893067538));
#12144=CARTESIAN_POINT('',(0.076708,-0.0137114121510672,0.0371830793027262));
#12145=CARTESIAN_POINT('',(0.0762,-0.0137114121510672,0.0371830793027262));
#12146=CARTESIAN_POINT('',(0.076708,-0.0134304096828494,0.0370719243007124));
#12147=CARTESIAN_POINT('',(0.0762,-0.0134304096828494,0.0370719243007124));
#12148=CARTESIAN_POINT('',(0.076708,-0.0130867800601046,0.0370719243007124));
#12149=CARTESIAN_POINT('',(0.0762,-0.0130867800601046,0.0370719243007124));
#12150=CARTESIAN_POINT('',(0.0762,-0.0139297874647581,0.0374053893067538));
#12151=CARTESIAN_POINT('',(0.0762,-0.0136022244942218,0.0370719243007124));
#12152=CARTESIAN_POINT('',(0.0762,-0.0130867800601046,0.0370719243007124));
#12153=CARTESIAN_POINT('',(0.0762,-0.0139297874647581,0.0374053893067538));
#12154=CARTESIAN_POINT('',(0.076708,-0.0139297874647581,0.0374053893067538));
#12155=CARTESIAN_POINT('',(0.076708,-0.0139297874647581,0.0374053893067538));
#12156=CARTESIAN_POINT('',(0.076708,-0.0139297874647581,0.0374053893067538));
#12157=CARTESIAN_POINT('',(0.076708,-0.0136022244942218,0.0370719243007124));
#12158=CARTESIAN_POINT('',(0.076708,-0.0130867800601046,0.0370719243007124));
#12159=CARTESIAN_POINT('',(0.076708,-0.0142573504352944,0.0383546333505001));
#12160=CARTESIAN_POINT('',(0.0762,-0.0142573504352944,0.0383546333505001));
#12161=CARTESIAN_POINT('',(0.076708,-0.0142573504352944,0.0379441139920302));
#12162=CARTESIAN_POINT('',(0.0762,-0.0142573504352944,0.0379441139920302));
#12163=CARTESIAN_POINT('',(0.076708,-0.014148162778449,0.0376276993107814));
#12164=CARTESIAN_POINT('',(0.0762,-0.014148162778449,0.0376276993107814));
#12165=CARTESIAN_POINT('',(0.076708,-0.0139297874647581,0.0374053893067538));
#12166=CARTESIAN_POINT('',(0.0762,-0.0139297874647581,0.0374053893067538));
#12167=CARTESIAN_POINT('',(0.0762,-0.0142573504352944,0.0383546333505001));
#12168=CARTESIAN_POINT('',(0.0762,-0.0142573504352944,0.0377388543127953));
#12169=CARTESIAN_POINT('',(0.0762,-0.0139297874647581,0.0374053893067538));
#12170=CARTESIAN_POINT('',(0.0762,-0.0142573504352944,0.0383546333505001));
#12171=CARTESIAN_POINT('',(0.076708,-0.0142573504352944,0.0383546333505001));
#12172=CARTESIAN_POINT('',(0.076708,-0.0142573504352944,0.0383546333505001));
#12173=CARTESIAN_POINT('',(0.076708,-0.0142573504352944,0.0383546333505001));
#12174=CARTESIAN_POINT('',(0.076708,-0.0142573504352944,0.0377388543127953));
#12175=CARTESIAN_POINT('',(0.076708,-0.0139297874647581,0.0374053893067538));
#12176=CARTESIAN_POINT('',(0.0767080000000001,-0.0115886738683249,0.0383625334943631));
#12177=CARTESIAN_POINT('',(0.0762,-0.0115886738683249,0.0383625334943631));
#12178=CARTESIAN_POINT('',(0.0762,-0.01403110574093,0.0394376568656967));
#12179=CARTESIAN_POINT('',(0.076708,-0.01403110574093,0.0394376568656967));
#12180=CARTESIAN_POINT('',(0.076708,-0.01403110574093,0.0394376568656967));
#12181=CARTESIAN_POINT('',(0.076708,-0.0115886738683249,0.0383625334943631));
#12182=CARTESIAN_POINT('',(0.076708,-0.0133956532515413,0.0402757459074292));
#12183=CARTESIAN_POINT('',(0.0762,-0.0133956532515413,0.0402757459074292));
#12184=CARTESIAN_POINT('',(0.076708,-0.0136684584482242,0.0400613052840751));
#12185=CARTESIAN_POINT('',(0.0762,-0.0136684584482242,0.0400613052840751));
#12186=CARTESIAN_POINT('',(0.076708,-0.0138802759446871,0.0397819422701643));
#12187=CARTESIAN_POINT('',(0.0762,-0.0138802759446871,0.0397819422701643));
#12188=CARTESIAN_POINT('',(0.076708,-0.01403110574093,0.0394376568656967));
#12189=CARTESIAN_POINT('',(0.0762,-0.01403110574093,0.0394376568656967));
#12190=CARTESIAN_POINT('',(0.0762,-0.0133956532515413,0.0402757459074292));
#12191=CARTESIAN_POINT('',(0.0762,-0.0138048610465656,0.0399540849723981));
#12192=CARTESIAN_POINT('',(0.0762,-0.01403110574093,0.0394376568656967));
#12193=CARTESIAN_POINT('',(0.0762,-0.0133956532515413,0.0402757459074292));
#12194=CARTESIAN_POINT('',(0.076708,-0.0133956532515413,0.0402757459074292));
#12195=CARTESIAN_POINT('',(0.076708,-0.0133956532515413,0.0402757459074292));
#12196=CARTESIAN_POINT('',(0.076708,-0.0133956532515413,0.0402757459074292));
#12197=CARTESIAN_POINT('',(0.076708,-0.0138048610465656,0.0399540849723981));
#12198=CARTESIAN_POINT('',(0.076708,-0.01403110574093,0.0394376568656967));
#12199=CARTESIAN_POINT('',(0.076708,-0.0124454255352108,0.0405974068424603));
#12200=CARTESIAN_POINT('',(0.0762,-0.0124454255352108,0.0405974068424603));
#12201=CARTESIAN_POINT('',(0.076708,-0.0128061054827482,0.0405974068424603));
#12202=CARTESIAN_POINT('',(0.0762,-0.0128061054827482,0.0405974068424603));
#12203=CARTESIAN_POINT('',(0.076708,-0.0131228480548584,0.0404901865307833));
#12204=CARTESIAN_POINT('',(0.0762,-0.0131228480548584,0.0404901865307833));
#12205=CARTESIAN_POINT('',(0.076708,-0.0133956532515413,0.0402757459074292));
#12206=CARTESIAN_POINT('',(0.0762,-0.0133956532515413,0.0402757459074292));
#12207=CARTESIAN_POINT('',(0.0762,-0.0124454255352108,0.0405974068424603));
#12208=CARTESIAN_POINT('',(0.0762,-0.012986445456517,0.0405974068424603));
#12209=CARTESIAN_POINT('',(0.0762,-0.0133956532515413,0.0402757459074292));
#12210=CARTESIAN_POINT('',(0.0762,-0.0124454255352108,0.0405974068424603));
#12211=CARTESIAN_POINT('',(0.076708,-0.0124454255352108,0.0405974068424603));
#12212=CARTESIAN_POINT('',(0.076708,-0.0124454255352108,0.0405974068424603));
#12213=CARTESIAN_POINT('',(0.076708,-0.0124454255352108,0.0405974068424603));
#12214=CARTESIAN_POINT('',(0.076708,-0.012986445456517,0.0405974068424603));
#12215=CARTESIAN_POINT('',(0.076708,-0.0133956532515413,0.0402757459074292));
#12216=CARTESIAN_POINT('',(0.076708,-0.0115886467143786,0.0402570561283295));
#12217=CARTESIAN_POINT('',(0.0762,-0.0115886467143786,0.0402570561283295));
#12218=CARTESIAN_POINT('',(0.076708,-0.011814891408743,0.0404839566044167));
#12219=CARTESIAN_POINT('',(0.0762,-0.011814891408743,0.0404839566044167));
#12220=CARTESIAN_POINT('',(0.076708,-0.0121004843490204,0.0405974068424603));
#12221=CARTESIAN_POINT('',(0.0762,-0.0121004843490204,0.0405974068424603));
#12222=CARTESIAN_POINT('',(0.076708,-0.0124454255352108,0.0405974068424603));
#12223=CARTESIAN_POINT('',(0.0762,-0.0124454255352108,0.0405974068424603));
#12224=CARTESIAN_POINT('',(0.0762,-0.0115886467143786,0.0402570561283295));
#12225=CARTESIAN_POINT('',(0.0762,-0.0119280137559252,0.0405974068424603));
#12226=CARTESIAN_POINT('',(0.0762,-0.0124454255352108,0.0405974068424603));
#12227=CARTESIAN_POINT('',(0.0762,-0.0115886467143786,0.0402570561283295));
#12228=CARTESIAN_POINT('',(0.076708,-0.0115886467143786,0.0402570561283295));
#12229=CARTESIAN_POINT('',(0.076708,-0.0115886467143786,0.0402570561283295));
#12230=CARTESIAN_POINT('',(0.076708,-0.0115886467143786,0.0402570561283295));
#12231=CARTESIAN_POINT('',(0.076708,-0.0119280137559252,0.0405974068424603));
#12232=CARTESIAN_POINT('',(0.076708,-0.0124454255352108,0.0405974068424603));
#12233=CARTESIAN_POINT('',(0.076708,-0.011249279672832,0.0392871549603152));
#12234=CARTESIAN_POINT('',(0.0762,-0.011249279672832,0.0392871549603152));
#12235=CARTESIAN_POINT('',(0.076708,-0.011249279672832,0.0397068552629042));
#12236=CARTESIAN_POINT('',(0.0762,-0.011249279672832,0.0397068552629042));
#12237=CARTESIAN_POINT('',(0.076708,-0.0113624020200142,0.0400301556522423));
#12238=CARTESIAN_POINT('',(0.0762,-0.0113624020200142,0.0400301556522423));
#12239=CARTESIAN_POINT('',(0.076708,-0.0115886467143786,0.0402570561283295));
#12240=CARTESIAN_POINT('',(0.0762,-0.0115886467143786,0.0402570561283295));
#12241=CARTESIAN_POINT('',(0.0762,-0.011249279672832,0.0392871549603152));
#12242=CARTESIAN_POINT('',(0.0762,-0.011249279672832,0.0399167054141987));
#12243=CARTESIAN_POINT('',(0.0762,-0.0115886467143786,0.0402570561283295));
#12244=CARTESIAN_POINT('',(0.0762,-0.011249279672832,0.0392871549603152));
#12245=CARTESIAN_POINT('',(0.076708,-0.011249279672832,0.0392871549603152));
#12246=CARTESIAN_POINT('',(0.076708,-0.011249279672832,0.0392871549603152));
#12247=CARTESIAN_POINT('',(0.076708,-0.011249279672832,0.0392871549603152));
#12248=CARTESIAN_POINT('',(0.076708,-0.011249279672832,0.0399167054141987));
#12249=CARTESIAN_POINT('',(0.076708,-0.0115886467143786,0.0402570561283295));
#12250=CARTESIAN_POINT('',(0.0767080000000001,-0.0137863586300871,0.0392835013045685));
#12251=CARTESIAN_POINT('',(0.0762,-0.0137863586300871,0.0392835013045685));
#12252=CARTESIAN_POINT('',(0.0762,-0.0114817960441645,0.0382229864699699));
#12253=CARTESIAN_POINT('',(0.076708,-0.0114814264027015,0.0382228212242183));
#12254=CARTESIAN_POINT('',(0.076708,-0.0114817960441645,0.0382229864699699));
#12255=CARTESIAN_POINT('',(0.076708,-0.0137863586300871,0.0392835013045685));
#12256=CARTESIAN_POINT('',(0.076708,-0.0133897512160361,0.035220652497261));
#12257=CARTESIAN_POINT('',(0.0762,-0.0133897512160361,0.035220652497261));
#12258=CARTESIAN_POINT('',(0.076708,-0.0139930704010079,0.035220652497261));
#12259=CARTESIAN_POINT('',(0.0762,-0.0139930704010079,0.035220652497261));
#12260=CARTESIAN_POINT('',(0.076708,-0.0145298277411159,0.0353423000068395));
#12261=CARTESIAN_POINT('',(0.0762,-0.0145298277411159,0.0353423000068395));
#12262=CARTESIAN_POINT('',(0.076708,-0.0150000232363602,0.0355855950259966));
#12263=CARTESIAN_POINT('',(0.0762,-0.0150000232363602,0.0355855950259966));
#12264=CARTESIAN_POINT('',(0.076708,-0.0133897512160361,0.035220652497261));
#12265=CARTESIAN_POINT('',(0.076708,-0.0133897512160361,0.035220652497261));
#12266=CARTESIAN_POINT('',(0.076708,-0.0133897512160361,0.035220652497261));
#12267=CARTESIAN_POINT('',(0.076708,-0.0142947299934937,0.035220652497261));
#12268=CARTESIAN_POINT('',(0.076708,-0.0150000232363602,0.0355855950259966));
#12269=CARTESIAN_POINT('',(0.076708,-0.0150000232363602,0.0355855950259966));
#12270=CARTESIAN_POINT('',(0.076708,-0.0150000232363602,0.0355855950259966));
#12271=CARTESIAN_POINT('',(0.076708,-0.0111666511757597,0.0357744601621617));
#12272=CARTESIAN_POINT('',(0.0762,-0.0111666511757597,0.0357744601621617));
#12273=CARTESIAN_POINT('',(0.076708,-0.0118342369695654,0.0354052550522279));
#12274=CARTESIAN_POINT('',(0.0762,-0.0118342369695654,0.0354052550522279));
#12275=CARTESIAN_POINT('',(0.076708,-0.0125752703163242,0.035220652497261));
#12276=CARTESIAN_POINT('',(0.0762,-0.0125752703163242,0.035220652497261));
#12277=CARTESIAN_POINT('',(0.076708,-0.0133897512160361,0.035220652497261));
#12278=CARTESIAN_POINT('',(0.0762,-0.0133897512160361,0.035220652497261));
#12279=CARTESIAN_POINT('',(0.076708,-0.0111666511757597,0.0357744601621617));
#12280=CARTESIAN_POINT('',(0.076708,-0.0111666511757597,0.0357744601621617));
#12281=CARTESIAN_POINT('',(0.076708,-0.0111666511757597,0.0357744601621617));
#12282=CARTESIAN_POINT('',(0.076708,-0.0121680298664683,0.035220652497261));
#12283=CARTESIAN_POINT('',(0.076708,-0.0133897512160361,0.035220652497261));
#12284=CARTESIAN_POINT('',(0.076708,-0.0131138472206551,0.0393541585080103));
#12285=CARTESIAN_POINT('',(0.076708,-0.00959277504105083,0.0373040710305819));
#12286=CARTESIAN_POINT('',(0.076708,-0.00959277504105083,0.0373040710305819));
#12287=CARTESIAN_POINT('',(0.076708,-0.0131138472206551,0.0393541585080103));
#12288=CARTESIAN_POINT('',(0.076708,-0.00902027759705046,0.0394878241674905));
#12289=CARTESIAN_POINT('',(0.0762,-0.00902027759705046,0.0394878241674905));
#12290=CARTESIAN_POINT('',(0.076708,-0.00902027759705046,0.0386825242118978));
#12291=CARTESIAN_POINT('',(0.0762,-0.00902027759705046,0.0386825242118978));
#12292=CARTESIAN_POINT('',(0.076708,-0.00921111007838392,0.0379546064995949));
#12293=CARTESIAN_POINT('',(0.0762,-0.00921111007838392,0.0379546064995949));
#12294=CARTESIAN_POINT('',(0.076708,-0.00959277504105083,0.0373040710305819));
#12295=CARTESIAN_POINT('',(0.0762,-0.00959277504105083,0.0373040710305819));
#12296=CARTESIAN_POINT('',(0.076708,-0.00902027759705046,0.0394878241674905));
#12297=CARTESIAN_POINT('',(0.076708,-0.00902027759705046,0.0394878241674905));
#12298=CARTESIAN_POINT('',(0.076708,-0.00902027759705046,0.0394878241674905));
#12299=CARTESIAN_POINT('',(0.076708,-0.00902027759705046,0.0382798742341015));
#12300=CARTESIAN_POINT('',(0.076708,-0.00959277504105083,0.0373040710305819));
#12301=CARTESIAN_POINT('',(0.076708,-0.00941079561297511,0.0410371084875946));
#12302=CARTESIAN_POINT('',(0.0762,-0.00941079561297511,0.0410371084875946));
#12303=CARTESIAN_POINT('',(0.076708,-0.00915045026902534,0.0405918326978166));
#12304=CARTESIAN_POINT('',(0.0762,-0.00915045026902534,0.0405918326978166));
#12305=CARTESIAN_POINT('',(0.076708,-0.00902027759705046,0.0400754045911152));
#12306=CARTESIAN_POINT('',(0.0762,-0.00902027759705046,0.0400754045911152));
#12307=CARTESIAN_POINT('',(0.076708,-0.00902027759705046,0.0394878241674905));
#12308=CARTESIAN_POINT('',(0.0762,-0.00902027759705046,0.0394878241674905));
#12309=CARTESIAN_POINT('',(0.076708,-0.00941079561297511,0.0410371084875946));
#12310=CARTESIAN_POINT('',(0.076708,-0.00941079561297511,0.0410371084875946));
#12311=CARTESIAN_POINT('',(0.076708,-0.00941079561297511,0.0410371084875946));
#12312=CARTESIAN_POINT('',(0.076708,-0.00902027759705046,0.0403691948029275));
#12313=CARTESIAN_POINT('',(0.076708,-0.00902027759705046,0.0394878241674905));
#12314=CARTESIAN_POINT('',(0.076708,-0.0105125089072714,0.0420758667365025));
#12315=CARTESIAN_POINT('',(0.0762,-0.0105125089072714,0.0420758667365025));
#12316=CARTESIAN_POINT('',(0.076708,-0.0100383787216903,0.0418286370270087));
#12317=CARTESIAN_POINT('',(0.0762,-0.0100383787216903,0.0418286370270087));
#12318=CARTESIAN_POINT('',(0.076708,-0.00967114095692488,0.0414823842773727));
#12319=CARTESIAN_POINT('',(0.0762,-0.00967114095692488,0.0414823842773727));
#12320=CARTESIAN_POINT('',(0.076708,-0.00941079561297511,0.0410371084875946));
#12321=CARTESIAN_POINT('',(0.0762,-0.00941079561297511,0.0410371084875946));
#12322=CARTESIAN_POINT('',(0.076708,-0.0105125089072714,0.0420758667365025));
#12323=CARTESIAN_POINT('',(0.076708,-0.0105125089072714,0.0420758667365025));
#12324=CARTESIAN_POINT('',(0.076708,-0.0105125089072714,0.0420758667365025));
#12325=CARTESIAN_POINT('',(0.076708,-0.00980131362889976,0.0417050221722618));
#12326=CARTESIAN_POINT('',(0.076708,-0.00941079561297511,0.0410371084875946));
#12327=CARTESIAN_POINT('',(0.076708,-0.012130650308269,0.0424467113007434));
#12328=CARTESIAN_POINT('',(0.0762,-0.012130650308269,0.0424467113007434));
#12329=CARTESIAN_POINT('',(0.076708,-0.0115260195598516,0.0424467113007434));
#12330=CARTESIAN_POINT('',(0.0762,-0.0115260195598516,0.0424467113007434));
#12331=CARTESIAN_POINT('',(0.076708,-0.0109866390928524,0.0423230964459964));
#12332=CARTESIAN_POINT('',(0.0762,-0.0109866390928524,0.0423230964459964));
#12333=CARTESIAN_POINT('',(0.076708,-0.0105125089072714,0.0420758667365025));
#12334=CARTESIAN_POINT('',(0.0762,-0.0105125089072714,0.0420758667365025));
#12335=CARTESIAN_POINT('',(0.076708,-0.012130650308269,0.0424467113007434));
#12336=CARTESIAN_POINT('',(0.076708,-0.012130650308269,0.0424467113007434));
#12337=CARTESIAN_POINT('',(0.076708,-0.012130650308269,0.0424467113007434));
#12338=CARTESIAN_POINT('',(0.076708,-0.0112237041856429,0.0424467113007434));
#12339=CARTESIAN_POINT('',(0.076708,-0.0105125089072714,0.0420758667365025));
#12340=CARTESIAN_POINT('',(0.076708,-0.0143458809678718,0.0418870016003375));
#12341=CARTESIAN_POINT('',(0.0762,-0.0143458809678718,0.0418870016003375));
#12342=CARTESIAN_POINT('',(0.076708,-0.0136822298644029,0.0422601414006081));
#12343=CARTESIAN_POINT('',(0.0762,-0.0136822298644029,0.0422601414006081));
#12344=CARTESIAN_POINT('',(0.076708,-0.0129438196445353,0.0424467113007434));
#12345=CARTESIAN_POINT('',(0.0762,-0.0129438196445353,0.0424467113007434));
#12346=CARTESIAN_POINT('',(0.076708,-0.012130650308269,0.0424467113007434));
#12347=CARTESIAN_POINT('',(0.0762,-0.012130650308269,0.0424467113007434));
#12348=CARTESIAN_POINT('',(0.076708,-0.0143458809678718,0.0418870016003375));
#12349=CARTESIAN_POINT('',(0.076708,-0.0143458809678718,0.0418870016003375));
#12350=CARTESIAN_POINT('',(0.076708,-0.0143458809678718,0.0418870016003375));
#12351=CARTESIAN_POINT('',(0.076708,-0.0133504043126684,0.0424467113007434));
#12352=CARTESIAN_POINT('',(0.076708,-0.012130650308269,0.0424467113007434));
#12353=CARTESIAN_POINT('',(0.076708,-0.0123726727944591,0.0383254633020617));
#12354=CARTESIAN_POINT('',(0.076708,-0.0159079530315704,0.0403446029883227));
#12355=CARTESIAN_POINT('',(0.076708,-0.0159079530315704,0.0403446029883227));
#12356=CARTESIAN_POINT('',(0.076708,-0.0123726727944591,0.0383254633020617));
#12357=CARTESIAN_POINT('',(0.076708,-0.0164745484400656,0.038165768214335));
#12358=CARTESIAN_POINT('',(0.0762,-0.0164745484400656,0.038165768214335));
#12359=CARTESIAN_POINT('',(0.076708,-0.0164745484400656,0.0389631987892542));
#12360=CARTESIAN_POINT('',(0.0762,-0.0164745484400656,0.0389631987892542));
#12361=CARTESIAN_POINT('',(0.076708,-0.0162856833039005,0.0396894770472501));
#12362=CARTESIAN_POINT('',(0.0762,-0.0162856833039005,0.0396894770472501));
#12363=CARTESIAN_POINT('',(0.076708,-0.0159079530315704,0.0403446029883227));
#12364=CARTESIAN_POINT('',(0.0762,-0.0159079530315704,0.0403446029883227));
#12365=CARTESIAN_POINT('',(0.076708,-0.0164745484400656,0.038165768214335));
#12366=CARTESIAN_POINT('',(0.076708,-0.0164745484400656,0.038165768214335));
#12367=CARTESIAN_POINT('',(0.076708,-0.0164745484400656,0.038165768214335));
#12368=CARTESIAN_POINT('',(0.076708,-0.0164745484400656,0.0393619140767138));
#12369=CARTESIAN_POINT('',(0.076708,-0.0159079530315704,0.0403446029883227));
#12370=CARTESIAN_POINT('',(0.076708,-0.0160899324596461,0.0366174675668152));
#12371=CARTESIAN_POINT('',(0.0762,-0.0160899324596461,0.0366174675668152));
#12372=CARTESIAN_POINT('',(0.076708,-0.0163463431132591,0.0370620875748704));
#12373=CARTESIAN_POINT('',(0.0762,-0.0163463431132591,0.0370620875748704));
#12374=CARTESIAN_POINT('',(0.076708,-0.0164745484400656,0.0375781877907104));
#12375=CARTESIAN_POINT('',(0.0762,-0.0164745484400656,0.0375781877907104));
#12376=CARTESIAN_POINT('',(0.076708,-0.0164745484400656,0.038165768214335));
#12377=CARTESIAN_POINT('',(0.0762,-0.0164745484400656,0.038165768214335));
#12378=CARTESIAN_POINT('',(0.076708,-0.0160899324596461,0.0366174675668152));
#12379=CARTESIAN_POINT('',(0.076708,-0.0160899324596461,0.0366174675668152));
#12380=CARTESIAN_POINT('',(0.076708,-0.0160899324596461,0.0366174675668152));
#12381=CARTESIAN_POINT('',(0.076708,-0.0164745484400656,0.037284397578898));
#12382=CARTESIAN_POINT('',(0.076708,-0.0164745484400656,0.038165768214335));
#12383=CARTESIAN_POINT('',(0.076708,-0.013825613139791,0.0379207137587347));
#12384=CARTESIAN_POINT('',(0.076708,-0.013825613139791,0.0379207137587347));
#12385=CARTESIAN_POINT('',(0.0767080000000001,-0.0134320923291219,0.0390836353358413));
#12386=CARTESIAN_POINT('',(0.0762,-0.0134320923291219,0.0390836353358413));
#12387=CARTESIAN_POINT('',(0.076708,-0.0134320923291219,0.0390836353358413));
#12388=CARTESIAN_POINT('',(0.076708,1.39703063931999E-17,0.0254));
#12389=CARTESIAN_POINT('',(0.0762,0.,0.0508));
#12390=CARTESIAN_POINT('',(0.076708,-0.0054180685937354,0.0410754717183782));
#12391=CARTESIAN_POINT('',(0.0762,-0.0054180685937354,0.0410754717183782));
#12392=CARTESIAN_POINT('',(0.076708,-0.0050914892957833,0.0414951720209672));
#12393=CARTESIAN_POINT('',(0.0762,-0.0050914892957833,0.0414951720209672));
#12394=CARTESIAN_POINT('',(0.076708,-0.00471605425948294,0.0418247023366719));
#12395=CARTESIAN_POINT('',(0.0762,-0.00471605425948294,0.0418247023366719));
#12396=CARTESIAN_POINT('',(0.076708,-0.00429176348483433,0.0420640626654922));
#12397=CARTESIAN_POINT('',(0.0762,-0.00429176348483433,0.0420640626654922));
#12398=CARTESIAN_POINT('',(0.076708,-0.0054180685937354,0.0410754717183782));
#12399=CARTESIAN_POINT('',(0.076708,-0.0054180685937354,0.0410754717183782));
#12400=CARTESIAN_POINT('',(0.076708,-0.0054180685937354,0.0410754717183782));
#12401=CARTESIAN_POINT('',(0.076708,-0.00492819964680725,0.0417050221722618));
#12402=CARTESIAN_POINT('',(0.076708,-0.00429176348483433,0.0420640626654922));
#12403=CARTESIAN_POINT('',(0.076708,-0.00429176348483433,0.0420640626654922));
#12404=CARTESIAN_POINT('',(0.076708,-0.00429176348483433,0.0420640626654922));
#12405=CARTESIAN_POINT('',(0.076708,-0.0053049462465532,0.0417109242077669));
#12406=CARTESIAN_POINT('',(0.076708,-0.005191823899371,0.0423463766971557));
#12407=CARTESIAN_POINT('',(0.076708,-0.005191823899371,0.0423463766971557));
#12408=CARTESIAN_POINT('',(0.076708,-0.0053049462465532,0.0417109242077669));
#12409=CARTESIAN_POINT('',(0.076708,-0.00626796170647822,0.0423463766971557));
#12410=CARTESIAN_POINT('',(0.076708,-0.00734409951358545,0.0423463766971557));
#12411=CARTESIAN_POINT('',(0.076708,-0.00734409951358545,0.0423463766971557));
#12412=CARTESIAN_POINT('',(0.076708,-0.00626796170647822,0.0423463766971557));
#12413=CARTESIAN_POINT('',(0.076708,-0.0079618458964587,0.0388336818990021));
#12414=CARTESIAN_POINT('',(0.076708,-0.00857959227933196,0.0353209871008486));
#12415=CARTESIAN_POINT('',(0.076708,-0.00857959227933196,0.0353209871008486));
#12416=CARTESIAN_POINT('',(0.076708,-0.0079618458964587,0.0388336818990021));
#12417=CARTESIAN_POINT('',(0.076708,-0.00750247079964054,0.0353209871008486));
#12418=CARTESIAN_POINT('',(0.076708,-0.00642534931994911,0.0353209871008486));
#12419=CARTESIAN_POINT('',(0.076708,-0.00642534931994911,0.0353209871008486));
#12420=CARTESIAN_POINT('',(0.076708,-0.00750247079964054,0.0353209871008486));
#12421=CARTESIAN_POINT('',(0.076708,-0.00613614958019634,0.0369519162454408));
#12422=CARTESIAN_POINT('',(0.076708,-0.00584694984044358,0.0385828453900329));
#12423=CARTESIAN_POINT('',(0.076708,-0.00584694984044358,0.0385828453900329));
#12424=CARTESIAN_POINT('',(0.076708,-0.00613614958019634,0.0369519162454408));
#12425=CARTESIAN_POINT('',(0.076708,-0.00522920345757033,0.0397966973589272));
#12426=CARTESIAN_POINT('',(0.0762,-0.00522920345757033,0.0397966973589272));
#12427=CARTESIAN_POINT('',(0.076708,-0.00554004399417534,0.0395658621925032));
#12428=CARTESIAN_POINT('',(0.0762,-0.00554004399417534,0.0395658621925032));
#12429=CARTESIAN_POINT('',(0.076708,-0.00574595945513309,0.0391612448695384));
#12430=CARTESIAN_POINT('',(0.0762,-0.00574595945513309,0.0391612448695384));
#12431=CARTESIAN_POINT('',(0.076708,-0.00584694984044358,0.0385828453900329));
#12432=CARTESIAN_POINT('',(0.0762,-0.00584694984044358,0.0385828453900329));
#12433=CARTESIAN_POINT('',(0.076708,-0.00522920345757033,0.0397966973589272));
#12434=CARTESIAN_POINT('',(0.076708,-0.00522920345757033,0.0397966973589272));
#12435=CARTESIAN_POINT('',(0.076708,-0.00522920345757033,0.0397966973589272));
#12436=CARTESIAN_POINT('',(0.076708,-0.00569546426247785,0.0394504446092912));
#12437=CARTESIAN_POINT('',(0.076708,-0.00584694984044358,0.0385828453900329));
#12438=CARTESIAN_POINT('',(0.076708,-0.00395829847879286,0.0401429501085631));
#12439=CARTESIAN_POINT('',(0.0762,-0.00395829847879286,0.0401429501085631));
#12440=CARTESIAN_POINT('',(0.076708,-0.00449472792803949,0.0401429501085631));
#12441=CARTESIAN_POINT('',(0.0762,-0.00449472792803949,0.0401429501085631));
#12442=CARTESIAN_POINT('',(0.076708,-0.00491836292096532,0.0400275325253511));
#12443=CARTESIAN_POINT('',(0.0762,-0.00491836292096532,0.0400275325253511));
#12444=CARTESIAN_POINT('',(0.076708,-0.00522920345757033,0.0397966973589272));
#12445=CARTESIAN_POINT('',(0.0762,-0.00522920345757033,0.0397966973589272));
#12446=CARTESIAN_POINT('',(0.076708,-0.00395829847879286,0.0401429501085631));
#12447=CARTESIAN_POINT('',(0.076708,-0.00395829847879286,0.0401429501085631));
#12448=CARTESIAN_POINT('',(0.076708,-0.00395829847879286,0.0401429501085631));
#12449=CARTESIAN_POINT('',(0.076708,-0.00476294265266281,0.0401429501085631));
#12450=CARTESIAN_POINT('',(0.076708,-0.00522920345757033,0.0397966973589272));
#12451=CARTESIAN_POINT('',(0.076708,-0.00366221303095075,0.0401429501085631));
#12452=CARTESIAN_POINT('',(0.076708,-0.00336612758310863,0.0401429501085631));
#12453=CARTESIAN_POINT('',(0.076708,-0.00336612758310863,0.0401429501085631));
#12454=CARTESIAN_POINT('',(0.076708,-0.00366221303095075,0.0401429501085631));
#12455=CARTESIAN_POINT('',(0.076708,-0.00316447470334905,0.0412830266336429));
#12456=CARTESIAN_POINT('',(0.076708,-0.00296282182358947,0.0424231031587227));
#12457=CARTESIAN_POINT('',(0.076708,-0.00296282182358947,0.0424231031587227));
#12458=CARTESIAN_POINT('',(0.076708,-0.00316447470334905,0.0412830266336429));
#12459=CARTESIAN_POINT('',(0.076708,-0.00429176348483433,0.0420640626654922));
#12460=CARTESIAN_POINT('',(0.0762,-0.00429176348483433,0.0420640626654922));
#12461=CARTESIAN_POINT('',(0.076708,-0.0038674727101857,0.0423034229943125));
#12462=CARTESIAN_POINT('',(0.0762,-0.0038674727101857,0.0423034229943125));
#12463=CARTESIAN_POINT('',(0.076708,-0.00342449215643742,0.0424231031587227));
#12464=CARTESIAN_POINT('',(0.0762,-0.00342449215643742,0.0424231031587227));
#12465=CARTESIAN_POINT('',(0.076708,-0.00296282182358947,0.0424231031587227));
#12466=CARTESIAN_POINT('',(0.0762,-0.00296282182358947,0.0424231031587227));
#12467=CARTESIAN_POINT('',(0.076708,-0.00429176348483433,0.0420640626654922));
#12468=CARTESIAN_POINT('',(0.076708,-0.0036553273228614,0.0424231031587227));
#12469=CARTESIAN_POINT('',(0.076708,-0.00296282182358947,0.0424231031587227));
#12470=CARTESIAN_POINT('',(0.076708,1.39703063931999E-17,0.0254));
#12471=CARTESIAN_POINT('',(0.076708,0.00815366205037651,0.0397406280216282));
#12472=CARTESIAN_POINT('',(0.076708,0.00893371440964164,0.0441602689424076));
#12473=CARTESIAN_POINT('',(0.076708,0.00893371440964164,0.0441602689424076));
#12474=CARTESIAN_POINT('',(0.076708,0.00815366205037651,0.0397406280216282));
#12475=CARTESIAN_POINT('',(0.076708,0.00737360969111141,0.0353209871008486));
#12476=CARTESIAN_POINT('',(0.076708,0.00737360969111141,0.0353209871008486));
#12477=CARTESIAN_POINT('',(0.076708,0.0078575766025344,0.0441602689424076));
#12478=CARTESIAN_POINT('',(0.076708,0.00678143879542717,0.0441602689424076));
#12479=CARTESIAN_POINT('',(0.076708,0.00678143879542717,0.0441602689424076));
#12480=CARTESIAN_POINT('',(0.076708,0.0078575766025344,0.0441602689424076));
#12481=CARTESIAN_POINT('',(0.076708,0.00647256560399054,0.0424221194861385));
#12482=CARTESIAN_POINT('',(0.076708,0.00616369241255391,0.0406839700298693));
#12483=CARTESIAN_POINT('',(0.076708,0.00616369241255391,0.0406839700298693));
#12484=CARTESIAN_POINT('',(0.076708,0.00647256560399054,0.0424221194861385));
#12485=CARTESIAN_POINT('',(0.076708,0.0044894816742573,0.0406839700298693));
#12486=CARTESIAN_POINT('',(0.076708,0.00281527093596068,0.0406839700298693));
#12487=CARTESIAN_POINT('',(0.076708,0.00281527093596068,0.0406839700298693));
#12488=CARTESIAN_POINT('',(0.076708,0.0044894816742573,0.0406839700298693));
#12489=CARTESIAN_POINT('',(0.076708,0.00312316045481312,0.0424221194861385));
#12490=CARTESIAN_POINT('',(0.076708,0.00343104997366555,0.0441602689424076));
#12491=CARTESIAN_POINT('',(0.076708,0.00343104997366555,0.0441602689424076));
#12492=CARTESIAN_POINT('',(0.076708,0.00312316045481312,0.0424221194861385));
#12493=CARTESIAN_POINT('',(0.076708,0.00235491216655832,0.0441602689424076));
#12494=CARTESIAN_POINT('',(0.076708,0.00127877435945109,0.0441602689424076));
#12495=CARTESIAN_POINT('',(0.076708,0.00127877435945109,0.0441602689424076));
#12496=CARTESIAN_POINT('',(0.076708,0.00235491216655832,0.0441602689424076));
#12497=CARTESIAN_POINT('',(0.076708,0.000497738327601777,0.0397406280216282));
#12498=CARTESIAN_POINT('',(0.076708,-0.000283297704247529,0.0353209871008486));
#12499=CARTESIAN_POINT('',(0.076708,-0.000283297704247529,0.0353209871008486));
#12500=CARTESIAN_POINT('',(0.076708,0.000497738327601777,0.0397406280216282));
#12501=CARTESIAN_POINT('',(0.076708,0.000793823775443896,0.0353209871008486));
#12502=CARTESIAN_POINT('',(0.076708,0.00187094525513531,0.0353209871008486));
#12503=CARTESIAN_POINT('',(0.076708,0.00187094525513531,0.0353209871008486));
#12504=CARTESIAN_POINT('',(0.076708,0.000793823775443896,0.0353209871008486));
#12505=CARTESIAN_POINT('',(0.076708,0.00219162251758226,0.0371525854526161));
#12506=CARTESIAN_POINT('',(0.076708,0.0025122997800292,0.0389841838043837));
#12507=CARTESIAN_POINT('',(0.076708,0.0025122997800292,0.0389841838043837));
#12508=CARTESIAN_POINT('',(0.076708,0.00219162251758226,0.0371525854526161));
#12509=CARTESIAN_POINT('',(0.076708,0.00418749419091002,0.0389841838043837));
#12510=CARTESIAN_POINT('',(0.076708,0.00586268860179084,0.0389841838043837));
#12511=CARTESIAN_POINT('',(0.076708,0.00586268860179084,0.0389841838043837));
#12512=CARTESIAN_POINT('',(0.076708,0.00418749419091002,0.0389841838043837));
#12513=CARTESIAN_POINT('',(0.076708,0.00554102766675971,0.0371525854526161));
#12514=CARTESIAN_POINT('',(0.076708,0.00521936673172857,0.0353209871008486));
#12515=CARTESIAN_POINT('',(0.076708,0.00521936673172857,0.0353209871008486));
#12516=CARTESIAN_POINT('',(0.076708,0.00554102766675971,0.0371525854526161));
#12517=CARTESIAN_POINT('',(0.076708,0.00629648821141999,0.0353209871008486));
#12518=CARTESIAN_POINT('',(0.076708,0.00629648821141999,0.0353209871008486));
#12519=CARTESIAN_POINT('',(0.076708,1.39703063931999E-17,0.0254));
#12520=CARTESIAN_POINT('',(0.0767080000000005,0.0118506968165616,0.0392755890522586));
#12521=CARTESIAN_POINT('',(0.0762,0.0118506968165616,0.0392755890522586));
#12522=CARTESIAN_POINT('',(0.0762,0.0143852278712397,0.0388346655715863));
#12523=CARTESIAN_POINT('',(0.0762,0.014422607429439,0.0392497754021158));
#12524=CARTESIAN_POINT('',(0.076708,0.0143852278712397,0.0388346655715863));
#12525=CARTESIAN_POINT('',(0.076708,0.0143852278712397,0.0388346655715863));
#12526=CARTESIAN_POINT('',(0.076708,0.0118506968165616,0.0392755890522586));
#12527=CARTESIAN_POINT('',(0.076708,0.014422607429439,0.0392497754021158));
#12528=CARTESIAN_POINT('',(0.076708,0.014422607429439,0.0392497754021158));
#12529=CARTESIAN_POINT('',(0.076708,0.0137055101155623,0.0375617932476405));
#12530=CARTESIAN_POINT('',(0.0762,0.0137055101155623,0.0375617932476405));
#12531=CARTESIAN_POINT('',(0.076708,0.0140576649007034,0.0378726337842455));
#12532=CARTESIAN_POINT('',(0.0762,0.0140576649007034,0.0378726337842455));
#12533=CARTESIAN_POINT('',(0.076708,0.0142842374859292,0.0382969245588941));
#12534=CARTESIAN_POINT('',(0.0762,0.0142842374859292,0.0382969245588941));
#12535=CARTESIAN_POINT('',(0.076708,0.0143852278712397,0.0388346655715863));
#12536=CARTESIAN_POINT('',(0.0762,0.0143852278712397,0.0388346655715863));
#12537=CARTESIAN_POINT('',(0.0762,0.0137055101155623,0.0375617932476405));
#12538=CARTESIAN_POINT('',(0.0762,0.0142337422932739,0.038028054052548));
#12539=CARTESIAN_POINT('',(0.0762,0.0143852278712397,0.0388346655715863));
#12540=CARTESIAN_POINT('',(0.0762,0.0137055101155623,0.0375617932476405));
#12541=CARTESIAN_POINT('',(0.076708,0.0137055101155623,0.0375617932476405));
#12542=CARTESIAN_POINT('',(0.076708,0.0137055101155623,0.0375617932476405));
#12543=CARTESIAN_POINT('',(0.076708,0.0137055101155623,0.0375617932476405));
#12544=CARTESIAN_POINT('',(0.076708,0.0142337422932739,0.038028054052548));
#12545=CARTESIAN_POINT('',(0.076708,0.0143852278712397,0.0388346655715863));
#12546=CARTESIAN_POINT('',(0.076708,0.0125339560677883,0.0370955324427329));
#12547=CARTESIAN_POINT('',(0.0762,0.0125339560677883,0.0370955324427329));
#12548=CARTESIAN_POINT('',(0.076708,0.0129628373144965,0.0370955324427329));
#12549=CARTESIAN_POINT('',(0.0762,0.0129628373144965,0.0370955324427329));
#12550=CARTESIAN_POINT('',(0.076708,0.0133533553304211,0.0372509527110355));
#12551=CARTESIAN_POINT('',(0.0762,0.0133533553304211,0.0372509527110355));
#12552=CARTESIAN_POINT('',(0.076708,0.0137055101155623,0.0375617932476405));
#12553=CARTESIAN_POINT('',(0.0762,0.0137055101155623,0.0375617932476405));
#12554=CARTESIAN_POINT('',(0.0762,0.0125339560677883,0.0370955324427329));
#12555=CARTESIAN_POINT('',(0.0762,0.0131772779378506,0.0370955324427329));
#12556=CARTESIAN_POINT('',(0.0762,0.0137055101155623,0.0375617932476405));
#12557=CARTESIAN_POINT('',(0.0762,0.0125339560677883,0.0370955324427329));
#12558=CARTESIAN_POINT('',(0.076708,0.0125339560677883,0.0370955324427329));
#12559=CARTESIAN_POINT('',(0.076708,0.0125339560677883,0.0370955324427329));
#12560=CARTESIAN_POINT('',(0.076708,0.0125339560677883,0.0370955324427329));
#12561=CARTESIAN_POINT('',(0.076708,0.0131772779378506,0.0370955324427329));
#12562=CARTESIAN_POINT('',(0.076708,0.0137055101155623,0.0375617932476405));
#12563=CARTESIAN_POINT('',(0.076708,0.0116338956532516,0.0374545729359634));
#12564=CARTESIAN_POINT('',(0.0762,0.0116338956532516,0.0374545729359634));
#12565=CARTESIAN_POINT('',(0.076708,0.011873255982072,0.0372152126071431));
#12566=CARTESIAN_POINT('',(0.0762,0.011873255982072,0.0372152126071431));
#12567=CARTESIAN_POINT('',(0.076708,0.0121732761202508,0.0370955324427329));
#12568=CARTESIAN_POINT('',(0.0762,0.0121732761202508,0.0370955324427329));
#12569=CARTESIAN_POINT('',(0.076708,0.0125339560677883,0.0370955324427329));
#12570=CARTESIAN_POINT('',(0.0762,0.0125339560677883,0.0370955324427329));
#12571=CARTESIAN_POINT('',(0.0762,0.0116338956532516,0.0374545729359634));
#12572=CARTESIAN_POINT('',(0.0762,0.0119929361464821,0.0370955324427329));
#12573=CARTESIAN_POINT('',(0.0762,0.0125339560677883,0.0370955324427329));
#12574=CARTESIAN_POINT('',(0.0762,0.0116338956532516,0.0374545729359634));
#12575=CARTESIAN_POINT('',(0.076708,0.0116338956532516,0.0374545729359634));
#12576=CARTESIAN_POINT('',(0.076708,0.0116338956532516,0.0374545729359634));
#12577=CARTESIAN_POINT('',(0.076708,0.0116338956532516,0.0374545729359634));
#12578=CARTESIAN_POINT('',(0.076708,0.0119929361464821,0.0370955324427329));
#12579=CARTESIAN_POINT('',(0.076708,0.0125339560677883,0.0370955324427329));
#12580=CARTESIAN_POINT('',(0.076708,0.0112748551600212,0.0384313598120672));
#12581=CARTESIAN_POINT('',(0.0762,0.0112748551600212,0.0384313598120672));
#12582=CARTESIAN_POINT('',(0.076708,0.0112748551600212,0.0380195288901517));
#12583=CARTESIAN_POINT('',(0.0762,0.0112748551600212,0.0380195288901517));
#12584=CARTESIAN_POINT('',(0.076708,0.0113945353244313,0.0376939332647837));
#12585=CARTESIAN_POINT('',(0.0762,0.0113945353244313,0.0376939332647837));
#12586=CARTESIAN_POINT('',(0.076708,0.0116338956532516,0.0374545729359634));
#12587=CARTESIAN_POINT('',(0.0762,0.0116338956532516,0.0374545729359634));
#12588=CARTESIAN_POINT('',(0.0762,0.0112748551600212,0.0384313598120672));
#12589=CARTESIAN_POINT('',(0.0762,0.0112748551600212,0.0378136134291939));
#12590=CARTESIAN_POINT('',(0.0762,0.0116338956532516,0.0374545729359634));
#12591=CARTESIAN_POINT('',(0.0762,0.0112748551600212,0.0384313598120672));
#12592=CARTESIAN_POINT('',(0.076708,0.0112748551600212,0.0384313598120672));
#12593=CARTESIAN_POINT('',(0.076708,0.0112748551600212,0.0384313598120672));
#12594=CARTESIAN_POINT('',(0.076708,0.0112748551600212,0.0384313598120672));
#12595=CARTESIAN_POINT('',(0.076708,0.0112748551600212,0.0378136134291939));
#12596=CARTESIAN_POINT('',(0.076708,0.0116338956532516,0.0374545729359634));
#12597=CARTESIAN_POINT('',(0.0767080000000005,0.0138467657728984,0.0384055461619245));
#12598=CARTESIAN_POINT('',(0.0762,0.0138467657728984,0.0384055461619245));
#12599=CARTESIAN_POINT('',(0.0762,0.0113122347182205,0.0388464696425967));
#12600=CARTESIAN_POINT('',(0.076708,0.0113122347182205,0.0388464696425967));
#12601=CARTESIAN_POINT('',(0.076708,0.0113122347182205,0.0388464696425967));
#12602=CARTESIAN_POINT('',(0.076708,0.0138467657728984,0.0384055461619245));
#12603=CARTESIAN_POINT('',(0.076708,0.0119801484028876,0.0401124562584532));
#12604=CARTESIAN_POINT('',(0.0762,0.0119801484028876,0.0401124562584532));
#12605=CARTESIAN_POINT('',(0.076708,0.0116279936177465,0.0398062061939077));
#12606=CARTESIAN_POINT('',(0.0762,0.0116279936177465,0.0398062061939077));
#12607=CARTESIAN_POINT('',(0.076708,0.0114053557228574,0.0393842106552889));
#12608=CARTESIAN_POINT('',(0.0762,0.0114053557228574,0.0393842106552889));
#12609=CARTESIAN_POINT('',(0.076708,0.0113122347182205,0.0388464696425967));
#12610=CARTESIAN_POINT('',(0.0762,0.0113122347182205,0.0388464696425967));
#12611=CARTESIAN_POINT('',(0.0762,0.0119801484028876,0.0401124562584532));
#12612=CARTESIAN_POINT('',(0.0762,0.0114519162251759,0.039653081161635));
#12613=CARTESIAN_POINT('',(0.0762,0.0113122347182205,0.0388464696425967));
#12614=CARTESIAN_POINT('',(0.0762,0.0119801484028876,0.0401124562584532));
#12615=CARTESIAN_POINT('',(0.076708,0.0119801484028876,0.0401124562584532));
#12616=CARTESIAN_POINT('',(0.076708,0.0119801484028876,0.0401124562584532));
#12617=CARTESIAN_POINT('',(0.076708,0.0119801484028876,0.0401124562584532));
#12618=CARTESIAN_POINT('',(0.076708,0.0114519162251759,0.039653081161635));
#12619=CARTESIAN_POINT('',(0.076708,0.0113122347182205,0.0388464696425967));
#12620=CARTESIAN_POINT('',(0.076708,0.0131517024506615,0.0405718313552713));
#12621=CARTESIAN_POINT('',(0.0762,0.0131517024506615,0.0405718313552713));
#12622=CARTESIAN_POINT('',(0.076708,0.0127228212039534,0.0405718313552713));
#12623=CARTESIAN_POINT('',(0.0762,0.0127228212039534,0.0405718313552713));
#12624=CARTESIAN_POINT('',(0.076708,0.0123323031880287,0.0404187063229986));
#12625=CARTESIAN_POINT('',(0.0762,0.0123323031880287,0.0404187063229986));
#12626=CARTESIAN_POINT('',(0.076708,0.0119801484028876,0.0401124562584532));
#12627=CARTESIAN_POINT('',(0.0762,0.0119801484028876,0.0401124562584532));
#12628=CARTESIAN_POINT('',(0.0762,0.0131517024506615,0.0405718313552713));
#12629=CARTESIAN_POINT('',(0.0762,0.0125083805805993,0.0405718313552713));
#12630=CARTESIAN_POINT('',(0.0762,0.0119801484028876,0.0401124562584532));
#12631=CARTESIAN_POINT('',(0.0762,0.0131517024506615,0.0405718313552713));
#12632=CARTESIAN_POINT('',(0.076708,0.0131517024506615,0.0405718313552713));
#12633=CARTESIAN_POINT('',(0.076708,0.0131517024506615,0.0405718313552713));
#12634=CARTESIAN_POINT('',(0.076708,0.0131517024506615,0.0405718313552713));
#12635=CARTESIAN_POINT('',(0.076708,0.0125083805805993,0.0405718313552713));
#12636=CARTESIAN_POINT('',(0.076708,0.0119801484028876,0.0401124562584532));
#12637=CARTESIAN_POINT('',(0.076708,0.0140635669362085,0.040218692897546));
#12638=CARTESIAN_POINT('',(0.0762,0.0140635669362085,0.040218692897546));
#12639=CARTESIAN_POINT('',(0.076708,0.0138242066073882,0.0404541185360295));
#12640=CARTESIAN_POINT('',(0.0762,0.0138242066073882,0.0404541185360295));
#12641=CARTESIAN_POINT('',(0.076708,0.0135202517788726,0.0405718313552713));
#12642=CARTESIAN_POINT('',(0.0762,0.0135202517788726,0.0405718313552713));
#12643=CARTESIAN_POINT('',(0.076708,0.0131517024506615,0.0405718313552713));
#12644=CARTESIAN_POINT('',(0.0762,0.0131517024506615,0.0405718313552713));
#12645=CARTESIAN_POINT('',(0.0762,0.0140635669362085,0.040218692897546));
#12646=CARTESIAN_POINT('',(0.0762,0.0137045264429781,0.0405718313552713));
#12647=CARTESIAN_POINT('',(0.0762,0.0131517024506615,0.0405718313552713));
#12648=CARTESIAN_POINT('',(0.0762,0.0140635669362085,0.040218692897546));
#12649=CARTESIAN_POINT('',(0.076708,0.0140635669362085,0.040218692897546));
#12650=CARTESIAN_POINT('',(0.076708,0.0140635669362085,0.040218692897546));
#12651=CARTESIAN_POINT('',(0.076708,0.0140635669362085,0.040218692897546));
#12652=CARTESIAN_POINT('',(0.076708,0.0137045264429781,0.0405718313552713));
#12653=CARTESIAN_POINT('',(0.076708,0.0131517024506615,0.0405718313552713));
#12654=CARTESIAN_POINT('',(0.076708,0.0091225795458067,0.0388464696425967));
#12655=CARTESIAN_POINT('',(0.0762,0.0091225795458067,0.0388464696425967));
#12656=CARTESIAN_POINT('',(0.076708,0.00924848963658341,0.0395678295376716));
#12657=CARTESIAN_POINT('',(0.0762,0.00924848963658341,0.0395678295376716));
#12658=CARTESIAN_POINT('',(0.076708,0.00949604723693867,0.0402013146818919));
#12659=CARTESIAN_POINT('',(0.0762,0.00949604723693867,0.0402013146818919));
#12660=CARTESIAN_POINT('',(0.076708,0.00986525234687248,0.0407469250752577));
#12661=CARTESIAN_POINT('',(0.0762,0.00986525234687248,0.0407469250752577));
#12662=CARTESIAN_POINT('',(0.076708,0.0091225795458067,0.0388464696425967));
#12663=CARTESIAN_POINT('',(0.076708,0.0091225795458067,0.0388464696425967));
#12664=CARTESIAN_POINT('',(0.076708,0.0091225795458067,0.0388464696425967));
#12665=CARTESIAN_POINT('',(0.076708,0.00931144468197177,0.039928509485209));
#12666=CARTESIAN_POINT('',(0.076708,0.00986525234687248,0.0407469250752577));
#12667=CARTESIAN_POINT('',(0.076708,0.00986525234687248,0.0407469250752577));
#12668=CARTESIAN_POINT('',(0.076708,0.00986525234687248,0.0407469250752577));
#12669=CARTESIAN_POINT('',(0.0767080000000005,0.0141826346026137,0.037956717982265));
#12670=CARTESIAN_POINT('',(0.076708,0.00904585308423965,0.0379906744943487));
#12671=CARTESIAN_POINT('',(0.076708,0.00904585308423965,0.0379906744943487));
#12672=CARTESIAN_POINT('',(0.076708,0.0141826346026137,0.037956717982265));
#12673=CARTESIAN_POINT('',(0.076708,0.00936062831118142,0.0365230349987326));
#12674=CARTESIAN_POINT('',(0.0762,0.00936062831118142,0.0365230349987326));
#12675=CARTESIAN_POINT('',(0.076708,0.00915077815988691,0.0369388006109849));
#12676=CARTESIAN_POINT('',(0.0762,0.00915077815988691,0.0369388006109849));
#12677=CARTESIAN_POINT('',(0.076708,0.00904585308423965,0.0374280137761902));
#12678=CARTESIAN_POINT('',(0.0762,0.00904585308423965,0.0374280137761902));
#12679=CARTESIAN_POINT('',(0.076708,0.00904585308423965,0.0379906744943487));
#12680=CARTESIAN_POINT('',(0.0762,0.00904585308423965,0.0379906744943487));
#12681=CARTESIAN_POINT('',(0.076708,0.00936062831118142,0.0365230349987326));
#12682=CARTESIAN_POINT('',(0.076708,0.00936062831118142,0.0365230349987326));
#12683=CARTESIAN_POINT('',(0.076708,0.00936062831118142,0.0365230349987326));
#12684=CARTESIAN_POINT('',(0.076708,0.00904585308423965,0.037146683417111));
#12685=CARTESIAN_POINT('',(0.076708,0.00904585308423965,0.0379906744943487));
#12686=CARTESIAN_POINT('',(0.076708,0.0102488846547078,0.0355600195388076));
#12687=CARTESIAN_POINT('',(0.0762,0.0102488846547078,0.0355600195388076));
#12688=CARTESIAN_POINT('',(0.076708,0.00986656391031806,0.035786264233172));
#12689=CARTESIAN_POINT('',(0.0762,0.00986656391031806,0.035786264233172));
#12690=CARTESIAN_POINT('',(0.076708,0.00957047846247595,0.0361072693864803));
#12691=CARTESIAN_POINT('',(0.0762,0.00957047846247595,0.0361072693864803));
#12692=CARTESIAN_POINT('',(0.076708,0.00936062831118142,0.0365230349987326));
#12693=CARTESIAN_POINT('',(0.0762,0.00936062831118142,0.0365230349987326));
#12694=CARTESIAN_POINT('',(0.076708,0.0102488846547078,0.0355600195388076));
#12695=CARTESIAN_POINT('',(0.076708,0.0102488846547078,0.0355600195388076));
#12696=CARTESIAN_POINT('',(0.076708,0.0102488846547078,0.0355600195388076));
#12697=CARTESIAN_POINT('',(0.076708,0.00967540353812321,0.0358993865803542));
#12698=CARTESIAN_POINT('',(0.076708,0.00936062831118142,0.0365230349987326));
#12699=CARTESIAN_POINT('',(0.076708,0.0115640548997739,0.035220652497261));
#12700=CARTESIAN_POINT('',(0.0762,0.0115640548997739,0.035220652497261));
#12701=CARTESIAN_POINT('',(0.076708,0.0110695954807862,0.035220652497261));
#12702=CARTESIAN_POINT('',(0.0762,0.0110695954807862,0.035220652497261));
#12703=CARTESIAN_POINT('',(0.076708,0.0106312053990975,0.0353337748444432));
#12704=CARTESIAN_POINT('',(0.0762,0.0106312053990975,0.0353337748444432));
#12705=CARTESIAN_POINT('',(0.076708,0.0102488846547078,0.0355600195388076));
#12706=CARTESIAN_POINT('',(0.0762,0.0102488846547078,0.0355600195388076));
#12707=CARTESIAN_POINT('',(0.076708,0.0115640548997739,0.035220652497261));
#12708=CARTESIAN_POINT('',(0.076708,0.0115640548997739,0.035220652497261));
#12709=CARTESIAN_POINT('',(0.076708,0.0115640548997739,0.035220652497261));
#12710=CARTESIAN_POINT('',(0.076708,0.0108223657712923,0.035220652497261));
#12711=CARTESIAN_POINT('',(0.076708,0.0102488846547078,0.0355600195388076));
#12712=CARTESIAN_POINT('',(0.076708,0.012924474083713,0.0355226399806082));
#12713=CARTESIAN_POINT('',(0.0762,0.012924474083713,0.0355226399806082));
#12714=CARTESIAN_POINT('',(0.076708,0.0125132989435203,0.03532131499171));
#12715=CARTESIAN_POINT('',(0.0762,0.0125132989435203,0.03532131499171));
#12716=CARTESIAN_POINT('',(0.076708,0.0120598258822072,0.035220652497261));
#12717=CARTESIAN_POINT('',(0.0762,0.0120598258822072,0.035220652497261));
#12718=CARTESIAN_POINT('',(0.076708,0.0115640548997739,0.035220652497261));
#12719=CARTESIAN_POINT('',(0.0762,0.0115640548997739,0.035220652497261));
#12720=CARTESIAN_POINT('',(0.076708,0.012924474083713,0.0355226399806082));
#12721=CARTESIAN_POINT('',(0.076708,0.012924474083713,0.0355226399806082));
#12722=CARTESIAN_POINT('',(0.076708,0.012924474083713,0.0355226399806082));
#12723=CARTESIAN_POINT('',(0.076708,0.0123077113734239,0.035220652497261));
#12724=CARTESIAN_POINT('',(0.076708,0.0115640548997739,0.035220652497261));
#12725=CARTESIAN_POINT('',(0.076708,0.0139445425535212,0.0363164637560521));
#12726=CARTESIAN_POINT('',(0.0762,0.0139445425535212,0.0363164637560521));
#12727=CARTESIAN_POINT('',(0.076708,0.0136756720471751,0.0359885728946544));
#12728=CARTESIAN_POINT('',(0.0762,0.0136756720471751,0.0359885728946544));
#12729=CARTESIAN_POINT('',(0.076708,0.0133356492239057,0.0357239649695064));
#12730=CARTESIAN_POINT('',(0.0762,0.0133356492239057,0.0357239649695064));
#12731=CARTESIAN_POINT('',(0.076708,0.012924474083713,0.0355226399806082));
#12732=CARTESIAN_POINT('',(0.0762,0.012924474083713,0.0355226399806082));
#12733=CARTESIAN_POINT('',(0.076708,0.0139445425535212,0.0363164637560521));
#12734=CARTESIAN_POINT('',(0.076708,0.0139445425535212,0.0363164637560521));
#12735=CARTESIAN_POINT('',(0.076708,0.0139445425535212,0.0363164637560521));
#12736=CARTESIAN_POINT('',(0.076708,0.013541236794002,0.0358246274639555));
#12737=CARTESIAN_POINT('',(0.076708,0.012924474083713,0.0355226399806082));
#12738=CARTESIAN_POINT('',(0.076708,0.0138501099854386,0.0358187254284504));
#12739=CARTESIAN_POINT('',(0.076708,0.0137556774173561,0.0353209871008486));
#12740=CARTESIAN_POINT('',(0.076708,0.0137556774173561,0.0353209871008486));
#12741=CARTESIAN_POINT('',(0.076708,0.0138501099854386,0.0358187254284504));
#12742=CARTESIAN_POINT('',(0.076708,0.0148318152244633,0.0353209871008486));
#12743=CARTESIAN_POINT('',(0.076708,0.0159079530315706,0.0353209871008486));
#12744=CARTESIAN_POINT('',(0.076708,0.0159079530315706,0.0353209871008486));
#12745=CARTESIAN_POINT('',(0.076708,0.0148318152244633,0.0353209871008486));
#12746=CARTESIAN_POINT('',(0.076708,0.016531601449949,0.0388336818990021));
#12747=CARTESIAN_POINT('',(0.076708,0.0171552498683274,0.0423463766971557));
#12748=CARTESIAN_POINT('',(0.076708,0.0171552498683274,0.0423463766971557));
#12749=CARTESIAN_POINT('',(0.076708,0.016531601449949,0.0388336818990021));
#12750=CARTESIAN_POINT('',(0.076708,0.0160791120612202,0.0423463766971557));
#12751=CARTESIAN_POINT('',(0.076708,0.0150029742541129,0.0423463766971557));
#12752=CARTESIAN_POINT('',(0.076708,0.0150029742541129,0.0423463766971557));
#12753=CARTESIAN_POINT('',(0.076708,0.0160791120612202,0.0423463766971557));
#12754=CARTESIAN_POINT('',(0.076708,0.0149144437215355,0.0418496220421381));
#12755=CARTESIAN_POINT('',(0.076708,0.0148259131889582,0.0413528673871206));
#12756=CARTESIAN_POINT('',(0.076708,0.0148259131889582,0.0413528673871206));
#12757=CARTESIAN_POINT('',(0.076708,0.0149144437215355,0.0418496220421381));
#12758=CARTESIAN_POINT('',(0.076708,0.0140960281314869,0.042144723817396));
#12759=CARTESIAN_POINT('',(0.0762,0.0140960281314869,0.042144723817396));
#12760=CARTESIAN_POINT('',(0.076708,0.0144317883735581,0.0419433988284979));
#12761=CARTESIAN_POINT('',(0.0762,0.0144317883735581,0.0419433988284979));
#12762=CARTESIAN_POINT('',(0.076708,0.0146750833927152,0.0416794466850727));
#12763=CARTESIAN_POINT('',(0.0762,0.0146750833927152,0.0416794466850727));
#12764=CARTESIAN_POINT('',(0.076708,0.0148259131889582,0.0413528673871206));
#12765=CARTESIAN_POINT('',(0.0762,0.0148259131889582,0.0413528673871206));
#12766=CARTESIAN_POINT('',(0.076708,0.0140960281314869,0.042144723817396));
#12767=CARTESIAN_POINT('',(0.076708,0.0140960281314869,0.042144723817396));
#12768=CARTESIAN_POINT('',(0.076708,0.0140960281314869,0.042144723817396));
#12769=CARTESIAN_POINT('',(0.076708,0.0145996684945938,0.0418427363340488));
#12770=CARTESIAN_POINT('',(0.076708,0.0148259131889582,0.0413528673871206));
#12771=CARTESIAN_POINT('',(0.076708,0.0128487312947301,0.0424467113007434));
#12772=CARTESIAN_POINT('',(0.0762,0.0128487312947301,0.0424467113007434));
#12773=CARTESIAN_POINT('',(0.076708,0.0133445022771634,0.0424467113007434));
#12774=CARTESIAN_POINT('',(0.0762,0.0133445022771634,0.0424467113007434));
#12775=CARTESIAN_POINT('',(0.076708,0.0137602678894157,0.0423460488062943));
#12776=CARTESIAN_POINT('',(0.0762,0.0137602678894157,0.0423460488062943));
#12777=CARTESIAN_POINT('',(0.076708,0.0140960281314869,0.042144723817396));
#12778=CARTESIAN_POINT('',(0.0762,0.0140960281314869,0.042144723817396));
#12779=CARTESIAN_POINT('',(0.076708,0.0128487312947301,0.0424467113007434));
#12780=CARTESIAN_POINT('',(0.076708,0.0128487312947301,0.0424467113007434));
#12781=CARTESIAN_POINT('',(0.076708,0.0128487312947301,0.0424467113007434));
#12782=CARTESIAN_POINT('',(0.076708,0.01359238776838,0.0424467113007434));
#12783=CARTESIAN_POINT('',(0.076708,0.0140960281314869,0.042144723817396));
#12784=CARTESIAN_POINT('',(0.076708,0.0128507637861549,0.0391448397882742));
#12785=CARTESIAN_POINT('',(0.076708,0.0112000960436225,0.0420060259830249));
#12786=CARTESIAN_POINT('',(0.076708,0.0112000960436225,0.0420060259830249));
#12787=CARTESIAN_POINT('',(0.076708,0.0128507637861549,0.0391448397882742));
#12788=CARTESIAN_POINT('',(0.076708,0.00986525234687248,0.0407469250752577));
#12789=CARTESIAN_POINT('',(0.0762,0.00986525234687248,0.0407469250752577));
#12790=CARTESIAN_POINT('',(0.076708,0.0102344574568063,0.0412925354686235));
#12791=CARTESIAN_POINT('',(0.0762,0.0102344574568063,0.0412925354686235));
#12792=CARTESIAN_POINT('',(0.076708,0.010679405355723,0.0417122357712125));
#12793=CARTESIAN_POINT('',(0.0762,0.010679405355723,0.0417122357712125));
#12794=CARTESIAN_POINT('',(0.076708,0.0112000960436225,0.0420060259830249));
#12795=CARTESIAN_POINT('',(0.0762,0.0112000960436225,0.0420060259830249));
#12796=CARTESIAN_POINT('',(0.076708,0.00986525234687248,0.0407469250752577));
#12797=CARTESIAN_POINT('',(0.076708,0.0104190600117732,0.0415653406653064));
#12798=CARTESIAN_POINT('',(0.076708,0.0112000960436225,0.0420060259830249));
#12799=CARTESIAN_POINT('',(0.076708,0.014422607429439,0.0392497754021158));
#12800=CARTESIAN_POINT('',(0.0762,0.014422607429439,0.0392497754021158));
#12801=CARTESIAN_POINT('',(0.076708,0.014422607429439,0.0396602947605857));
#12802=CARTESIAN_POINT('',(0.0762,0.014422607429439,0.0396602947605857));
#12803=CARTESIAN_POINT('',(0.076708,0.0143029272650289,0.0399832672590625));
#12804=CARTESIAN_POINT('',(0.0762,0.0143029272650289,0.0399832672590625));
#12805=CARTESIAN_POINT('',(0.076708,0.0140635669362085,0.040218692897546));
#12806=CARTESIAN_POINT('',(0.0762,0.0140635669362085,0.040218692897546));
#12807=CARTESIAN_POINT('',(0.0762,0.014422607429439,0.0392497754021158));
#12808=CARTESIAN_POINT('',(0.0762,0.014422607429439,0.0398655544398207));
#12809=CARTESIAN_POINT('',(0.0762,0.0140635669362085,0.040218692897546));
#12810=CARTESIAN_POINT('',(0.076708,0.014422607429439,0.0392497754021158));
#12811=CARTESIAN_POINT('',(0.076708,0.014422607429439,0.0398655544398207));
#12812=CARTESIAN_POINT('',(0.076708,0.0140635669362085,0.040218692897546));
#12813=CARTESIAN_POINT('',(0.076708,1.39703063931999E-17,0.0254));
#12814=CARTESIAN_POINT('',(0.0762,0.,0.0508));
#12815=CARTESIAN_POINT('',(0.076708,0.0176726616476129,0.0388346655715863));
#12816=CARTESIAN_POINT('',(0.0762,0.0176726616476129,0.0388346655715863));
#12817=CARTESIAN_POINT('',(0.076708,0.0177985717383897,0.0395638948473348));
#12818=CARTESIAN_POINT('',(0.0762,0.0177985717383897,0.0395638948473348));
#12819=CARTESIAN_POINT('',(0.076708,0.018058589191478,0.0402013146818919));
#12820=CARTESIAN_POINT('',(0.0762,0.018058589191478,0.0402013146818919));
#12821=CARTESIAN_POINT('',(0.076708,0.018452714006878,0.0407469250752577));
#12822=CARTESIAN_POINT('',(0.0762,0.018452714006878,0.0407469250752577));
#12823=CARTESIAN_POINT('',(0.076708,0.0176726616476129,0.0388346655715863));
#12824=CARTESIAN_POINT('',(0.076708,0.0176726616476129,0.0388346655715863));
#12825=CARTESIAN_POINT('',(0.076708,0.0176726616476129,0.0388346655715863));
#12826=CARTESIAN_POINT('',(0.076708,0.017861526783778,0.039928509485209));
#12827=CARTESIAN_POINT('',(0.076708,0.018452714006878,0.0407469250752577));
#12828=CARTESIAN_POINT('',(0.076708,0.018452714006878,0.0407469250752577));
#12829=CARTESIAN_POINT('',(0.076708,0.018452714006878,0.0407469250752577));
#12830=CARTESIAN_POINT('',(0.0767080000000004,0.0222526416519793,0.0379885416563784));
#12831=CARTESIAN_POINT('',(0.076708,0.0175959351860459,0.0380162499815377));
#12832=CARTESIAN_POINT('',(0.076708,0.0175959351860459,0.0380162499815377));
#12833=CARTESIAN_POINT('',(0.076708,0.0222526416519793,0.0379885416563784));
#12834=CARTESIAN_POINT('',(0.076708,0.0183956609969948,0.0359692273338319));
#12835=CARTESIAN_POINT('',(0.0762,0.0183956609969948,0.0359692273338319));
#12836=CARTESIAN_POINT('',(0.076708,0.0178625104563622,0.0364682772248792));
#12837=CARTESIAN_POINT('',(0.0762,0.0178625104563622,0.0364682772248792));
#12838=CARTESIAN_POINT('',(0.076708,0.0175959351860459,0.0371506181074478));
#12839=CARTESIAN_POINT('',(0.0762,0.0175959351860459,0.0371506181074478));
#12840=CARTESIAN_POINT('',(0.076708,0.0175959351860459,0.0380162499815377));
#12841=CARTESIAN_POINT('',(0.0762,0.0175959351860459,0.0380162499815377));
#12842=CARTESIAN_POINT('',(0.076708,0.0183956609969948,0.0359692273338319));
#12843=CARTESIAN_POINT('',(0.076708,0.0183956609969948,0.0359692273338319));
#12844=CARTESIAN_POINT('',(0.076708,0.0183956609969948,0.0359692273338319));
#12845=CARTESIAN_POINT('',(0.076708,0.0175959351860459,0.0367178021704029));
#12846=CARTESIAN_POINT('',(0.076708,0.0175959351860459,0.0380162499815377));
#12847=CARTESIAN_POINT('',(0.076708,0.0205548223192987,0.035220652497261));
#12848=CARTESIAN_POINT('',(0.0762,0.0205548223192987,0.035220652497261));
#12849=CARTESIAN_POINT('',(0.076708,0.0196485319783954,0.035220652497261));
#12850=CARTESIAN_POINT('',(0.0762,0.0196485319783954,0.035220652497261));
#12851=CARTESIAN_POINT('',(0.076708,0.0189288115376275,0.0354701774427846));
#12852=CARTESIAN_POINT('',(0.0762,0.0189288115376275,0.0354701774427846));
#12853=CARTESIAN_POINT('',(0.076708,0.0183956609969948,0.0359692273338319));
#12854=CARTESIAN_POINT('',(0.0762,0.0183956609969948,0.0359692273338319));
#12855=CARTESIAN_POINT('',(0.076708,0.0205548223192987,0.035220652497261));
#12856=CARTESIAN_POINT('',(0.076708,0.0205548223192987,0.035220652497261));
#12857=CARTESIAN_POINT('',(0.076708,0.0205548223192987,0.035220652497261));
#12858=CARTESIAN_POINT('',(0.076708,0.0191953868079438,0.035220652497261));
#12859=CARTESIAN_POINT('',(0.076708,0.0183956609969948,0.0359692273338319));
#12860=CARTESIAN_POINT('',(0.076708,0.0228851426712521,0.0359259457401274));
#12861=CARTESIAN_POINT('',(0.0762,0.0228851426712521,0.0359259457401274));
#12862=CARTESIAN_POINT('',(0.076708,0.0222050970247133,0.0354557502448831));
#12863=CARTESIAN_POINT('',(0.0762,0.0222050970247133,0.0354557502448831));
#12864=CARTESIAN_POINT('',(0.076708,0.0214283235740621,0.035220652497261));
#12865=CARTESIAN_POINT('',(0.0762,0.0214283235740621,0.035220652497261));
#12866=CARTESIAN_POINT('',(0.076708,0.0205548223192987,0.035220652497261));
#12867=CARTESIAN_POINT('',(0.0762,0.0205548223192987,0.035220652497261));
#12868=CARTESIAN_POINT('',(0.076708,0.0228851426712521,0.0359259457401274));
#12869=CARTESIAN_POINT('',(0.076708,0.0228851426712521,0.0359259457401274));
#12870=CARTESIAN_POINT('',(0.076708,0.0228851426712521,0.0359259457401274));
#12871=CARTESIAN_POINT('',(0.076708,0.0218650742014438,0.035220652497261));
#12872=CARTESIAN_POINT('',(0.076708,0.0205548223192987,0.035220652497261));
#12873=CARTESIAN_POINT('',(0.076708,0.0243950800879884,0.0378647644035719));
#12874=CARTESIAN_POINT('',(0.0762,0.0243950800879884,0.0378647644035719));
#12875=CARTESIAN_POINT('',(0.076708,0.0240685007900364,0.0370424141231865));
#12876=CARTESIAN_POINT('',(0.0762,0.0240685007900364,0.0370424141231865));
#12877=CARTESIAN_POINT('',(0.076708,0.0235651883177909,0.0363961412353717));
#12878=CARTESIAN_POINT('',(0.0762,0.0235651883177909,0.0363961412353717));
#12879=CARTESIAN_POINT('',(0.076708,0.0228851426712521,0.0359259457401274));
#12880=CARTESIAN_POINT('',(0.0762,0.0228851426712521,0.0359259457401274));
#12881=CARTESIAN_POINT('',(0.076708,0.0243950800879884,0.0378647644035719));
#12882=CARTESIAN_POINT('',(0.076708,0.0243950800879884,0.0378647644035719));
#12883=CARTESIAN_POINT('',(0.076708,0.0243950800879884,0.0378647644035719));
#12884=CARTESIAN_POINT('',(0.076708,0.0239052111410603,0.0366312389829938));
#12885=CARTESIAN_POINT('',(0.076708,0.0228851426712521,0.0359259457401274));
#12886=CARTESIAN_POINT('',(0.076708,0.0232431994918984,0.0378647644035719));
#12887=CARTESIAN_POINT('',(0.076708,0.0220913188958082,0.0378647644035719));
#12888=CARTESIAN_POINT('',(0.076708,0.0220913188958082,0.0378647644035719));
#12889=CARTESIAN_POINT('',(0.076708,0.0232431994918984,0.0378647644035719));
#12890=CARTESIAN_POINT('',(0.076708,0.0208459894042198,0.0370581528845337));
#12891=CARTESIAN_POINT('',(0.0762,0.0208459894042198,0.0370581528845337));
#12892=CARTESIAN_POINT('',(0.076708,0.0213994691782591,0.0370581528845337));
#12893=CARTESIAN_POINT('',(0.0762,0.0213994691782591,0.0370581528845337));
#12894=CARTESIAN_POINT('',(0.076708,0.0218145790087886,0.0373270233908798));
#12895=CARTESIAN_POINT('',(0.0762,0.0218145790087886,0.0373270233908798));
#12896=CARTESIAN_POINT('',(0.076708,0.0220913188958082,0.0378647644035719));
#12897=CARTESIAN_POINT('',(0.0762,0.0220913188958082,0.0378647644035719));
#12898=CARTESIAN_POINT('',(0.076708,0.0208459894042198,0.0370581528845337));
#12899=CARTESIAN_POINT('',(0.076708,0.0208459894042198,0.0370581528845337));
#12900=CARTESIAN_POINT('',(0.076708,0.0208459894042198,0.0370581528845337));
#12901=CARTESIAN_POINT('',(0.076708,0.0216762090652788,0.0370581528845337));
#12902=CARTESIAN_POINT('',(0.076708,0.0220913188958082,0.0378647644035719));
#12903=CARTESIAN_POINT('',(0.076708,0.0200895451869754,0.0373729281114754));
#12904=CARTESIAN_POINT('',(0.0762,0.0200895451869754,0.0373729281114754));
#12905=CARTESIAN_POINT('',(0.076708,0.0202738198510809,0.0371630779601809));
#12906=CARTESIAN_POINT('',(0.0762,0.0202738198510809,0.0371630779601809));
#12907=CARTESIAN_POINT('',(0.076708,0.0205259679234957,0.0370581528845337));
#12908=CARTESIAN_POINT('',(0.0762,0.0205259679234957,0.0370581528845337));
#12909=CARTESIAN_POINT('',(0.076708,0.0208459894042198,0.0370581528845337));
#12910=CARTESIAN_POINT('',(0.0762,0.0208459894042198,0.0370581528845337));
#12911=CARTESIAN_POINT('',(0.076708,0.0200895451869754,0.0373729281114754));
#12912=CARTESIAN_POINT('',(0.076708,0.0200895451869754,0.0373729281114754));
#12913=CARTESIAN_POINT('',(0.076708,0.0200895451869754,0.0373729281114754));
#12914=CARTESIAN_POINT('',(0.076708,0.0203659571831336,0.0370581528845337));
#12915=CARTESIAN_POINT('',(0.076708,0.0208459894042198,0.0370581528845337));
#12916=CARTESIAN_POINT('',(0.076708,0.0198131331908171,0.0382798742341015));
#12917=CARTESIAN_POINT('',(0.0762,0.0198131331908171,0.0382798742341015));
#12918=CARTESIAN_POINT('',(0.076708,0.0198131331908171,0.0378850936369786));
#12919=CARTESIAN_POINT('',(0.0762,0.0198131331908171,0.0378850936369786));
#12920=CARTESIAN_POINT('',(0.076708,0.0199052705228699,0.0375827782627699));
#12921=CARTESIAN_POINT('',(0.0762,0.0199052705228699,0.0375827782627699));
#12922=CARTESIAN_POINT('',(0.076708,0.0200895451869754,0.0373729281114754));
#12923=CARTESIAN_POINT('',(0.0762,0.0200895451869754,0.0373729281114754));
#12924=CARTESIAN_POINT('',(0.076708,0.0198131331908171,0.0382798742341015));
#12925=CARTESIAN_POINT('',(0.076708,0.0198131331908171,0.0382798742341015));
#12926=CARTESIAN_POINT('',(0.076708,0.0198131331908171,0.0382798742341015));
#12927=CARTESIAN_POINT('',(0.076708,0.0198131331908171,0.0376877033384172));
#12928=CARTESIAN_POINT('',(0.076708,0.0200895451869754,0.0373729281114754));
#12929=CARTESIAN_POINT('',(0.0767080000000004,0.0228566723544447,0.0382912644982843));
#12930=CARTESIAN_POINT('',(0.076708,0.0198623168200267,0.0388346655715863));
#12931=CARTESIAN_POINT('',(0.076708,0.0198623168200267,0.0388346655715863));
#12932=CARTESIAN_POINT('',(0.076708,0.0228566723544447,0.0382912644982843));
#12933=CARTESIAN_POINT('',(0.076708,0.0204416999721165,0.0401498358166525));
#12934=CARTESIAN_POINT('',(0.0762,0.0204416999721165,0.0401498358166525));
#12935=CARTESIAN_POINT('',(0.076708,0.0201564349227005,0.039843585752107));
#12936=CARTESIAN_POINT('',(0.0762,0.0201564349227005,0.039843585752107));
#12937=CARTESIAN_POINT('',(0.076708,0.0199633072053373,0.0394051956704183));
#12938=CARTESIAN_POINT('',(0.0762,0.0199633072053373,0.0394051956704183));
#12939=CARTESIAN_POINT('',(0.076708,0.0198623168200267,0.0388346655715863));
#12940=CARTESIAN_POINT('',(0.0762,0.0198623168200267,0.0388346655715863));
#12941=CARTESIAN_POINT('',(0.076708,0.0204416999721165,0.0401498358166525));
#12942=CARTESIAN_POINT('',(0.076708,0.0204416999721165,0.0401498358166525));
#12943=CARTESIAN_POINT('',(0.076708,0.0204416999721165,0.0401498358166525));
#12944=CARTESIAN_POINT('',(0.076708,0.0200138023979925,0.0396904607198343));
#12945=CARTESIAN_POINT('',(0.076708,0.0198623168200267,0.0388346655715863));
#12946=CARTESIAN_POINT('',(0.076708,0.0214617684419247,0.0406092109134706));
#12947=CARTESIAN_POINT('',(0.0762,0.0214617684419247,0.0406092109134706));
#12948=CARTESIAN_POINT('',(0.076708,0.0210669878448019,0.0406092109134706));
#12949=CARTESIAN_POINT('',(0.0762,0.0210669878448019,0.0406092109134706));
#12950=CARTESIAN_POINT('',(0.076708,0.0207269650215324,0.0404560858811979));
#12951=CARTESIAN_POINT('',(0.0762,0.0207269650215324,0.0404560858811979));
#12952=CARTESIAN_POINT('',(0.076708,0.0204416999721165,0.0401498358166525));
#12953=CARTESIAN_POINT('',(0.0762,0.0204416999721165,0.0401498358166525));
#12954=CARTESIAN_POINT('',(0.076708,0.0214617684419247,0.0406092109134706));
#12955=CARTESIAN_POINT('',(0.076708,0.0214617684419247,0.0406092109134706));
#12956=CARTESIAN_POINT('',(0.076708,0.0214617684419247,0.0406092109134706));
#12957=CARTESIAN_POINT('',(0.076708,0.0208695975462404,0.0406092109134706));
#12958=CARTESIAN_POINT('',(0.076708,0.0204416999721165,0.0401498358166525));
#12959=CARTESIAN_POINT('',(0.076708,0.0224434736809494,0.0398025993944323));
#12960=CARTESIAN_POINT('',(0.0762,0.0224434736809494,0.0398025993944323));
#12961=CARTESIAN_POINT('',(0.076708,0.022351664239758,0.0403403404071246));
#12962=CARTESIAN_POINT('',(0.0762,0.022351664239758,0.0403403404071246));
#12963=CARTESIAN_POINT('',(0.076708,0.0220244291600831,0.0406092109134706));
#12964=CARTESIAN_POINT('',(0.0762,0.0220244291600831,0.0406092109134706));
#12965=CARTESIAN_POINT('',(0.076708,0.0214617684419247,0.0406092109134706));
#12966=CARTESIAN_POINT('',(0.0762,0.0214617684419247,0.0406092109134706));
#12967=CARTESIAN_POINT('',(0.076708,0.0224434736809494,0.0398025993944323));
#12968=CARTESIAN_POINT('',(0.076708,0.0224434736809494,0.0398025993944323));
#12969=CARTESIAN_POINT('',(0.076708,0.0224434736809494,0.0398025993944323));
#12970=CARTESIAN_POINT('',(0.076708,0.0223057595191623,0.0406092109134706));
#12971=CARTESIAN_POINT('',(0.076708,0.0214617684419247,0.0406092109134706));
#12972=CARTESIAN_POINT('',(0.076708,0.0235894522415343,0.0398025993944323));
#12973=CARTESIAN_POINT('',(0.076708,0.0247354308021192,0.0398025993944323));
#12974=CARTESIAN_POINT('',(0.076708,0.0247354308021192,0.0398025993944323));
#12975=CARTESIAN_POINT('',(0.076708,0.0235894522415343,0.0398025993944323));
#12976=CARTESIAN_POINT('',(0.076708,0.0239179988846548,0.0417542058014714));
#12977=CARTESIAN_POINT('',(0.0762,0.0239179988846548,0.0417542058014714));
#12978=CARTESIAN_POINT('',(0.076708,0.024430164410158,0.0412925354686234));
#12979=CARTESIAN_POINT('',(0.0762,0.024430164410158,0.0412925354686234));
#12980=CARTESIAN_POINT('',(0.076708,0.0247026417159795,0.0406419999996104));
#12981=CARTESIAN_POINT('',(0.0762,0.0247026417159795,0.0406419999996104));
#12982=CARTESIAN_POINT('',(0.076708,0.0247354308021192,0.0398025993944323));
#12983=CARTESIAN_POINT('',(0.0762,0.0247354308021192,0.0398025993944323));
#12984=CARTESIAN_POINT('',(0.076708,0.0239179988846548,0.0417542058014714));
#12985=CARTESIAN_POINT('',(0.076708,0.0239179988846548,0.0417542058014714));
#12986=CARTESIAN_POINT('',(0.076708,0.0239179988846548,0.0417542058014714));
#12987=CARTESIAN_POINT('',(0.076708,0.0246862471729096,0.0410617003021994));
#12988=CARTESIAN_POINT('',(0.076708,0.0247354308021192,0.0398025993944323));
#12989=CARTESIAN_POINT('',(0.076708,0.0218276946432445,0.0424467113007434));
#12990=CARTESIAN_POINT('',(0.0762,0.0218276946432445,0.0424467113007434));
#12991=CARTESIAN_POINT('',(0.076708,0.0227090652786815,0.0424467113007434));
#12992=CARTESIAN_POINT('',(0.0762,0.0227090652786815,0.0424467113007434));
#12993=CARTESIAN_POINT('',(0.076708,0.0234058333591516,0.0422158761343194));
#12994=CARTESIAN_POINT('',(0.0762,0.0234058333591516,0.0422158761343194));
#12995=CARTESIAN_POINT('',(0.076708,0.0239179988846548,0.0417542058014714));
#12996=CARTESIAN_POINT('',(0.0762,0.0239179988846548,0.0417542058014714));
#12997=CARTESIAN_POINT('',(0.076708,0.0218276946432445,0.0424467113007434));
#12998=CARTESIAN_POINT('',(0.076708,0.0218276946432445,0.0424467113007434));
#12999=CARTESIAN_POINT('',(0.076708,0.0218276946432445,0.0424467113007434));
#13000=CARTESIAN_POINT('',(0.076708,0.0231497505964001,0.0424467113007434));
#13001=CARTESIAN_POINT('',(0.076708,0.0239179988846548,0.0417542058014714));
#13002=CARTESIAN_POINT('',(0.076708,0.01991936982991,0.0420060259830249));
#13003=CARTESIAN_POINT('',(0.0762,0.01991936982991,0.0420060259830249));
#13004=CARTESIAN_POINT('',(0.076708,0.0205030155631979,0.0422998161948372));
#13005=CARTESIAN_POINT('',(0.0762,0.0205030155631979,0.0422998161948372));
#13006=CARTESIAN_POINT('',(0.076708,0.0211391238343094,0.0424467113007434));
#13007=CARTESIAN_POINT('',(0.0762,0.0211391238343094,0.0424467113007434));
#13008=CARTESIAN_POINT('',(0.076708,0.0218276946432445,0.0424467113007434));
#13009=CARTESIAN_POINT('',(0.0762,0.0218276946432445,0.0424467113007434));
#13010=CARTESIAN_POINT('',(0.076708,0.01991936982991,0.0420060259830249));
#13011=CARTESIAN_POINT('',(0.076708,0.01991936982991,0.0420060259830249));
#13012=CARTESIAN_POINT('',(0.076708,0.01991936982991,0.0420060259830249));
#13013=CARTESIAN_POINT('',(0.076708,0.0207948384298418,0.0424467113007434));
#13014=CARTESIAN_POINT('',(0.076708,0.0218276946432445,0.0424467113007434));
#13015=CARTESIAN_POINT('',(0.0767080000000001,0.0217268132159033,0.038420823346285));
#13016=CARTESIAN_POINT('',(0.076708,0.0217268132159033,0.038420823346285));
#13017=CARTESIAN_POINT('',(0.076708,1.39703063931999E-17,0.0254));
#13018=CARTESIAN_POINT('',(0.076708,0.0308873191436628,0.0370709406281282));
#13019=CARTESIAN_POINT('',(0.076708,0.0297226508039782,0.0388208941554077));
#13020=CARTESIAN_POINT('',(0.076708,0.0297226508039782,0.0388208941554077));
#13021=CARTESIAN_POINT('',(0.076708,0.0308873191436628,0.0370709406281282));
#13022=CARTESIAN_POINT('',(0.076708,0.0320519874833474,0.0353209871008486));
#13023=CARTESIAN_POINT('',(0.076708,0.0320519874833474,0.0353209871008486));
#13024=CARTESIAN_POINT('',(0.076708,0.0314912941103573,0.0405836354262816));
#13025=CARTESIAN_POINT('',(0.076708,0.0332599374167365,0.0423463766971557));
#13026=CARTESIAN_POINT('',(0.076708,0.0332599374167365,0.0423463766971557));
#13027=CARTESIAN_POINT('',(0.076708,0.0314912941103573,0.0405836354262816));
#13028=CARTESIAN_POINT('',(0.076708,0.0319319794280758,0.0423463766971557));
#13029=CARTESIAN_POINT('',(0.076708,0.0306040214394152,0.0423463766971557));
#13030=CARTESIAN_POINT('',(0.076708,0.0306040214394152,0.0423463766971557));
#13031=CARTESIAN_POINT('',(0.076708,0.0319319794280758,0.0423463766971557));
#13032=CARTESIAN_POINT('',(0.076708,0.02929376955727,0.0409239861404124));
#13033=CARTESIAN_POINT('',(0.076708,0.0279835176751248,0.0395015955836693));
#13034=CARTESIAN_POINT('',(0.076708,0.0279835176751248,0.0395015955836693));
#13035=CARTESIAN_POINT('',(0.076708,0.02929376955727,0.0409239861404124));
#13036=CARTESIAN_POINT('',(0.076708,0.0284369907364379,0.0420699647009974));
#13037=CARTESIAN_POINT('',(0.076708,0.0288904637977508,0.0446383338183255));
#13038=CARTESIAN_POINT('',(0.076708,0.0288904637977508,0.0446383338183255));
#13039=CARTESIAN_POINT('',(0.076708,0.0284369907364379,0.0420699647009974));
#13040=CARTESIAN_POINT('',(0.076708,0.0278143259906436,0.0446383338183255));
#13041=CARTESIAN_POINT('',(0.076708,0.0267381881835364,0.0446383338183255));
#13042=CARTESIAN_POINT('',(0.076708,0.0267381881835364,0.0446383338183255));
#13043=CARTESIAN_POINT('',(0.076708,0.0278143259906436,0.0446383338183255));
#13044=CARTESIAN_POINT('',(0.076708,0.0259128868853984,0.0399796604595871));
#13045=CARTESIAN_POINT('',(0.076708,0.0250875855872604,0.0353209871008486));
#13046=CARTESIAN_POINT('',(0.076708,0.0250875855872604,0.0353209871008486));
#13047=CARTESIAN_POINT('',(0.076708,0.0259128868853984,0.0399796604595871));
#13048=CARTESIAN_POINT('',(0.076708,0.0261647070669518,0.0353209871008486));
#13049=CARTESIAN_POINT('',(0.076708,0.0272418285466432,0.0353209871008486));
#13050=CARTESIAN_POINT('',(0.076708,0.0272418285466432,0.0353209871008486));
#13051=CARTESIAN_POINT('',(0.076708,0.0261647070669518,0.0353209871008486));
#13052=CARTESIAN_POINT('',(0.076708,0.0274995507637018,0.0367876429238806));
#13053=CARTESIAN_POINT('',(0.076708,0.0277572729807604,0.0382542987469124));
#13054=CARTESIAN_POINT('',(0.076708,0.0277572729807604,0.0382542987469124));
#13055=CARTESIAN_POINT('',(0.076708,0.0274995507637018,0.0367876429238806));
#13056=CARTESIAN_POINT('',(0.076708,0.0285697865353039,0.0367876429238806));
#13057=CARTESIAN_POINT('',(0.076708,0.0293823000898473,0.0353209871008486));
#13058=CARTESIAN_POINT('',(0.076708,0.0293823000898473,0.0353209871008486));
#13059=CARTESIAN_POINT('',(0.076708,0.0285697865353039,0.0367876429238806));
#13060=CARTESIAN_POINT('',(0.076708,0.0307171437865974,0.0353209871008486));
#13061=CARTESIAN_POINT('',(0.076708,0.0307171437865974,0.0353209871008486));
#13062=CARTESIAN_POINT('',(0.076708,1.39703063931999E-17,0.0254));
#13063=CARTESIAN_POINT('',(0.076708,0.0362050531338106,0.0397534157652226));
#13064=CARTESIAN_POINT('',(0.0762,0.0362050531338106,0.0397534157652226));
#13065=CARTESIAN_POINT('',(0.076708,0.0363558829300535,0.0406256054565405));
#13066=CARTESIAN_POINT('',(0.0762,0.0363558829300535,0.0406256054565405));
#13067=CARTESIAN_POINT('',(0.076708,0.03668115066456,0.0414040183614986));
#13068=CARTESIAN_POINT('',(0.0762,0.03668115066456,0.0414040183614986));
#13069=CARTESIAN_POINT('',(0.076708,0.0371808563373301,0.042088654480097));
#13070=CARTESIAN_POINT('',(0.0762,0.0371808563373301,0.042088654480097));
#13071=CARTESIAN_POINT('',(0.076708,0.0362050531338106,0.0397534157652226));
#13072=CARTESIAN_POINT('',(0.076708,0.0362050531338106,0.0397534157652226));
#13073=CARTESIAN_POINT('',(0.076708,0.0362050531338106,0.0397534157652226));
#13074=CARTESIAN_POINT('',(0.076708,0.036431297828175,0.0410617003021994));
#13075=CARTESIAN_POINT('',(0.076708,0.0371808563373301,0.042088654480097));
#13076=CARTESIAN_POINT('',(0.076708,0.0371808563373301,0.042088654480097));
#13077=CARTESIAN_POINT('',(0.076708,0.0371808563373301,0.042088654480097));
#13078=CARTESIAN_POINT('',(0.0767080000000004,0.0409824008110785,0.0388306956435271));
#13079=CARTESIAN_POINT('',(0.076708,0.0361165226012332,0.0388208941554077));
#13080=CARTESIAN_POINT('',(0.076708,0.0361165226012332,0.0388208941554077));
#13081=CARTESIAN_POINT('',(0.076708,0.0409824008110785,0.0388306956435271));
#13082=CARTESIAN_POINT('',(0.076708,0.0365699956625462,0.0369450305373515));
#13083=CARTESIAN_POINT('',(0.0762,0.0365699956625462,0.0369450305373515));
#13084=CARTESIAN_POINT('',(0.076708,0.0362676802883375,0.0374821157683209));
#13085=CARTESIAN_POINT('',(0.0762,0.0362676802883375,0.0374821157683209));
#13086=CARTESIAN_POINT('',(0.076708,0.0361165226012332,0.0381074036410063));
#13087=CARTESIAN_POINT('',(0.0762,0.0361165226012332,0.0381074036410063));
#13088=CARTESIAN_POINT('',(0.076708,0.0361165226012332,0.0388208941554077));
#13089=CARTESIAN_POINT('',(0.0762,0.0361165226012332,0.0388208941554077));
#13090=CARTESIAN_POINT('',(0.076708,0.0365699956625462,0.0369450305373515));
#13091=CARTESIAN_POINT('',(0.076708,0.0365699956625462,0.0369450305373515));
#13092=CARTESIAN_POINT('',(0.076708,0.0365699956625462,0.0369450305373515));
#13093=CARTESIAN_POINT('',(0.076708,0.0361165226012332,0.0377506583838056));
#13094=CARTESIAN_POINT('',(0.076708,0.0361165226012332,0.0388208941554077));
#13095=CARTESIAN_POINT('',(0.076708,0.0378674598010969,0.0356987173731788));
#13096=CARTESIAN_POINT('',(0.0762,0.0378674598010969,0.0356987173731788));
#13097=CARTESIAN_POINT('',(0.076708,0.0373047990829384,0.0359925075849911));
#13098=CARTESIAN_POINT('',(0.0762,0.0373047990829384,0.0359925075849911));
#13099=CARTESIAN_POINT('',(0.076708,0.0368723110367549,0.036407945306382));
#13100=CARTESIAN_POINT('',(0.0762,0.0368723110367549,0.036407945306382));
#13101=CARTESIAN_POINT('',(0.076708,0.0365699956625462,0.0369450305373515));
#13102=CARTESIAN_POINT('',(0.0762,0.0365699956625462,0.0369450305373515));
#13103=CARTESIAN_POINT('',(0.076708,0.0378674598010969,0.0356987173731788));
#13104=CARTESIAN_POINT('',(0.076708,0.0378674598010969,0.0356987173731788));
#13105=CARTESIAN_POINT('',(0.076708,0.0378674598010969,0.0356987173731788));
#13106=CARTESIAN_POINT('',(0.076708,0.0370234687238592,0.0361394026908973));
#13107=CARTESIAN_POINT('',(0.076708,0.0365699956625462,0.0369450305373515));
#13108=CARTESIAN_POINT('',(0.076708,0.039844641695325,0.0352580320554603));
#13109=CARTESIAN_POINT('',(0.0762,0.039844641695325,0.0352580320554603));
#13110=CARTESIAN_POINT('',(0.076708,0.0390891811506647,0.0352580320554603));
#13111=CARTESIAN_POINT('',(0.0762,0.0390891811506647,0.0352580320554603));
#13112=CARTESIAN_POINT('',(0.076708,0.0384301205192553,0.0354049271613665));
#13113=CARTESIAN_POINT('',(0.0762,0.0384301205192553,0.0354049271613665));
#13114=CARTESIAN_POINT('',(0.076708,0.0378674598010969,0.0356987173731788));
#13115=CARTESIAN_POINT('',(0.0762,0.0378674598010969,0.0356987173731788));
#13116=CARTESIAN_POINT('',(0.076708,0.039844641695325,0.0352580320554603));
#13117=CARTESIAN_POINT('',(0.076708,0.039844641695325,0.0352580320554603));
#13118=CARTESIAN_POINT('',(0.076708,0.039844641695325,0.0352580320554603));
#13119=CARTESIAN_POINT('',(0.076708,0.0387114508783345,0.0352580320554603));
#13120=CARTESIAN_POINT('',(0.076708,0.0378674598010969,0.0356987173731788));
#13121=CARTESIAN_POINT('',(0.076708,0.0426894228088113,0.0360823496810141));
#13122=CARTESIAN_POINT('',(0.0762,0.0426894228088113,0.0360823496810141));
#13123=CARTESIAN_POINT('',(0.076708,0.0418421528229597,0.0355328045973116));
#13124=CARTESIAN_POINT('',(0.0762,0.0418421528229597,0.0355328045973116));
#13125=CARTESIAN_POINT('',(0.076708,0.0408938924517976,0.0352580320554603));
#13126=CARTESIAN_POINT('',(0.0762,0.0408938924517976,0.0352580320554603));
#13127=CARTESIAN_POINT('',(0.076708,0.039844641695325,0.0352580320554603));
#13128=CARTESIAN_POINT('',(0.0762,0.039844641695325,0.0352580320554603));
#13129=CARTESIAN_POINT('',(0.076708,0.0426894228088113,0.0360823496810141));
#13130=CARTESIAN_POINT('',(0.076708,0.0426894228088113,0.0360823496810141));
#13131=CARTESIAN_POINT('',(0.076708,0.0426894228088113,0.0360823496810141));
#13132=CARTESIAN_POINT('',(0.076708,0.0414185178300339,0.0352580320554603));
#13133=CARTESIAN_POINT('',(0.076708,0.039844641695325,0.0352580320554603));
#13134=CARTESIAN_POINT('',(0.076708,0.0445898782414724,0.0383428292794898));
#13135=CARTESIAN_POINT('',(0.0762,0.0445898782414724,0.0383428292794898));
#13136=CARTESIAN_POINT('',(0.076708,0.0441701779388833,0.0373853879642085));
#13137=CARTESIAN_POINT('',(0.0762,0.0441701779388833,0.0373853879642085));
#13138=CARTESIAN_POINT('',(0.076708,0.043536692794663,0.0366318947647166));
#13139=CARTESIAN_POINT('',(0.0762,0.043536692794663,0.0366318947647166));
#13140=CARTESIAN_POINT('',(0.076708,0.0426894228088113,0.0360823496810141));
#13141=CARTESIAN_POINT('',(0.0762,0.0426894228088113,0.0360823496810141));
#13142=CARTESIAN_POINT('',(0.076708,0.0445898782414724,0.0383428292794898));
#13143=CARTESIAN_POINT('',(0.076708,0.0445898782414724,0.0383428292794898));
#13144=CARTESIAN_POINT('',(0.076708,0.0445898782414724,0.0383428292794898));
#13145=CARTESIAN_POINT('',(0.076708,0.0439603277875888,0.0369066673065679));
#13146=CARTESIAN_POINT('',(0.076708,0.0426894228088113,0.0360823496810141));
#13147=CARTESIAN_POINT('',(0.076708,0.0434065201226881,0.0383428292794898));
#13148=CARTESIAN_POINT('',(0.076708,0.0422231620039039,0.0383428292794898));
#13149=CARTESIAN_POINT('',(0.076708,0.0422231620039039,0.0383428292794898));
#13150=CARTESIAN_POINT('',(0.076708,0.0434065201226881,0.0383428292794898));
#13151=CARTESIAN_POINT('',(0.076708,0.0413240852619513,0.0375116259458467));
#13152=CARTESIAN_POINT('',(0.0762,0.0413240852619513,0.0375116259458467));
#13153=CARTESIAN_POINT('',(0.076708,0.041680830519152,0.0377050815540713));
#13154=CARTESIAN_POINT('',(0.0762,0.041680830519152,0.0377050815540713));
#13155=CARTESIAN_POINT('',(0.076708,0.0419805227664695,0.0379821493319523));
#13156=CARTESIAN_POINT('',(0.0762,0.0419805227664695,0.0379821493319523));
#13157=CARTESIAN_POINT('',(0.076708,0.0422231620039039,0.0383428292794898));
#13158=CARTESIAN_POINT('',(0.0762,0.0422231620039039,0.0383428292794898));
#13159=CARTESIAN_POINT('',(0.076708,0.0413240852619513,0.0375116259458467));
#13160=CARTESIAN_POINT('',(0.076708,0.0413240860951115,0.0375116244164824));
#13161=CARTESIAN_POINT('',(0.076708,0.0413240852619513,0.0375116259458467));
#13162=CARTESIAN_POINT('',(0.076708,0.0418592031477524,0.0378018093581836));
#13163=CARTESIAN_POINT('',(0.076708,0.0422231620039039,0.0383428292794898));
#13164=CARTESIAN_POINT('',(0.076708,0.0401862002707371,0.039600348854396));
#13165=CARTESIAN_POINT('',(0.076708,0.0401712209932771,0.0372214425335097));
#13166=CARTESIAN_POINT('',(0.076708,0.0401712209932771,0.0372214425335097));
#13167=CARTESIAN_POINT('',(0.076708,0.0401862002707371,0.039600348854396));
#13168=CARTESIAN_POINT('',(0.076708,0.0388245732255167,0.0377378706402111));
#13169=CARTESIAN_POINT('',(0.0762,0.0388245732255167,0.0377378706402111));
#13170=CARTESIAN_POINT('',(0.076708,0.0391518083051916,0.0373935852357435));
#13171=CARTESIAN_POINT('',(0.0762,0.0391518083051916,0.0373935852357435));
#13172=CARTESIAN_POINT('',(0.076708,0.0396006908944451,0.0372214425335097));
#13173=CARTESIAN_POINT('',(0.0762,0.0396006908944451,0.0372214425335097));
#13174=CARTESIAN_POINT('',(0.076708,0.0401712209932771,0.0372214425335097));
#13175=CARTESIAN_POINT('',(0.0762,0.0401712209932771,0.0372214425335097));
#13176=CARTESIAN_POINT('',(0.076708,0.0388245732255167,0.0377378706402111));
#13177=CARTESIAN_POINT('',(0.076708,0.0388245732255167,0.0377378706402111));
#13178=CARTESIAN_POINT('',(0.076708,0.0388245732255167,0.0377378706402111));
#13179=CARTESIAN_POINT('',(0.076708,0.0393154258450291,0.0372214425335097));
#13180=CARTESIAN_POINT('',(0.076708,0.0401712209932771,0.0372214425335097));
#13181=CARTESIAN_POINT('',(0.076708,0.0383337206060044,0.0391356693823494));
#13182=CARTESIAN_POINT('',(0.0762,0.0383337206060044,0.0391356693823494));
#13183=CARTESIAN_POINT('',(0.076708,0.0383337206060044,0.0385480889587247));
#13184=CARTESIAN_POINT('',(0.0762,0.0383337206060044,0.0385480889587247));
#13185=CARTESIAN_POINT('',(0.076708,0.0384973381458419,0.0380821560446786));
#13186=CARTESIAN_POINT('',(0.0762,0.0384973381458419,0.0380821560446786));
#13187=CARTESIAN_POINT('',(0.076708,0.0388245732255167,0.0377378706402111));
#13188=CARTESIAN_POINT('',(0.0762,0.0388245732255167,0.0377378706402111));
#13189=CARTESIAN_POINT('',(0.076708,0.0383337206060044,0.0391356693823494));
#13190=CARTESIAN_POINT('',(0.076708,0.0383337206060044,0.0391356693823494));
#13191=CARTESIAN_POINT('',(0.076708,0.0383337206060044,0.0391356693823494));
#13192=CARTESIAN_POINT('',(0.076708,0.0383337206060044,0.0382542987469124));
#13193=CARTESIAN_POINT('',(0.076708,0.0388245732255167,0.0377378706402111));
#13194=CARTESIAN_POINT('',(0.0767080000000004,0.0419330953737888,0.0390730329963412));
#13195=CARTESIAN_POINT('',(0.076708,0.0383966756513928,0.0397534157652226));
#13196=CARTESIAN_POINT('',(0.076708,0.0383966756513928,0.0397534157652226));
#13197=CARTESIAN_POINT('',(0.076708,0.0419330953737888,0.0390730329963412));
#13198=CARTESIAN_POINT('',(0.076708,0.0393272299160394,0.0415850141169902));
#13199=CARTESIAN_POINT('',(0.0762,0.0393272299160394,0.0415850141169902));
#13200=CARTESIAN_POINT('',(0.076708,0.0388406398777252,0.041127278474479));
#13201=CARTESIAN_POINT('',(0.0762,0.0388406398777252,0.041127278474479));
#13202=CARTESIAN_POINT('',(0.076708,0.038530455122843,0.0405167456905565));
#13203=CARTESIAN_POINT('',(0.0762,0.038530455122843,0.0405167456905565));
#13204=CARTESIAN_POINT('',(0.076708,0.0383966756513928,0.0397534157652226));
#13205=CARTESIAN_POINT('',(0.0762,0.0383966756513928,0.0397534157652226));
#13206=CARTESIAN_POINT('',(0.076708,0.0393272299160394,0.0415850141169902));
#13207=CARTESIAN_POINT('',(0.076708,0.0393272299160394,0.0415850141169902));
#13208=CARTESIAN_POINT('',(0.076708,0.0393272299160394,0.0415850141169902));
#13209=CARTESIAN_POINT('',(0.076708,0.0385973448585682,0.0408984106532234));
#13210=CARTESIAN_POINT('',(0.076708,0.0383966756513928,0.0397534157652226));
#13211=CARTESIAN_POINT('',(0.076708,0.0410525916287141,0.0422716175807569));
#13212=CARTESIAN_POINT('',(0.0762,0.0410525916287141,0.0422716175807569));
#13213=CARTESIAN_POINT('',(0.076708,0.0403889405252451,0.0422716175807569));
#13214=CARTESIAN_POINT('',(0.0762,0.0403889405252451,0.0422716175807569));
#13215=CARTESIAN_POINT('',(0.076708,0.0398138199543536,0.0420427497595014));
#13216=CARTESIAN_POINT('',(0.0762,0.0398138199543536,0.0420427497595014));
#13217=CARTESIAN_POINT('',(0.076708,0.0393272299160394,0.0415850141169902));
#13218=CARTESIAN_POINT('',(0.0762,0.0393272299160394,0.0415850141169902));
#13219=CARTESIAN_POINT('',(0.076708,0.0410525916287141,0.0422716175807569));
#13220=CARTESIAN_POINT('',(0.076708,0.0410525916287141,0.0422716175807569));
#13221=CARTESIAN_POINT('',(0.076708,0.0410525916287141,0.0422716175807569));
#13222=CARTESIAN_POINT('',(0.076708,0.0400571149735107,0.0422716175807569));
#13223=CARTESIAN_POINT('',(0.076708,0.0393272299160394,0.0415850141169902));
#13224=CARTESIAN_POINT('',(0.076708,0.042116925364811,0.0419883198765093));
#13225=CARTESIAN_POINT('',(0.0762,0.042116925364811,0.0419883198765093));
#13226=CARTESIAN_POINT('',(0.076708,0.0418270698433354,0.0421771850126744));
#13227=CARTESIAN_POINT('',(0.0762,0.0418270698433354,0.0421771850126744));
#13228=CARTESIAN_POINT('',(0.076708,0.0414722919313031,0.0422716175807569));
#13229=CARTESIAN_POINT('',(0.0762,0.0414722919313031,0.0422716175807569));
#13230=CARTESIAN_POINT('',(0.076708,0.0410525916287141,0.0422716175807569));
#13231=CARTESIAN_POINT('',(0.0762,0.0410525916287141,0.0422716175807569));
#13232=CARTESIAN_POINT('',(0.076708,0.042116925364811,0.0419883198765093));
#13233=CARTESIAN_POINT('',(0.076708,0.042116925364811,0.0419883198765093));
#13234=CARTESIAN_POINT('',(0.076708,0.042116925364811,0.0419883198765093));
#13235=CARTESIAN_POINT('',(0.076708,0.0416821420825976,0.0422716175807569));
#13236=CARTESIAN_POINT('',(0.076708,0.0410525916287141,0.0422716175807569));
#13237=CARTESIAN_POINT('',(0.076708,0.0427149982960003,0.0411640022509556));
#13238=CARTESIAN_POINT('',(0.0762,0.0427149982960003,0.0411640022509556));
#13239=CARTESIAN_POINT('',(0.076708,0.0426061385300163,0.041524682198493));
#13240=CARTESIAN_POINT('',(0.0762,0.0426061385300163,0.041524682198493));
#13241=CARTESIAN_POINT('',(0.076708,0.0424067808862865,0.0417994547403443));
#13242=CARTESIAN_POINT('',(0.0762,0.0424067808862865,0.0417994547403443));
#13243=CARTESIAN_POINT('',(0.076708,0.042116925364811,0.0419883198765093));
#13244=CARTESIAN_POINT('',(0.0762,0.042116925364811,0.0419883198765093));
#13245=CARTESIAN_POINT('',(0.076708,0.0427149982960003,0.0411640022509556));
#13246=CARTESIAN_POINT('',(0.076708,0.0427149982960003,0.0411640022509556));
#13247=CARTESIAN_POINT('',(0.076708,0.0427149982960003,0.0411640022509556));
#13248=CARTESIAN_POINT('',(0.076708,0.0425517086470243,0.0417050221722618));
#13249=CARTESIAN_POINT('',(0.076708,0.042116925364811,0.0419883198765093));
#13250=CARTESIAN_POINT('',(0.076708,0.0438983564147847,0.0411640022509556));
#13251=CARTESIAN_POINT('',(0.076708,0.0450817145335689,0.0411640022509556));
#13252=CARTESIAN_POINT('',(0.076708,0.0450817145335689,0.0411640022509556));
#13253=CARTESIAN_POINT('',(0.076708,0.0438983564147847,0.0411640022509556));
#13254=CARTESIAN_POINT('',(0.076708,0.0439800012392727,0.0434294002123522));
#13255=CARTESIAN_POINT('',(0.0762,0.0439800012392727,0.0434294002123522));
#13256=CARTESIAN_POINT('',(0.076708,0.0446305367082857,0.0428752646565901));
#13257=CARTESIAN_POINT('',(0.0762,0.0446305367082857,0.0428752646565901));
#13258=CARTESIAN_POINT('',(0.076708,0.0449977744730511,0.0421201320027912));
#13259=CARTESIAN_POINT('',(0.0762,0.0449977744730511,0.0421201320027912));
#13260=CARTESIAN_POINT('',(0.076708,0.0450817145335689,0.0411640022509556));
#13261=CARTESIAN_POINT('',(0.0762,0.0450817145335689,0.0411640022509556));
#13262=CARTESIAN_POINT('',(0.076708,0.0439800012392727,0.0434294002123522));
#13263=CARTESIAN_POINT('',(0.076708,0.0439800012392727,0.0434294002123522));
#13264=CARTESIAN_POINT('',(0.076708,0.0439800012392727,0.0434294002123522));
#13265=CARTESIAN_POINT('',(0.076708,0.0449558044427922,0.0425981968787091));
#13266=CARTESIAN_POINT('',(0.076708,0.0450817145335689,0.0411640022509556));
#13267=CARTESIAN_POINT('',(0.076708,0.0414303219010442,0.0442606035459954));
#13268=CARTESIAN_POINT('',(0.0762,0.0414303219010442,0.0442606035459954));
#13269=CARTESIAN_POINT('',(0.076708,0.0424795726575168,0.0442606035459953));
#13270=CARTESIAN_POINT('',(0.0762,0.0424795726575168,0.0442606035459953));
#13271=CARTESIAN_POINT('',(0.076708,0.0433294657702597,0.0439835357681143));
#13272=CARTESIAN_POINT('',(0.0762,0.0433294657702597,0.0439835357681143));
#13273=CARTESIAN_POINT('',(0.076708,0.0439800012392727,0.0434294002123522));
#13274=CARTESIAN_POINT('',(0.0762,0.0439800012392727,0.0434294002123522));
#13275=CARTESIAN_POINT('',(0.076708,0.0414303219010442,0.0442606035459954));
#13276=CARTESIAN_POINT('',(0.076708,0.0414303219010442,0.0442606035459954));
#13277=CARTESIAN_POINT('',(0.076708,0.0414303219010442,0.0442606035459954));
#13278=CARTESIAN_POINT('',(0.076708,0.0430041980357532,0.0442606035459954));
#13279=CARTESIAN_POINT('',(0.076708,0.0439800012392727,0.0434294002123522));
#13280=CARTESIAN_POINT('',(0.076708,0.0390380301762867,0.043688106101995));
#13281=CARTESIAN_POINT('',(0.0762,0.0390380301762867,0.043688106101995));
#13282=CARTESIAN_POINT('',(0.076708,0.0397764403961543,0.0440697710646619));
#13283=CARTESIAN_POINT('',(0.0762,0.0397764403961543,0.0440697710646619));
#13284=CARTESIAN_POINT('',(0.076708,0.0405738709710734,0.0442606035459953));
#13285=CARTESIAN_POINT('',(0.0762,0.0405738709710734,0.0442606035459953));
#13286=CARTESIAN_POINT('',(0.076708,0.0414303219010442,0.0442606035459954));
#13287=CARTESIAN_POINT('',(0.0762,0.0414303219010442,0.0442606035459954));
#13288=CARTESIAN_POINT('',(0.076708,0.0390380301762867,0.043688106101995));
#13289=CARTESIAN_POINT('',(0.076708,0.0390380301762867,0.043688106101995));
#13290=CARTESIAN_POINT('',(0.076708,0.0390380301762867,0.043688106101995));
#13291=CARTESIAN_POINT('',(0.076708,0.040145645506088,0.0442606035459954));
#13292=CARTESIAN_POINT('',(0.076708,0.0414303219010442,0.0442606035459954));
#13293=CARTESIAN_POINT('',(0.0767080000000001,0.0414523109511442,0.0390101521036341));
#13294=CARTESIAN_POINT('',(0.076708,0.0414523109511442,0.0390101521036341));
#13295=CARTESIAN_POINT('',(0.076708,1.39703063931999E-17,0.0254));
#13296=CARTESIAN_POINT('',(0.076708,0.0483494748582583,0.0399796604595871));
#13297=CARTESIAN_POINT('',(0.076708,0.0491737924838121,0.0446383338183255));
#13298=CARTESIAN_POINT('',(0.076708,0.0491737924838121,0.0446383338183255));
#13299=CARTESIAN_POINT('',(0.076708,0.0483494748582583,0.0399796604595871));
#13300=CARTESIAN_POINT('',(0.076708,0.0475251572327045,0.0353209871008486));
#13301=CARTESIAN_POINT('',(0.076708,0.0475251572327045,0.0353209871008486));
#13302=CARTESIAN_POINT('',(0.076708,0.0480976546767049,0.0446383338183255));
#13303=CARTESIAN_POINT('',(0.076708,0.0470215168695977,0.0446383338183255));
#13304=CARTESIAN_POINT('',(0.076708,0.0470215168695977,0.0446383338183255));
#13305=CARTESIAN_POINT('',(0.076708,0.0480976546767049,0.0446383338183255));
#13306=CARTESIAN_POINT('',(0.076708,0.0461962155714597,0.0399796604595871));
#13307=CARTESIAN_POINT('',(0.076708,0.0453709142733217,0.0353209871008486));
#13308=CARTESIAN_POINT('',(0.076708,0.0453709142733217,0.0353209871008486));
#13309=CARTESIAN_POINT('',(0.076708,0.0461962155714597,0.0399796604595871));
#13310=CARTESIAN_POINT('',(0.076708,0.0464480357530131,0.0353209871008486));
#13311=CARTESIAN_POINT('',(0.076708,0.0464480357530131,0.0353209871008486));
#13312=CARTESIAN_POINT('',(0.076708,1.39703063931999E-17,0.0254));
#13313=CARTESIAN_POINT('',(0.076708,0.0566408510704218,0.0388336818990021));
#13314=CARTESIAN_POINT('',(0.076708,0.0572576137807109,0.0423463766971557));
#13315=CARTESIAN_POINT('',(0.076708,0.0572576137807109,0.0423463766971557));
#13316=CARTESIAN_POINT('',(0.076708,0.0566408510704218,0.0388336818990021));
#13317=CARTESIAN_POINT('',(0.076708,0.0560240883601327,0.0353209871008486));
#13318=CARTESIAN_POINT('',(0.076708,0.0560240883601327,0.0353209871008486));
#13319=CARTESIAN_POINT('',(0.076708,0.0561814759736036,0.0423463766971557));
#13320=CARTESIAN_POINT('',(0.076708,0.0551053381664964,0.0423463766971557));
#13321=CARTESIAN_POINT('',(0.076708,0.0551053381664964,0.0423463766971557));
#13322=CARTESIAN_POINT('',(0.076708,0.0561814759736036,0.0423463766971557));
#13323=CARTESIAN_POINT('',(0.076708,0.0547590854168605,0.0403888682546114));
#13324=CARTESIAN_POINT('',(0.076708,0.0544128326672245,0.0384313598120672));
#13325=CARTESIAN_POINT('',(0.076708,0.0544128326672245,0.0384313598120672));
#13326=CARTESIAN_POINT('',(0.076708,0.0547590854168605,0.0403888682546114));
#13327=CARTESIAN_POINT('',(0.076708,0.0538511556216502,0.0374053893067538));
#13328=CARTESIAN_POINT('',(0.0762,0.0538511556216502,0.0374053893067538));
#13329=CARTESIAN_POINT('',(0.076708,0.0541324859807295,0.0376447496355741));
#13330=CARTESIAN_POINT('',(0.0762,0.0541324859807295,0.0376447496355741));
#13331=CARTESIAN_POINT('',(0.076708,0.0543197116625876,0.0379867398040119));
#13332=CARTESIAN_POINT('',(0.0762,0.0543197116625876,0.0379867398040119));
#13333=CARTESIAN_POINT('',(0.076708,0.0544128326672245,0.0384313598120672));
#13334=CARTESIAN_POINT('',(0.0762,0.0544128326672245,0.0384313598120672));
#13335=CARTESIAN_POINT('',(0.076708,0.0538511556216502,0.0374053893067538));
#13336=CARTESIAN_POINT('',(0.076708,0.0538511556216502,0.0374053893067538));
#13337=CARTESIAN_POINT('',(0.076708,0.0538511556216502,0.0374053893067538));
#13338=CARTESIAN_POINT('',(0.076708,0.0542731511602691,0.0377644297999842));
#13339=CARTESIAN_POINT('',(0.076708,0.0544128326672245,0.0384313598120672));
#13340=CARTESIAN_POINT('',(0.076708,0.0528251851163368,0.0370463488135233));
#13341=CARTESIAN_POINT('',(0.0762,0.0528251851163368,0.0370463488135233));
#13342=CARTESIAN_POINT('',(0.076708,0.0532278350941332,0.0370463488135233));
#13343=CARTESIAN_POINT('',(0.0762,0.0532278350941332,0.0370463488135233));
#13344=CARTESIAN_POINT('',(0.076708,0.053569825262571,0.0371660289779335));
#13345=CARTESIAN_POINT('',(0.0762,0.053569825262571,0.0371660289779335));
#13346=CARTESIAN_POINT('',(0.076708,0.0538511556216502,0.0374053893067538));
#13347=CARTESIAN_POINT('',(0.0762,0.0538511556216502,0.0374053893067538));
#13348=CARTESIAN_POINT('',(0.076708,0.0528251851163368,0.0370463488135233));
#13349=CARTESIAN_POINT('',(0.076708,0.0528251851163368,0.0370463488135233));
#13350=CARTESIAN_POINT('',(0.076708,0.0528251851163368,0.0370463488135233));
#13351=CARTESIAN_POINT('',(0.076708,0.0534291600830314,0.0370463488135233));
#13352=CARTESIAN_POINT('',(0.076708,0.0538511556216502,0.0374053893067538));
#13353=CARTESIAN_POINT('',(0.076708,0.0520008674907831,0.037329646517771));
#13354=CARTESIAN_POINT('',(0.0762,0.0520008674907831,0.037329646517771));
#13355=CARTESIAN_POINT('',(0.076708,0.0521976020076217,0.0371407813816058));
#13356=CARTESIAN_POINT('',(0.0762,0.0521976020076217,0.0371407813816058));
#13357=CARTESIAN_POINT('',(0.076708,0.0524723745494729,0.0370463488135233));
#13358=CARTESIAN_POINT('',(0.0762,0.0524723745494729,0.0370463488135233));
#13359=CARTESIAN_POINT('',(0.076708,0.0528251851163368,0.0370463488135233));
#13360=CARTESIAN_POINT('',(0.0762,0.0528251851163368,0.0370463488135233));
#13361=CARTESIAN_POINT('',(0.076708,0.0520008674907831,0.037329646517771));
#13362=CARTESIAN_POINT('',(0.076708,0.0520008674907831,0.037329646517771));
#13363=CARTESIAN_POINT('',(0.076708,0.0520008674907831,0.037329646517771));
#13364=CARTESIAN_POINT('',(0.076708,0.052295969266041,0.0370463488135233));
#13365=CARTESIAN_POINT('',(0.076708,0.0528251851163368,0.0370463488135233));
#13366=CARTESIAN_POINT('',(0.076708,0.0517057657155251,0.0381421600723144));
#13367=CARTESIAN_POINT('',(0.0762,0.0517057657155251,0.0381421600723144));
#13368=CARTESIAN_POINT('',(0.076708,0.0517057657155251,0.0377893495054505));
#13369=CARTESIAN_POINT('',(0.0762,0.0517057657155251,0.0377893495054505));
#13370=CARTESIAN_POINT('',(0.076708,0.0518041329739444,0.037518511653936));
#13371=CARTESIAN_POINT('',(0.0762,0.0518041329739444,0.037518511653936));
#13372=CARTESIAN_POINT('',(0.076708,0.0520008674907831,0.037329646517771));
#13373=CARTESIAN_POINT('',(0.0762,0.0520008674907831,0.037329646517771));
#13374=CARTESIAN_POINT('',(0.076708,0.0517057657155251,0.0381421600723144));
#13375=CARTESIAN_POINT('',(0.076708,0.0517057657155251,0.0381421600723144));
#13376=CARTESIAN_POINT('',(0.076708,0.0517057657155251,0.0381421600723144));
#13377=CARTESIAN_POINT('',(0.076708,0.0517057657155251,0.0376129442220185));
#13378=CARTESIAN_POINT('',(0.076708,0.0520008674907831,0.037329646517771));
#13379=CARTESIAN_POINT('',(0.0767080000000004,0.053832539541989,0.0381333314992151));
#13380=CARTESIAN_POINT('',(0.076708,0.0517431452737245,0.0385316944156548));
#13381=CARTESIAN_POINT('',(0.07670799975,0.0517432045812231,0.0385316831081154));
#13382=CARTESIAN_POINT('',(0.076708,0.053832539541989,0.0381333314992151));
#13383=CARTESIAN_POINT('',(0.076708,0.0520766102797659,0.0404390355564052));
#13384=CARTESIAN_POINT('',(0.076708,0.0524100752858074,0.0423463766971557));
#13385=CARTESIAN_POINT('',(0.076708,0.0524100752858074,0.0423463766971557));
#13386=CARTESIAN_POINT('',(0.076708,0.0520766102797659,0.0404390355564052));
#13387=CARTESIAN_POINT('',(0.076708,0.0513398395142053,0.0423463766971557));
#13388=CARTESIAN_POINT('',(0.076708,0.0502696037426032,0.0423463766971557));
#13389=CARTESIAN_POINT('',(0.076708,0.0502696037426032,0.0423463766971557));
#13390=CARTESIAN_POINT('',(0.076708,0.0513398395142053,0.0423463766971557));
#13391=CARTESIAN_POINT('',(0.076708,0.0499046612138676,0.0402944356865288));
#13392=CARTESIAN_POINT('',(0.076708,0.049539718685132,0.0382424946759021));
#13393=CARTESIAN_POINT('',(0.076708,0.0495394493145655,0.0382425432878304));
#13394=CARTESIAN_POINT('',(0.076708,0.0499046612138676,0.0402944356865288));
#13395=CARTESIAN_POINT('',(0.0767080000000004,0.0533815205212409,0.0375491843501251));
#13396=CARTESIAN_POINT('',(0.076708,0.0494767636397436,0.0375126096184309));
#13397=CARTESIAN_POINT('',(0.076708,0.0494767636397436,0.0375126096184309));
#13398=CARTESIAN_POINT('',(0.076708,0.0533815205212409,0.0375491843501251));
#13399=CARTESIAN_POINT('',(0.076708,0.0500807386064382,0.0358443009156394));
#13400=CARTESIAN_POINT('',(0.0762,0.0500807386064382,0.0358443009156394));
#13401=CARTESIAN_POINT('',(0.076708,0.0496780886286418,0.036243016203099));
#13402=CARTESIAN_POINT('',(0.0762,0.0496780886286418,0.036243016203099));
#13403=CARTESIAN_POINT('',(0.076708,0.0494767636397436,0.0367991191040294));
#13404=CARTESIAN_POINT('',(0.0762,0.0494767636397436,0.0367991191040294));
#13405=CARTESIAN_POINT('',(0.076708,0.0494767636397436,0.0375126096184309));
#13406=CARTESIAN_POINT('',(0.0762,0.0494767636397436,0.0375126096184309));
#13407=CARTESIAN_POINT('',(0.076708,0.0500807386064382,0.0358443009156394));
#13408=CARTESIAN_POINT('',(0.076708,0.0500807386064382,0.0358443009156394));
#13409=CARTESIAN_POINT('',(0.076708,0.0500807386064382,0.0358443009156394));
#13410=CARTESIAN_POINT('',(0.076708,0.0494767636397436,0.0364423738468287));
#13411=CARTESIAN_POINT('',(0.076708,0.0494767636397436,0.0375126096184309));
#13412=CARTESIAN_POINT('',(0.076708,0.0517431452737245,0.03524622798445));
#13413=CARTESIAN_POINT('',(0.0762,0.0517431452737245,0.03524622798445));
#13414=CARTESIAN_POINT('',(0.076708,0.0510375241399966,0.03524622798445));
#13415=CARTESIAN_POINT('',(0.0762,0.0510375241399966,0.03524622798445));
#13416=CARTESIAN_POINT('',(0.076708,0.0504833885842345,0.0354455856281798));
#13417=CARTESIAN_POINT('',(0.0762,0.0504833885842345,0.0354455856281798));
#13418=CARTESIAN_POINT('',(0.076708,0.0500807386064382,0.0358443009156394));
#13419=CARTESIAN_POINT('',(0.0762,0.0500807386064382,0.0358443009156394));
#13420=CARTESIAN_POINT('',(0.076708,0.0517431452737245,0.03524622798445));
#13421=CARTESIAN_POINT('',(0.076708,0.0517431452737245,0.03524622798445));
#13422=CARTESIAN_POINT('',(0.076708,0.0517431452737245,0.03524622798445));
#13423=CARTESIAN_POINT('',(0.076708,0.0506847135731327,0.03524622798445));
#13424=CARTESIAN_POINT('',(0.076708,0.0500807386064382,0.0358443009156394));
#13425=CARTESIAN_POINT('',(0.0767080000000001,0.0517613730830808,0.0381897761400703));
#13426=CARTESIAN_POINT('',(0.076708,0.0530199522880071,0.0355295256886976));
#13427=CARTESIAN_POINT('',(0.076708,0.0530198347680351,0.0355297812894005));
#13428=CARTESIAN_POINT('',(0.076708,0.0517613730830808,0.0381897761400703));
#13429=CARTESIAN_POINT('',(0.0767080000000001,0.0516875653213001,0.0384072876574331));
#13430=CARTESIAN_POINT('',(0.076708,0.0540351023948943,0.0362771168526844));
#13431=CARTESIAN_POINT('',(0.0767079997500252,0.0540352997663404,0.0362769233169788));
#13432=CARTESIAN_POINT('',(0.076708,0.0516875653213001,0.0384072876574331));
#13433=CARTESIAN_POINT('',(0.076708,0.0539524738978221,0.0357990519767665));
#13434=CARTESIAN_POINT('',(0.076708,0.0538698454007499,0.0353209871008486));
#13435=CARTESIAN_POINT('',(0.076708,0.0538698454007499,0.0353209871008486));
#13436=CARTESIAN_POINT('',(0.076708,0.0539524738978221,0.0357990519767665));
#13437=CARTESIAN_POINT('',(0.076708,0.0549469668804413,0.0353209871008486));
#13438=CARTESIAN_POINT('',(0.076708,0.0549469668804413,0.0353209871008486));
#13439=CARTESIAN_POINT('',(0.076708,1.39703063931999E-17,0.0254));
#13440=CARTESIAN_POINT('',(0.0767080000000004,0.0612803716678423,0.0392637536334351));
#13441=CARTESIAN_POINT('',(0.0762,0.0612803716678423,0.0392637536334351));
#13442=CARTESIAN_POINT('',(0.0762,0.0634272082287699,0.0388464696425967));
#13443=CARTESIAN_POINT('',(0.0762,0.0634665551321376,0.0392360039859371));
#13444=CARTESIAN_POINT('',(0.076708,0.0634272082287699,0.0388464696425967));
#13445=CARTESIAN_POINT('',(0.076708,0.0634272082287699,0.0388464696425967));
#13446=CARTESIAN_POINT('',(0.076708,0.0612803716678423,0.0392637536334351));
#13447=CARTESIAN_POINT('',(0.076708,0.0634665551321376,0.0392360039859371));
#13448=CARTESIAN_POINT('',(0.076708,0.0634665551321376,0.0392360039859371));
#13449=CARTESIAN_POINT('',(0.076708,0.0627425721101715,0.0375676952831457));
#13450=CARTESIAN_POINT('',(0.0762,0.0627425721101715,0.0375676952831457));
#13451=CARTESIAN_POINT('',(0.076708,0.0630993173673722,0.0378824705100874));
#13452=CARTESIAN_POINT('',(0.0762,0.0630993173673722,0.0378824705100874));
#13453=CARTESIAN_POINT('',(0.076708,0.063327529406905,0.0383087286299044));
#13454=CARTESIAN_POINT('',(0.0762,0.063327529406905,0.0383087286299044));
#13455=CARTESIAN_POINT('',(0.076708,0.0634272082287699,0.0388464696425967));
#13456=CARTESIAN_POINT('',(0.0762,0.0634272082287699,0.0388464696425967));
#13457=CARTESIAN_POINT('',(0.0762,0.0627425721101715,0.0375676952831457));
#13458=CARTESIAN_POINT('',(0.0762,0.0632776899959725,0.0380398581235583));
#13459=CARTESIAN_POINT('',(0.0762,0.0634272082287699,0.0388464696425967));
#13460=CARTESIAN_POINT('',(0.0762,0.0627425721101715,0.0375676952831457));
#13461=CARTESIAN_POINT('',(0.076708,0.0627425721101715,0.0375676952831457));
#13462=CARTESIAN_POINT('',(0.076708,0.0627425721101715,0.0375676952831457));
#13463=CARTESIAN_POINT('',(0.076708,0.0627425721101715,0.0375676952831457));
#13464=CARTESIAN_POINT('',(0.076708,0.0632776899959725,0.0380398581235583));
#13465=CARTESIAN_POINT('',(0.076708,0.0634272082287699,0.0388464696425967));
#13466=CARTESIAN_POINT('',(0.076708,0.0615641323543082,0.0370955324427329));
#13467=CARTESIAN_POINT('',(0.0762,0.0615641323543082,0.0370955324427329));
#13468=CARTESIAN_POINT('',(0.076708,0.0619930136010163,0.0370955324427329));
#13469=CARTESIAN_POINT('',(0.0762,0.0619930136010163,0.0370955324427329));
#13470=CARTESIAN_POINT('',(0.076708,0.0623858268529708,0.0372529200562038));
#13471=CARTESIAN_POINT('',(0.0762,0.0623858268529708,0.0372529200562038));
#13472=CARTESIAN_POINT('',(0.076708,0.0627425721101715,0.0375676952831457));
#13473=CARTESIAN_POINT('',(0.0762,0.0627425721101715,0.0375676952831457));
#13474=CARTESIAN_POINT('',(0.0762,0.0615641323543082,0.0370955324427329));
#13475=CARTESIAN_POINT('',(0.0762,0.0622074542243704,0.0370955324427329));
#13476=CARTESIAN_POINT('',(0.0762,0.0627425721101715,0.0375676952831457));
#13477=CARTESIAN_POINT('',(0.0762,0.0615641323543082,0.0370955324427329));
#13478=CARTESIAN_POINT('',(0.076708,0.0615641323543082,0.0370955324427329));
#13479=CARTESIAN_POINT('',(0.076708,0.0615641323543082,0.0370955324427329));
#13480=CARTESIAN_POINT('',(0.076708,0.0615641323543082,0.0370955324427329));
#13481=CARTESIAN_POINT('',(0.076708,0.0622074542243704,0.0370955324427329));
#13482=CARTESIAN_POINT('',(0.076708,0.0627425721101715,0.0375676952831457));
#13483=CARTESIAN_POINT('',(0.076708,0.0606581699042663,0.0374486709004583));
#13484=CARTESIAN_POINT('',(0.0762,0.0606581699042663,0.0374486709004583));
#13485=CARTESIAN_POINT('',(0.076708,0.0608935955427499,0.0372132452619747));
#13486=CARTESIAN_POINT('',(0.0762,0.0608935955427499,0.0372132452619747));
#13487=CARTESIAN_POINT('',(0.076708,0.0611955830260972,0.0370955324427329));
#13488=CARTESIAN_POINT('',(0.0762,0.0611955830260972,0.0370955324427329));
#13489=CARTESIAN_POINT('',(0.076708,0.0615641323543082,0.0370955324427329));
#13490=CARTESIAN_POINT('',(0.0762,0.0615641323543082,0.0370955324427329));
#13491=CARTESIAN_POINT('',(0.0762,0.0606581699042663,0.0374486709004583));
#13492=CARTESIAN_POINT('',(0.0762,0.0610113083619917,0.0370955324427329));
#13493=CARTESIAN_POINT('',(0.0762,0.0615641323543082,0.0370955324427329));
#13494=CARTESIAN_POINT('',(0.0762,0.0606581699042663,0.0374486709004583));
#13495=CARTESIAN_POINT('',(0.076708,0.0606581699042663,0.0374486709004583));
#13496=CARTESIAN_POINT('',(0.076708,0.0606581699042663,0.0374486709004583));
#13497=CARTESIAN_POINT('',(0.076708,0.0606581699042663,0.0374486709004583));
#13498=CARTESIAN_POINT('',(0.076708,0.0610113083619917,0.0370955324427329));
#13499=CARTESIAN_POINT('',(0.076708,0.0615641323543082,0.0370955324427329));
#13500=CARTESIAN_POINT('',(0.076708,0.060305031446541,0.0384175883958884));
#13501=CARTESIAN_POINT('',(0.0762,0.060305031446541,0.0384175883958884));
#13502=CARTESIAN_POINT('',(0.076708,0.060305031446541,0.0380070690374186));
#13503=CARTESIAN_POINT('',(0.0762,0.060305031446541,0.0380070690374186));
#13504=CARTESIAN_POINT('',(0.076708,0.0604227442657828,0.0376840965389418));
#13505=CARTESIAN_POINT('',(0.0762,0.0604227442657828,0.0376840965389418));
#13506=CARTESIAN_POINT('',(0.076708,0.0606581699042663,0.0374486709004583));
#13507=CARTESIAN_POINT('',(0.0762,0.0606581699042663,0.0374486709004583));
#13508=CARTESIAN_POINT('',(0.0762,0.060305031446541,0.0384175883958884));
#13509=CARTESIAN_POINT('',(0.0762,0.060305031446541,0.0378018093581836));
#13510=CARTESIAN_POINT('',(0.0762,0.0606581699042663,0.0374486709004583));
#13511=CARTESIAN_POINT('',(0.0762,0.060305031446541,0.0384175883958884));
#13512=CARTESIAN_POINT('',(0.076708,0.060305031446541,0.0384175883958884));
#13513=CARTESIAN_POINT('',(0.076708,0.060305031446541,0.0384175883958884));
#13514=CARTESIAN_POINT('',(0.076708,0.060305031446541,0.0384175883958884));
#13515=CARTESIAN_POINT('',(0.076708,0.060305031446541,0.0378018093581836));
#13516=CARTESIAN_POINT('',(0.076708,0.0606581699042663,0.0374486709004583));
#13517=CARTESIAN_POINT('',(0.0767080000000005,0.0629136908230438,0.0383903834187855));
#13518=CARTESIAN_POINT('',(0.0762,0.0629136908230438,0.0383903834187855));
#13519=CARTESIAN_POINT('',(0.0762,0.0603424110047404,0.0388346655715863));
#13520=CARTESIAN_POINT('',(0.076708,0.0603424110047404,0.0388346655715863));
#13521=CARTESIAN_POINT('',(0.076708,0.0603424110047404,0.0388346655715863));
#13522=CARTESIAN_POINT('',(0.076708,0.0629136908230438,0.0383903834187855));
#13523=CARTESIAN_POINT('',(0.076708,0.061023112433002,0.0401055705503638));
#13524=CARTESIAN_POINT('',(0.0762,0.061023112433002,0.0401055705503638));
#13525=CARTESIAN_POINT('',(0.076708,0.0606703018661381,0.0397947300137588));
#13526=CARTESIAN_POINT('',(0.0762,0.0606703018661381,0.0397947300137588));
#13527=CARTESIAN_POINT('',(0.076708,0.0604434013900509,0.0393710950208329));
#13528=CARTESIAN_POINT('',(0.0762,0.0604434013900509,0.0393710950208329));
#13529=CARTESIAN_POINT('',(0.076708,0.0603424110047404,0.0388346655715863));
#13530=CARTESIAN_POINT('',(0.0762,0.0603424110047404,0.0388346655715863));
#13531=CARTESIAN_POINT('',(0.0762,0.061023112433002,0.0401055705503638));
#13532=CARTESIAN_POINT('',(0.0762,0.0604938965827061,0.0396393097454562));
#13533=CARTESIAN_POINT('',(0.0762,0.0603424110047404,0.0388346655715863));
#13534=CARTESIAN_POINT('',(0.0762,0.061023112433002,0.0401055705503638));
#13535=CARTESIAN_POINT('',(0.076708,0.061023112433002,0.0401055705503638));
#13536=CARTESIAN_POINT('',(0.076708,0.061023112433002,0.0401055705503638));
#13537=CARTESIAN_POINT('',(0.076708,0.061023112433002,0.0401055705503638));
#13538=CARTESIAN_POINT('',(0.076708,0.0604938965827061,0.0396393097454562));
#13539=CARTESIAN_POINT('',(0.076708,0.0603424110047404,0.0388346655715863));
#13540=CARTESIAN_POINT('',(0.076708,0.0621936828081917,0.0405718313552713));
#13541=CARTESIAN_POINT('',(0.0762,0.0621936828081917,0.0405718313552713));
#13542=CARTESIAN_POINT('',(0.076708,0.0617661131249292,0.0405718313552713));
#13543=CARTESIAN_POINT('',(0.0762,0.0617661131249292,0.0405718313552713));
#13544=CARTESIAN_POINT('',(0.076708,0.0613759229998659,0.0404164110869688));
#13545=CARTESIAN_POINT('',(0.0762,0.0613759229998659,0.0404164110869688));
#13546=CARTESIAN_POINT('',(0.076708,0.061023112433002,0.0401055705503638));
#13547=CARTESIAN_POINT('',(0.0762,0.061023112433002,0.0401055705503638));
#13548=CARTESIAN_POINT('',(0.0762,0.0621936828081917,0.0405718313552713));
#13549=CARTESIAN_POINT('',(0.0762,0.0615523282832979,0.0405718313552713));
#13550=CARTESIAN_POINT('',(0.0762,0.061023112433002,0.0401055705503638));
#13551=CARTESIAN_POINT('',(0.0762,0.0621936828081917,0.0405718313552713));
#13552=CARTESIAN_POINT('',(0.076708,0.0621936828081917,0.0405718313552713));
#13553=CARTESIAN_POINT('',(0.076708,0.0621936828081917,0.0405718313552713));
#13554=CARTESIAN_POINT('',(0.076708,0.0621936828081917,0.0405718313552713));
#13555=CARTESIAN_POINT('',(0.076708,0.0615523282832979,0.0405718313552713));
#13556=CARTESIAN_POINT('',(0.076708,0.061023112433002,0.0401055705503638));
#13557=CARTESIAN_POINT('',(0.076708,0.0631075146389071,0.040218692897546));
#13558=CARTESIAN_POINT('',(0.0762,0.0631075146389071,0.040218692897546));
#13559=CARTESIAN_POINT('',(0.076708,0.0628681543100868,0.0404541185360295));
#13560=CARTESIAN_POINT('',(0.0762,0.0628681543100868,0.0404541185360295));
#13561=CARTESIAN_POINT('',(0.076708,0.0625635436998483,0.0405718313552713));
#13562=CARTESIAN_POINT('',(0.0762,0.0625635436998483,0.0405718313552713));
#13563=CARTESIAN_POINT('',(0.076708,0.0621936828081917,0.0405718313552713));
#13564=CARTESIAN_POINT('',(0.0762,0.0621936828081917,0.0405718313552713));
#13565=CARTESIAN_POINT('',(0.0762,0.0631075146389071,0.040218692897546));
#13566=CARTESIAN_POINT('',(0.0762,0.0627484741456766,0.0405718313552713));
#13567=CARTESIAN_POINT('',(0.0762,0.0621936828081917,0.0405718313552713));
#13568=CARTESIAN_POINT('',(0.0762,0.0631075146389071,0.040218692897546));
#13569=CARTESIAN_POINT('',(0.076708,0.0631075146389071,0.040218692897546));
#13570=CARTESIAN_POINT('',(0.076708,0.0631075146389071,0.040218692897546));
#13571=CARTESIAN_POINT('',(0.076708,0.0631075146389071,0.040218692897546));
#13572=CARTESIAN_POINT('',(0.076708,0.0627484741456766,0.0405718313552713));
#13573=CARTESIAN_POINT('',(0.076708,0.0621936828081917,0.0405718313552713));
#13574=CARTESIAN_POINT('',(0.076708,0.0607830963224589,0.0413528673871206));
#13575=CARTESIAN_POINT('',(0.0762,0.0607830963224589,0.0413528673871206));
#13576=CARTESIAN_POINT('',(0.076708,0.061051966828805,0.0416794466850727));
#13577=CARTESIAN_POINT('',(0.0762,0.061051966828805,0.0416794466850727));
#13578=CARTESIAN_POINT('',(0.076708,0.0613919896520744,0.0419433988284979));
#13579=CARTESIAN_POINT('',(0.0762,0.0613919896520744,0.0419433988284979));
#13580=CARTESIAN_POINT('',(0.076708,0.0618031647922671,0.042144723817396));
#13581=CARTESIAN_POINT('',(0.0762,0.0618031647922671,0.042144723817396));
#13582=CARTESIAN_POINT('',(0.076708,0.0607830963224589,0.0413528673871206));
#13583=CARTESIAN_POINT('',(0.076708,0.0607830963224589,0.0413528673871206));
#13584=CARTESIAN_POINT('',(0.076708,0.0607830963224589,0.0413528673871206));
#13585=CARTESIAN_POINT('',(0.076708,0.061186402081978,0.0418427363340488));
#13586=CARTESIAN_POINT('',(0.076708,0.0618031647922671,0.042144723817396));
#13587=CARTESIAN_POINT('',(0.076708,0.0618031647922671,0.042144723817396));
#13588=CARTESIAN_POINT('',(0.076708,0.0618031647922671,0.042144723817396));
#13589=CARTESIAN_POINT('',(0.076708,0.061079181770301,0.0429956006027231));
#13590=CARTESIAN_POINT('',(0.076708,0.0613752672181431,0.0446383338183255));
#13591=CARTESIAN_POINT('',(0.076708,0.0613752672181431,0.0446383338183255));
#13592=CARTESIAN_POINT('',(0.076708,0.061079181770301,0.0429956006027231));
#13593=CARTESIAN_POINT('',(0.076708,0.0602991294110359,0.0446383338183255));
#13594=CARTESIAN_POINT('',(0.076708,0.0592229916039286,0.0446383338183255));
#13595=CARTESIAN_POINT('',(0.076708,0.0592229916039286,0.0446383338183255));
#13596=CARTESIAN_POINT('',(0.076708,0.0602991294110359,0.0446383338183255));
#13597=CARTESIAN_POINT('',(0.076708,0.0583976903057906,0.0399796604595871));
#13598=CARTESIAN_POINT('',(0.076708,0.0575723890076527,0.0353209871008486));
#13599=CARTESIAN_POINT('',(0.076708,0.0575723890076527,0.0353209871008486));
#13600=CARTESIAN_POINT('',(0.076708,0.0583976903057906,0.0399796604595871));
#13601=CARTESIAN_POINT('',(0.076708,0.0586495104873441,0.0353209871008486));
#13602=CARTESIAN_POINT('',(0.076708,0.0597266319670355,0.0353209871008486));
#13603=CARTESIAN_POINT('',(0.076708,0.0597266319670355,0.0353209871008486));
#13604=CARTESIAN_POINT('',(0.076708,0.0586495104873441,0.0353209871008486));
#13605=CARTESIAN_POINT('',(0.076708,0.0598141788270287,0.035811839720361));
#13606=CARTESIAN_POINT('',(0.076708,0.0599017256870219,0.0363026923398733));
#13607=CARTESIAN_POINT('',(0.076708,0.0599017256870219,0.0363026923398733));
#13608=CARTESIAN_POINT('',(0.076708,0.0598141788270287,0.035811839720361));
#13609=CARTESIAN_POINT('',(0.076708,0.0606335780896615,0.0355167379451031));
#13610=CARTESIAN_POINT('',(0.0762,0.0606335780896615,0.0355167379451031));
#13611=CARTESIAN_POINT('',(0.076708,0.0602978178475902,0.0357141282436645));
#13612=CARTESIAN_POINT('',(0.0762,0.0602978178475902,0.0357141282436645));
#13613=CARTESIAN_POINT('',(0.076708,0.0600538670467104,0.0359761130419212));
#13614=CARTESIAN_POINT('',(0.0762,0.0600538670467104,0.0359761130419212));
#13615=CARTESIAN_POINT('',(0.076708,0.0599017256870219,0.0363026923398733));
#13616=CARTESIAN_POINT('',(0.0762,0.0599017256870219,0.0363026923398733));
#13617=CARTESIAN_POINT('',(0.076708,0.0606335780896615,0.0355167379451031));
#13618=CARTESIAN_POINT('',(0.076708,0.0606335780896615,0.0355167379451031));
#13619=CARTESIAN_POINT('',(0.076708,0.0606335780896615,0.0355167379451031));
#13620=CARTESIAN_POINT('',(0.076708,0.0601299377265546,0.0358128233929452));
#13621=CARTESIAN_POINT('',(0.076708,0.0599017256870219,0.0363026923398733));
#13622=CARTESIAN_POINT('',(0.076708,0.06187890758125,0.035220652497261));
#13623=CARTESIAN_POINT('',(0.0762,0.06187890758125,0.035220652497261));
#13624=CARTESIAN_POINT('',(0.076708,0.0613844481622623,0.035220652497261));
#13625=CARTESIAN_POINT('',(0.0762,0.0613844481622623,0.035220652497261));
#13626=CARTESIAN_POINT('',(0.076708,0.0609693383317328,0.0353193476465417));
#13627=CARTESIAN_POINT('',(0.0762,0.0609693383317328,0.0353193476465417));
#13628=CARTESIAN_POINT('',(0.076708,0.0606335780896615,0.0355167379451031));
#13629=CARTESIAN_POINT('',(0.0762,0.0606335780896615,0.0355167379451031));
#13630=CARTESIAN_POINT('',(0.076708,0.06187890758125,0.035220652497261));
#13631=CARTESIAN_POINT('',(0.076708,0.06187890758125,0.035220652497261));
#13632=CARTESIAN_POINT('',(0.076708,0.06187890758125,0.035220652497261));
#13633=CARTESIAN_POINT('',(0.076708,0.0611372184527684,0.035220652497261));
#13634=CARTESIAN_POINT('',(0.076708,0.0606335780896615,0.0355167379451031));
#13635=CARTESIAN_POINT('',(0.076708,0.0618772216471581,0.0384870528855337));
#13636=CARTESIAN_POINT('',(0.076708,0.0635285265049417,0.0356672398504846));
#13637=CARTESIAN_POINT('',(0.076708,0.0635285265049417,0.0356672398504846));
#13638=CARTESIAN_POINT('',(0.076708,0.0618772216471581,0.0384870528855337));
#13639=CARTESIAN_POINT('',(0.076708,0.0648633702016918,0.0369391285018463));
#13640=CARTESIAN_POINT('',(0.0762,0.0648633702016918,0.0369391285018463));
#13641=CARTESIAN_POINT('',(0.076708,0.0644935093100352,0.036388927636421));
#13642=CARTESIAN_POINT('',(0.0762,0.0644935093100352,0.036388927636421));
#13643=CARTESIAN_POINT('',(0.076708,0.0640485614111185,0.0359649647526337));
#13644=CARTESIAN_POINT('',(0.0762,0.0640485614111185,0.0359649647526337));
#13645=CARTESIAN_POINT('',(0.076708,0.0635285265049417,0.0356672398504846));
#13646=CARTESIAN_POINT('',(0.0762,0.0635285265049417,0.0356672398504846));
#13647=CARTESIAN_POINT('',(0.076708,0.0648633702016918,0.0369391285018463));
#13648=CARTESIAN_POINT('',(0.076708,0.0648633702016918,0.0369391285018463));
#13649=CARTESIAN_POINT('',(0.076708,0.0648633702016918,0.0369391285018463));
#13650=CARTESIAN_POINT('',(0.076708,0.0643085788642069,0.0361138272037083));
#13651=CARTESIAN_POINT('',(0.076708,0.0635285265049417,0.0356672398504846));
#13652=CARTESIAN_POINT('',(0.076708,0.0656070266753417,0.0388464696425967));
#13653=CARTESIAN_POINT('',(0.0762,0.0656070266753417,0.0388464696425967));
#13654=CARTESIAN_POINT('',(0.076708,0.065481116584565,0.0381251097475217));
#13655=CARTESIAN_POINT('',(0.0762,0.065481116584565,0.0381251097475217));
#13656=CARTESIAN_POINT('',(0.076708,0.0652332310933484,0.0374893293672716));
#13657=CARTESIAN_POINT('',(0.0762,0.0652332310933484,0.0374893293672716));
#13658=CARTESIAN_POINT('',(0.076708,0.0648633702016918,0.0369391285018463));
#13659=CARTESIAN_POINT('',(0.0762,0.0648633702016918,0.0369391285018463));
#13660=CARTESIAN_POINT('',(0.076708,0.0656070266753417,0.0388464696425967));
#13661=CARTESIAN_POINT('',(0.076708,0.0656070266753417,0.0388464696425967));
#13662=CARTESIAN_POINT('',(0.076708,0.0656070266753417,0.0388464696425967));
#13663=CARTESIAN_POINT('',(0.076708,0.0654181615391767,0.0377644297999842));
#13664=CARTESIAN_POINT('',(0.076708,0.0648633702016918,0.0369391285018463));
#13665=CARTESIAN_POINT('',(0.0767080000000005,0.0604134664153041,0.0397360478338626));
#13666=CARTESIAN_POINT('',(0.076708,0.0656817857917404,0.0397022647908447));
#13667=CARTESIAN_POINT('',(0.076708,0.0656817857917404,0.0397022647908447));
#13668=CARTESIAN_POINT('',(0.076708,0.0604134664153041,0.0397360478338626));
#13669=CARTESIAN_POINT('',(0.076708,0.0649833782569633,0.0417109242077669));
#13670=CARTESIAN_POINT('',(0.0762,0.0649833782569633,0.0417109242077669));
#13671=CARTESIAN_POINT('',(0.076708,0.065448983280148,0.041220399479116));
#13672=CARTESIAN_POINT('',(0.0762,0.065448983280148,0.041220399479116));
#13673=CARTESIAN_POINT('',(0.076708,0.0656817857917404,0.0405508463401419));
#13674=CARTESIAN_POINT('',(0.0762,0.0656817857917404,0.0405508463401419));
#13675=CARTESIAN_POINT('',(0.076708,0.0656817857917404,0.0397022647908447));
#13676=CARTESIAN_POINT('',(0.0762,0.0656817857917404,0.0397022647908447));
#13677=CARTESIAN_POINT('',(0.076708,0.0649833782569633,0.0417109242077669));
#13678=CARTESIAN_POINT('',(0.076708,0.0649833782569633,0.0417109242077669));
#13679=CARTESIAN_POINT('',(0.076708,0.0649833782569633,0.0417109242077669));
#13680=CARTESIAN_POINT('',(0.076708,0.0656817857917404,0.0409751371147905));
#13681=CARTESIAN_POINT('',(0.076708,0.0656817857917404,0.0397022647908447));
#13682=CARTESIAN_POINT('',(0.076708,0.0631517799051958,0.0424467113007434));
#13683=CARTESIAN_POINT('',(0.0762,0.0631517799051958,0.0424467113007434));
#13684=CARTESIAN_POINT('',(0.076708,0.0639072404498561,0.0424467113007434));
#13685=CARTESIAN_POINT('',(0.0762,0.0639072404498561,0.0424467113007434));
#13686=CARTESIAN_POINT('',(0.076708,0.0645177732337786,0.0422014489364179));
#13687=CARTESIAN_POINT('',(0.0762,0.0645177732337786,0.0422014489364179));
#13688=CARTESIAN_POINT('',(0.076708,0.0649833782569633,0.0417109242077669));
#13689=CARTESIAN_POINT('',(0.0762,0.0649833782569633,0.0417109242077669));
#13690=CARTESIAN_POINT('',(0.076708,0.0631517799051958,0.0424467113007434));
#13691=CARTESIAN_POINT('',(0.076708,0.0631517799051958,0.0424467113007434));
#13692=CARTESIAN_POINT('',(0.076708,0.0631517799051958,0.0424467113007434));
#13693=CARTESIAN_POINT('',(0.076708,0.0642849707221862,0.0424467113007434));
#13694=CARTESIAN_POINT('',(0.076708,0.0649833782569633,0.0417109242077669));
#13695=CARTESIAN_POINT('',(0.076708,0.0618031647922671,0.042144723817396));
#13696=CARTESIAN_POINT('',(0.0762,0.0618031647922671,0.042144723817396));
#13697=CARTESIAN_POINT('',(0.076708,0.0622143399324598,0.0423460488062943));
#13698=CARTESIAN_POINT('',(0.0762,0.0622143399324598,0.0423460488062943));
#13699=CARTESIAN_POINT('',(0.076708,0.0626638783034361,0.0424467113007434));
#13700=CARTESIAN_POINT('',(0.0762,0.0626638783034361,0.0424467113007434));
#13701=CARTESIAN_POINT('',(0.076708,0.0631517799051958,0.0424467113007434));
#13702=CARTESIAN_POINT('',(0.0762,0.0631517799051958,0.0424467113007434));
#13703=CARTESIAN_POINT('',(0.076708,0.0618031647922671,0.042144723817396));
#13704=CARTESIAN_POINT('',(0.076708,0.0624199275025562,0.0424467113007434));
#13705=CARTESIAN_POINT('',(0.076708,0.0631517799051958,0.0424467113007434));
#13706=CARTESIAN_POINT('',(0.076708,0.0634665551321376,0.0392360039859371));
#13707=CARTESIAN_POINT('',(0.0762,0.0634665551321376,0.0392360039859371));
#13708=CARTESIAN_POINT('',(0.076708,0.0634665551321376,0.0396557042885262));
#13709=CARTESIAN_POINT('',(0.0762,0.0634665551321376,0.0396557042885262));
#13710=CARTESIAN_POINT('',(0.076708,0.0633468749677274,0.0399832672590625));
#13711=CARTESIAN_POINT('',(0.0762,0.0633468749677274,0.0399832672590625));
#13712=CARTESIAN_POINT('',(0.076708,0.0631075146389071,0.040218692897546));
#13713=CARTESIAN_POINT('',(0.0762,0.0631075146389071,0.040218692897546));
#13714=CARTESIAN_POINT('',(0.0762,0.0634665551321376,0.0392360039859371));
#13715=CARTESIAN_POINT('',(0.0762,0.0634665551321376,0.0398655544398207));
#13716=CARTESIAN_POINT('',(0.0762,0.0631075146389071,0.040218692897546));
#13717=CARTESIAN_POINT('',(0.076708,0.0634665551321376,0.0392360039859371));
#13718=CARTESIAN_POINT('',(0.076708,0.0634665551321376,0.0398655544398207));
#13719=CARTESIAN_POINT('',(0.076708,0.0631075146389071,0.040218692897546));
#13720=CARTESIAN_POINT('',(0.076708,1.39703063931999E-17,0.0254));
#13721=CARTESIAN_POINT('',(0.0762,0.,0.0508));
#13722=CARTESIAN_POINT('',(0.076708,-0.0577388701709439,0.0228410713380385));
#13723=CARTESIAN_POINT('',(0.0762,-0.0577388701709439,0.0228410713380385));
#13724=CARTESIAN_POINT('',(0.0762,-0.0547256405489977,0.0224033987252251));
#13725=CARTESIAN_POINT('',(0.0762,-0.0547000650618087,0.0226670229777889));
#13726=CARTESIAN_POINT('',(0.076708,-0.0547256405489977,0.0224033987252251));
#13727=CARTESIAN_POINT('',(0.076708,-0.0547256405489977,0.0224033987252251));
#13728=CARTESIAN_POINT('',(0.076708,-0.0577388701709439,0.0228410713380385));
#13729=CARTESIAN_POINT('',(0.076708,-0.0547000650618087,0.0226670229777889));
#13730=CARTESIAN_POINT('',(0.076708,-0.0547000650618087,0.0226670229777889));
#13731=CARTESIAN_POINT('',(0.076708,-0.0551722279022214,0.0215839994625923));
#13732=CARTESIAN_POINT('',(0.0762,-0.0551722279022214,0.0215839994625923));
#13733=CARTESIAN_POINT('',(0.076708,-0.0549413927357974,0.0217774550708169));
#13734=CARTESIAN_POINT('',(0.0762,-0.0549413927357974,0.0217774550708169));
#13735=CARTESIAN_POINT('',(0.076708,-0.0547925302847228,0.0220505881583612));
#13736=CARTESIAN_POINT('',(0.0762,-0.0547925302847228,0.0220505881583612));
#13737=CARTESIAN_POINT('',(0.076708,-0.0547256405489977,0.0224033987252251));
#13738=CARTESIAN_POINT('',(0.0762,-0.0547256405489977,0.0224033987252251));
#13739=CARTESIAN_POINT('',(0.0762,-0.0551722279022214,0.0215839994625923));
#13740=CARTESIAN_POINT('',(0.0762,-0.0548259751525854,0.0218741828749292));
#13741=CARTESIAN_POINT('',(0.0762,-0.0547256405489977,0.0224033987252251));
#13742=CARTESIAN_POINT('',(0.0762,-0.0551722279022214,0.0215839994625923));
#13743=CARTESIAN_POINT('',(0.076708,-0.0551722279022214,0.0215839994625923));
#13744=CARTESIAN_POINT('',(0.076708,-0.0551722279022214,0.0215839994625923));
#13745=CARTESIAN_POINT('',(0.076708,-0.0551722279022214,0.0215839994625923));
#13746=CARTESIAN_POINT('',(0.076708,-0.0548259751525854,0.0218741828749292));
#13747=CARTESIAN_POINT('',(0.076708,-0.0547256405489977,0.0224033987252251));
#13748=CARTESIAN_POINT('',(0.076708,-0.0561106515475416,0.0212938160502554));
#13749=CARTESIAN_POINT('',(0.0762,-0.0561106515475416,0.0212938160502554));
#13750=CARTESIAN_POINT('',(0.076708,-0.0557158709504187,0.0212938160502554));
#13751=CARTESIAN_POINT('',(0.0762,-0.0557158709504187,0.0212938160502554));
#13752=CARTESIAN_POINT('',(0.076708,-0.0554030630686453,0.0213905438543677));
#13753=CARTESIAN_POINT('',(0.0762,-0.0554030630686453,0.0213905438543677));
#13754=CARTESIAN_POINT('',(0.076708,-0.0551722279022214,0.0215839994625923));
#13755=CARTESIAN_POINT('',(0.0762,-0.0551722279022214,0.0215839994625923));
#13756=CARTESIAN_POINT('',(0.0762,-0.0561106515475416,0.0212938160502554));
#13757=CARTESIAN_POINT('',(0.0762,-0.0555184806518573,0.0212938160502554));
#13758=CARTESIAN_POINT('',(0.0762,-0.0551722279022214,0.0215839994625923));
#13759=CARTESIAN_POINT('',(0.0762,-0.0561106515475416,0.0212938160502554));
#13760=CARTESIAN_POINT('',(0.076708,-0.0561106515475416,0.0212938160502554));
#13761=CARTESIAN_POINT('',(0.076708,-0.0561106515475416,0.0212938160502554));
#13762=CARTESIAN_POINT('',(0.076708,-0.0561106515475416,0.0212938160502554));
#13763=CARTESIAN_POINT('',(0.076708,-0.0555184806518573,0.0212938160502554));
#13764=CARTESIAN_POINT('',(0.076708,-0.0551722279022214,0.0215839994625923));
#13765=CARTESIAN_POINT('',(0.076708,-0.0567775815596245,0.0212938160502554));
#13766=CARTESIAN_POINT('',(0.0762,-0.0567775815596245,0.0212938160502554));
#13767=CARTESIAN_POINT('',(0.0762,-0.0574445115717074,0.0212938160502554));
#13768=CARTESIAN_POINT('',(0.076708,-0.0574445115717074,0.0212938160502554));
#13769=CARTESIAN_POINT('',(0.076708,-0.0574445115717074,0.0212938160502554));
#13770=CARTESIAN_POINT('',(0.076708,-0.0567775815596245,0.0212938160502554));
#13771=CARTESIAN_POINT('',(0.076708,-0.0572497444000372,0.0224024150526409));
#13772=CARTESIAN_POINT('',(0.0762,-0.0572497444000372,0.0224024150526409));
#13773=CARTESIAN_POINT('',(0.0762,-0.0570549772283669,0.0235110140550265));
#13774=CARTESIAN_POINT('',(0.076708,-0.0570549772283669,0.0235110140550265));
#13775=CARTESIAN_POINT('',(0.076708,-0.0570549772283669,0.0235110140550265));
#13776=CARTESIAN_POINT('',(0.076708,-0.0572497444000372,0.0224024150526409));
#13777=CARTESIAN_POINT('',(0.076708,-0.0563870635436998,0.0235110140550265));
#13778=CARTESIAN_POINT('',(0.0762,-0.0563870635436998,0.0235110140550265));
#13779=CARTESIAN_POINT('',(0.0762,-0.0557191498590327,0.0235110140550265));
#13780=CARTESIAN_POINT('',(0.076708,-0.0557191498590327,0.0235110140550265));
#13781=CARTESIAN_POINT('',(0.076708,-0.0557191498590327,0.0235110140550265));
#13782=CARTESIAN_POINT('',(0.076708,-0.0563870635436998,0.0235110140550265));
#13783=CARTESIAN_POINT('',(0.076708,-0.0549577872788673,0.0232906713961673));
#13784=CARTESIAN_POINT('',(0.0762,-0.0549577872788673,0.0232906713961673));
#13785=CARTESIAN_POINT('',(0.076708,-0.0551296020902397,0.0234375665020735));
#13786=CARTESIAN_POINT('',(0.0762,-0.0551296020902397,0.0234375665020735));
#13787=CARTESIAN_POINT('',(0.076708,-0.0553833896169615,0.0235110140550265));
#13788=CARTESIAN_POINT('',(0.0762,-0.0553833896169615,0.0235110140550265));
#13789=CARTESIAN_POINT('',(0.076708,-0.0557191498590327,0.0235110140550265));
#13790=CARTESIAN_POINT('',(0.0762,-0.0557191498590327,0.0235110140550265));
#13791=CARTESIAN_POINT('',(0.0762,-0.0549577872788673,0.0232906713961673));
#13792=CARTESIAN_POINT('',(0.0762,-0.0552155094959259,0.0235110140550265));
#13793=CARTESIAN_POINT('',(0.0762,-0.0557191498590327,0.0235110140550265));
#13794=CARTESIAN_POINT('',(0.0762,-0.0549577872788673,0.0232906713961673));
#13795=CARTESIAN_POINT('',(0.076708,-0.0549577872788673,0.0232906713961673));
#13796=CARTESIAN_POINT('',(0.076708,-0.0549577872788673,0.0232906713961673));
#13797=CARTESIAN_POINT('',(0.076708,-0.0549577872788673,0.0232906713961673));
#13798=CARTESIAN_POINT('',(0.076708,-0.0552155094959259,0.0235110140550265));
#13799=CARTESIAN_POINT('',(0.076708,-0.0557191498590327,0.0235110140550265));
#13800=CARTESIAN_POINT('',(0.076708,-0.0552784645413142,0.0252737553259005));
#13801=CARTESIAN_POINT('',(0.0762,-0.0552784645413142,0.0252737553259005));
#13802=CARTESIAN_POINT('',(0.076708,-0.0543643048197375,0.0252737553259005));
#13803=CARTESIAN_POINT('',(0.0762,-0.0543643048197375,0.0252737553259005));
#13804=CARTESIAN_POINT('',(0.076708,-0.0536678646301288,0.0250658725197744));
#13805=CARTESIAN_POINT('',(0.0762,-0.0536678646301288,0.0250658725197744));
#13806=CARTESIAN_POINT('',(0.076708,-0.0531891439724881,0.0246501069075221));
#13807=CARTESIAN_POINT('',(0.0762,-0.0531891439724881,0.0246501069075221));
#13808=CARTESIAN_POINT('',(0.076708,-0.0552784645413142,0.0252737553259005));
#13809=CARTESIAN_POINT('',(0.076708,-0.0552784645413142,0.0252737553259005));
#13810=CARTESIAN_POINT('',(0.076708,-0.0552784645413142,0.0252737553259005));
#13811=CARTESIAN_POINT('',(0.076708,-0.0539072249589491,0.0252737553259005));
#13812=CARTESIAN_POINT('',(0.076708,-0.0531891439724881,0.0246501069075221));
#13813=CARTESIAN_POINT('',(0.076708,-0.0531891439724881,0.0246501069075221));
#13814=CARTESIAN_POINT('',(0.076708,-0.0531891439724881,0.0246501069075221));
#13815=CARTESIAN_POINT('',(0.076708,-0.0570854710784769,0.0252737553259005));
#13816=CARTESIAN_POINT('',(0.076708,-0.0588924776156396,0.0252737553259005));
#13817=CARTESIAN_POINT('',(0.076708,-0.0588924776156396,0.0252737553259005));
#13818=CARTESIAN_POINT('',(0.076708,-0.0570854710784769,0.0252737553259005));
#13819=CARTESIAN_POINT('',(0.076708,-0.0596735136474889,0.020854114405121));
#13820=CARTESIAN_POINT('',(0.076708,-0.0604545496793382,0.0164344734843415));
#13821=CARTESIAN_POINT('',(0.076708,-0.0604545496793382,0.0164344734843415));
#13822=CARTESIAN_POINT('',(0.076708,-0.0596735136474889,0.020854114405121));
#13823=CARTESIAN_POINT('',(0.076708,-0.0593774281996468,0.0164344734843416));
#13824=CARTESIAN_POINT('',(0.076708,-0.0583003067199554,0.0164344734843416));
#13825=CARTESIAN_POINT('',(0.076708,-0.0583003067199554,0.0164344734843416));
#13826=CARTESIAN_POINT('',(0.076708,-0.0593774281996468,0.0164344734843416));
#13827=CARTESIAN_POINT('',(0.076708,-0.0580042212721132,0.018102782187133));
#13828=CARTESIAN_POINT('',(0.076708,-0.0577081358242711,0.0197710908899245));
#13829=CARTESIAN_POINT('',(0.076708,-0.0577081358242711,0.0197710908899245));
#13830=CARTESIAN_POINT('',(0.076708,-0.0580042212721132,0.018102782187133));
#13831=CARTESIAN_POINT('',(0.076708,-0.0574504136072125,0.0197710908899245));
#13832=CARTESIAN_POINT('',(0.076708,-0.057192691390154,0.0197710908899245));
#13833=CARTESIAN_POINT('',(0.076708,-0.057192691390154,0.0197710908899245));
#13834=CARTESIAN_POINT('',(0.076708,-0.0574504136072125,0.0197710908899245));
#13835=CARTESIAN_POINT('',(0.076708,-0.0565690429717755,0.018102782187133));
#13836=CARTESIAN_POINT('',(0.076708,-0.0559453945533971,0.0164344734843416));
#13837=CARTESIAN_POINT('',(0.076708,-0.0559453945533971,0.0164344734843416));
#13838=CARTESIAN_POINT('',(0.076708,-0.0565690429717755,0.018102782187133));
#13839=CARTESIAN_POINT('',(0.076708,-0.0547305589119187,0.0164344734843416));
#13840=CARTESIAN_POINT('',(0.076708,-0.0535157232704402,0.0164344734843416));
#13841=CARTESIAN_POINT('',(0.076708,-0.0535157232704402,0.0164344734843416));
#13842=CARTESIAN_POINT('',(0.076708,-0.0547305589119187,0.0164344734843416));
#13843=CARTESIAN_POINT('',(0.076708,-0.0542269185488118,0.018184427011621));
#13844=CARTESIAN_POINT('',(0.076708,-0.0549381138271834,0.0199343805389005));
#13845=CARTESIAN_POINT('',(0.076708,-0.0549381138271834,0.0199343805389005));
#13846=CARTESIAN_POINT('',(0.076708,-0.0542269185488118,0.018184427011621));
#13847=CARTESIAN_POINT('',(0.076708,-0.0532894785760758,0.0209160857779252));
#13848=CARTESIAN_POINT('',(0.0762,-0.0532894785760758,0.0209160857779252));
#13849=CARTESIAN_POINT('',(0.076708,-0.0537013094979913,0.0204544154450772));
#13850=CARTESIAN_POINT('',(0.0762,-0.0537013094979913,0.0204544154450772));
#13851=CARTESIAN_POINT('',(0.076708,-0.0542508545816939,0.0201271803654023));
#13852=CARTESIAN_POINT('',(0.0762,-0.0542508545816939,0.0201271803654023));
#13853=CARTESIAN_POINT('',(0.076708,-0.0549381138271834,0.0199343805389005));
#13854=CARTESIAN_POINT('',(0.0762,-0.0549381138271834,0.0199343805389005));
#13855=CARTESIAN_POINT('',(0.076708,-0.0532894785760758,0.0209160857779252));
#13856=CARTESIAN_POINT('',(0.076708,-0.0532894785760758,0.0209160857779252));
#13857=CARTESIAN_POINT('',(0.076708,-0.0532894785760758,0.0209160857779252));
#13858=CARTESIAN_POINT('',(0.076708,-0.0539072249589491,0.0202235802786533));
#13859=CARTESIAN_POINT('',(0.076708,-0.0549381138271834,0.0199343805389005));
#13860=CARTESIAN_POINT('',(0.076708,-0.0525222139604052,0.0224899619126342));
#13861=CARTESIAN_POINT('',(0.0762,-0.0525222139604052,0.0224899619126342));
#13862=CARTESIAN_POINT('',(0.076708,-0.0526218927822701,0.0219023814890095));
#13863=CARTESIAN_POINT('',(0.0762,-0.0526218927822701,0.0219023814890095));
#13864=CARTESIAN_POINT('',(0.076708,-0.0528776476541603,0.0213777561107731));
#13865=CARTESIAN_POINT('',(0.0762,-0.0528776476541603,0.0213777561107731));
#13866=CARTESIAN_POINT('',(0.076708,-0.0532894785760758,0.0209160857779252));
#13867=CARTESIAN_POINT('',(0.0762,-0.0532894785760758,0.0209160857779252));
#13868=CARTESIAN_POINT('',(0.076708,-0.0525222139604052,0.0224899619126342));
#13869=CARTESIAN_POINT('',(0.076708,-0.0525222139604052,0.0224899619126342));
#13870=CARTESIAN_POINT('',(0.076708,-0.0525222139604052,0.0224899619126342));
#13871=CARTESIAN_POINT('',(0.076708,-0.0526717321932026,0.0216085912771971));
#13872=CARTESIAN_POINT('',(0.076708,-0.0532894785760758,0.0209160857779252));
#13873=CARTESIAN_POINT('',(0.0767080000000003,-0.0552027877914722,0.0230134544880722));
#13874=CARTESIAN_POINT('',(0.076708,-0.0524710629860272,0.0230329491791087));
#13875=CARTESIAN_POINT('',(0.076708,-0.0524710629860272,0.0230329491791087));
#13876=CARTESIAN_POINT('',(0.076708,-0.0552027877914722,0.0230134544880722));
#13877=CARTESIAN_POINT('',(0.076708,-0.0531891439724881,0.0246501069075221));
#13878=CARTESIAN_POINT('',(0.0762,-0.0531891439724881,0.0246501069075221));
#13879=CARTESIAN_POINT('',(0.076708,-0.0527104233148475,0.0242343412952698));
#13880=CARTESIAN_POINT('',(0.0762,-0.0527104233148475,0.0242343412952698));
#13881=CARTESIAN_POINT('',(0.076708,-0.0524710629860272,0.023695288719132));
#13882=CARTESIAN_POINT('',(0.0762,-0.0524710629860272,0.023695288719132));
#13883=CARTESIAN_POINT('',(0.076708,-0.0524710629860272,0.0230329491791087));
#13884=CARTESIAN_POINT('',(0.0762,-0.0524710629860272,0.0230329491791087));
#13885=CARTESIAN_POINT('',(0.076708,-0.0531891439724881,0.0246501069075221));
#13886=CARTESIAN_POINT('',(0.076708,-0.0524710629860272,0.0240264584891437));
#13887=CARTESIAN_POINT('',(0.076708,-0.0524710629860272,0.0230329491791087));
#13888=CARTESIAN_POINT('',(0.076708,-0.0547000650618087,0.0226670229777889));
#13889=CARTESIAN_POINT('',(0.0762,-0.0547000650618087,0.0226670229777889));
#13890=CARTESIAN_POINT('',(0.076708,-0.0547000650618087,0.022935893484135));
#13891=CARTESIAN_POINT('',(0.0762,-0.0547000650618087,0.022935893484135));
#13892=CARTESIAN_POINT('',(0.076708,-0.0547859724674949,0.0231437762902611));
#13893=CARTESIAN_POINT('',(0.0762,-0.0547859724674949,0.0231437762902611));
#13894=CARTESIAN_POINT('',(0.076708,-0.0549577872788673,0.0232906713961673));
#13895=CARTESIAN_POINT('',(0.0762,-0.0549577872788673,0.0232906713961673));
#13896=CARTESIAN_POINT('',(0.0762,-0.0547000650618087,0.0226670229777889));
#13897=CARTESIAN_POINT('',(0.0762,-0.0547000650618087,0.023070328737308));
#13898=CARTESIAN_POINT('',(0.0762,-0.0549577872788673,0.0232906713961673));
#13899=CARTESIAN_POINT('',(0.076708,-0.0547000650618087,0.0226670229777889));
#13900=CARTESIAN_POINT('',(0.076708,-0.0547000650618087,0.023070328737308));
#13901=CARTESIAN_POINT('',(0.076708,-0.0549577872788673,0.0232906713961673));
#13902=CARTESIAN_POINT('',(0.076708,1.39703063931999E-17,0.0254));
#13903=CARTESIAN_POINT('',(0.0762,0.,0.0508));
#13904=CARTESIAN_POINT('',(0.076708,-0.0518159370449546,0.0208669021487155));
#13905=CARTESIAN_POINT('',(0.0762,-0.0518159370449546,0.0208669021487155));
#13906=CARTESIAN_POINT('',(0.076708,-0.0516651072487117,0.0217390918400334));
#13907=CARTESIAN_POINT('',(0.0762,-0.0516651072487117,0.0217390918400334));
#13908=CARTESIAN_POINT('',(0.076708,-0.0513398395142051,0.0225175047449915));
#13909=CARTESIAN_POINT('',(0.0762,-0.0513398395142051,0.0225175047449915));
#13910=CARTESIAN_POINT('',(0.076708,-0.050840133841435,0.0232021408635899));
#13911=CARTESIAN_POINT('',(0.0762,-0.050840133841435,0.0232021408635899));
#13912=CARTESIAN_POINT('',(0.076708,-0.0518159370449546,0.0208669021487155));
#13913=CARTESIAN_POINT('',(0.076708,-0.0518159370449546,0.0208669021487155));
#13914=CARTESIAN_POINT('',(0.076708,-0.0518159370449546,0.0208669021487155));
#13915=CARTESIAN_POINT('',(0.076708,-0.0515896923505902,0.0221751866856923));
#13916=CARTESIAN_POINT('',(0.076708,-0.050840133841435,0.0232021408635899));
#13917=CARTESIAN_POINT('',(0.076708,-0.050840133841435,0.0232021408635899));
#13918=CARTESIAN_POINT('',(0.076708,-0.050840133841435,0.0232021408635899));
#13919=CARTESIAN_POINT('',(0.0767080000000004,-0.0470385893635973,0.0199441820266323));
#13920=CARTESIAN_POINT('',(0.076708,-0.051904467577532,0.0199343805389005));
#13921=CARTESIAN_POINT('',(0.076708,-0.051904467577532,0.0199343805389005));
#13922=CARTESIAN_POINT('',(0.076708,-0.0470385893635973,0.0199441820266323));
#13923=CARTESIAN_POINT('',(0.076708,-0.0514509945162189,0.0180585169208443));
#13924=CARTESIAN_POINT('',(0.0762,-0.0514509945162189,0.0180585169208443));
#13925=CARTESIAN_POINT('',(0.076708,-0.0517533098904276,0.0185956021518137));
#13926=CARTESIAN_POINT('',(0.0762,-0.0517533098904276,0.0185956021518137));
#13927=CARTESIAN_POINT('',(0.076708,-0.051904467577532,0.0192208900244991));
#13928=CARTESIAN_POINT('',(0.0762,-0.051904467577532,0.0192208900244991));
#13929=CARTESIAN_POINT('',(0.076708,-0.051904467577532,0.0199343805389005));
#13930=CARTESIAN_POINT('',(0.0762,-0.051904467577532,0.0199343805389005));
#13931=CARTESIAN_POINT('',(0.076708,-0.0514509945162189,0.0180585169208443));
#13932=CARTESIAN_POINT('',(0.076708,-0.0514509945162189,0.0180585169208443));
#13933=CARTESIAN_POINT('',(0.076708,-0.0514509945162189,0.0180585169208443));
#13934=CARTESIAN_POINT('',(0.076708,-0.051904467577532,0.0188641447672984));
#13935=CARTESIAN_POINT('',(0.076708,-0.051904467577532,0.0199343805389005));
#13936=CARTESIAN_POINT('',(0.076708,-0.0501535303776683,0.0168122037566717));
#13937=CARTESIAN_POINT('',(0.0762,-0.0501535303776683,0.0168122037566717));
#13938=CARTESIAN_POINT('',(0.076708,-0.0507161910958267,0.017105993968484));
#13939=CARTESIAN_POINT('',(0.0762,-0.0507161910958267,0.017105993968484));
#13940=CARTESIAN_POINT('',(0.076708,-0.0511486791420102,0.0175214316898749));
#13941=CARTESIAN_POINT('',(0.0762,-0.0511486791420102,0.0175214316898749));
#13942=CARTESIAN_POINT('',(0.076708,-0.0514509945162189,0.0180585169208443));
#13943=CARTESIAN_POINT('',(0.0762,-0.0514509945162189,0.0180585169208443));
#13944=CARTESIAN_POINT('',(0.076708,-0.0501535303776683,0.0168122037566717));
#13945=CARTESIAN_POINT('',(0.076708,-0.0501535303776683,0.0168122037566717));
#13946=CARTESIAN_POINT('',(0.076708,-0.0501535303776683,0.0168122037566717));
#13947=CARTESIAN_POINT('',(0.076708,-0.0509975214549059,0.0172528890743902));
#13948=CARTESIAN_POINT('',(0.076708,-0.0514509945162189,0.0180585169208443));
#13949=CARTESIAN_POINT('',(0.076708,-0.0481763484834402,0.0163715184389531));
#13950=CARTESIAN_POINT('',(0.0762,-0.0481763484834402,0.0163715184389531));
#13951=CARTESIAN_POINT('',(0.076708,-0.0489318090281005,0.0163715184389531));
#13952=CARTESIAN_POINT('',(0.0762,-0.0489318090281005,0.0163715184389531));
#13953=CARTESIAN_POINT('',(0.076708,-0.0495908696595098,0.0165184135448593));
#13954=CARTESIAN_POINT('',(0.0762,-0.0495908696595098,0.0165184135448593));
#13955=CARTESIAN_POINT('',(0.076708,-0.0501535303776683,0.0168122037566717));
#13956=CARTESIAN_POINT('',(0.0762,-0.0501535303776683,0.0168122037566717));
#13957=CARTESIAN_POINT('',(0.076708,-0.0481763484834402,0.0163715184389531));
#13958=CARTESIAN_POINT('',(0.076708,-0.0481763484834402,0.0163715184389531));
#13959=CARTESIAN_POINT('',(0.076708,-0.0481763484834402,0.0163715184389531));
#13960=CARTESIAN_POINT('',(0.076708,-0.0493095393004306,0.0163715184389531));
#13961=CARTESIAN_POINT('',(0.076708,-0.0501535303776683,0.0168122037566717));
#13962=CARTESIAN_POINT('',(0.076708,-0.0453315673699538,0.017195836064507));
#13963=CARTESIAN_POINT('',(0.0762,-0.0453315673699538,0.017195836064507));
#13964=CARTESIAN_POINT('',(0.076708,-0.0461788373558055,0.0166462909808044));
#13965=CARTESIAN_POINT('',(0.0762,-0.0461788373558055,0.0166462909808044));
#13966=CARTESIAN_POINT('',(0.076708,-0.0471270977269676,0.0163715184389531));
#13967=CARTESIAN_POINT('',(0.0762,-0.0471270977269676,0.0163715184389531));
#13968=CARTESIAN_POINT('',(0.076708,-0.0481763484834402,0.0163715184389531));
#13969=CARTESIAN_POINT('',(0.0762,-0.0481763484834402,0.0163715184389531));
#13970=CARTESIAN_POINT('',(0.076708,-0.0453315673699538,0.017195836064507));
#13971=CARTESIAN_POINT('',(0.076708,-0.0453315673699538,0.017195836064507));
#13972=CARTESIAN_POINT('',(0.076708,-0.0453315673699538,0.017195836064507));
#13973=CARTESIAN_POINT('',(0.076708,-0.0466024723487313,0.0163715184389531));
#13974=CARTESIAN_POINT('',(0.076708,-0.0481763484834402,0.0163715184389531));
#13975=CARTESIAN_POINT('',(0.076708,-0.0434311119372928,0.0194563156629826));
#13976=CARTESIAN_POINT('',(0.0762,-0.0434311119372928,0.0194563156629826));
#13977=CARTESIAN_POINT('',(0.076708,-0.0438508122398818,0.0184988743477014));
#13978=CARTESIAN_POINT('',(0.0762,-0.0438508122398818,0.0184988743477014));
#13979=CARTESIAN_POINT('',(0.076708,-0.0444842973841022,0.0177453811482095));
#13980=CARTESIAN_POINT('',(0.0762,-0.0444842973841022,0.0177453811482095));
#13981=CARTESIAN_POINT('',(0.076708,-0.0453315673699538,0.017195836064507));
#13982=CARTESIAN_POINT('',(0.0762,-0.0453315673699538,0.017195836064507));
#13983=CARTESIAN_POINT('',(0.076708,-0.0434311119372928,0.0194563156629826));
#13984=CARTESIAN_POINT('',(0.076708,-0.0434311119372928,0.0194563156629826));
#13985=CARTESIAN_POINT('',(0.076708,-0.0434311119372928,0.0194563156629826));
#13986=CARTESIAN_POINT('',(0.076708,-0.0440606623911763,0.0180201536900607));
#13987=CARTESIAN_POINT('',(0.076708,-0.0453315673699538,0.017195836064507));
#13988=CARTESIAN_POINT('',(0.076708,-0.0446144700560771,0.0194563156629826));
#13989=CARTESIAN_POINT('',(0.076708,-0.0457978281748613,0.0194563156629826));
#13990=CARTESIAN_POINT('',(0.076708,-0.0457978281748613,0.0194563156629826));
#13991=CARTESIAN_POINT('',(0.076708,-0.0446144700560771,0.0194563156629826));
#13992=CARTESIAN_POINT('',(0.076708,-0.0466969049168138,0.0186251123293395));
#13993=CARTESIAN_POINT('',(0.0762,-0.0466969049168138,0.0186251123293395));
#13994=CARTESIAN_POINT('',(0.076708,-0.0463401596596131,0.0188185679375641));
#13995=CARTESIAN_POINT('',(0.0762,-0.0463401596596131,0.0188185679375641));
#13996=CARTESIAN_POINT('',(0.076708,-0.0460404674122956,0.0190956357154452));
#13997=CARTESIAN_POINT('',(0.0762,-0.0460404674122956,0.0190956357154452));
#13998=CARTESIAN_POINT('',(0.076708,-0.0457978281748613,0.0194563156629826));
#13999=CARTESIAN_POINT('',(0.0762,-0.0457978281748613,0.0194563156629826));
#14000=CARTESIAN_POINT('',(0.076708,-0.0466969049168138,0.0186251123293395));
#14001=CARTESIAN_POINT('',(0.076708,-0.0466969040836537,0.0186251107999753));
#14002=CARTESIAN_POINT('',(0.076708,-0.0466969049168138,0.0186251123293395));
#14003=CARTESIAN_POINT('',(0.076708,-0.0461617870310128,0.0189152957416765));
#14004=CARTESIAN_POINT('',(0.076708,-0.0457978281748613,0.0194563156629826));
#14005=CARTESIAN_POINT('',(0.076708,-0.0478347899080277,0.0207138352378878));
#14006=CARTESIAN_POINT('',(0.076708,-0.0478497691854881,0.0183349289170026));
#14007=CARTESIAN_POINT('',(0.076708,-0.0478497691854881,0.0183349289170026));
#14008=CARTESIAN_POINT('',(0.076708,-0.0478347899080277,0.0207138352378878));
#14009=CARTESIAN_POINT('',(0.076708,-0.0491964169532484,0.0188513570237039));
#14010=CARTESIAN_POINT('',(0.0762,-0.0491964169532484,0.0188513570237039));
#14011=CARTESIAN_POINT('',(0.076708,-0.0488691818735735,0.0185070716192363));
#14012=CARTESIAN_POINT('',(0.0762,-0.0488691818735735,0.0185070716192363));
#14013=CARTESIAN_POINT('',(0.076708,-0.0484202992843201,0.0183349289170026));
#14014=CARTESIAN_POINT('',(0.0762,-0.0484202992843201,0.0183349289170026));
#14015=CARTESIAN_POINT('',(0.076708,-0.0478497691854881,0.0183349289170026));
#14016=CARTESIAN_POINT('',(0.0762,-0.0478497691854881,0.0183349289170026));
#14017=CARTESIAN_POINT('',(0.076708,-0.0491964169532484,0.0188513570237039));
#14018=CARTESIAN_POINT('',(0.076708,-0.0491964169532484,0.0188513570237039));
#14019=CARTESIAN_POINT('',(0.076708,-0.0491964169532484,0.0188513570237039));
#14020=CARTESIAN_POINT('',(0.076708,-0.0487055643337361,0.0183349289170026));
#14021=CARTESIAN_POINT('',(0.076708,-0.0478497691854881,0.0183349289170026));
#14022=CARTESIAN_POINT('',(0.076708,-0.0496872695727608,0.0202491557658423));
#14023=CARTESIAN_POINT('',(0.0762,-0.0496872695727608,0.0202491557658423));
#14024=CARTESIAN_POINT('',(0.076708,-0.0496872695727608,0.0196615753422176));
#14025=CARTESIAN_POINT('',(0.0762,-0.0496872695727608,0.0196615753422176));
#14026=CARTESIAN_POINT('',(0.076708,-0.0495236520329233,0.0191956424281715));
#14027=CARTESIAN_POINT('',(0.0762,-0.0495236520329233,0.0191956424281715));
#14028=CARTESIAN_POINT('',(0.076708,-0.0491964169532484,0.0188513570237039));
#14029=CARTESIAN_POINT('',(0.0762,-0.0491964169532484,0.0188513570237039));
#14030=CARTESIAN_POINT('',(0.076708,-0.0496872695727608,0.0202491557658423));
#14031=CARTESIAN_POINT('',(0.076708,-0.0496872695727608,0.0202491557658423));
#14032=CARTESIAN_POINT('',(0.076708,-0.0496872695727608,0.0202491557658423));
#14033=CARTESIAN_POINT('',(0.076708,-0.0496872695727608,0.0193677851304053));
#14034=CARTESIAN_POINT('',(0.076708,-0.0491964169532484,0.0188513570237039));
#14035=CARTESIAN_POINT('',(0.0767080000000004,-0.0460878948049863,0.0201865193798349));
#14036=CARTESIAN_POINT('',(0.076708,-0.0496243145273724,0.0208669021487155));
#14037=CARTESIAN_POINT('',(0.076708,-0.0496243145273724,0.0208669021487155));
#14038=CARTESIAN_POINT('',(0.076708,-0.0460878948049863,0.0201865193798349));
#14039=CARTESIAN_POINT('',(0.076708,-0.0486937602627257,0.0226985005004831));
#14040=CARTESIAN_POINT('',(0.0762,-0.0486937602627257,0.0226985005004831));
#14041=CARTESIAN_POINT('',(0.076708,-0.0491803503010399,0.0222407648579719));
#14042=CARTESIAN_POINT('',(0.0762,-0.0491803503010399,0.0222407648579719));
#14043=CARTESIAN_POINT('',(0.076708,-0.0494905350559221,0.0216302320740494));
#14044=CARTESIAN_POINT('',(0.0762,-0.0494905350559221,0.0216302320740494));
#14045=CARTESIAN_POINT('',(0.076708,-0.0496243145273724,0.0208669021487155));
#14046=CARTESIAN_POINT('',(0.0762,-0.0496243145273724,0.0208669021487155));
#14047=CARTESIAN_POINT('',(0.076708,-0.0486937602627257,0.0226985005004831));
#14048=CARTESIAN_POINT('',(0.076708,-0.0486937602627257,0.0226985005004831));
#14049=CARTESIAN_POINT('',(0.076708,-0.0486937602627257,0.0226985005004831));
#14050=CARTESIAN_POINT('',(0.076708,-0.049423645320197,0.0220118970367163));
#14051=CARTESIAN_POINT('',(0.076708,-0.0496243145273724,0.0208669021487155));
#14052=CARTESIAN_POINT('',(0.076708,-0.0469683985500511,0.0233851039642498));
#14053=CARTESIAN_POINT('',(0.0762,-0.0469683985500511,0.0233851039642498));
#14054=CARTESIAN_POINT('',(0.076708,-0.04763204965352,0.0233851039642498));
#14055=CARTESIAN_POINT('',(0.0762,-0.04763204965352,0.0233851039642498));
#14056=CARTESIAN_POINT('',(0.076708,-0.0482071702244116,0.0231562361429942));
#14057=CARTESIAN_POINT('',(0.0762,-0.0482071702244116,0.0231562361429942));
#14058=CARTESIAN_POINT('',(0.076708,-0.0486937602627257,0.0226985005004831));
#14059=CARTESIAN_POINT('',(0.0762,-0.0486937602627257,0.0226985005004831));
#14060=CARTESIAN_POINT('',(0.076708,-0.0469683985500511,0.0233851039642498));
#14061=CARTESIAN_POINT('',(0.076708,-0.0469683985500511,0.0233851039642498));
#14062=CARTESIAN_POINT('',(0.076708,-0.0469683985500511,0.0233851039642498));
#14063=CARTESIAN_POINT('',(0.076708,-0.0479638752052545,0.0233851039642498));
#14064=CARTESIAN_POINT('',(0.076708,-0.0486937602627257,0.0226985005004831));
#14065=CARTESIAN_POINT('',(0.076708,-0.0459040648139542,0.0231018062600022));
#14066=CARTESIAN_POINT('',(0.0762,-0.0459040648139542,0.0231018062600022));
#14067=CARTESIAN_POINT('',(0.076708,-0.0461939203354297,0.0232906713961673));
#14068=CARTESIAN_POINT('',(0.0762,-0.0461939203354297,0.0232906713961673));
#14069=CARTESIAN_POINT('',(0.076708,-0.046548698247462,0.0233851039642498));
#14070=CARTESIAN_POINT('',(0.0762,-0.046548698247462,0.0233851039642498));
#14071=CARTESIAN_POINT('',(0.076708,-0.0469683985500511,0.0233851039642498));
#14072=CARTESIAN_POINT('',(0.0762,-0.0469683985500511,0.0233851039642498));
#14073=CARTESIAN_POINT('',(0.076708,-0.0459040648139542,0.0231018062600022));
#14074=CARTESIAN_POINT('',(0.076708,-0.0459040648139542,0.0231018062600022));
#14075=CARTESIAN_POINT('',(0.076708,-0.0459040648139542,0.0231018062600022));
#14076=CARTESIAN_POINT('',(0.076708,-0.0463388480961675,0.0233851039642498));
#14077=CARTESIAN_POINT('',(0.076708,-0.0469683985500511,0.0233851039642498));
#14078=CARTESIAN_POINT('',(0.076708,-0.0453059918827648,0.0222774886344484));
#14079=CARTESIAN_POINT('',(0.0762,-0.0453059918827648,0.0222774886344484));
#14080=CARTESIAN_POINT('',(0.076708,-0.0454148516487488,0.0226381685819859));
#14081=CARTESIAN_POINT('',(0.0762,-0.0454148516487488,0.0226381685819859));
#14082=CARTESIAN_POINT('',(0.076708,-0.0456142092924786,0.0229129411238371));
#14083=CARTESIAN_POINT('',(0.0762,-0.0456142092924786,0.0229129411238371));
#14084=CARTESIAN_POINT('',(0.076708,-0.0459040648139542,0.0231018062600022));
#14085=CARTESIAN_POINT('',(0.0762,-0.0459040648139542,0.0231018062600022));
#14086=CARTESIAN_POINT('',(0.076708,-0.0453059918827648,0.0222774886344484));
#14087=CARTESIAN_POINT('',(0.076708,-0.0453059918827648,0.0222774886344484));
#14088=CARTESIAN_POINT('',(0.076708,-0.0453059918827648,0.0222774886344484));
#14089=CARTESIAN_POINT('',(0.076708,-0.0454692815317408,0.0228185085557546));
#14090=CARTESIAN_POINT('',(0.076708,-0.0459040648139542,0.0231018062600022));
#14091=CARTESIAN_POINT('',(0.076708,-0.0441226337639805,0.0222774886344484));
#14092=CARTESIAN_POINT('',(0.076708,-0.0429392756451962,0.0222774886344484));
#14093=CARTESIAN_POINT('',(0.076708,-0.0429392756451962,0.0222774886344484));
#14094=CARTESIAN_POINT('',(0.076708,-0.0441226337639805,0.0222774886344484));
#14095=CARTESIAN_POINT('',(0.076708,-0.0440409889394925,0.0245428865958451));
#14096=CARTESIAN_POINT('',(0.0762,-0.0440409889394925,0.0245428865958451));
#14097=CARTESIAN_POINT('',(0.076708,-0.0433904534704795,0.023988751040083));
#14098=CARTESIAN_POINT('',(0.0762,-0.0433904534704795,0.023988751040083));
#14099=CARTESIAN_POINT('',(0.076708,-0.043023215705714,0.0232336183862841));
#14100=CARTESIAN_POINT('',(0.0762,-0.043023215705714,0.0232336183862841));
#14101=CARTESIAN_POINT('',(0.076708,-0.0429392756451962,0.0222774886344484));
#14102=CARTESIAN_POINT('',(0.0762,-0.0429392756451962,0.0222774886344484));
#14103=CARTESIAN_POINT('',(0.076708,-0.0440409889394925,0.0245428865958451));
#14104=CARTESIAN_POINT('',(0.076708,-0.0440409889394925,0.0245428865958451));
#14105=CARTESIAN_POINT('',(0.076708,-0.0440409889394925,0.0245428865958451));
#14106=CARTESIAN_POINT('',(0.076708,-0.0430651857359729,0.0237116832622019));
#14107=CARTESIAN_POINT('',(0.076708,-0.0429392756451962,0.0222774886344484));
#14108=CARTESIAN_POINT('',(0.076708,-0.0465906682777209,0.0253740899294882));
#14109=CARTESIAN_POINT('',(0.0762,-0.0465906682777209,0.0253740899294882));
#14110=CARTESIAN_POINT('',(0.076708,-0.0455414175212483,0.0253740899294882));
#14111=CARTESIAN_POINT('',(0.0762,-0.0455414175212483,0.0253740899294882));
#14112=CARTESIAN_POINT('',(0.076708,-0.0446915244085055,0.0250970221516072));
#14113=CARTESIAN_POINT('',(0.0762,-0.0446915244085055,0.0250970221516072));
#14114=CARTESIAN_POINT('',(0.076708,-0.0440409889394925,0.0245428865958451));
#14115=CARTESIAN_POINT('',(0.0762,-0.0440409889394925,0.0245428865958451));
#14116=CARTESIAN_POINT('',(0.076708,-0.0465906682777209,0.0253740899294882));
#14117=CARTESIAN_POINT('',(0.076708,-0.0465906682777209,0.0253740899294882));
#14118=CARTESIAN_POINT('',(0.076708,-0.0465906682777209,0.0253740899294882));
#14119=CARTESIAN_POINT('',(0.076708,-0.045016792143012,0.0253740899294882));
#14120=CARTESIAN_POINT('',(0.076708,-0.0440409889394925,0.0245428865958451));
#14121=CARTESIAN_POINT('',(0.076708,-0.0489829600024785,0.0248015924854878));
#14122=CARTESIAN_POINT('',(0.0762,-0.0489829600024785,0.0248015924854878));
#14123=CARTESIAN_POINT('',(0.076708,-0.0482445497826109,0.0251832574481548));
#14124=CARTESIAN_POINT('',(0.0762,-0.0482445497826109,0.0251832574481548));
#14125=CARTESIAN_POINT('',(0.076708,-0.0474471192076917,0.0253740899294882));
#14126=CARTESIAN_POINT('',(0.0762,-0.0474471192076917,0.0253740899294882));
#14127=CARTESIAN_POINT('',(0.076708,-0.0465906682777209,0.0253740899294882));
#14128=CARTESIAN_POINT('',(0.0762,-0.0465906682777209,0.0253740899294882));
#14129=CARTESIAN_POINT('',(0.076708,-0.0489829600024785,0.0248015924854878));
#14130=CARTESIAN_POINT('',(0.076708,-0.0489829600024785,0.0248015924854878));
#14131=CARTESIAN_POINT('',(0.076708,-0.0489829600024785,0.0248015924854878));
#14132=CARTESIAN_POINT('',(0.076708,-0.0478753446726771,0.0253740899294882));
#14133=CARTESIAN_POINT('',(0.076708,-0.0465906682777209,0.0253740899294882));
#14134=CARTESIAN_POINT('',(0.0767080000000001,-0.0465686792276204,0.0201236384871263));
#14135=CARTESIAN_POINT('',(0.076708,-0.0465686792276204,0.0201236384871263));
#14136=CARTESIAN_POINT('',(0.076708,1.39703063931999E-17,0.0254));
#14137=CARTESIAN_POINT('',(0.076708,-0.0335471698113207,0.020854114405121));
#14138=CARTESIAN_POINT('',(0.076708,-0.0333838801623446,0.0217482727841526));
#14139=CARTESIAN_POINT('',(0.076708,-0.0333838801623446,0.0217482727841526));
#14140=CARTESIAN_POINT('',(0.076708,-0.0335471698113207,0.020854114405121));
#14141=CARTESIAN_POINT('',(0.076708,-0.0337104594602967,0.0199599560260895));
#14142=CARTESIAN_POINT('',(0.076708,-0.0337104594602967,0.0199599560260895));
#14143=CARTESIAN_POINT('',(0.076708,-0.0361539021594324,0.0217482727841526));
#14144=CARTESIAN_POINT('',(0.076708,-0.0389239241565201,0.0217482727841526));
#14145=CARTESIAN_POINT('',(0.076708,-0.0389239241565201,0.0217482727841526));
#14146=CARTESIAN_POINT('',(0.076708,-0.0361539021594324,0.0217482727841526));
#14147=CARTESIAN_POINT('',(0.076708,-0.0390872138054962,0.020854114405121));
#14148=CARTESIAN_POINT('',(0.076708,-0.0392505034544722,0.0199599560260895));
#14149=CARTESIAN_POINT('',(0.076708,-0.0392505034544722,0.0199599560260895));
#14150=CARTESIAN_POINT('',(0.076708,-0.0390872138054962,0.020854114405121));
#14151=CARTESIAN_POINT('',(0.076708,-0.0364804814573845,0.0199599560260895));
#14152=CARTESIAN_POINT('',(0.076708,-0.0364804814573845,0.0199599560260895));
#14153=CARTESIAN_POINT('',(0.076708,1.39703063931999E-17,0.0254));
#14154=CARTESIAN_POINT('',(0.0767080000000005,-0.0257015097143208,0.0194213941782572));
#14155=CARTESIAN_POINT('',(0.0762,-0.0257015097143208,0.0194213941782572));
#14156=CARTESIAN_POINT('',(0.0762,-0.0241924435356445,0.0191297363650305));
#14157=CARTESIAN_POINT('',(0.0762,-0.0241668680484555,0.0193559810593949));
#14158=CARTESIAN_POINT('',(0.076708,-0.0241924435356445,0.0191297363650305));
#14159=CARTESIAN_POINT('',(0.076708,-0.0241924435356445,0.0191297363650305));
#14160=CARTESIAN_POINT('',(0.076708,-0.0257015097143208,0.0194213941782572));
#14161=CARTESIAN_POINT('',(0.076708,-0.0241668680484555,0.0193559810593949));
#14162=CARTESIAN_POINT('',(0.076708,-0.0241668680484555,0.0193559810593949));
#14163=CARTESIAN_POINT('',(0.076708,-0.0246085370387582,0.0183978839623909));
#14164=CARTESIAN_POINT('',(0.0762,-0.0246085370387582,0.0183978839623909));
#14165=CARTESIAN_POINT('',(0.076708,-0.0243901617250673,0.0185657640834265));
#14166=CARTESIAN_POINT('',(0.0762,-0.0243901617250673,0.0185657640834265));
#14167=CARTESIAN_POINT('',(0.076708,-0.0242514638906961,0.0188097148843064));
#14168=CARTESIAN_POINT('',(0.0762,-0.0242514638906961,0.0188097148843064));
#14169=CARTESIAN_POINT('',(0.076708,-0.0241924435356445,0.0191297363650305));
#14170=CARTESIAN_POINT('',(0.0762,-0.0241924435356445,0.0191297363650305));
#14171=CARTESIAN_POINT('',(0.0762,-0.0246085370387582,0.0183978839623909));
#14172=CARTESIAN_POINT('',(0.0762,-0.0242809740682219,0.0186497041439443));
#14173=CARTESIAN_POINT('',(0.0762,-0.0241924435356445,0.0191297363650305));
#14174=CARTESIAN_POINT('',(0.0762,-0.0246085370387582,0.0183978839623909));
#14175=CARTESIAN_POINT('',(0.076708,-0.0246085370387582,0.0183978839623909));
#14176=CARTESIAN_POINT('',(0.076708,-0.0246085370387582,0.0183978839623909));
#14177=CARTESIAN_POINT('',(0.076708,-0.0246085370387582,0.0183978839623909));
#14178=CARTESIAN_POINT('',(0.076708,-0.0242809740682219,0.0186497041439443));
#14179=CARTESIAN_POINT('',(0.076708,-0.0241924435356445,0.0191297363650305));
#14180=CARTESIAN_POINT('',(0.076708,-0.025488924001611,0.0181460637808375));
#14181=CARTESIAN_POINT('',(0.0762,-0.025488924001611,0.0181460637808375));
#14182=CARTESIAN_POINT('',(0.076708,-0.0251203746734,0.0181460637808375));
#14183=CARTESIAN_POINT('',(0.0762,-0.0251203746734,0.0181460637808375));
#14184=CARTESIAN_POINT('',(0.076708,-0.0248269123524491,0.0182300038413553));
#14185=CARTESIAN_POINT('',(0.0762,-0.0248269123524491,0.0182300038413553));
#14186=CARTESIAN_POINT('',(0.076708,-0.0246085370387582,0.0183978839623909));
#14187=CARTESIAN_POINT('',(0.0762,-0.0246085370387582,0.0183978839623909));
#14188=CARTESIAN_POINT('',(0.0762,-0.025488924001611,0.0181460637808375));
#14189=CARTESIAN_POINT('',(0.0762,-0.0249361000092945,0.0181460637808375));
#14190=CARTESIAN_POINT('',(0.0762,-0.0246085370387582,0.0183978839623909));
#14191=CARTESIAN_POINT('',(0.0762,-0.025488924001611,0.0181460637808375));
#14192=CARTESIAN_POINT('',(0.076708,-0.025488924001611,0.0181460637808375));
#14193=CARTESIAN_POINT('',(0.076708,-0.025488924001611,0.0181460637808375));
#14194=CARTESIAN_POINT('',(0.076708,-0.025488924001611,0.0181460637808375));
#14195=CARTESIAN_POINT('',(0.076708,-0.0249361000092945,0.0181460637808375));
#14196=CARTESIAN_POINT('',(0.076708,-0.0246085370387582,0.0183978839623909));
#14197=CARTESIAN_POINT('',(0.076708,-0.0262827477770548,0.0181460637808375));
#14198=CARTESIAN_POINT('',(0.0762,-0.0262827477770548,0.0181460637808375));
#14199=CARTESIAN_POINT('',(0.0762,-0.0270765715524987,0.0181460637808375));
#14200=CARTESIAN_POINT('',(0.076708,-0.0270765715524987,0.0181460637808375));
#14201=CARTESIAN_POINT('',(0.076708,-0.0270765715524987,0.0181460637808375));
#14202=CARTESIAN_POINT('',(0.076708,-0.0262827477770548,0.0181460637808375));
#14203=CARTESIAN_POINT('',(0.076708,-0.0268995104873439,0.0191415404360409));
#14204=CARTESIAN_POINT('',(0.0762,-0.0268995104873439,0.0191415404360409));
#14205=CARTESIAN_POINT('',(0.0762,-0.0267224494221891,0.0201370170912443));
#14206=CARTESIAN_POINT('',(0.076708,-0.0267224494221891,0.0201370170912443));
#14207=CARTESIAN_POINT('',(0.076708,-0.0267224494221891,0.0201370170912443));
#14208=CARTESIAN_POINT('',(0.076708,-0.0268995104873439,0.0191415404360409));
#14209=CARTESIAN_POINT('',(0.076708,-0.025942397062924,0.0201370170912443));
#14210=CARTESIAN_POINT('',(0.0762,-0.025942397062924,0.0201370170912443));
#14211=CARTESIAN_POINT('',(0.0762,-0.0251623447036589,0.0201370170912443));
#14212=CARTESIAN_POINT('',(0.076708,-0.0251623447036589,0.0201370170912443));
#14213=CARTESIAN_POINT('',(0.076708,-0.0251623447036589,0.0201370170912443));
#14214=CARTESIAN_POINT('',(0.076708,-0.025942397062924,0.0201370170912443));
#14215=CARTESIAN_POINT('',(0.076708,-0.0244314759736034,0.0199284785033953));
#14216=CARTESIAN_POINT('',(0.0762,-0.0244314759736034,0.0199284785033953));
#14217=CARTESIAN_POINT('',(0.076708,-0.0246078812570354,0.020067504228628));
#14218=CARTESIAN_POINT('',(0.0762,-0.0246078812570354,0.020067504228628));
#14219=CARTESIAN_POINT('',(0.076708,-0.0248515041670539,0.0201370170912443));
#14220=CARTESIAN_POINT('',(0.0762,-0.0248515041670539,0.0201370170912443));
#14221=CARTESIAN_POINT('',(0.076708,-0.0251623447036589,0.0201370170912443));
#14222=CARTESIAN_POINT('',(0.0762,-0.0251623447036589,0.0201370170912443));
#14223=CARTESIAN_POINT('',(0.0762,-0.0244314759736034,0.0199284785033953));
#14224=CARTESIAN_POINT('',(0.0762,-0.0246960838987514,0.0201370170912443));
#14225=CARTESIAN_POINT('',(0.0762,-0.0251623447036589,0.0201370170912443));
#14226=CARTESIAN_POINT('',(0.0762,-0.0244314759736034,0.0199284785033953));
#14227=CARTESIAN_POINT('',(0.076708,-0.0244314759736034,0.0199284785033953));
#14228=CARTESIAN_POINT('',(0.076708,-0.0244314759736034,0.0199284785033953));
#14229=CARTESIAN_POINT('',(0.076708,-0.0244314759736034,0.0199284785033953));
#14230=CARTESIAN_POINT('',(0.076708,-0.0246960838987514,0.0201370170912443));
#14231=CARTESIAN_POINT('',(0.076708,-0.0251623447036589,0.0201370170912443));
#14232=CARTESIAN_POINT('',(0.076708,-0.0250482386838925,0.0216853177387642));
#14233=CARTESIAN_POINT('',(0.0762,-0.0250482386838925,0.0216853177387642));
#14234=CARTESIAN_POINT('',(0.076708,-0.024687558736355,0.0216853177387642));
#14235=CARTESIAN_POINT('',(0.0762,-0.024687558736355,0.0216853177387642));
#14236=CARTESIAN_POINT('',(0.076708,-0.0243980311057409,0.0217649952180838));
#14237=CARTESIAN_POINT('',(0.0762,-0.0243980311057409,0.0217649952180838));
#14238=CARTESIAN_POINT('',(0.076708,-0.02417965579205,0.0219243501767231));
#14239=CARTESIAN_POINT('',(0.0762,-0.02417965579205,0.0219243501767231));
#14240=CARTESIAN_POINT('',(0.0762,-0.0250482386838925,0.0216853177387642));
#14241=CARTESIAN_POINT('',(0.0762,-0.0245072187625863,0.0216853177387642));
#14242=CARTESIAN_POINT('',(0.0762,-0.02417965579205,0.0219243501767231));
#14243=CARTESIAN_POINT('',(0.0762,-0.0250482386838925,0.0216853177387642));
#14244=CARTESIAN_POINT('',(0.0762,-0.02417965579205,0.0219243501767231));
#14245=CARTESIAN_POINT('',(0.076708,-0.0250482386838925,0.0216853177387642));
#14246=CARTESIAN_POINT('',(0.076708,-0.0250482386838925,0.0216853177387642));
#14247=CARTESIAN_POINT('',(0.076708,-0.0250482386838925,0.0216853177387642));
#14248=CARTESIAN_POINT('',(0.076708,-0.0245072187625863,0.0216853177387642));
#14249=CARTESIAN_POINT('',(0.076708,-0.02417965579205,0.0219243501767231));
#14250=CARTESIAN_POINT('',(0.076708,-0.02417965579205,0.0219243501767231));
#14251=CARTESIAN_POINT('',(0.076708,-0.02417965579205,0.0219243501767231));
#14252=CARTESIAN_POINT('',(0.076708,-0.0257476298912538,0.0216853177387642));
#14253=CARTESIAN_POINT('',(0.0762,-0.0257476298912538,0.0216853177387642));
#14254=CARTESIAN_POINT('',(0.0762,-0.0264470210986151,0.0216853177387642));
#14255=CARTESIAN_POINT('',(0.076708,-0.0264470210986151,0.0216853177387642));
#14256=CARTESIAN_POINT('',(0.076708,-0.0264470210986151,0.0216853177387642));
#14257=CARTESIAN_POINT('',(0.076708,-0.0257476298912538,0.0216853177387642));
#14258=CARTESIAN_POINT('',(0.076708,-0.0262827477770548,0.0226296434195895));
#14259=CARTESIAN_POINT('',(0.0762,-0.0262827477770548,0.0226296434195895));
#14260=CARTESIAN_POINT('',(0.0762,-0.0261184744554946,0.0235739691004149));
#14261=CARTESIAN_POINT('',(0.076708,-0.0261184744554946,0.0235739691004149));
#14262=CARTESIAN_POINT('',(0.076708,-0.0261184744554946,0.0235739691004149));
#14263=CARTESIAN_POINT('',(0.076708,-0.0262827477770548,0.0226296434195895));
#14264=CARTESIAN_POINT('',(0.076708,-0.0254131812126281,0.0235739691004149));
#14265=CARTESIAN_POINT('',(0.0762,-0.0254131812126281,0.0235739691004149));
#14266=CARTESIAN_POINT('',(0.0762,-0.0247078879697617,0.0235739691004149));
#14267=CARTESIAN_POINT('',(0.076708,-0.0247078879697617,0.0235739691004149));
#14268=CARTESIAN_POINT('',(0.076708,-0.0247078879697617,0.0235739691004149));
#14269=CARTESIAN_POINT('',(0.076708,-0.0254131812126281,0.0235739691004149));
#14270=CARTESIAN_POINT('',(0.076708,-0.0240035783994795,0.0233782182561605));
#14271=CARTESIAN_POINT('',(0.0762,-0.0240035783994795,0.0233782182561605));
#14272=CARTESIAN_POINT('',(0.076708,-0.0241635891398415,0.0235087188189968));
#14273=CARTESIAN_POINT('',(0.0762,-0.0241635891398415,0.0235087188189968));
#14274=CARTESIAN_POINT('',(0.076708,-0.0243983589966023,0.0235739691004149));
#14275=CARTESIAN_POINT('',(0.0762,-0.0243983589966023,0.0235739691004149));
#14276=CARTESIAN_POINT('',(0.076708,-0.0247078879697617,0.0235739691004149));
#14277=CARTESIAN_POINT('',(0.0762,-0.0247078879697617,0.0235739691004149));
#14278=CARTESIAN_POINT('',(0.0762,-0.0240035783994795,0.0233782182561605));
#14279=CARTESIAN_POINT('',(0.0762,-0.0242435945100225,0.0235739691004149));
#14280=CARTESIAN_POINT('',(0.0762,-0.0247078879697617,0.0235739691004149));
#14281=CARTESIAN_POINT('',(0.0762,-0.0240035783994795,0.0233782182561605));
#14282=CARTESIAN_POINT('',(0.076708,-0.0240035783994795,0.0233782182561605));
#14283=CARTESIAN_POINT('',(0.076708,-0.0240035783994795,0.0233782182561605));
#14284=CARTESIAN_POINT('',(0.076708,-0.0240035783994795,0.0233782182561605));
#14285=CARTESIAN_POINT('',(0.076708,-0.0242435945100225,0.0235739691004149));
#14286=CARTESIAN_POINT('',(0.076708,-0.0247078879697617,0.0235739691004149));
#14287=CARTESIAN_POINT('',(0.076708,-0.0237635622889364,0.0228185085557546));
#14288=CARTESIAN_POINT('',(0.0762,-0.0237635622889364,0.0228185085557546));
#14289=CARTESIAN_POINT('',(0.076708,-0.0237635622889364,0.0230611477931889));
#14290=CARTESIAN_POINT('',(0.0762,-0.0237635622889364,0.0230611477931889));
#14291=CARTESIAN_POINT('',(0.076708,-0.0238435676591174,0.0232477176933242));
#14292=CARTESIAN_POINT('',(0.0762,-0.0238435676591174,0.0232477176933242));
#14293=CARTESIAN_POINT('',(0.076708,-0.0240035783994795,0.0233782182561605));
#14294=CARTESIAN_POINT('',(0.0762,-0.0240035783994795,0.0233782182561605));
#14295=CARTESIAN_POINT('',(0.0762,-0.0237635622889364,0.0228185085557546));
#14296=CARTESIAN_POINT('',(0.0762,-0.0237635622889364,0.023182467411906));
#14297=CARTESIAN_POINT('',(0.0762,-0.0240035783994795,0.0233782182561605));
#14298=CARTESIAN_POINT('',(0.0762,-0.0237635622889364,0.0228185085557546));
#14299=CARTESIAN_POINT('',(0.076708,-0.0237635622889364,0.0228185085557546));
#14300=CARTESIAN_POINT('',(0.076708,-0.0237635622889364,0.0228185085557546));
#14301=CARTESIAN_POINT('',(0.076708,-0.0237635622889364,0.0228185085557546));
#14302=CARTESIAN_POINT('',(0.076708,-0.0237635622889364,0.023182467411906));
#14303=CARTESIAN_POINT('',(0.076708,-0.0240035783994795,0.0233782182561605));
#14304=CARTESIAN_POINT('',(0.0767080000000005,-0.0249861684171337,0.0227956948059481));
#14305=CARTESIAN_POINT('',(0.0762,-0.0249861684171337,0.0227956948059481));
#14306=CARTESIAN_POINT('',(0.0762,-0.0237773337051151,0.0226158720034109));
#14307=CARTESIAN_POINT('',(0.076708,-0.0237773337051151,0.0226158720034109));
#14308=CARTESIAN_POINT('',(0.076708,-0.0237773337051151,0.0226158720034109));
#14309=CARTESIAN_POINT('',(0.076708,-0.0249861684171337,0.0227956948059481));
#14310=CARTESIAN_POINT('',(0.076708,-0.0215227561421445,0.0229817982047307));
#14311=CARTESIAN_POINT('',(0.0762,-0.0215227561421445,0.0229817982047307));
#14312=CARTESIAN_POINT('',(0.076708,-0.0216158771467814,0.0224611075168311));
#14313=CARTESIAN_POINT('',(0.0762,-0.0216158771467814,0.0224611075168311));
#14314=CARTESIAN_POINT('',(0.076708,-0.0218303177701355,0.0220286194706476));
#14315=CARTESIAN_POINT('',(0.0762,-0.0218303177701355,0.0220286194706476));
#14316=CARTESIAN_POINT('',(0.076708,-0.0221660780122067,0.02168433406618));
#14317=CARTESIAN_POINT('',(0.0762,-0.0221660780122067,0.02168433406618));
#14318=CARTESIAN_POINT('',(0.076708,-0.0215227561421445,0.0229817982047307));
#14319=CARTESIAN_POINT('',(0.076708,-0.0215227561421445,0.0229817982047307));
#14320=CARTESIAN_POINT('',(0.076708,-0.0215227561421445,0.0229817982047307));
#14321=CARTESIAN_POINT('',(0.076708,-0.0216624376490999,0.0222007621728814));
#14322=CARTESIAN_POINT('',(0.076708,-0.0221660780122067,0.02168433406618));
#14323=CARTESIAN_POINT('',(0.076708,-0.0221660780122067,0.02168433406618));
#14324=CARTESIAN_POINT('',(0.076708,-0.0221660780122067,0.02168433406618));
#14325=CARTESIAN_POINT('',(0.0767080000000005,-0.0241881539087935,0.0234310784974719));
#14326=CARTESIAN_POINT('',(0.076708,-0.0214853765839451,0.0234224835224492));
#14327=CARTESIAN_POINT('',(0.076708,-0.0214853765839451,0.0234224835224492));
#14328=CARTESIAN_POINT('',(0.076708,-0.0241881539087935,0.0234310784974719));
#14329=CARTESIAN_POINT('',(0.076708,-0.0221405025250177,0.0247829027063882));
#14330=CARTESIAN_POINT('',(0.0762,-0.0221405025250177,0.0247829027063882));
#14331=CARTESIAN_POINT('',(0.076708,-0.021703751897636,0.0244556676267133));
#14332=CARTESIAN_POINT('',(0.0762,-0.021703751897636,0.0244556676267133));
#14333=CARTESIAN_POINT('',(0.076708,-0.0214853765839452,0.0240021945654003));
#14334=CARTESIAN_POINT('',(0.0762,-0.0214853765839452,0.0240021945654003));
#14335=CARTESIAN_POINT('',(0.076708,-0.0214853765839451,0.0234224835224492));
#14336=CARTESIAN_POINT('',(0.0762,-0.0214853765839451,0.0234224835224492));
#14337=CARTESIAN_POINT('',(0.076708,-0.0221405025250177,0.0247829027063882));
#14338=CARTESIAN_POINT('',(0.076708,-0.0221405025250177,0.0247829027063882));
#14339=CARTESIAN_POINT('',(0.076708,-0.0221405025250177,0.0247829027063882));
#14340=CARTESIAN_POINT('',(0.076708,-0.0214853765839451,0.0242920500868758));
#14341=CARTESIAN_POINT('',(0.076708,-0.0214853765839451,0.0234224835224492));
#14342=CARTESIAN_POINT('',(0.076708,-0.0239917743284692,0.0252737553259005));
#14343=CARTESIAN_POINT('',(0.0762,-0.0239917743284692,0.0252737553259005));
#14344=CARTESIAN_POINT('',(0.076708,-0.02319434375355,0.0252737553259005));
#14345=CARTESIAN_POINT('',(0.0762,-0.02319434375355,0.0252737553259005));
#14346=CARTESIAN_POINT('',(0.076708,-0.0225772531523995,0.0251101377860631));
#14347=CARTESIAN_POINT('',(0.0762,-0.0225772531523995,0.0251101377860631));
#14348=CARTESIAN_POINT('',(0.076708,-0.0221405025250177,0.0247829027063882));
#14349=CARTESIAN_POINT('',(0.0762,-0.0221405025250177,0.0247829027063882));
#14350=CARTESIAN_POINT('',(0.076708,-0.0239917743284692,0.0252737553259005));
#14351=CARTESIAN_POINT('',(0.076708,-0.0239917743284692,0.0252737553259005));
#14352=CARTESIAN_POINT('',(0.076708,-0.0239917743284692,0.0252737553259005));
#14353=CARTESIAN_POINT('',(0.076708,-0.0227956284660903,0.0252737553259005));
#14354=CARTESIAN_POINT('',(0.076708,-0.0221405025250177,0.0247829027063882));
#14355=CARTESIAN_POINT('',(0.076708,-0.0259807602937075,0.0252737553259005));
#14356=CARTESIAN_POINT('',(0.076708,-0.0279697462589459,0.0252737553259005));
#14357=CARTESIAN_POINT('',(0.076708,-0.0279697462589459,0.0252737553259005));
#14358=CARTESIAN_POINT('',(0.076708,-0.0259807602937075,0.0252737553259005));
#14359=CARTESIAN_POINT('',(0.076708,-0.0287507822907953,0.020854114405121));
#14360=CARTESIAN_POINT('',(0.076708,-0.0295318183226445,0.0164344734843416));
#14361=CARTESIAN_POINT('',(0.076708,-0.0295318183226445,0.0164344734843416));
#14362=CARTESIAN_POINT('',(0.076708,-0.0287507822907953,0.020854114405121));
#14363=CARTESIAN_POINT('',(0.076708,-0.0274729916039285,0.0164344734843416));
#14364=CARTESIAN_POINT('',(0.076708,-0.0254141648852123,0.0164344734843416));
#14365=CARTESIAN_POINT('',(0.076708,-0.0254141648852123,0.0164344734843416));
#14366=CARTESIAN_POINT('',(0.076708,-0.0274729916039285,0.0164344734843416));
#14367=CARTESIAN_POINT('',(0.076708,-0.023134995507637,0.0170827137173247));
#14368=CARTESIAN_POINT('',(0.0762,-0.023134995507637,0.0170827137173247));
#14369=CARTESIAN_POINT('',(0.076708,-0.023731101093658,0.0166505535620026));
#14370=CARTESIAN_POINT('',(0.0762,-0.023731101093658,0.0166505535620026));
#14371=CARTESIAN_POINT('',(0.076708,-0.0244908242195164,0.0164344734843416));
#14372=CARTESIAN_POINT('',(0.0762,-0.0244908242195164,0.0164344734843416));
#14373=CARTESIAN_POINT('',(0.076708,-0.0254141648852123,0.0164344734843416));
#14374=CARTESIAN_POINT('',(0.0762,-0.0254141648852123,0.0164344734843416));
#14375=CARTESIAN_POINT('',(0.076708,-0.023134995507637,0.0170827137173247));
#14376=CARTESIAN_POINT('',(0.076708,-0.023134995507637,0.0170827137173247));
#14377=CARTESIAN_POINT('',(0.076708,-0.023134995507637,0.0170827137173247));
#14378=CARTESIAN_POINT('',(0.076708,-0.0240291538866685,0.0164344734843416));
#14379=CARTESIAN_POINT('',(0.076708,-0.0254141648852123,0.0164344734843416));
#14380=CARTESIAN_POINT('',(0.076708,-0.0220519719924404,0.0188385692801094));
#14381=CARTESIAN_POINT('',(0.0762,-0.0220519719924404,0.0188385692801094));
#14382=CARTESIAN_POINT('',(0.076708,-0.0221778820832171,0.0181001590602418));
#14383=CARTESIAN_POINT('',(0.0762,-0.0221778820832171,0.0181001590602418));
#14384=CARTESIAN_POINT('',(0.076708,-0.022538889921616,0.0175148738726469));
#14385=CARTESIAN_POINT('',(0.0762,-0.022538889921616,0.0175148738726469));
#14386=CARTESIAN_POINT('',(0.076708,-0.023134995507637,0.0170827137173247));
#14387=CARTESIAN_POINT('',(0.0762,-0.023134995507637,0.0170827137173247));
#14388=CARTESIAN_POINT('',(0.076708,-0.0220519719924404,0.0188385692801094));
#14389=CARTESIAN_POINT('',(0.076708,-0.0220519719924404,0.0188385692801094));
#14390=CARTESIAN_POINT('',(0.076708,-0.0220519719924404,0.0188385692801094));
#14391=CARTESIAN_POINT('',(0.076708,-0.0222408371286055,0.017730953950308));
#14392=CARTESIAN_POINT('',(0.076708,-0.023134995507637,0.0170827137173247));
#14393=CARTESIAN_POINT('',(0.0767080000000003,-0.0240271426998089,0.0192238238315044));
#14394=CARTESIAN_POINT('',(0.076708,-0.0220145924342411,0.0192300709686182));
#14395=CARTESIAN_POINT('',(0.076708,-0.0220145924342411,0.0192300709686182));
#14396=CARTESIAN_POINT('',(0.076708,-0.0240271426998089,0.0192238238315044));
#14397=CARTESIAN_POINT('',(0.076708,-0.0223795349629767,0.0203504740420142));
#14398=CARTESIAN_POINT('',(0.0762,-0.0223795349629767,0.0203504740420142));
#14399=CARTESIAN_POINT('',(0.076708,-0.0221362399438196,0.0200311083430128));
#14400=CARTESIAN_POINT('',(0.0762,-0.0221362399438196,0.0200311083430128));
#14401=CARTESIAN_POINT('',(0.076708,-0.022014592434241,0.0196576406518808));
#14402=CARTESIAN_POINT('',(0.0762,-0.022014592434241,0.0196576406518808));
#14403=CARTESIAN_POINT('',(0.076708,-0.0220145924342411,0.0192300709686182));
#14404=CARTESIAN_POINT('',(0.0762,-0.0220145924342411,0.0192300709686182));
#14405=CARTESIAN_POINT('',(0.076708,-0.0223795349629767,0.0203504740420142));
#14406=CARTESIAN_POINT('',(0.076708,-0.0223795349629767,0.0203504740420142));
#14407=CARTESIAN_POINT('',(0.076708,-0.0223795349629767,0.0203504740420142));
#14408=CARTESIAN_POINT('',(0.076708,-0.0220145924342411,0.0198714254935121));
#14409=CARTESIAN_POINT('',(0.076708,-0.0220145924342411,0.0192300709686182));
#14410=CARTESIAN_POINT('',(0.076708,-0.0233740279455959,0.0209672367523033));
#14411=CARTESIAN_POINT('',(0.0762,-0.0233740279455959,0.0209672367523033));
#14412=CARTESIAN_POINT('',(0.076708,-0.0229543276430068,0.0208754273111119));
#14413=CARTESIAN_POINT('',(0.0762,-0.0229543276430068,0.0208754273111119));
#14414=CARTESIAN_POINT('',(0.076708,-0.0226228299821338,0.0206698397410155));
#14415=CARTESIAN_POINT('',(0.0762,-0.0226228299821338,0.0206698397410155));
#14416=CARTESIAN_POINT('',(0.076708,-0.0223795349629767,0.0203504740420142));
#14417=CARTESIAN_POINT('',(0.0762,-0.0223795349629767,0.0203504740420142));
#14418=CARTESIAN_POINT('',(0.076708,-0.0233740279455959,0.0209672367523033));
#14419=CARTESIAN_POINT('',(0.076708,-0.0233740279455959,0.0209672367523033));
#14420=CARTESIAN_POINT('',(0.076708,-0.0233740279455959,0.0209672367523033));
#14421=CARTESIAN_POINT('',(0.076708,-0.0227444774917123,0.0208295225905162));
#14422=CARTESIAN_POINT('',(0.076708,-0.0223795349629767,0.0203504740420142));
#14423=CARTESIAN_POINT('',(0.076708,-0.02417965579205,0.0219243501767231));
#14424=CARTESIAN_POINT('',(0.0762,-0.02417965579205,0.0219243501767231));
#14425=CARTESIAN_POINT('',(0.076708,-0.0239612804783591,0.0220837051353624));
#14426=CARTESIAN_POINT('',(0.0762,-0.0239612804783591,0.0220837051353624));
#14427=CARTESIAN_POINT('',(0.076708,-0.0238271731160475,0.022314212410925));
#14428=CARTESIAN_POINT('',(0.0762,-0.0238271731160475,0.022314212410925));
#14429=CARTESIAN_POINT('',(0.076708,-0.0237773337051151,0.0226158720034109));
#14430=CARTESIAN_POINT('',(0.0762,-0.0237773337051151,0.0226158720034109));
#14431=CARTESIAN_POINT('',(0.0762,-0.02417965579205,0.0219243501767231));
#14432=CARTESIAN_POINT('',(0.0762,-0.0238520928215137,0.022163382614682));
#14433=CARTESIAN_POINT('',(0.0762,-0.0237773337051151,0.0226158720034109));
#14434=CARTESIAN_POINT('',(0.076708,-0.02417965579205,0.0219243501767231));
#14435=CARTESIAN_POINT('',(0.076708,-0.0238520928215137,0.022163382614682));
#14436=CARTESIAN_POINT('',(0.076708,-0.0237773337051151,0.0226158720034109));
#14437=CARTESIAN_POINT('',(0.0767080000000001,-0.0240908557171965,0.0235525645277186));
#14438=CARTESIAN_POINT('',(0.076708,-0.0240908557171965,0.0235525645277186));
#14439=CARTESIAN_POINT('',(0.076708,-0.0241668680484555,0.0193559810593949));
#14440=CARTESIAN_POINT('',(0.0762,-0.0241668680484555,0.0193559810593949));
#14441=CARTESIAN_POINT('',(0.076708,-0.0241668680484555,0.0195986202968292));
#14442=CARTESIAN_POINT('',(0.0762,-0.0241668680484555,0.0195986202968292));
#14443=CARTESIAN_POINT('',(0.076708,-0.0242550706901715,0.0197894527781627));
#14444=CARTESIAN_POINT('',(0.0762,-0.0242550706901715,0.0197894527781627));
#14445=CARTESIAN_POINT('',(0.076708,-0.0244314759736034,0.0199284785033953));
#14446=CARTESIAN_POINT('',(0.0762,-0.0244314759736034,0.0199284785033953));
#14447=CARTESIAN_POINT('',(0.0762,-0.0241668680484555,0.0193559810593949));
#14448=CARTESIAN_POINT('',(0.0762,-0.0241668680484555,0.0197199399155464));
#14449=CARTESIAN_POINT('',(0.0762,-0.0244314759736034,0.0199284785033953));
#14450=CARTESIAN_POINT('',(0.076708,-0.0241668680484555,0.0193559810593949));
#14451=CARTESIAN_POINT('',(0.076708,-0.0241668680484555,0.0197199399155464));
#14452=CARTESIAN_POINT('',(0.076708,-0.0244314759736034,0.0199284785033953));
#14453=CARTESIAN_POINT('',(0.076708,1.39703063931999E-17,0.0254));
#14454=CARTESIAN_POINT('',(0.0762,0.,0.0508));
#14455=CARTESIAN_POINT('',(0.0762,0.,0.0508));
#14456=CARTESIAN_POINT('',(0.076708,-0.01670079313443,0.0183349289170026));
#14457=CARTESIAN_POINT('',(0.0762,-0.01670079313443,0.0183349289170026));
#14458=CARTESIAN_POINT('',(0.076708,-0.0161460017969451,0.0183349289170026));
#14459=CARTESIAN_POINT('',(0.0762,-0.0161460017969451,0.0183349289170026));
#14460=CARTESIAN_POINT('',(0.076708,-0.0156587559769082,0.0184778893325719));
#14461=CARTESIAN_POINT('',(0.0762,-0.0156587559769082,0.0184778893325719));
#14462=CARTESIAN_POINT('',(0.076708,-0.0152390556743191,0.0187638101637108));
#14463=CARTESIAN_POINT('',(0.0762,-0.0152390556743191,0.0187638101637108));
#14464=CARTESIAN_POINT('',(0.0762,-0.01670079313443,0.0183349289170026));
#14465=CARTESIAN_POINT('',(0.0762,-0.0158686061282027,0.0183349289170026));
#14466=CARTESIAN_POINT('',(0.0762,-0.0152390556743191,0.0187638101637108));
#14467=CARTESIAN_POINT('',(0.0762,-0.01670079313443,0.0183349289170026));
#14468=CARTESIAN_POINT('',(0.0762,-0.0152390556743191,0.0187638101637108));
#14469=CARTESIAN_POINT('',(0.076708,-0.01670079313443,0.0183349289170026));
#14470=CARTESIAN_POINT('',(0.076708,-0.01670079313443,0.0183349289170026));
#14471=CARTESIAN_POINT('',(0.076708,-0.01670079313443,0.0183349289170026));
#14472=CARTESIAN_POINT('',(0.076708,-0.0158686061282027,0.0183349289170026));
#14473=CARTESIAN_POINT('',(0.076708,-0.0152390556743191,0.0187638101637108));
#14474=CARTESIAN_POINT('',(0.076708,-0.0152390556743191,0.0187638101637108));
#14475=CARTESIAN_POINT('',(0.076708,-0.0152390556743191,0.0187638101637108));
#14476=CARTESIAN_POINT('',(0.076708,-0.0181231836911732,0.0188582427317933));
#14477=CARTESIAN_POINT('',(0.0762,-0.0181231836911732,0.0188582427317933));
#14478=CARTESIAN_POINT('',(0.076708,-0.017787423449102,0.0185093668552661));
#14479=CARTESIAN_POINT('',(0.0762,-0.017787423449102,0.0185093668552661));
#14480=CARTESIAN_POINT('',(0.076708,-0.0173132932635209,0.0183349289170026));
#14481=CARTESIAN_POINT('',(0.0762,-0.0173132932635209,0.0183349289170026));
#14482=CARTESIAN_POINT('',(0.076708,-0.01670079313443,0.0183349289170026));
#14483=CARTESIAN_POINT('',(0.0762,-0.01670079313443,0.0183349289170026));
#14484=CARTESIAN_POINT('',(0.0762,-0.0181231836911732,0.0188582427317933));
#14485=CARTESIAN_POINT('',(0.0762,-0.0176195433280663,0.0183349289170026));
#14486=CARTESIAN_POINT('',(0.0762,-0.01670079313443,0.0183349289170026));
#14487=CARTESIAN_POINT('',(0.0762,-0.0181231836911732,0.0188582427317933));
#14488=CARTESIAN_POINT('',(0.076708,-0.0181231836911732,0.0188582427317933));
#14489=CARTESIAN_POINT('',(0.076708,-0.0181231836911732,0.0188582427317933));
#14490=CARTESIAN_POINT('',(0.076708,-0.0181231836911732,0.0188582427317933));
#14491=CARTESIAN_POINT('',(0.076708,-0.0176195433280663,0.0183349289170026));
#14492=CARTESIAN_POINT('',(0.076708,-0.01670079313443,0.0183349289170026));
#14493=CARTESIAN_POINT('',(0.076708,-0.01862682405428,0.0202865353240416));
#14494=CARTESIAN_POINT('',(0.0762,-0.01862682405428,0.0202865353240416));
#14495=CARTESIAN_POINT('',(0.076708,-0.01862682405428,0.0196832161390699));
#14496=CARTESIAN_POINT('',(0.0762,-0.01862682405428,0.0196832161390699));
#14497=CARTESIAN_POINT('',(0.076708,-0.0184589439332444,0.0192071186083204));
#14498=CARTESIAN_POINT('',(0.0762,-0.0184589439332444,0.0192071186083204));
#14499=CARTESIAN_POINT('',(0.076708,-0.0181231836911732,0.0188582427317933));
#14500=CARTESIAN_POINT('',(0.0762,-0.0181231836911732,0.0188582427317933));
#14501=CARTESIAN_POINT('',(0.0762,-0.01862682405428,0.0202865353240416));
#14502=CARTESIAN_POINT('',(0.0762,-0.01862682405428,0.019381556546584));
#14503=CARTESIAN_POINT('',(0.0762,-0.0181231836911732,0.0188582427317933));
#14504=CARTESIAN_POINT('',(0.0762,-0.01862682405428,0.0202865353240416));
#14505=CARTESIAN_POINT('',(0.076708,-0.01862682405428,0.0202865353240416));
#14506=CARTESIAN_POINT('',(0.076708,-0.01862682405428,0.0202865353240416));
#14507=CARTESIAN_POINT('',(0.076708,-0.01862682405428,0.0202865353240416));
#14508=CARTESIAN_POINT('',(0.076708,-0.01862682405428,0.019381556546584));
#14509=CARTESIAN_POINT('',(0.076708,-0.0181231836911732,0.0188582427317933));
#14510=CARTESIAN_POINT('',(0.076708,-0.0182805713046441,0.0218554930958296));
#14511=CARTESIAN_POINT('',(0.0762,-0.0182805713046441,0.0218554930958296));
#14512=CARTESIAN_POINT('',(0.076708,-0.0185114064710681,0.0213813629102485));
#14513=CARTESIAN_POINT('',(0.0762,-0.0185114064710681,0.0213813629102485));
#14514=CARTESIAN_POINT('',(0.076708,-0.01862682405428,0.0208583769863192));
#14515=CARTESIAN_POINT('',(0.0762,-0.01862682405428,0.0208583769863192));
#14516=CARTESIAN_POINT('',(0.076708,-0.01862682405428,0.0202865353240416));
#14517=CARTESIAN_POINT('',(0.0762,-0.01862682405428,0.0202865353240416));
#14518=CARTESIAN_POINT('',(0.0762,-0.0182805713046441,0.0218554930958296));
#14519=CARTESIAN_POINT('',(0.0762,-0.01862682405428,0.021144297817458));
#14520=CARTESIAN_POINT('',(0.0762,-0.01862682405428,0.0202865353240416));
#14521=CARTESIAN_POINT('',(0.0762,-0.0182805713046441,0.0218554930958296));
#14522=CARTESIAN_POINT('',(0.076708,-0.0182805713046441,0.0218554930958296));
#14523=CARTESIAN_POINT('',(0.076708,-0.0182805713046441,0.0218554930958296));
#14524=CARTESIAN_POINT('',(0.076708,-0.0182805713046441,0.0218554930958296));
#14525=CARTESIAN_POINT('',(0.076708,-0.01862682405428,0.021144297817458));
#14526=CARTESIAN_POINT('',(0.076708,-0.01862682405428,0.0202865353240416));
#14527=CARTESIAN_POINT('',(0.076708,-0.0157115236215072,0.0206354109267086));
#14528=CARTESIAN_POINT('',(0.0762,-0.0157115236215072,0.0206354109267086));
#14529=CARTESIAN_POINT('',(0.0762,-0.0172978823930352,0.0229945859483252));
#14530=CARTESIAN_POINT('',(0.076708,-0.0172978823930352,0.0229945859483252));
#14531=CARTESIAN_POINT('',(0.076708,-0.0172978823930352,0.0229945859483252));
#14532=CARTESIAN_POINT('',(0.076708,-0.0157115236215072,0.0206354109267086));
#14533=CARTESIAN_POINT('',(0.076708,-0.0158312265700034,0.0234224835224492));
#14534=CARTESIAN_POINT('',(0.0762,-0.0158312265700034,0.0234224835224492));
#14535=CARTESIAN_POINT('',(0.076708,-0.0163847063440427,0.0234224835224492));
#14536=CARTESIAN_POINT('',(0.0762,-0.0163847063440427,0.0234224835224492));
#14537=CARTESIAN_POINT('',(0.076708,-0.0168735916183866,0.0232798509977412));
#14538=CARTESIAN_POINT('',(0.0762,-0.0168735916183866,0.0232798509977412));
#14539=CARTESIAN_POINT('',(0.076708,-0.0172978823930352,0.0229945859483252));
#14540=CARTESIAN_POINT('',(0.0762,-0.0172978823930352,0.0229945859483252));
#14541=CARTESIAN_POINT('',(0.0762,-0.0158312265700034,0.0234224835224492));
#14542=CARTESIAN_POINT('',(0.0762,-0.0166614462310623,0.0234224835224492));
#14543=CARTESIAN_POINT('',(0.0762,-0.0172978823930352,0.0229945859483252));
#14544=CARTESIAN_POINT('',(0.0762,-0.0158312265700034,0.0234224835224492));
#14545=CARTESIAN_POINT('',(0.076708,-0.0158312265700034,0.0234224835224492));
#14546=CARTESIAN_POINT('',(0.076708,-0.0158312265700034,0.0234224835224492));
#14547=CARTESIAN_POINT('',(0.076708,-0.0158312265700034,0.0234224835224492));
#14548=CARTESIAN_POINT('',(0.076708,-0.0166614462310623,0.0234224835224492));
#14549=CARTESIAN_POINT('',(0.076708,-0.0172978823930352,0.0229945859483252));
#14550=CARTESIAN_POINT('',(0.076708,-0.0144206400842705,0.0229060554157478));
#14551=CARTESIAN_POINT('',(0.0762,-0.0144206400842705,0.0229060554157478));
#14552=CARTESIAN_POINT('',(0.076708,-0.0147564003263417,0.0232503408202154));
#14553=CARTESIAN_POINT('',(0.0762,-0.0147564003263417,0.0232503408202154));
#14554=CARTESIAN_POINT('',(0.076708,-0.015226595821586,0.0234224835224492));
#14555=CARTESIAN_POINT('',(0.0762,-0.015226595821586,0.0234224835224492));
#14556=CARTESIAN_POINT('',(0.076708,-0.0158312265700034,0.0234224835224492));
#14557=CARTESIAN_POINT('',(0.0762,-0.0158312265700034,0.0234224835224492));
#14558=CARTESIAN_POINT('',(0.0762,-0.0144206400842705,0.0229060554157478));
#14559=CARTESIAN_POINT('',(0.0762,-0.0149242804473773,0.0234224835224492));
#14560=CARTESIAN_POINT('',(0.0762,-0.0158312265700034,0.0234224835224492));
#14561=CARTESIAN_POINT('',(0.0762,-0.0144206400842705,0.0229060554157478));
#14562=CARTESIAN_POINT('',(0.076708,-0.0144206400842705,0.0229060554157478));
#14563=CARTESIAN_POINT('',(0.076708,-0.0144206400842705,0.0229060554157478));
#14564=CARTESIAN_POINT('',(0.076708,-0.0144206400842705,0.0229060554157478));
#14565=CARTESIAN_POINT('',(0.076708,-0.0149242804473773,0.0234224835224492));
#14566=CARTESIAN_POINT('',(0.076708,-0.0158312265700034,0.0234224835224492));
#14567=CARTESIAN_POINT('',(0.076708,-0.0139169997211636,0.0214826811864204));
#14568=CARTESIAN_POINT('',(0.0762,-0.0139169997211636,0.0214826811864204));
#14569=CARTESIAN_POINT('',(0.076708,-0.0139169997211636,0.0220873119348378));
#14570=CARTESIAN_POINT('',(0.0762,-0.0139169997211636,0.0220873119348378));
#14571=CARTESIAN_POINT('',(0.076708,-0.0140848798421992,0.0225617700112802));
#14572=CARTESIAN_POINT('',(0.0762,-0.0140848798421992,0.0225617700112802));
#14573=CARTESIAN_POINT('',(0.076708,-0.0144206400842705,0.0229060554157478));
#14574=CARTESIAN_POINT('',(0.0762,-0.0144206400842705,0.0229060554157478));
#14575=CARTESIAN_POINT('',(0.0762,-0.0139169997211636,0.0214826811864204));
#14576=CARTESIAN_POINT('',(0.0762,-0.0139169997211636,0.0223896273090465));
#14577=CARTESIAN_POINT('',(0.0762,-0.0144206400842705,0.0229060554157478));
#14578=CARTESIAN_POINT('',(0.0762,-0.0139169997211636,0.0214826811864204));
#14579=CARTESIAN_POINT('',(0.076708,-0.0139169997211636,0.0214826811864204));
#14580=CARTESIAN_POINT('',(0.076708,-0.0139169997211636,0.0214826811864204));
#14581=CARTESIAN_POINT('',(0.076708,-0.0139169997211636,0.0214826811864204));
#14582=CARTESIAN_POINT('',(0.076708,-0.0139169997211636,0.0223896273090465));
#14583=CARTESIAN_POINT('',(0.076708,-0.0144206400842705,0.0229060554157478));
#14584=CARTESIAN_POINT('',(0.0767080000000001,-0.0174983141030109,0.0214497302956283));
#14585=CARTESIAN_POINT('',(0.0762,-0.0174983141030109,0.0214497302956283));
#14586=CARTESIAN_POINT('',(0.0762,-0.0142632524707996,0.0199166744323851));
#14587=CARTESIAN_POINT('',(0.076708,-0.0142632524707996,0.0199166744323851));
#14588=CARTESIAN_POINT('',(0.076708,-0.0142632524707996,0.0199166744323851));
#14589=CARTESIAN_POINT('',(0.076708,-0.0174983141030109,0.0214497302956283));
#14590=CARTESIAN_POINT('',(0.076708,-0.0170273724323821,0.0163459429517642));
#14591=CARTESIAN_POINT('',(0.0762,-0.0170273724323821,0.0163459429517642));
#14592=CARTESIAN_POINT('',(0.076708,-0.0177749635963689,0.0163459429517642));
#14593=CARTESIAN_POINT('',(0.0762,-0.0177749635963689,0.0163459429517642));
#14594=CARTESIAN_POINT('',(0.076708,-0.0184320568826099,0.0165013632200667));
#14595=CARTESIAN_POINT('',(0.0762,-0.0184320568826099,0.0165013632200667));
#14596=CARTESIAN_POINT('',(0.076708,-0.0189986522911051,0.0168122037566717));
#14597=CARTESIAN_POINT('',(0.0762,-0.0189986522911051,0.0168122037566717));
#14598=CARTESIAN_POINT('',(0.076708,-0.0170273724323821,0.0163459429517642));
#14599=CARTESIAN_POINT('',(0.076708,-0.0170273724323821,0.0163459429517642));
#14600=CARTESIAN_POINT('',(0.076708,-0.0170273724323821,0.0163459429517642));
#14601=CARTESIAN_POINT('',(0.076708,-0.0181487591783622,0.0163459429517642));
#14602=CARTESIAN_POINT('',(0.076708,-0.0189986522911051,0.0168122037566717));
#14603=CARTESIAN_POINT('',(0.076708,-0.0189986522911051,0.0168122037566717));
#14604=CARTESIAN_POINT('',(0.076708,-0.0189986522911051,0.0168122037566717));
#14605=CARTESIAN_POINT('',(0.076708,-0.0143085014096724,0.0170325464155309));
#14606=CARTESIAN_POINT('',(0.0762,-0.0143085014096724,0.0170325464155309));
#14607=CARTESIAN_POINT('',(0.076708,-0.0151059319845916,0.0165748107730197));
#14608=CARTESIAN_POINT('',(0.0762,-0.0151059319845916,0.0165748107730197));
#14609=CARTESIAN_POINT('',(0.076708,-0.0160122223254949,0.0163459429517642));
#14610=CARTESIAN_POINT('',(0.0762,-0.0160122223254949,0.0163459429517642));
#14611=CARTESIAN_POINT('',(0.076708,-0.0170273724323821,0.0163459429517642));
#14612=CARTESIAN_POINT('',(0.0762,-0.0170273724323821,0.0163459429517642));
#14613=CARTESIAN_POINT('',(0.076708,-0.0143085014096724,0.0170325464155309));
#14614=CARTESIAN_POINT('',(0.076708,-0.0143085014096724,0.0170325464155309));
#14615=CARTESIAN_POINT('',(0.076708,-0.0143085014096724,0.0170325464155309));
#14616=CARTESIAN_POINT('',(0.076708,-0.0155046472720512,0.0163459429517642));
#14617=CARTESIAN_POINT('',(0.076708,-0.0170273724323821,0.0163459429517642));
#14618=CARTESIAN_POINT('',(0.076708,-0.0124444418626266,0.0189467732643707));
#14619=CARTESIAN_POINT('',(0.0762,-0.0124444418626266,0.0189467732643707));
#14620=CARTESIAN_POINT('',(0.076708,-0.0128897176524046,0.018128357674322));
#14621=CARTESIAN_POINT('',(0.0762,-0.0128897176524046,0.018128357674322));
#14622=CARTESIAN_POINT('',(0.076708,-0.0135110708347533,0.0174902820580421));
#14623=CARTESIAN_POINT('',(0.0762,-0.0135110708347533,0.0174902820580421));
#14624=CARTESIAN_POINT('',(0.076708,-0.0143085014096724,0.0170325464155309));
#14625=CARTESIAN_POINT('',(0.0762,-0.0143085014096724,0.0170325464155309));
#14626=CARTESIAN_POINT('',(0.076708,-0.0124444418626266,0.0189467732643707));
#14627=CARTESIAN_POINT('',(0.076708,-0.0124444418626266,0.0189467732643707));
#14628=CARTESIAN_POINT('',(0.076708,-0.0124444418626266,0.0189467732643707));
#14629=CARTESIAN_POINT('',(0.076708,-0.0131123555472937,0.0177191498792977));
#14630=CARTESIAN_POINT('',(0.076708,-0.0143085014096724,0.0170325464155309));
#14631=CARTESIAN_POINT('',(0.076708,-0.0117765281779595,0.0217226972969635));
#14632=CARTESIAN_POINT('',(0.0762,-0.0117765281779595,0.0217226972969635));
#14633=CARTESIAN_POINT('',(0.076708,-0.0117765281779595,0.0206904968652836));
#14634=CARTESIAN_POINT('',(0.0762,-0.0117765281779595,0.0206904968652836));
#14635=CARTESIAN_POINT('',(0.076708,-0.0119991660728485,0.0197651888544193));
#14636=CARTESIAN_POINT('',(0.0762,-0.0119991660728485,0.0197651888544193));
#14637=CARTESIAN_POINT('',(0.076708,-0.0124444418626266,0.0189467732643707));
#14638=CARTESIAN_POINT('',(0.0762,-0.0124444418626266,0.0189467732643707));
#14639=CARTESIAN_POINT('',(0.076708,-0.0117765281779595,0.0217226972969635));
#14640=CARTESIAN_POINT('',(0.076708,-0.0117765281779595,0.0217226972969635));
#14641=CARTESIAN_POINT('',(0.076708,-0.0117765281779595,0.0217226972969635));
#14642=CARTESIAN_POINT('',(0.076708,-0.0117765281779595,0.0201743966494436));
#14643=CARTESIAN_POINT('',(0.076708,-0.0124444418626266,0.0189467732643707));
#14644=CARTESIAN_POINT('',(0.076708,-0.012242788982867,0.0236428261813084));
#14645=CARTESIAN_POINT('',(0.0762,-0.012242788982867,0.0236428261813084));
#14646=CARTESIAN_POINT('',(0.076708,-0.011931948446262,0.0230841001534867));
#14647=CARTESIAN_POINT('',(0.0762,-0.011931948446262,0.0230841001534867));
#14648=CARTESIAN_POINT('',(0.076708,-0.0117765281779595,0.0224440571920384));
#14649=CARTESIAN_POINT('',(0.0762,-0.0117765281779595,0.0224440571920384));
#14650=CARTESIAN_POINT('',(0.076708,-0.0117765281779595,0.0217226972969635));
#14651=CARTESIAN_POINT('',(0.0762,-0.0117765281779595,0.0217226972969635));
#14652=CARTESIAN_POINT('',(0.076708,-0.012242788982867,0.0236428261813084));
#14653=CARTESIAN_POINT('',(0.076708,-0.012242788982867,0.0236428261813084));
#14654=CARTESIAN_POINT('',(0.076708,-0.012242788982867,0.0236428261813084));
#14655=CARTESIAN_POINT('',(0.076708,-0.0117765281779595,0.0228047371395759));
#14656=CARTESIAN_POINT('',(0.076708,-0.0117765281779595,0.0217226972969635));
#14657=CARTESIAN_POINT('',(0.076708,-0.0150651927272279,0.0220876729910679));
#14658=CARTESIAN_POINT('',(0.076708,-0.0135648449360225,0.0249402903198591));
#14659=CARTESIAN_POINT('',(0.076708,-0.0135648449360225,0.0249402903198591));
#14660=CARTESIAN_POINT('',(0.076708,-0.0150651927272279,0.0220876729910679));
#14661=CARTESIAN_POINT('',(0.076708,-0.0155538309012609,0.0253996654166773));
#14662=CARTESIAN_POINT('',(0.0762,-0.0155538309012609,0.0253996654166773));
#14663=CARTESIAN_POINT('',(0.076708,-0.0147983703566006,0.0253996654166773));
#14664=CARTESIAN_POINT('',(0.0762,-0.0147983703566006,0.0253996654166773));
#14665=CARTESIAN_POINT('',(0.076708,-0.0141353750348545,0.0252465403844045));
#14666=CARTESIAN_POINT('',(0.0762,-0.0141353750348545,0.0252465403844045));
#14667=CARTESIAN_POINT('',(0.076708,-0.0135648449360225,0.0249402903198591));
#14668=CARTESIAN_POINT('',(0.0762,-0.0135648449360225,0.0249402903198591));
#14669=CARTESIAN_POINT('',(0.076708,-0.0155538309012609,0.0253996654166773));
#14670=CARTESIAN_POINT('',(0.076708,-0.0155538309012609,0.0253996654166773));
#14671=CARTESIAN_POINT('',(0.076708,-0.0155538309012609,0.0253996654166773));
#14672=CARTESIAN_POINT('',(0.076708,-0.0144206400842705,0.0253996654166773));
#14673=CARTESIAN_POINT('',(0.076708,-0.0135648449360225,0.0249402903198591));
#14674=CARTESIAN_POINT('',(0.076708,-0.0182549958174551,0.0247199476609999));
#14675=CARTESIAN_POINT('',(0.0762,-0.0182549958174551,0.0247199476609999));
#14676=CARTESIAN_POINT('',(0.076708,-0.0174614999328727,0.0251730928314514));
#14677=CARTESIAN_POINT('',(0.0762,-0.0174614999328727,0.0251730928314514));
#14678=CARTESIAN_POINT('',(0.076708,-0.0165611116274746,0.0253996654166773));
#14679=CARTESIAN_POINT('',(0.0762,-0.0165611116274746,0.0253996654166773));
#14680=CARTESIAN_POINT('',(0.076708,-0.0155538309012609,0.0253996654166773));
#14681=CARTESIAN_POINT('',(0.0762,-0.0155538309012609,0.0253996654166773));
#14682=CARTESIAN_POINT('',(0.076708,-0.0182549958174551,0.0247199476609999));
#14683=CARTESIAN_POINT('',(0.076708,-0.0182549958174551,0.0247199476609999));
#14684=CARTESIAN_POINT('',(0.076708,-0.0182549958174551,0.0247199476609999));
#14685=CARTESIAN_POINT('',(0.076708,-0.0170647519905815,0.0253996654166773));
#14686=CARTESIAN_POINT('',(0.076708,-0.0155538309012609,0.0253996654166773));
#14687=CARTESIAN_POINT('',(0.076708,-0.0158954017481236,0.0205525287204285));
#14688=CARTESIAN_POINT('',(0.076708,-0.0201121696564116,0.0228244105912598));
#14689=CARTESIAN_POINT('',(0.076708,-0.0201121696564116,0.0228244105912598));
#14690=CARTESIAN_POINT('',(0.076708,-0.0158954017481236,0.0205525287204285));
#14691=CARTESIAN_POINT('',(0.076708,-0.0207790996684946,0.0200602906296772));
#14692=CARTESIAN_POINT('',(0.0762,-0.0207790996684946,0.0200602906296772));
#14693=CARTESIAN_POINT('',(0.076708,-0.0207790996684946,0.0210924910613571));
#14694=CARTESIAN_POINT('',(0.0762,-0.0207790996684946,0.0210924910613571));
#14695=CARTESIAN_POINT('',(0.076708,-0.0205567896644669,0.0220138643818847));
#14696=CARTESIAN_POINT('',(0.0762,-0.0205567896644669,0.0220138643818847));
#14697=CARTESIAN_POINT('',(0.076708,-0.0201121696564116,0.0228244105912598));
#14698=CARTESIAN_POINT('',(0.0762,-0.0201121696564116,0.0228244105912598));
#14699=CARTESIAN_POINT('',(0.076708,-0.0207790996684946,0.0200602906296772));
#14700=CARTESIAN_POINT('',(0.076708,-0.0207790996684946,0.0200602906296772));
#14701=CARTESIAN_POINT('',(0.076708,-0.0207790996684946,0.0200602906296772));
#14702=CARTESIAN_POINT('',(0.076708,-0.0207790996684946,0.0216085912771971));
#14703=CARTESIAN_POINT('',(0.076708,-0.0201121696564116,0.0228244105912598));
#14704=CARTESIAN_POINT('',(0.076708,-0.0203138225361712,0.0181214719662326));
#14705=CARTESIAN_POINT('',(0.0762,-0.0203138225361712,0.0181214719662326));
#14706=CARTESIAN_POINT('',(0.076708,-0.0206240072910534,0.0186834769026683));
#14707=CARTESIAN_POINT('',(0.0762,-0.0206240072910534,0.0186834769026683));
#14708=CARTESIAN_POINT('',(0.076708,-0.0207790996684946,0.0193297497904832));
#14709=CARTESIAN_POINT('',(0.0762,-0.0207790996684946,0.0193297497904832));
#14710=CARTESIAN_POINT('',(0.076708,-0.0207790996684946,0.0200602906296772));
#14711=CARTESIAN_POINT('',(0.0762,-0.0207790996684946,0.0200602906296772));
#14712=CARTESIAN_POINT('',(0.076708,-0.0203138225361712,0.0181214719662326));
#14713=CARTESIAN_POINT('',(0.076708,-0.0203138225361712,0.0181214719662326));
#14714=CARTESIAN_POINT('',(0.076708,-0.0203138225361712,0.0181214719662326));
#14715=CARTESIAN_POINT('',(0.076708,-0.0207790996684946,0.0189644793708861));
#14716=CARTESIAN_POINT('',(0.076708,-0.0207790996684946,0.0200602906296772));
#14717=CARTESIAN_POINT('',(0.076708,-0.0174503125958325,0.0196835208993086));
#14718=CARTESIAN_POINT('',(0.076708,-0.0174503125958325,0.0196835208993086));
#14719=CARTESIAN_POINT('',(0.076708,-0.0152390556743191,0.0187638101637108));
#14720=CARTESIAN_POINT('',(0.0762,-0.0152390556743191,0.0187638101637108));
#14721=CARTESIAN_POINT('',(0.076708,-0.01481935537173,0.0190497309948495));
#14722=CARTESIAN_POINT('',(0.0762,-0.01481935537173,0.0190497309948495));
#14723=CARTESIAN_POINT('',(0.076708,-0.0144940876372235,0.0194340190844076));
#14724=CARTESIAN_POINT('',(0.0762,-0.0144940876372235,0.0194340190844076));
#14725=CARTESIAN_POINT('',(0.076708,-0.0142632524707996,0.0199166744323851));
#14726=CARTESIAN_POINT('',(0.0762,-0.0142632524707996,0.0199166744323851));
#14727=CARTESIAN_POINT('',(0.0762,-0.0152390556743191,0.0187638101637108));
#14728=CARTESIAN_POINT('',(0.0762,-0.0146095052204355,0.0191926914104189));
#14729=CARTESIAN_POINT('',(0.0762,-0.0142632524707996,0.0199166744323851));
#14730=CARTESIAN_POINT('',(0.076708,-0.0152390556743191,0.0187638101637108));
#14731=CARTESIAN_POINT('',(0.076708,-0.0146095052204355,0.0191926914104189));
#14732=CARTESIAN_POINT('',(0.076708,-0.0142632524707996,0.0199166744323851));
#14733=CARTESIAN_POINT('',(0.076708,1.39703063931999E-17,0.0254));
#14734=CARTESIAN_POINT('',(0.0762,0.,0.0508));
#14735=CARTESIAN_POINT('',(0.076708,-0.00606729249930283,0.0212702079082347));
#14736=CARTESIAN_POINT('',(0.0762,-0.00606729249930283,0.0212702079082347));
#14737=CARTESIAN_POINT('',(0.0762,-0.00580957028224424,0.0196333767281374));
#14738=CARTESIAN_POINT('',(0.0762,-0.00632501471636142,0.022907039088332));
#14739=CARTESIAN_POINT('',(0.076708,-0.00580957028224424,0.0196333767281374));
#14740=CARTESIAN_POINT('',(0.076708,-0.00580957028224424,0.0196333767281374));
#14741=CARTESIAN_POINT('',(0.076708,-0.00606729249930283,0.0212702079082347));
#14742=CARTESIAN_POINT('',(0.076708,-0.00632501471636142,0.022907039088332));
#14743=CARTESIAN_POINT('',(0.076708,-0.00632501471636142,0.022907039088332));
#14744=CARTESIAN_POINT('',(0.076708,-0.00691128357654049,0.0196333767281374));
#14745=CARTESIAN_POINT('',(0.0762,-0.00691128357654049,0.0196333767281374));
#14746=CARTESIAN_POINT('',(0.0762,-0.00801299687083674,0.0196333767281374));
#14747=CARTESIAN_POINT('',(0.076708,-0.00801299687083674,0.0196333767281374));
#14748=CARTESIAN_POINT('',(0.076708,-0.00801299687083674,0.0196333767281374));
#14749=CARTESIAN_POINT('',(0.076708,-0.00691128357654049,0.0196333767281374));
#14750=CARTESIAN_POINT('',(0.076708,-0.00720736902438261,0.0179965455480401));
#14751=CARTESIAN_POINT('',(0.076708,-0.00555775010069082,0.0179965455480401));
#14752=CARTESIAN_POINT('',(0.076708,-0.00555775010069082,0.0179965455480401));
#14753=CARTESIAN_POINT('',(0.076708,-0.00720736902438261,0.0179965455480401));
#14754=CARTESIAN_POINT('',(0.076708,-0.00885698794807441,0.0179965455480401));
#14755=CARTESIAN_POINT('',(0.076708,-0.00885698794807441,0.0179965455480401));
#14756=CARTESIAN_POINT('',(0.076708,-0.00543184000991411,0.0172155095161909));
#14757=CARTESIAN_POINT('',(0.076708,-0.00530592991913739,0.0164344734843416));
#14758=CARTESIAN_POINT('',(0.076708,-0.00530592991913739,0.0164344734843416));
#14759=CARTESIAN_POINT('',(0.076708,-0.00543184000991411,0.0172155095161909));
#14760=CARTESIAN_POINT('',(0.076708,-0.0041668370666418,0.0164344734843416));
#14761=CARTESIAN_POINT('',(0.076708,-0.00302774421414622,0.0164344734843416));
#14762=CARTESIAN_POINT('',(0.076708,-0.00302774421414622,0.0164344734843416));
#14763=CARTESIAN_POINT('',(0.076708,-0.0041668370666418,0.0164344734843416));
#14764=CARTESIAN_POINT('',(0.076708,-0.00384615980419485,0.020854114405121));
#14765=CARTESIAN_POINT('',(0.076708,-0.00466457539424349,0.0252737553259005));
#14766=CARTESIAN_POINT('',(0.076708,-0.00466457539424349,0.0252737553259005));
#14767=CARTESIAN_POINT('',(0.076708,-0.00384615980419485,0.020854114405121));
#14768=CARTESIAN_POINT('',(0.076708,-0.00591088855841613,0.0252737553259005));
#14769=CARTESIAN_POINT('',(0.076708,-0.00715720172258876,0.0252737553259005));
#14770=CARTESIAN_POINT('',(0.076708,-0.00715720172258876,0.0252737553259005));
#14771=CARTESIAN_POINT('',(0.076708,-0.00591088855841613,0.0252737553259005));
#14772=CARTESIAN_POINT('',(0.076708,-0.00953670570375182,0.020854114405121));
#14773=CARTESIAN_POINT('',(0.076708,-0.0119162096849149,0.0164344734843416));
#14774=CARTESIAN_POINT('',(0.076708,-0.0119162096849149,0.0164344734843416));
#14775=CARTESIAN_POINT('',(0.076708,-0.00953670570375182,0.020854114405121));
#14776=CARTESIAN_POINT('',(0.076708,-0.0107889209034296,0.0164344734843416));
#14777=CARTESIAN_POINT('',(0.076708,-0.00966163212194435,0.0164344734843416));
#14778=CARTESIAN_POINT('',(0.076708,-0.00966163212194435,0.0164344734843416));
#14779=CARTESIAN_POINT('',(0.076708,-0.0107889209034296,0.0164344734843416));
#14780=CARTESIAN_POINT('',(0.076708,-0.00925931003500938,0.0172155095161909));
#14781=CARTESIAN_POINT('',(0.076708,-0.00925931003500938,0.0172155095161909));
#14782=CARTESIAN_POINT('',(0.076708,-0.00716900579359908,0.0212702079082347));
#14783=CARTESIAN_POINT('',(0.0762,-0.00716900579359908,0.0212702079082347));
#14784=CARTESIAN_POINT('',(0.076708,-0.00716900579359908,0.0212702079082347));
#14785=CARTESIAN_POINT('',(0.076708,1.39703063931999E-17,0.0254));
#14786=CARTESIAN_POINT('',(0.0762,0.,0.0508));
#14787=CARTESIAN_POINT('',(0.076708,0.00571808873191446,0.0244238622131577));
#14788=CARTESIAN_POINT('',(0.076708,0.00586268860179084,0.0252737553259005));
#14789=CARTESIAN_POINT('',(0.076708,0.00586268860179084,0.0252737553259005));
#14790=CARTESIAN_POINT('',(0.076708,0.00571808873191446,0.0244238622131577));
#14791=CARTESIAN_POINT('',(0.076708,0.00557348886203807,0.0235739691004149));
#14792=CARTESIAN_POINT('',(0.076708,0.00557348886203807,0.0235739691004149));
#14793=CARTESIAN_POINT('',(0.076708,0.00244442637171989,0.0252737553259005));
#14794=CARTESIAN_POINT('',(0.076708,-0.000973835858351063,0.0252737553259005));
#14795=CARTESIAN_POINT('',(0.076708,-0.000973835858351063,0.0252737553259005));
#14796=CARTESIAN_POINT('',(0.076708,0.00244442637171989,0.0252737553259005));
#14797=CARTESIAN_POINT('',(0.076708,-0.0011253214363168,0.0244238622131577));
#14798=CARTESIAN_POINT('',(0.076708,-0.00127680701428253,0.0235739691004149));
#14799=CARTESIAN_POINT('',(0.076708,-0.00127680701428253,0.0235739691004149));
#14800=CARTESIAN_POINT('',(0.076708,-0.0011253214363168,0.0244238622131577));
#14801=CARTESIAN_POINT('',(0.076708,-0.000105252966508578,0.0235739691004149));
#14802=CARTESIAN_POINT('',(0.076708,0.00106630108126537,0.0235739691004149));
#14803=CARTESIAN_POINT('',(0.076708,0.00106630108126537,0.0235739691004149));
#14804=CARTESIAN_POINT('',(0.076708,-0.000105252966508578,0.0235739691004149));
#14805=CARTESIAN_POINT('',(0.076708,0.0004367506273818,0.0200042212923782));
#14806=CARTESIAN_POINT('',(0.076708,-0.00019279982650177,0.0164344734843416));
#14807=CARTESIAN_POINT('',(0.076708,-0.00019279982650177,0.0164344734843416));
#14808=CARTESIAN_POINT('',(0.076708,0.0004367506273818,0.0200042212923782));
#14809=CARTESIAN_POINT('',(0.076708,0.00088333798060547,0.0164344734843416));
#14810=CARTESIAN_POINT('',(0.076708,0.0019594757877127,0.0164344734843416));
#14811=CARTESIAN_POINT('',(0.076708,0.0019594757877127,0.0164344734843416));
#14812=CARTESIAN_POINT('',(0.076708,0.00088333798060547,0.0164344734843416));
#14813=CARTESIAN_POINT('',(0.076708,0.00258902624159626,0.0200042212923782));
#14814=CARTESIAN_POINT('',(0.076708,0.00321857669547984,0.0235739691004149));
#14815=CARTESIAN_POINT('',(0.076708,0.00321857669547984,0.0235739691004149));
#14816=CARTESIAN_POINT('',(0.076708,0.00258902624159626,0.0200042212923782));
#14817=CARTESIAN_POINT('',(0.076708,0.00439603277875896,0.0235739691004149));
#14818=CARTESIAN_POINT('',(0.076708,0.00439603277875896,0.0235739691004149));
#14819=CARTESIAN_POINT('',(0.076708,1.39703063931999E-17,0.0254));
#14820=MECHANICAL_DESIGN_GEOMETRIC_PRESENTATION_REPRESENTATION('',(#8245),
#14821);
#14821=(
GEOMETRIC_REPRESENTATION_CONTEXT(3)
GLOBAL_UNCERTAINTY_ASSIGNED_CONTEXT((#14822))
GLOBAL_UNIT_ASSIGNED_CONTEXT((#14825,#14824,#14823))
REPRESENTATION_CONTEXT('Part 1','TOP_LEVEL_ASSEMBLY_PART')
);
#14822=UNCERTAINTY_MEASURE_WITH_UNIT(LENGTH_MEASURE(2.E-5),#14825,
'DISTANCE_ACCURACY_VALUE','Maximum Tolerance applied to model');
#14823=(
NAMED_UNIT(*)
SI_UNIT($,.STERADIAN.)
SOLID_ANGLE_UNIT()
);
#14824=(
NAMED_UNIT(*)
PLANE_ANGLE_UNIT()
SI_UNIT($,.RADIAN.)
);
#14825=(
LENGTH_UNIT()
NAMED_UNIT(*)
SI_UNIT($,.METRE.)
);
#14826=PRODUCT_DEFINITION_SHAPE('','',#14827);
#14827=PRODUCT_DEFINITION('','',#14829,#14828);
#14828=PRODUCT_DEFINITION_CONTEXT('',#14835,'design');
#14829=PRODUCT_DEFINITION_FORMATION_WITH_SPECIFIED_SOURCE('','',#14831,
 .NOT_KNOWN.);
#14830=PRODUCT_RELATED_PRODUCT_CATEGORY('','',(#14831));
#14831=PRODUCT('Part 1','Part 1','Part 1',(#14833));
#14832=PRODUCT_CATEGORY('','');
#14833=PRODUCT_CONTEXT('',#14835,'mechanical');
#14834=APPLICATION_PROTOCOL_DEFINITION('international standard',
'ap242_managed_model_based_3d_engineering',2020,#14835);
#14835=APPLICATION_CONTEXT('managed model based 3d engineering');
ENDSEC;
END-ISO-10303-21;
