ISO-10303-21;
HEADER;
/****************************************************************
 * Generated by software with PDElib inside                    *
 * PDElib Version v51a, created Tue 11/30/2010                  *
 * ITI Transcendata (http://www.transcendata.com/)              *
 ****************************************************************/
FILE_DESCRIPTION((''),'2;1');
FILE_NAME('C:\\_Work\\Projects\\Blog Files\\Fan Per Request.stp','2011-09-19T10:04:13',('Stan'),(''),'Autodesk Inventor 2012','Autodesk Inventor 2012','');
FILE_SCHEMA(('AUTOMOTIVE_DESIGN { 1 0 10303 214 1 1 1 1 }'));
ENDSEC;
DATA;
#5=APPLICATION_CONTEXT('automotive design');
#6=APPLICATION_PROTOCOL_DEFINITION('International Standard','automotive_design',2001,#5);
#7=PRODUCT_CONTEXT('',#5,'mechanical');
#8=PRODUCT('Fan Per Request','Fan Per Request',$,(#7));
#9=PRODUCT_RELATED_PRODUCT_CATEGORY('part',$,(#8));
#10=PRODUCT_DEFINITION_FORMATION('',$,#8);
#11=PRODUCT_DEFINITION_CONTEXT('part definition',#5,'design');
#12=PRODUCT_DEFINITION('',$,#10,#11);
#18=(NAMED_UNIT(*)PLANE_ANGLE_UNIT()SI_UNIT($,.RADIAN.));
#19=DIMENSIONAL_EXPONENTS(0.0,0.0,0.0,0.0,0.0,0.0,0.0);
#20=PLANE_ANGLE_MEASURE_WITH_UNIT(PLANE_ANGLE_MEASURE(0.0174532925),#18);
#24=(CONVERSION_BASED_UNIT('DEGREE',#20)NAMED_UNIT(#19)PLANE_ANGLE_UNIT());
#28=(NAMED_UNIT(*)SI_UNIT($,.STERADIAN.)SOLID_ANGLE_UNIT());
#32=(LENGTH_UNIT()NAMED_UNIT(*)SI_UNIT(.CENTI.,.METRE.));
#33=DIMENSIONAL_EXPONENTS(1.0,0.0,0.0,0.0,0.0,0.0,0.0);
#34=LENGTH_MEASURE_WITH_UNIT(LENGTH_MEASURE(2.54),#32);
#38=(CONVERSION_BASED_UNIT('INCH',#34)LENGTH_UNIT()NAMED_UNIT(#33));
#40=UNCERTAINTY_MEASURE_WITH_UNIT(LENGTH_MEASURE(0.000393700787402),#38,'DISTANCE_ACCURACY_VALUE','');
#42=(GEOMETRIC_REPRESENTATION_CONTEXT(3)GLOBAL_UNCERTAINTY_ASSIGNED_CONTEXT((#40))GLOBAL_UNIT_ASSIGNED_CONTEXT((#24,#28,#38))REPRESENTATION_CONTEXT('None','None'));
#43=AXIS2_PLACEMENT_3D('',#44,#45,#46);
#44=CARTESIAN_POINT('',(0.0,0.0,0.0));
#45=DIRECTION('',(0.0,0.0,1.0));
#46=DIRECTION('',(1.0,0.0,0.0));
#47=SHAPE_REPRESENTATION('',(#43),#42);
#48=PRODUCT_DEFINITION_SHAPE('','',#12);
#49=SHAPE_DEFINITION_REPRESENTATION(#48,#47);
#55=(NAMED_UNIT(*)PLANE_ANGLE_UNIT()SI_UNIT($,.RADIAN.));
#56=DIMENSIONAL_EXPONENTS(0.0,0.0,0.0,0.0,0.0,0.0,0.0);
#57=PLANE_ANGLE_MEASURE_WITH_UNIT(PLANE_ANGLE_MEASURE(0.0174532925),#55);
#61=(CONVERSION_BASED_UNIT('DEGREE',#57)NAMED_UNIT(#56)PLANE_ANGLE_UNIT());
#65=(NAMED_UNIT(*)SI_UNIT($,.STERADIAN.)SOLID_ANGLE_UNIT());
#69=(LENGTH_UNIT()NAMED_UNIT(*)SI_UNIT(.MILLI.,.METRE.));
#71=UNCERTAINTY_MEASURE_WITH_UNIT(LENGTH_MEASURE(0.000001),#69,'DISTANCE_ACCURACY_VALUE','');
#73=(GEOMETRIC_REPRESENTATION_CONTEXT(3)GLOBAL_UNCERTAINTY_ASSIGNED_CONTEXT((#71))GLOBAL_UNIT_ASSIGNED_CONTEXT((#61,#65,#69))REPRESENTATION_CONTEXT('','3D'));
#74=CARTESIAN_POINT('',(0.269542579016084,2.599043477224681,-0.843104874783297));
#75=CARTESIAN_POINT('',(0.29914142118053,2.616152978651448,-0.826703163177434));
#76=CARTESIAN_POINT('',(0.359536464444711,2.657402318894601,-0.82703419310333));
#77=CARTESIAN_POINT('',(0.395781071661362,2.691490761107604,-0.877003790009054));
#78=CARTESIAN_POINT('',(0.403373761269568,2.701456550418622,-0.902534567376897));
#79=CARTESIAN_POINT('',(0.307966714963923,2.538412210812973,-0.855410078065729));
#80=CARTESIAN_POINT('',(0.336850306016163,2.555890282835136,-0.838167149149817));
#81=CARTESIAN_POINT('',(0.397177243340011,2.597192725173453,-0.836875588375847));
#82=CARTESIAN_POINT('',(0.435373954294201,2.630353572644867,-0.886000604006037));
#83=CARTESIAN_POINT('',(0.443984946860153,2.639837049974684,-0.911403162460293));
#84=CARTESIAN_POINT('',(0.386089419763669,2.417611402955454,-0.871775110226015));
#85=CARTESIAN_POINT('',(0.413532546852389,2.435728232795849,-0.853037086087922));
#86=CARTESIAN_POINT('',(0.473467663477786,2.477012879969508,-0.848586246173578));
#87=CARTESIAN_POINT('',(0.515476049037564,2.508292798262583,-0.895621105524774));
#88=CARTESIAN_POINT('',(0.526124827077931,2.516832657465116,-0.920547397372486));
#89=CARTESIAN_POINT('',(0.545347120800081,2.171606666520412,-0.8719362282344));
#90=CARTESIAN_POINT('',(0.569703213098044,2.190730193383755,-0.850839320881872));
#91=CARTESIAN_POINT('',(0.628280000498923,2.231340677037299,-0.840210386142722));
#92=CARTESIAN_POINT('',(0.677364552539339,2.25875102427051,-0.881450226570611));
#93=CARTESIAN_POINT('',(0.691988610675393,2.26548861488802,-0.904620358652762));
#94=CARTESIAN_POINT('',(0.733907454026943,1.866027727176551,-0.814774174335136));
#95=CARTESIAN_POINT('',(0.75454276982049,1.885777675571561,-0.791722019999251));
#96=CARTESIAN_POINT('',(0.810485136461527,1.924580898244012,-0.773859400517412));
#97=CARTESIAN_POINT('',(0.86669623307784,1.947232651590962,-0.805550610198824));
#98=CARTESIAN_POINT('',(0.885678738686856,1.951945148116162,-0.825254695495871));
#99=CARTESIAN_POINT('',(0.918218804993949,1.491954970255006,-0.666868737452143));
#100=CARTESIAN_POINT('',(0.934707169153116,1.51151559170274,-0.642320506626169));
#101=CARTESIAN_POINT('',(0.986202048053524,1.546771126462658,-0.616114812743227));
#102=CARTESIAN_POINT('',(1.047357047431598,1.56379656799868,-0.633762221645364));
#103=CARTESIAN_POINT('',(1.070080336784023,1.566336355516449,-0.647811066088283));
#104=CARTESIAN_POINT('',(1.033383075204523,1.120997769643394,-0.467275331080803));
#105=CARTESIAN_POINT('',(1.046111611841379,1.139505297120411,-0.441630137835189));
#106=CARTESIAN_POINT('',(1.091833214983204,1.170203707023653,-0.407604214369853));
#107=CARTESIAN_POINT('',(1.153835714890285,1.18178490920004,-0.410442334294414));
#108=CARTESIAN_POINT('',(1.178458293566101,1.182372843615195,-0.418159189983174));
#109=CARTESIAN_POINT('',(1.066618534255,0.742398509155944,-0.240433973377143));
#110=CARTESIAN_POINT('',(1.075530050829434,0.759042289391535,-0.213797760130595));
#111=CARTESIAN_POINT('',(1.113802283634078,0.784166675958638,-0.172491839556458));
#112=CARTESIAN_POINT('',(1.172560454878363,0.790189801624597,-0.160679905657243));
#113=CARTESIAN_POINT('',(1.197208822858517,0.788877051044989,-0.161864170098201));
#114=CARTESIAN_POINT('',(1.010371173512512,0.364852107821359,-0.024541101493066));
#115=CARTESIAN_POINT('',(1.015202853588946,0.378884929721337,0.002957884550939));
#116=CARTESIAN_POINT('',(1.044269165893296,0.397599423654094,0.050382976552537));
#117=CARTESIAN_POINT('',(1.096041346886668,0.397872403873998,0.075141330610909));
#118=CARTESIAN_POINT('',(1.118937570566664,0.394635877782445,0.079970509792197));
#119=CARTESIAN_POINT('',(0.91587020094306,0.109026164596069,0.089882321556355));
#120=CARTESIAN_POINT('',(0.917508513072091,0.120796405828975,0.117730157610151));
#121=CARTESIAN_POINT('',(0.939181651743399,0.134531141729725,0.168046963230633));
#122=CARTESIAN_POINT('',(0.984150100499909,0.130578686758062,0.199705190850276));
#123=CARTESIAN_POINT('',(1.004840902174468,0.125918903434905,0.207892053156346));
#124=CARTESIAN_POINT('',(0.857632418288593,-0.017929324725707,0.132821790261803));
#125=CARTESIAN_POINT('',(0.857586604787549,-0.007424497542262,0.16067992692194));
#126=CARTESIAN_POINT('',(0.875333300061303,0.003636596728553,0.211983936372791));
#127=CARTESIAN_POINT('',(0.916560524658044,-0.002564722095256,0.246406630100705));
#128=CARTESIAN_POINT('',(0.93598539933014,-0.007981487404483,0.255995653127654));
#129=B_SPLINE_SURFACE_WITH_KNOTS('',3,3,((#74,#79,#84,#89,#94,#99,#104,#109,#114,#119,#124),(#75,#80,#85,#90,#95,#100,#105,#110,#115,#120,#125),(#76,#81,#86,#91,#96,#101,#106,#111,#116,#121,#126),(#77,#82,#87,#92,#97,#102,#107,#112,#117,#122,#127),(#78,#83,#88,#93,#98,#103,#108,#113,#118,#123,#128)),.UNSPECIFIED.,.F.,.F.,.F.,(4,1,4),(4,1,1,1,1,1,1,1,4),(0.0,0.571428571428571,1.0),(-0.241087896988163,0.341862592194884,0.924813081377931,2.090714059744025,3.256615038110119,4.422516016476212,5.588416994842306,6.7543179732084,7.920218951574494),.UNSPECIFIED.);
#130=CARTESIAN_POINT('',(0.882111427296699,0.036958949205846,0.113417344294819));
#131=VERTEX_POINT('',#130);
#132=CARTESIAN_POINT('',(0.866584746048487,-1.489162E-014,0.16925362339846));
#133=VERTEX_POINT('',#132);
#134=CARTESIAN_POINT('',(0.866584746048489,-2.445550E-014,0.169253623398452));
#135=CARTESIAN_POINT('',(0.866813421635302,0.000721646557118,0.168440924534842));
#136=CARTESIAN_POINT('',(0.867042321296222,0.001437848654085,0.167626223968645));
#137=CARTESIAN_POINT('',(0.872525929634855,0.018442956409188,0.148081701405263));
#138=CARTESIAN_POINT('',(0.877423287709831,0.030325995192205,0.129984360599266));
#139=CARTESIAN_POINT('',(0.8821114272967,0.036958949205847,0.113417344294819));
#140=B_SPLINE_CURVE_WITH_KNOTS('',3,(#134,#135,#136,#137,#138,#139),.UNSPECIFIED.,.F.,.U.,(4,2,4),(0.720539298842664,0.729794957743538,0.942054083280468),.UNSPECIFIED.);
#141=EDGE_CURVE('',#131,#133,#140,.F.);
#142=ORIENTED_EDGE('',*,*,#141,.F.);
#143=CARTESIAN_POINT('',(0.290366564036724,2.566296003244101,-0.84934676099804));
#144=VERTEX_POINT('',#143);
#145=CARTESIAN_POINT('',(0.88209487661951,0.036962082022609,0.113407260010545));
#146=CARTESIAN_POINT('',(0.929181183581162,0.145839020139411,0.073254527986696));
#147=CARTESIAN_POINT('',(1.013070703515357,0.382972030683788,-0.034902641614385));
#148=CARTESIAN_POINT('',(1.066618534255,0.742398509155944,-0.240433973377143));
#149=CARTESIAN_POINT('',(1.033383075204523,1.120997769643394,-0.467275331080803));
#150=CARTESIAN_POINT('',(0.918218804993949,1.491954970255006,-0.666868737452143));
#151=CARTESIAN_POINT('',(0.733907454026943,1.866027727176551,-0.814774174335136));
#152=CARTESIAN_POINT('',(0.545347120800081,2.171606666520412,-0.8719362282344));
#153=CARTESIAN_POINT('',(0.39326110123535,2.406533335152418,-0.871782365680715));
#154=CARTESIAN_POINT('',(0.322050996418303,2.516634779291878,-0.858225782445884));
#155=CARTESIAN_POINT('',(0.290366836357123,2.566297268396129,-0.849353406595307));
#156=B_SPLINE_CURVE_WITH_KNOTS('',3,(#145,#146,#147,#148,#149,#150,#151,#152,#153,#154,#155),.UNSPECIFIED.,.F.,.U.,(4,1,1,1,1,1,1,1,4),(-7.752350559356643,-6.7543179732084,-5.588416994842306,-4.422516016476212,-3.256615038110119,-2.090714059744025,-0.924813081377931,-0.341862592194884,0.1360823570369),.UNSPECIFIED.);
#157=EDGE_CURVE('',#131,#144,#156,.T.);
#158=ORIENTED_EDGE('',*,*,#157,.T.);
#159=CARTESIAN_POINT('',(0.311045519842785,2.625000000000002,-0.830780756470385));
#160=VERTEX_POINT('',#159);
#161=CARTESIAN_POINT('',(0.290366564036724,2.5662960032441,-0.84934676099804));
#162=CARTESIAN_POINT('',(0.294431331340698,2.57042220878389,-0.846321624636559));
#163=CARTESIAN_POINT('',(0.297684393691145,2.575555796531576,-0.843723275403576));
#164=CARTESIAN_POINT('',(0.300304406663469,2.581121439133729,-0.841512409622985));
#165=CARTESIAN_POINT('',(0.304623930405078,2.590297319410376,-0.83786743254476));
#166=CARTESIAN_POINT('',(0.307389756469905,2.600996644701531,-0.835136569527492));
#167=CARTESIAN_POINT('',(0.309184468758348,2.611434894221929,-0.83310102635484));
#168=CARTESIAN_POINT('',(0.309926086921454,2.615748229281373,-0.832259891094138));
#169=CARTESIAN_POINT('',(0.310545725934741,2.620274867703599,-0.831486456186278));
#170=CARTESIAN_POINT('',(0.311045519842785,2.625000000000001,-0.830780756470385));
#171=B_SPLINE_CURVE_WITH_KNOTS('',3,(#161,#162,#163,#164,#165,#166,#167,#168,#169,#170),.UNSPECIFIED.,.F.,.U.,(4,3,3,4),(0.0,0.049792694760866,0.131884168906305,0.165806699835866),.UNSPECIFIED.);
#172=EDGE_CURVE('',#144,#160,#171,.T.);
#173=ORIENTED_EDGE('',*,*,#172,.T.);
#174=CARTESIAN_POINT('',(0.453975703110138,2.625000000000002,-0.911308983188569));
#175=VERTEX_POINT('',#174);
#176=CARTESIAN_POINT('',(0.311035251670214,2.625039069625923,-0.831026435308825));
#177=CARTESIAN_POINT('',(0.312111390569107,2.625039228743324,-0.831080684049189));
#178=CARTESIAN_POINT('',(0.313186921454847,2.62503940990037,-0.831143873446031));
#179=CARTESIAN_POINT('',(0.314261700287631,2.625039506500609,-0.831215936028599));
#180=CARTESIAN_POINT('',(0.337969198614193,2.625041637311101,-0.832805494274001));
#181=CARTESIAN_POINT('',(0.361602604890439,2.625018861809012,-0.838638720498924));
#182=CARTESIAN_POINT('',(0.383094883051532,2.624994563789151,-0.848674536200699));
#183=CARTESIAN_POINT('',(0.383708230027002,2.624993870371875,-0.84896093846857));
#184=CARTESIAN_POINT('',(0.384319807992401,2.624993172098073,-0.849250835686752));
#185=CARTESIAN_POINT('',(0.384929578008502,2.624992471918558,-0.849544199145378));
#186=CARTESIAN_POINT('',(0.399391935438653,2.62497586525352,-0.856502112921978));
#187=CARTESIAN_POINT('',(0.412973492184355,2.624961721810555,-0.865455951156387));
#188=CARTESIAN_POINT('',(0.42497189834782,2.624970691390932,-0.876171086415901));
#189=CARTESIAN_POINT('',(0.436375321434933,2.624979216183189,-0.886354874090297));
#190=CARTESIAN_POINT('',(0.446354112411485,2.625013805229504,-0.898132849465563));
#191=CARTESIAN_POINT('',(0.453976798013705,2.625010270233751,-0.91133461327428));
#192=B_SPLINE_CURVE_WITH_KNOTS('',3,(#176,#177,#178,#179,#180,#181,#182,#183,#184,#185,#186,#187,#188,#189,#190,#191),.UNSPECIFIED.,.F.,.U.,(4,3,3,3,3,4),(0.148436739384618,0.156623975852608,0.337236346290011,0.342390664985781,0.46463937731798,0.580825958234351),.UNSPECIFIED.);
#193=EDGE_CURVE('',#175,#160,#192,.F.);
#194=ORIENTED_EDGE('',*,*,#193,.F.);
#195=CARTESIAN_POINT('',(0.940075902291201,-1.192877E-013,0.253110010877769));
#196=VERTEX_POINT('',#195);
#197=CARTESIAN_POINT('',(0.453979603000041,2.625006046481713,-0.911334977587375));
#198=CARTESIAN_POINT('',(0.477990868320362,2.588849856539991,-0.91445351527973));
#199=CARTESIAN_POINT('',(0.543274636291166,2.490844450253217,-0.918900590158453));
#200=CARTESIAN_POINT('',(0.691988610675393,2.26548861488802,-0.904620358652762));
#201=CARTESIAN_POINT('',(0.885678738686856,1.951945148116162,-0.825254695495871));
#202=CARTESIAN_POINT('',(1.070080336784023,1.566336355516449,-0.647811066088283));
#203=CARTESIAN_POINT('',(1.178458293566101,1.182372843615195,-0.418159189983174));
#204=CARTESIAN_POINT('',(1.197208822858517,0.788877051044989,-0.161864170098201));
#205=CARTESIAN_POINT('',(1.119455939757524,0.397246829722061,0.078368904558272));
#206=CARTESIAN_POINT('',(1.007101685437243,0.131257240270557,0.205347198104196));
#207=CARTESIAN_POINT('',(0.940075489296455,0.00000011239839,0.2531097401978));
#208=B_SPLINE_CURVE_WITH_KNOTS('',3,(#197,#198,#199,#200,#201,#202,#203,#204,#205,#206,#207),.UNSPECIFIED.,.F.,.U.,(4,1,1,1,1,1,1,1,4),(0.000013311567744,0.341862592194884,0.924813081377931,2.090714059744025,3.256615038110119,4.422516016476212,5.588416994842306,6.7543179732084,7.897054617451246),.UNSPECIFIED.);
#209=EDGE_CURVE('',#175,#196,#208,.T.);
#210=ORIENTED_EDGE('',*,*,#209,.T.);
#211=CARTESIAN_POINT('',(0.940075902291317,1.457537E-015,0.253110010877678));
#212=CARTESIAN_POINT('',(0.925855478820592,1.456686E-015,0.248282827567698));
#213=CARTESIAN_POINT('',(0.912733689685471,1.475172E-014,0.240848218987562));
#214=CARTESIAN_POINT('',(0.890934293849965,1.475222E-014,0.221609086652366));
#215=CARTESIAN_POINT('',(0.882374596379605,-2.063165E-014,0.210401789904748));
#216=CARTESIAN_POINT('',(0.871678834270146,-2.063039E-014,0.188728001216048));
#217=CARTESIAN_POINT('',(0.868503893698093,1.476398E-015,0.179142511844962));
#218=CARTESIAN_POINT('',(0.866584746048561,1.476132E-015,0.169253623398747));
#219=B_SPLINE_CURVE_WITH_KNOTS('',3,(#211,#212,#213,#214,#215,#216,#217,#218),.UNSPECIFIED.,.F.,.U.,(4,2,2,4),(0.0,0.114432547314451,0.221788247218816,0.298751143137165),.UNSPECIFIED.);
#220=EDGE_CURVE('',#196,#133,#219,.T.);
#221=ORIENTED_EDGE('',*,*,#220,.T.);
#222=EDGE_LOOP('',(#142,#158,#173,#194,#210,#221));
#223=FACE_OUTER_BOUND('',#222,.T.);
#224=ADVANCED_FACE('',(#223),#129,.T.);
#225=CARTESIAN_POINT('',(0.431646283489098,2.625,-0.872633293901398));
#226=CARTESIAN_POINT('',(1.269721993080557,2.625,-2.324223003503143));
#227=CARTESIAN_POINT('',(2.107797702672018,2.625,-3.775812713104887));
#228=CARTESIAN_POINT('',(2.945873412263476,2.625,-5.227402422706631));
#229=CARTESIAN_POINT('',(0.488759999018238,2.499999999999989,-0.844382110710589));
#230=CARTESIAN_POINT('',(1.421842032937026,2.499999999999989,-2.241119893387233));
#231=CARTESIAN_POINT('',(2.354924066855816,2.499999999999989,-3.637857676063878));
#232=CARTESIAN_POINT('',(3.288006100774604,2.499999999999989,-5.034595458740522));
#233=CARTESIAN_POINT('',(0.597438279919284,2.249999999999966,-0.776639205312637));
#234=CARTESIAN_POINT('',(1.709756395675125,2.249999999999966,-2.044973746961824));
#235=CARTESIAN_POINT('',(2.822074511430966,2.249999999999966,-3.313308288611013));
#236=CARTESIAN_POINT('',(3.934392627186807,2.249999999999966,-4.5816428302602));
#237=CARTESIAN_POINT('',(0.737433005016361,1.874999999999933,-0.645147187281895));
#238=CARTESIAN_POINT('',(2.075746897813581,1.874999999999934,-1.672087774481934));
#239=CARTESIAN_POINT('',(3.414060790610802,1.874999999999933,-2.699028361681974));
#240=CARTESIAN_POINT('',(4.752374683408021,1.874999999999933,-3.725968948882012));
#241=CARTESIAN_POINT('',(0.886471405989846,1.374999999999888,-0.436849420280469));
#242=CARTESIAN_POINT('',(2.457830097990249,1.374999999999887,-1.089434090069323));
#243=CARTESIAN_POINT('',(4.029188789990653,1.374999999999887,-1.742018759858176));
#244=CARTESIAN_POINT('',(5.600547481991058,1.374999999999888,-2.39460342964703));
#245=CARTESIAN_POINT('',(0.990547815517031,0.749999999999831,-0.12921036408821));
#246=CARTESIAN_POINT('',(2.706720674080735,0.749999999999832,-0.241727280897039));
#247=CARTESIAN_POINT('',(4.422893532644439,0.749999999999831,-0.354244197705869));
#248=CARTESIAN_POINT('',(6.139066391208144,0.749999999999831,-0.466761114514698));
#249=CARTESIAN_POINT('',(0.973207925238019,0.249999999999786,0.130054363025469));
#250=CARTESIAN_POINT('',(2.630932501904872,0.249999999999786,0.461071809910003));
#251=CARTESIAN_POINT('',(4.288657078571724,0.249999999999786,0.792089256794536));
#252=CARTESIAN_POINT('',(5.946381655238577,0.249999999999786,1.123106703679069));
#253=CARTESIAN_POINT('',(0.940075902291198,-2.362939E-013,0.253110010877765));
#254=CARTESIAN_POINT('',(2.527274182711416,-2.363482E-013,0.791891226827254));
#255=CARTESIAN_POINT('',(4.114472463131634,-2.364528E-013,1.330672442776745));
#256=CARTESIAN_POINT('',(5.701670743551851,-2.365070E-013,1.869453658726234));
#257=B_SPLINE_SURFACE_WITH_KNOTS('',3,3,((#225,#229,#233,#237,#241,#245,#249,#253),(#226,#230,#234,#238,#242,#246,#250,#254),(#227,#231,#235,#239,#243,#247,#251,#255),(#228,#232,#236,#240,#244,#248,#252,#256)),.UNSPECIFIED.,.F.,.F.,.F.,(4,4),(4,1,1,1,1,4),(-12.77227381417382,0.0),(0.0,0.19634954084938,0.39269908169876,0.589048622548139,0.981747704246899,1.374446785945658),.UNSPECIFIED.);
#258=ORIENTED_EDGE('',*,*,#209,.F.);
#259=CARTESIAN_POINT('',(0.570091673370916,2.625,-1.112427743250387));
#260=VERTEX_POINT('',#259);
#261=CARTESIAN_POINT('',(0.570091673370915,2.625,-1.112427743250386));
#262=DIRECTION('',(-0.5,0.0,0.866025403784438));
#263=VECTOR('',#262,0.23223194052155);
#264=LINE('',#261,#263);
#265=EDGE_CURVE('',#260,#175,#264,.T.);
#266=ORIENTED_EDGE('',*,*,#265,.F.);
#267=CARTESIAN_POINT('',(1.866977289293063,2.485861177473609,-2.86110731114014));
#268=VERTEX_POINT('',#267);
#269=CARTESIAN_POINT('',(0.570091673370916,2.625000000000001,-1.112427743250388));
#270=CARTESIAN_POINT('',(0.711035638822485,2.625000000000001,-1.356549852432737));
#271=CARTESIAN_POINT('',(0.900026215393497,2.606031292868185,-1.658858598916706));
#272=CARTESIAN_POINT('',(1.366796126596561,2.55033940260003,-2.294074538503951));
#273=CARTESIAN_POINT('',(1.608512211313686,2.518749964285517,-2.585137348336846));
#274=CARTESIAN_POINT('',(1.866977289293061,2.48586117747361,-2.861107311140142));
#275=B_SPLINE_CURVE_WITH_KNOTS('',3,(#269,#270,#271,#272,#273,#274),.UNSPECIFIED.,.F.,.U.,(4,2,4),(-6.056711274808935,-2.904602179571137,-0.012524931671182),.UNSPECIFIED.);
#276=EDGE_CURVE('',#260,#268,#275,.T.);
#277=ORIENTED_EDGE('',*,*,#276,.T.);
#278=CARTESIAN_POINT('',(5.614534320717806,1.293695166053964,-2.116816149664832));
#279=VERTEX_POINT('',#278);
#280=CARTESIAN_POINT('',(1.866977289293059,2.485861177473611,-2.861107311140143));
#281=CARTESIAN_POINT('',(2.019434153166322,2.466461569088838,-3.023889515146709));
#282=CARTESIAN_POINT('',(2.194805021978517,2.433152553534937,-3.162502615032648));
#283=CARTESIAN_POINT('',(2.584754913671928,2.349969096161198,-3.387151628126862));
#284=CARTESIAN_POINT('',(2.798832522786144,2.299688286868099,-3.469993858946572));
#285=CARTESIAN_POINT('',(3.301141502599066,2.174987957051691,-3.581813642991353));
#286=CARTESIAN_POINT('',(3.590051461919163,2.09858976675794,-3.589596778641865));
#287=CARTESIAN_POINT('',(4.154648501300979,1.936684695708053,-3.497510190710278));
#288=CARTESIAN_POINT('',(4.425626588544361,1.852312525885631,-3.397687290395429));
#289=CARTESIAN_POINT('',(4.921123340566774,1.675951929947005,-3.09924077163075));
#290=CARTESIAN_POINT('',(5.139818428895044,1.585313539443059,-2.900693978757906));
#291=CARTESIAN_POINT('',(5.439767798911696,1.426673400429201,-2.497618852517435));
#292=CARTESIAN_POINT('',(5.540717847068626,1.360294752407686,-2.312603169148458));
#293=CARTESIAN_POINT('',(5.614534320717806,1.293695166053964,-2.116816149664832));
#294=B_SPLINE_CURVE_WITH_KNOTS('',3,(#280,#281,#282,#283,#284,#285,#286,#287,#288,#289,#290,#291,#292,#293),.UNSPECIFIED.,.F.,.U.,(4,2,2,2,2,2,4),(-15.288949724106578,-13.575428154219537,-11.794720107067265,-9.536430221995234,-7.26273672077912,-4.928064823138951,-3.248121009045307),.UNSPECIFIED.);
#295=EDGE_CURVE('',#268,#279,#294,.T.);
#296=ORIENTED_EDGE('',*,*,#295,.T.);
#297=CARTESIAN_POINT('',(3.298315034376294,0.072206652000068,0.917042444642015));
#298=VERTEX_POINT('',#297);
#299=CARTESIAN_POINT('',(5.614534320717805,1.293695166053964,-2.116816149664832));
#300=CARTESIAN_POINT('',(5.641985732395642,1.268927623360736,-2.044005436726079));
#301=CARTESIAN_POINT('',(5.665673997330616,1.244139244091232,-1.969733671177086));
#302=CARTESIAN_POINT('',(5.747969803801714,1.140982598980269,-1.656206691921444));
#303=CARTESIAN_POINT('',(5.771005209783475,1.063246364653589,-1.409346249363272));
#304=CARTESIAN_POINT('',(5.731546420714636,0.888208110369616,-0.854105366020054));
#305=CARTESIAN_POINT('',(5.645746279928678,0.792736642027733,-0.551933822495531));
#306=CARTESIAN_POINT('',(5.357895513826325,0.606826716578803,-0.004235886386974));
#307=CARTESIAN_POINT('',(5.16012498640584,0.518012645162258,0.23668368634457));
#308=CARTESIAN_POINT('',(4.683450209351852,0.352132329224446,0.619840702220006));
#309=CARTESIAN_POINT('',(4.410810918772472,0.27604339625315,0.760926236398026));
#310=CARTESIAN_POINT('',(3.852535332499564,0.151940598041348,0.917442262606421));
#311=CARTESIAN_POINT('',(3.574819903092621,0.102321451459869,0.943072679002292));
#312=CARTESIAN_POINT('',(3.298315034376292,0.072206652000066,0.91704244464202));
#313=B_SPLINE_CURVE_WITH_KNOTS('',3,(#299,#300,#301,#302,#303,#304,#305,#306,#307,#308,#309,#310,#311,#312),.UNSPECIFIED.,.F.,.U.,(4,2,2,2,2,2,4),(-11.972536958489297,-11.352506629455322,-9.395785194965123,-6.932253860623273,-4.500714260890023,-2.128687836523387,0.0),.UNSPECIFIED.);
#314=EDGE_CURVE('',#279,#298,#313,.T.);
#315=ORIENTED_EDGE('',*,*,#314,.T.);
#316=CARTESIAN_POINT('',(2.647595979749045,0.0,0.832734973265426));
#317=VERTEX_POINT('',#316);
#318=CARTESIAN_POINT('',(3.29831503437629,0.072206652000009,0.917042444642125));
#319=CARTESIAN_POINT('',(3.080451969029395,0.04847867009112,0.896532763652583));
#320=CARTESIAN_POINT('',(2.863405680898818,0.024495721222918,0.868409040457312));
#321=CARTESIAN_POINT('',(2.647595979746942,-2.361628E-013,0.832734973265075));
#322=B_SPLINE_CURVE_WITH_KNOTS('',3,(#318,#319,#320,#321),.UNSPECIFIED.,.F.,.U.,(4,4),(-1.677205215325335,0.0),.UNSPECIFIED.);
#323=EDGE_CURVE('',#298,#317,#322,.T.);
#324=ORIENTED_EDGE('',*,*,#323,.T.);
#325=CARTESIAN_POINT('',(2.647595979749045,-2.061382E-032,0.832734973265427));
#326=DIRECTION('',(-0.946930129495105,-6.391410E-033,-0.321439465303162));
#327=VECTOR('',#326,1.803216546048904);
#328=LINE('',#325,#327);
#329=EDGE_CURVE('',#317,#196,#328,.T.);
#330=ORIENTED_EDGE('',*,*,#329,.T.);
#331=EDGE_LOOP('',(#258,#266,#277,#296,#315,#324,#330));
#332=FACE_OUTER_BOUND('',#331,.T.);
#333=ADVANCED_FACE('',(#332),#257,.T.);
#334=CARTESIAN_POINT('',(0.758550511527486,0.025956522666864,0.456158035304896));
#335=CARTESIAN_POINT('',(0.76998969941613,0.008847021240742,0.42431070289619));
#336=CARTESIAN_POINT('',(0.815615267361747,-0.032402316653963,0.384738181305579));
#337=CARTESIAN_POINT('',(0.875812743427209,-0.06649076121696,0.398409767377591));
#338=CARTESIAN_POINT('',(0.898354840933011,-0.076456550528842,0.412598614001472));
#339=CARTESIAN_POINT('',(0.795552693531098,0.086587793567043,0.440074782549421));
#340=CARTESIAN_POINT('',(0.805899473967357,0.069109721518197,0.408066587295833));
#341=CARTESIAN_POINT('',(0.850403988685404,0.027807281524301,0.367319042705467));
#342=CARTESIAN_POINT('',(0.911512262987175,-0.005353568228458,0.379068527381761));
#343=CARTESIAN_POINT('',(0.934735420639094,-0.014837045523421,0.3924895600719));
#344=CARTESIAN_POINT('',(0.865058585148328,0.207437934437303,0.400845831391275));
#345=CARTESIAN_POINT('',(0.873335334802455,0.189318812818877,0.368669937971905));
#346=CARTESIAN_POINT('',(0.915461910125543,0.148037968774783,0.325798246244025));
#347=CARTESIAN_POINT('',(0.978054505204,0.116759333539097,0.333462270910814));
#348=CARTESIAN_POINT('',(1.002496292574563,0.108218852245725,0.34518187755028));
#349=CARTESIAN_POINT('',(0.985001793853422,0.453401530134432,0.295962097193113));
#350=CARTESIAN_POINT('',(0.989400962588833,0.434279245857774,0.264034746952399));
#351=CARTESIAN_POINT('',(1.026434754277721,0.393665521256949,0.217428440895055));
#352=CARTESIAN_POINT('',(1.090534914495743,0.366254814838306,0.216066942167022));
#353=CARTESIAN_POINT('',(1.116807111182897,0.359518559589484,0.22384306452858));
#354=CARTESIAN_POINT('',(1.088812005495015,0.759079124655669,0.12865205525959));
#355=CARTESIAN_POINT('',(1.089130324552154,0.73933329400104,0.097713222828761));
#356=CARTESIAN_POINT('',(1.119405188859035,0.70053140862238,0.047402246454443));
#357=CARTESIAN_POINT('',(1.182553153943565,0.677880898411279,0.034168821306639));
#358=CARTESIAN_POINT('',(1.209811949073635,0.673168860934316,0.036466866933606));
#359=CARTESIAN_POINT('',(1.123429451723554,1.07029595871539,-0.065082922856085));
#360=CARTESIAN_POINT('',(1.120327639941649,1.050700297080356,-0.094682531846501));
#361=CARTESIAN_POINT('',(1.143250436876429,1.014845878068508,-0.147783100998846));
#362=CARTESIAN_POINT('',(1.201805830075498,0.996876754404162,-0.172527330932699));
#363=CARTESIAN_POINT('',(1.228312626328211,0.993972798815628,-0.175823657019606));
#364=CARTESIAN_POINT('',(1.107335654439479,1.318992839121323,-0.217278958346223));
#365=CARTESIAN_POINT('',(1.101765596902247,1.299964550869411,-0.245784014806131));
#366=CARTESIAN_POINT('',(1.118443124260932,1.266992809443776,-0.300465852859747));
#367=CARTESIAN_POINT('',(1.171478233414327,1.252695609227992,-0.333377518699504));
#368=CARTESIAN_POINT('',(1.19644334575156,1.25113534368428,-0.34081028091954));
#369=CARTESIAN_POINT('',(1.064444882534395,1.566680143134356,-0.361897146288654));
#370=CARTESIAN_POINT('',(1.05653103835483,1.548476418977989,-0.389263308449943));
#371=CARTESIAN_POINT('',(1.06673975676748,1.518704369105807,-0.445103768625555));
#372=CARTESIAN_POINT('',(1.113222322351176,1.508045795318832,-0.485317736945536));
#373=CARTESIAN_POINT('',(1.136118593285407,1.50776965023871,-0.49656668549344));
#374=CARTESIAN_POINT('',(0.960326508716291,1.882895943409815,-0.522652804040912));
#375=CARTESIAN_POINT('',(0.94945622375101,1.866256902202594,-0.548562550664407));
#376=CARTESIAN_POINT('',(0.950993375104024,1.841134467531518,-0.60484036941842));
#377=CARTESIAN_POINT('',(0.987373465429493,1.835114211286961,-0.652471178825884));
#378=CARTESIAN_POINT('',(1.006678699400482,1.836430255005874,-0.667836396215359));
#379=CARTESIAN_POINT('',(0.775880767732059,2.260003552170559,-0.647658561114165));
#380=CARTESIAN_POINT('',(0.761385879145857,2.245968479341336,-0.671515532950965));
#381=CARTESIAN_POINT('',(0.751970722120133,2.227252910238065,-0.726342073359217));
#382=CARTESIAN_POINT('',(0.774575129414653,2.226978587992376,-0.779088105330251));
#383=CARTESIAN_POINT('',(0.788608808180211,2.230213515875656,-0.797813560296359));
#384=CARTESIAN_POINT('',(0.629324143970594,2.515973833665298,-0.671452291582068));
#385=CARTESIAN_POINT('',(0.612194538102052,2.504203592415086,-0.693469617540633));
#386=CARTESIAN_POINT('',(0.595313024765905,2.490468816186102,-0.745589866281308));
#387=CARTESIAN_POINT('',(0.608248441367184,2.494421311418647,-0.799041562562522));
#388=CARTESIAN_POINT('',(0.618406636340166,2.499081094731446,-0.818839165034701));
#389=CARTESIAN_POINT('',(0.557226700709247,2.642929324692885,-0.665337055113764));
#390=CARTESIAN_POINT('',(0.538824110472427,2.632424497509112,-0.686251704277141));
#391=CARTESIAN_POINT('',(0.518339631925547,2.621363362945953,-0.736525288108457));
#392=CARTESIAN_POINT('',(0.526639508053023,2.627564722060836,-0.78958865955811));
#393=CARTESIAN_POINT('',(0.534921419883565,2.632981487369867,-0.809605778608437));
#394=B_SPLINE_SURFACE_WITH_KNOTS('',3,3,((#334,#339,#344,#349,#354,#359,#364,#369,#374,#379,#384,#389),(#335,#340,#345,#350,#355,#360,#365,#370,#375,#380,#385,#390),(#336,#341,#346,#351,#356,#361,#366,#371,#376,#381,#386,#391),(#337,#342,#347,#352,#357,#362,#367,#372,#377,#382,#387,#392),(#338,#343,#348,#353,#358,#363,#368,#373,#378,#383,#388,#393)),.UNSPECIFIED.,.F.,.F.,.F.,(4,1,4),(4,1,1,1,1,1,1,1,1,4),(0.0,0.571428571428571,1.0),(-0.241087888300334,0.341862600243218,0.924813088786769,2.090714065873873,3.256615042960977,3.839565531504529,4.42251602004808,5.588416997135184,6.754317974222288,7.920218951309391),.UNSPECIFIED.);
#395=CARTESIAN_POINT('',(0.588425234353205,2.588041050794153,-0.666888152339421));
#396=VERTEX_POINT('',#395);
#397=CARTESIAN_POINT('',(0.539936240355013,2.625000000000018,-0.698630637367645));
#398=VERTEX_POINT('',#397);
#399=CARTESIAN_POINT('',(0.53993624035502,2.625000000000028,-0.698630637367641));
#400=CARTESIAN_POINT('',(0.54064507715346,2.6242772728806,-0.698169705153642));
#401=CARTESIAN_POINT('',(0.541355406794606,2.623560006434397,-0.697707411589153));
#402=CARTESIAN_POINT('',(0.558364809099293,2.606555400650701,-0.686628624169429));
#403=CARTESIAN_POINT('',(0.573978105805704,2.594673548343444,-0.676252145018668));
#404=CARTESIAN_POINT('',(0.588425234353205,2.588041050794154,-0.666888152339421));
#405=B_SPLINE_CURVE_WITH_KNOTS('',3,(#399,#400,#401,#402,#403,#404),.UNSPECIFIED.,.F.,.U.,(4,2,4),(0.720544827116882,0.729814457143889,0.94206098627052),.UNSPECIFIED.);
#406=EDGE_CURVE('',#396,#398,#405,.F.);
#407=ORIENTED_EDGE('',*,*,#406,.F.);
#408=CARTESIAN_POINT('',(0.778322374036559,0.058703996755899,0.44712072642906));
#409=VERTEX_POINT('',#408);
#410=CARTESIAN_POINT('',(0.588419023133941,2.58803770688339,-0.666867591630417));
#411=CARTESIAN_POINT('',(0.650301921923997,2.479144963230014,-0.667718110315248));
#412=CARTESIAN_POINT('',(0.784732435530764,2.241905919450488,-0.64165945574782));
#413=CARTESIAN_POINT('',(0.960326508716291,1.882895943409815,-0.522652804040912));
#414=CARTESIAN_POINT('',(1.064444882534395,1.566680143134356,-0.361897146288654));
#415=CARTESIAN_POINT('',(1.107335654439479,1.318992839121323,-0.217278958346223));
#416=CARTESIAN_POINT('',(1.123429451723554,1.07029595871539,-0.065082922856085));
#417=CARTESIAN_POINT('',(1.088812005495015,0.759079124655669,0.12865205525959));
#418=CARTESIAN_POINT('',(0.985001793853422,0.453401530134432,0.295962097193113));
#419=CARTESIAN_POINT('',(0.870459635939264,0.218513691767989,0.396122909754752));
#420=CARTESIAN_POINT('',(0.807994782547996,0.108372643100425,0.432901685578392));
#421=CARTESIAN_POINT('',(0.778325337561813,0.058703535048236,0.447124914446025));
#422=B_SPLINE_CURVE_WITH_KNOTS('',3,(#410,#411,#412,#413,#414,#415,#416,#417,#418,#419,#420,#421),.UNSPECIFIED.,.F.,.U.,(4,1,1,1,1,1,1,1,1,4),(-7.752361974830179,-6.754317974222288,-5.588416997135184,-4.42251602004808,-3.839565531504529,-3.256615042960977,-2.090714065873873,-0.924813088786769,-0.341862600243218,0.136086688775446),.UNSPECIFIED.);
#423=EDGE_CURVE('',#396,#409,#422,.T.);
#424=ORIENTED_EDGE('',*,*,#423,.T.);
#425=CARTESIAN_POINT('',(0.781628218800217,1.465706E-015,0.419527482187968));
#426=VERTEX_POINT('',#425);
#427=CARTESIAN_POINT('',(0.778322374036559,0.058703996755899,0.44712072642906));
#428=CARTESIAN_POINT('',(0.779383818509977,0.054577784972239,0.442166213680942));
#429=CARTESIAN_POINT('',(0.780116390207934,0.049444187925049,0.438067773331104));
#430=CARTESIAN_POINT('',(0.780628495261035,0.043878535539149,0.434678058827168));
#431=CARTESIAN_POINT('',(0.781472788021953,0.034702605735788,0.429089534753987));
#432=CARTESIAN_POINT('',(0.781751661062747,0.02400321540245,0.425212717974923));
#433=CARTESIAN_POINT('',(0.781758866885553,0.013564908599086,0.422498978432901));
#434=CARTESIAN_POINT('',(0.781761844447468,0.009251632290848,0.421377617594037));
#435=CARTESIAN_POINT('',(0.781717752625865,0.004725059775125,0.420387579144142));
#436=CARTESIAN_POINT('',(0.781628218800216,1.635789E-015,0.419527482187968));
#437=B_SPLINE_CURVE_WITH_KNOTS('',3,(#427,#428,#429,#430,#431,#432,#433,#434,#435,#436),.UNSPECIFIED.,.F.,.U.,(4,3,3,4),(0.0,0.049792770108333,0.131884667257093,0.165806724718772),.UNSPECIFIED.);
#438=EDGE_CURVE('',#409,#426,#437,.T.);
#439=ORIENTED_EDGE('',*,*,#438,.T.);
#440=CARTESIAN_POINT('',(0.942184769554253,-6.158490E-013,0.385831390472041));
#441=VERTEX_POINT('',#440);
#442=CARTESIAN_POINT('',(0.781782464432221,-0.000039069077374,0.4197189207087));
#443=CARTESIAN_POINT('',(0.782627332875415,-0.000039228126944,0.419050145270992));
#444=CARTESIAN_POINT('',(0.78347763862803,-0.000039407495284,0.418388492250957));
#445=CARTESIAN_POINT('',(0.784333228903687,-0.000039500581568,0.417734005894737));
#446=CARTESIAN_POINT('',(0.803205479595535,-0.000041553839686,0.403297620932926));
#447=CARTESIAN_POINT('',(0.824819678211342,-0.000017800257225,0.392100272405677));
#448=CARTESIAN_POINT('',(0.847594840739042,0.00000807687774,0.385474007318836));
#449=CARTESIAN_POINT('',(0.848244825480541,0.000008815390269,0.385284899065741));
#450=CARTESIAN_POINT('',(0.848895784507116,0.00000955919585,0.385099584934726));
#451=CARTESIAN_POINT('',(0.8495476696125,0.000010305327637,0.384918069022262));
#452=CARTESIAN_POINT('',(0.865008277560544,0.000028001162294,0.380613098198786));
#453=CARTESIAN_POINT('',(0.881122568308955,0.000043487066865,0.378389368672417));
#454=CARTESIAN_POINT('',(0.897207901076525,0.000035857770399,0.378533690117267));
#455=CARTESIAN_POINT('',(0.912495558438941,0.000028606812525,0.378670854627992));
#456=CARTESIAN_POINT('',(0.927763256936369,-0.000004716512782,0.380945909987039));
#457=CARTESIAN_POINT('',(0.942198498461055,-0.000000179898292,0.385845011154731));
#458=B_SPLINE_CURVE_WITH_KNOTS('',3,(#442,#443,#444,#445,#446,#447,#448,#449,#450,#451,#452,#453,#454,#455,#456,#457),.UNSPECIFIED.,.F.,.U.,(4,3,3,3,3,4),(0.148436738610553,0.156624133125385,0.337236344481394,0.342390871100775,0.464639584197505,0.580825955087329),.UNSPECIFIED.);
#459=EDGE_CURVE('',#441,#426,#458,.F.);
#460=ORIENTED_EDGE('',*,*,#459,.F.);
#461=CARTESIAN_POINT('',(0.539899458962199,2.625,-0.810133293901473));
#462=VERTEX_POINT('',#461);
#463=CARTESIAN_POINT('',(0.94219727262591,-0.000002384760661,0.385845833676373));
#464=CARTESIAN_POINT('',(0.962304681807728,0.036164002433161,0.372354023696554));
#465=CARTESIAN_POINT('',(1.014314688930533,0.134200291112889,0.332636869097783));
#466=CARTESIAN_POINT('',(1.116807111182897,0.359518559589484,0.22384306452858));
#467=CARTESIAN_POINT('',(1.209811949073635,0.673168860934316,0.036466866933606));
#468=CARTESIAN_POINT('',(1.228312626328211,0.993972798815628,-0.175823657019606));
#469=CARTESIAN_POINT('',(1.19644334575156,1.25113534368428,-0.34081028091954));
#470=CARTESIAN_POINT('',(1.136118593285407,1.50776965023871,-0.49656668549344));
#471=CARTESIAN_POINT('',(1.006678699400482,1.836430255005874,-0.667836396215359));
#472=CARTESIAN_POINT('',(0.790053011100696,2.227605622909763,-0.796952765626761));
#473=CARTESIAN_POINT('',(0.62178576053243,2.49373986459701,-0.818414952457655));
#474=CARTESIAN_POINT('',(0.539899320506587,2.624999880406136,-0.810132767440116));
#475=B_SPLINE_CURVE_WITH_KNOTS('',3,(#463,#464,#465,#466,#467,#468,#469,#470,#471,#472,#473,#474),.UNSPECIFIED.,.F.,.U.,(4,1,1,1,1,1,1,1,1,4),(-0.000006947287394,0.341862600243218,0.924813088786769,2.090714065873873,3.256615042960977,3.839565531504529,4.42251602004808,5.588416997135184,6.754317974222288,7.897054851212623),.UNSPECIFIED.);
#476=EDGE_CURVE('',#441,#462,#475,.T.);
#477=ORIENTED_EDGE('',*,*,#476,.T.);
#478=CARTESIAN_POINT('',(0.539899458962197,2.625000000000002,-0.810133293901473));
#479=CARTESIAN_POINT('',(0.532390761573646,2.625000000000002,-0.797127848525843));
#480=CARTESIAN_POINT('',(0.527427256192995,2.624999999999988,-0.78288641697119));
#481=CARTESIAN_POINT('',(0.523722844164761,2.624999999999988,-0.754048331439165));
#482=CARTESIAN_POINT('',(0.524676806971338,2.625000000000024,-0.739978439468195));
#483=CARTESIAN_POINT('',(0.530925828796133,2.625000000000024,-0.716631016425329));
#484=CARTESIAN_POINT('',(0.534858934508157,2.625000000000002,-0.707330879724146));
#485=CARTESIAN_POINT('',(0.539936240354879,2.625000000000002,-0.698630637367909));
#486=B_SPLINE_CURVE_WITH_KNOTS('',3,(#478,#479,#480,#481,#482,#483,#484,#485),.UNSPECIFIED.,.F.,.U.,(4,2,2,4),(0.0,0.114432548201522,0.221788243790677,0.298751142977764),.UNSPECIFIED.);
#487=EDGE_CURVE('',#462,#398,#486,.T.);
#488=ORIENTED_EDGE('',*,*,#487,.T.);
#489=EDGE_LOOP('',(#407,#424,#439,#460,#477,#488));
#490=FACE_OUTER_BOUND('',#489,.T.);
#491=ADVANCED_FACE('',(#490),#394,.T.);
#492=CARTESIAN_POINT('',(3.05412658773653,2.625,-5.16490242270663));
#493=CARTESIAN_POINT('',(2.216050878145087,2.625,-3.713312713104912));
#494=CARTESIAN_POINT('',(1.377975168553641,2.625,-2.261723003503192));
#495=CARTESIAN_POINT('',(0.539899458962197,2.625,-0.810133293901473));
#496=CARTESIAN_POINT('',(3.39216866081342,2.499999999999943,-4.965010304973906));
#497=CARTESIAN_POINT('',(2.459086626894614,2.499999999999943,-3.568272522297308));
#498=CARTESIAN_POINT('',(1.526004592975807,2.499999999999943,-2.171534739620707));
#499=CARTESIAN_POINT('',(0.592922559057,2.499999999999943,-0.774796956944108));
#500=CARTESIAN_POINT('',(4.347780561690261,2.124999999999771,-4.266028604008318));
#501=CARTESIAN_POINT('',(3.145735311837486,2.124999999999772,-3.061755649508462));
#502=CARTESIAN_POINT('',(1.943690061984709,2.124999999999771,-1.857482695008606));
#503=CARTESIAN_POINT('',(0.741644812131932,2.124999999999771,-0.653209740508753));
#504=CARTESIAN_POINT('',(5.549942254302025,1.499999999999483,-2.665534940004852));
#505=CARTESIAN_POINT('',(4.007442362229821,1.499999999999482,-1.904827204033982));
#506=CARTESIAN_POINT('',(2.464942470157616,1.499999999999483,-1.144119468063114));
#507=CARTESIAN_POINT('',(0.92244257808541,1.499999999999483,-0.383411732092244));
#508=CARTESIAN_POINT('',(6.147256491207472,0.74999999999914,-0.338582638775364));
#509=CARTESIAN_POINT('',(4.431139190317215,0.74999999999914,-0.226120455142088));
#510=CARTESIAN_POINT('',(2.715021889426959,0.74999999999914,-0.113658271508812));
#511=CARTESIAN_POINT('',(0.998904588536703,0.74999999999914,-0.001196087875537));
#512=CARTESIAN_POINT('',(5.92169583008703,0.24999999999891,1.246732510820612));
#513=CARTESIAN_POINT('',(4.263971253420348,0.249999999998909,0.915715063935321));
#514=CARTESIAN_POINT('',(2.606246676753667,0.24999999999891,0.58469761705003));
#515=CARTESIAN_POINT('',(0.948522100086986,0.24999999999891,0.25368017016474));
#516=CARTESIAN_POINT('',(5.661490810387932,-1.205100E-012,1.987819924915988));
#517=CARTESIAN_POINT('',(4.074292529968016,-1.205028E-012,1.449038708965703));
#518=CARTESIAN_POINT('',(2.487094249548099,-1.204965E-012,0.910257493015418));
#519=CARTESIAN_POINT('',(0.899895969128184,-1.204892E-012,0.371476277065134));
#520=B_SPLINE_SURFACE_WITH_KNOTS('',3,3,((#492,#496,#500,#504,#508,#512,#516),(#493,#497,#501,#505,#509,#513,#517),(#494,#498,#502,#506,#510,#514,#518),(#495,#499,#503,#507,#511,#515,#519)),.UNSPECIFIED.,.F.,.F.,.F.,(4,4),(4,1,1,1,4),(-13.017499999999998,-0.245226185826405),(0.0,0.196349540849452,0.589048622548357,0.981747704247261,1.374446785946165),.UNSPECIFIED.);
#521=ORIENTED_EDGE('',*,*,#476,.F.);
#522=CARTESIAN_POINT('',(1.162092191065914,1.049030E-015,0.460479901259136));
#523=VERTEX_POINT('',#522);
#524=CARTESIAN_POINT('',(0.942184769554467,-9.024963E-034,0.385831390471412));
#525=DIRECTION('',(0.946930129495106,-6.391410E-033,0.321439465303162));
#526=VECTOR('',#525,0.232231940522053);
#527=LINE('',#524,#526);
#528=EDGE_CURVE('',#441,#523,#527,.T.);
#529=ORIENTED_EDGE('',*,*,#528,.T.);
#530=CARTESIAN_POINT('',(3.298315034376294,0.141945458779944,0.917042444642015));
#531=VERTEX_POINT('',#530);
#532=CARTESIAN_POINT('',(1.16209219106586,-1.635032E-013,0.460479901259231));
#533=CARTESIAN_POINT('',(1.441449290057472,-1.254076E-013,0.555308858255652));
#534=CARTESIAN_POINT('',(1.795453518268083,0.020636337512341,0.661142687063231));
#535=CARTESIAN_POINT('',(2.574195502482564,0.078711430825702,0.82747362266808));
#536=CARTESIAN_POINT('',(2.935097512869271,0.109702698037055,0.882849060444307));
#537=CARTESIAN_POINT('',(3.298315034376327,0.141945458779887,0.917042444642128));
#538=B_SPLINE_CURVE_WITH_KNOTS('',3,(#532,#533,#534,#535,#536,#537),.UNSPECIFIED.,.F.,.U.,(4,2,4),(-6.10234830666187,-2.790790551904612,0.0),.UNSPECIFIED.);
#539=EDGE_CURVE('',#523,#531,#538,.T.);
#540=ORIENTED_EDGE('',*,*,#539,.T.);
#541=CARTESIAN_POINT('',(5.614534320717806,1.333482462802558,-2.116816149664832));
#542=VERTEX_POINT('',#541);
#543=CARTESIAN_POINT('',(3.298315034376291,0.141945458779941,0.91704244464202));
#544=CARTESIAN_POINT('',(3.534535971717302,0.162914753249905,0.93928034008428));
#545=CARTESIAN_POINT('',(3.771976439182761,0.199448446435771,0.92383747387226));
#546=CARTESIAN_POINT('',(4.240167729385734,0.290662894857818,0.818971168954175));
#547=CARTESIAN_POINT('',(4.467752764059101,0.345837924544412,0.726931109397353));
#548=CARTESIAN_POINT('',(4.920951873730822,0.477378554352473,0.452360533240353));
#549=CARTESIAN_POINT('',(5.134895191195383,0.554880348115302,0.258338824536862));
#550=CARTESIAN_POINT('',(5.479167794935686,0.718633402670717,-0.198676001076306));
#551=CARTESIAN_POINT('',(5.605999077344423,0.803720713316841,-0.458435853522888));
#552=CARTESIAN_POINT('',(5.762694815917722,0.987273148413166,-1.036299196550591));
#553=CARTESIAN_POINT('',(5.780566866229054,1.084448899598327,-1.351740721156696));
#554=CARTESIAN_POINT('',(5.71006867065875,1.233400220054186,-1.816676720171315));
#555=CARTESIAN_POINT('',(5.670021714891118,1.283419958904713,-1.969644238205923));
#556=CARTESIAN_POINT('',(5.614534320717808,1.333482462802574,-2.116816149664827));
#557=B_SPLINE_CURVE_WITH_KNOTS('',3,(#543,#544,#545,#546,#547,#548,#549,#550,#551,#552,#553,#554,#555,#556),.UNSPECIFIED.,.F.,.U.,(4,2,2,2,2,2,4),(-13.183086998223821,-11.359128610570149,-9.453932584136471,-7.194543256090856,-4.916959416067119,-2.421858702111197,-1.158139873327788),.UNSPECIFIED.);
#558=EDGE_CURVE('',#531,#542,#557,.T.);
#559=ORIENTED_EDGE('',*,*,#558,.T.);
#560=CARTESIAN_POINT('',(1.866977289293063,2.555744179230191,-2.86110731114014));
#561=VERTEX_POINT('',#560);
#562=CARTESIAN_POINT('',(5.614534320717808,1.333482462802574,-2.116816149664827));
#563=CARTESIAN_POINT('',(5.601549199448406,1.345198055034806,-2.151257217698669));
#564=CARTESIAN_POINT('',(5.587711789308743,1.356921973393499,-2.185398651822619));
#565=CARTESIAN_POINT('',(5.457363411598487,1.461102975569496,-2.485589132203521));
#566=CARTESIAN_POINT('',(5.29114593374269,1.552736832471406,-2.727219719695582));
#567=CARTESIAN_POINT('',(4.861793224366322,1.741655149413844,-3.147666671475898));
#568=CARTESIAN_POINT('',(4.597224913817454,1.837082627557343,-3.316956363823774));
#569=CARTESIAN_POINT('',(4.018637953169066,2.022861007595122,-3.53606297001126));
#570=CARTESIAN_POINT('',(3.710876742614162,2.111591180099169,-3.585275876563678));
#571=CARTESIAN_POINT('',(3.100094180222584,2.277216876963609,-3.55605378776762));
#572=CARTESIAN_POINT('',(2.802520091497097,2.353144502392618,-3.480932155776726));
#573=CARTESIAN_POINT('',(2.281195776258599,2.476729583566533,-3.228179624807044));
#574=CARTESIAN_POINT('',(2.056560737131451,2.526032793469182,-3.063530545478425));
#575=CARTESIAN_POINT('',(1.866977289293059,2.555744179230194,-2.861107311140142));
#576=B_SPLINE_CURVE_WITH_KNOTS('',3,(#562,#563,#564,#565,#566,#567,#568,#569,#570,#571,#572,#573,#574,#575),.UNSPECIFIED.,.F.,.U.,(4,2,2,2,2,2,4),(-11.992131027436095,-11.699135640890621,-9.39067567501408,-6.927536332836869,-4.496501420907604,-2.125417519584417,0.0),.UNSPECIFIED.);
#577=EDGE_CURVE('',#542,#561,#576,.T.);
#578=ORIENTED_EDGE('',*,*,#577,.T.);
#579=CARTESIAN_POINT('',(1.447392784939572,2.625000000000001,-2.381957842023951));
#580=VERTEX_POINT('',#579);
#581=CARTESIAN_POINT('',(1.866977289293061,2.555744179230193,-2.861107311140142));
#582=CARTESIAN_POINT('',(1.721800924306984,2.578496117928763,-2.706098687312352));
#583=CARTESIAN_POINT('',(1.581858139223698,2.601500902346075,-2.546287127948504));
#584=CARTESIAN_POINT('',(1.447392784939578,2.625000000000001,-2.38195784202396));
#585=B_SPLINE_CURVE_WITH_KNOTS('',3,(#581,#582,#583,#584),.UNSPECIFIED.,.F.,.U.,(4,4),(-1.627851261893342,0.0),.UNSPECIFIED.);
#586=EDGE_CURVE('',#561,#580,#585,.T.);
#587=ORIENTED_EDGE('',*,*,#586,.T.);
#588=CARTESIAN_POINT('',(0.539899458962198,2.625,-0.810133293901474));
#589=DIRECTION('',(0.5,0.0,-0.866025403784438));
#590=VECTOR('',#589,1.814986651954748);
#591=LINE('',#588,#590);
#592=EDGE_CURVE('',#462,#580,#591,.T.);
#593=ORIENTED_EDGE('',*,*,#592,.F.);
#594=EDGE_LOOP('',(#521,#529,#540,#559,#578,#587,#593));
#595=FACE_OUTER_BOUND('',#594,.T.);
#596=ADVANCED_FACE('',(#595),#520,.T.);
#597=CARTESIAN_POINT('',(0.595378950132445,2.599043477392315,0.654983158112139));
#598=CARTESIAN_POINT('',(0.566375230135044,2.616152978818086,0.672415651549059));
#599=CARTESIAN_POINT('',(0.536464874186081,2.657402324799025,0.724884943273934));
#600=CARTESIAN_POINT('',(0.561617025565578,2.691490761276636,0.781258357293064));
#601=CARTESIAN_POINT('',(0.579930982542117,2.70145655058899,0.800599208058481));
#602=CARTESIAN_POINT('',(0.586823498162671,2.538412192239171,0.694412049792924));
#603=CARTESIAN_POINT('',(0.557448888045934,2.555890264374332,0.71080450862005));
#604=CARTESIAN_POINT('',(0.526167379877136,2.597192712466996,0.76240352325164));
#605=CARTESIAN_POINT('',(0.5496120500202,2.630353553916325,0.820045218452833));
#606=CARTESIAN_POINT('',(0.567305814489923,2.639837031098372,0.840203836244483));
#607=CARTESIAN_POINT('',(0.561934444487,2.417610990854368,0.770250677361111));
#608=CARTESIAN_POINT('',(0.531985243481324,2.435727883908948,0.784647912263066));
#609=CARTESIAN_POINT('',(0.498163638180044,2.477012421193575,0.834328232058249));
#610=CARTESIAN_POINT('',(0.517892330322692,2.508292377824782,0.894225783945487));
#611=CARTESIAN_POINT('',(0.534154761724682,2.516832228398369,0.915911008904229));
#612=CARTESIAN_POINT('',(0.482446558891278,2.171608783186083,0.908252131135417));
#613=CARTESIAN_POINT('',(0.451998099173455,2.190732438120607,0.918796412956673));
#614=CARTESIAN_POINT('',(0.413505146664313,2.231342748333779,0.964211565623901));
#615=CARTESIAN_POINT('',(0.424677246599284,2.258753197712977,1.027339707596519));
#616=CARTESIAN_POINT('',(0.437431232274042,2.265490808016284,1.051589551390796));
#617=CARTESIAN_POINT('',(0.338659728953967,1.866024888618954,1.042969365710978));
#618=CARTESIAN_POINT('',(0.308378404861318,1.88577492522558,1.049313732098595));
#619=CARTESIAN_POINT('',(0.264937963190678,1.924577907542204,1.088830412831585));
#620=CARTESIAN_POINT('',(0.264277350327816,1.947229711515918,1.153355882159697));
#621=CARTESIAN_POINT('',(0.271850331109191,1.951942198454061,1.179647227328656));
#622=CARTESIAN_POINT('',(0.118415723024742,1.491954602524789,1.128635749986105));
#623=CARTESIAN_POINT('',(0.088912237963788,1.511515304920468,1.130640766582782));
#624=CARTESIAN_POINT('',(0.040470126400531,1.546770640484262,1.162134324155615));
#625=CARTESIAN_POINT('',(0.025175452579979,1.563796188386782,1.223919516704209));
#626=CARTESIAN_POINT('',(0.025980500222009,1.566335976122653,1.250622877087421));
#627=CARTESIAN_POINT('',(-0.112018447094311,1.120998789259728,1.128573412291406));
#628=CARTESIAN_POINT('',(-0.140592030378344,1.139506355759831,1.126774007079037));
#629=CARTESIAN_POINT('',(-0.192920106513669,1.170204623297025,1.149357487230339));
#630=CARTESIAN_POINT('',(-0.221463561598599,1.181785956711019,1.204471994042964));
#631=CARTESIAN_POINT('',(-0.227091812475773,1.182373903632868,1.229654207740469));
#632=CARTESIAN_POINT('',(-0.325087750626098,0.742397583722219,1.043935654389965));
#633=CARTESIAN_POINT('',(-0.352610964484238,0.759041411342732,1.038335125194908));
#634=CARTESIAN_POINT('',(-0.407519192545366,0.784165603569356,1.050827140346846));
#635=CARTESIAN_POINT('',(-0.447127799708313,0.790188809779767,1.095806936118807));
#636=CARTESIAN_POINT('',(-0.458426362791084,0.788876074318151,1.11774520548217));
#637=CARTESIAN_POINT('',(-0.483931581643846,0.36485393370339,0.887278370416012));
#638=CARTESIAN_POINT('',(-0.510162160385634,0.378886789745239,0.877713293505677));
#639=CARTESIAN_POINT('',(-0.565766751468561,0.397601192808697,0.879173125604847));
#640=CARTESIAN_POINT('',(-0.613094175318498,0.397874303079056,0.911629792407206));
#641=CARTESIAN_POINT('',(-0.628724449701492,0.394637798546,0.929043962742472));
#642=CARTESIAN_POINT('',(-0.53577547382394,0.109026171869581,0.748225703926582));
#643=CARTESIAN_POINT('',(-0.560711563399153,0.120796413174949,0.735720605906608));
#644=CARTESIAN_POINT('',(-0.61512378573252,0.134531050779501,0.729331862032891));
#645=CARTESIAN_POINT('',(-0.665024818408276,0.130578694385968,0.752446397435478));
#646=CARTESIAN_POINT('',(-0.682460249946515,0.125918911106167,0.76627172626025));
#647=CARTESIAN_POINT('',(-0.543843253684165,-0.01792932467878,0.67632056624268));
#648=CARTESIAN_POINT('',(-0.567946200983727,-0.007424497494867,0.662351822257416));
#649=CARTESIAN_POINT('',(-0.621250145151175,0.00363649832761,0.652069076518048));
#650=CARTESIAN_POINT('',(-0.671674663654694,-0.002564722046043,0.670561383439774));
#651=CARTESIAN_POINT('',(-0.68969143852934,-0.00798148735499,0.682589306858331));
#652=B_SPLINE_SURFACE_WITH_KNOTS('',3,3,((#597,#602,#607,#612,#617,#622,#627,#632,#637,#642,#647),(#598,#603,#608,#613,#618,#623,#628,#633,#638,#643,#648),(#599,#604,#609,#614,#619,#624,#629,#634,#639,#644,#649),(#600,#605,#610,#615,#620,#625,#630,#635,#640,#645,#650),(#601,#606,#611,#616,#621,#626,#631,#636,#641,#646,#651)),.UNSPECIFIED.,.F.,.F.,.F.,(4,1,4),(4,1,1,1,1,1,1,1,4),(0.0,0.571428571428571,1.0),(-0.241087859804165,0.341862626661629,0.924813113127422,2.090714086059009,3.256615058990596,4.422516031922183,5.58841700485377,6.754317977785357,7.920218950716943),.UNSPECIFIED.);
#653=CARTESIAN_POINT('',(-0.539278015037429,0.036958949205848,0.707222232860083));
#654=VERTEX_POINT('',#653);
#655=CARTESIAN_POINT('',(-0.579870310569875,-1.502548E-014,0.665857592910846));
#656=VERTEX_POINT('',#655);
#657=CARTESIAN_POINT('',(-0.57987031056987,-2.389821E-014,0.665857592910851));
#658=CARTESIAN_POINT('',(-0.579279506428308,0.000723267499203,0.666463338769964));
#659=CARTESIAN_POINT('',(-0.578687073379956,0.001441066208288,0.667070285036815));
#660=CARTESIAN_POINT('',(-0.564502775641662,0.018445421045691,0.681591493216391));
#661=CARTESIAN_POINT('',(-0.551280163029609,0.030326679961388,0.694879951046262));
#662=CARTESIAN_POINT('',(-0.539278015037429,0.036958949205847,0.707222232860083));
#663=B_SPLINE_CURVE_WITH_KNOTS('',3,(#657,#658,#659,#660,#661,#662),.UNSPECIFIED.,.F.,.U.,(4,2,4),(0.720547591924397,0.72982420892579,0.942064439925876),.UNSPECIFIED.);
#664=EDGE_CURVE('',#654,#656,#663,.F.);
#665=ORIENTED_EDGE('',*,*,#664,.F.);
#666=CARTESIAN_POINT('',(0.590372589627971,2.566296003244101,0.676138201364424));
#667=VERTEX_POINT('',#666);
#668=CARTESIAN_POINT('',(-0.539260989505375,0.036962083991495,0.707212934400205));
#669=CARTESIAN_POINT('',(-0.528030775949275,0.145839235582582,0.76806732733906));
#670=CARTESIAN_POINT('',(-0.476308054477663,0.382973707407518,0.89479695676906));
#671=CARTESIAN_POINT('',(-0.325087750626098,0.742397583722219,1.043935654389965));
#672=CARTESIAN_POINT('',(-0.112018447094311,1.120998789259728,1.128573412291406));
#673=CARTESIAN_POINT('',(0.118415723024742,1.491954602524789,1.128635749986105));
#674=CARTESIAN_POINT('',(0.338659728953967,1.866024888618954,1.042969365710978));
#675=CARTESIAN_POINT('',(0.482446558891278,2.171608783186083,0.908252131135417));
#676=CARTESIAN_POINT('',(0.558354953564443,2.406533042778657,0.77646514573428));
#677=CARTESIAN_POINT('',(0.58221979686448,2.516634714794726,0.708017215755672));
#678=CARTESIAN_POINT('',(0.590378201049957,2.566297261862303,0.676141748030361));
#679=B_SPLINE_CURVE_WITH_KNOTS('',3,(#668,#669,#670,#671,#672,#673,#674,#675,#676,#677,#678),.UNSPECIFIED.,.F.,.U.,(4,1,1,1,1,1,1,1,4),(-7.752350717812837,-6.754317977785357,-5.58841700485377,-4.422516031922183,-3.256615058990596,-2.090714086059009,-0.924813113127422,-0.341862626661629,0.136082375812949),.UNSPECIFIED.);
#680=EDGE_CURVE('',#654,#667,#679,.T.);
#681=ORIENTED_EDGE('',*,*,#680,.T.);
#682=CARTESIAN_POINT('',(0.563954480157214,2.625000000000002,0.684763700152381));
#683=VERTEX_POINT('',#682);
#684=CARTESIAN_POINT('',(0.590372589627971,2.5662960032441,0.676138201364424));
#685=CARTESIAN_POINT('',(0.585720350477215,2.570422218149716,0.678145829486382));
#686=CARTESIAN_POINT('',(0.581843575807729,2.575555819846692,0.679663891855557));
#687=CARTESIAN_POINT('',(0.578618898990207,2.581121477124493,0.680827457792892));
#688=CARTESIAN_POINT('',(0.573302458092783,2.590297431692086,0.682745798726311));
#689=CARTESIAN_POINT('',(0.569554533881823,2.600996854547726,0.683775642674338));
#690=CARTESIAN_POINT('',(0.566894342985859,2.6114351899936,0.684312132779397));
#691=CARTESIAN_POINT('',(0.565795119811927,2.615748436925161,0.684533817003999));
#692=CARTESIAN_POINT('',(0.564815511165129,2.620274976486561,0.684683717633161));
#693=CARTESIAN_POINT('',(0.563954480157214,2.625000000000001,0.684763700152381));
#694=B_SPLINE_CURVE_WITH_KNOTS('',3,(#684,#685,#686,#687,#688,#689,#690,#691,#692,#693),.UNSPECIFIED.,.F.,.U.,(4,3,3,4),(0.0,0.049792807782314,0.131884916440488,0.165806737159812),.UNSPECIFIED.);
#695=EDGE_CURVE('',#667,#683,#694,.T.);
#696=ORIENTED_EDGE('',*,*,#695,.T.);
#697=CARTESIAN_POINT('',(0.562228878583189,2.625,0.848808983188557));
#698=VERTEX_POINT('',#697);
#699=CARTESIAN_POINT('',(0.564172491458848,2.625039070963018,0.68487767853877));
#700=CARTESIAN_POINT('',(0.563681391677444,2.625039230120562,0.685836795190091));
#701=CARTESIAN_POINT('',(0.563198339198932,2.625039411305195,0.686799855837213));
#702=CARTESIAN_POINT('',(0.562723347605088,2.625039507914871,0.687766701985353));
#703=CARTESIAN_POINT('',(0.552246288417065,2.625041638868984,0.70909277270122));
#704=CARTESIAN_POINT('',(0.545481384701511,2.625018856249118,0.732476500647536));
#705=CARTESIAN_POINT('',(0.543426491570615,2.624994546664637,0.756107228135962));
#706=CARTESIAN_POINT('',(0.543367845371931,2.624993852874435,0.756781643908976));
#707=CARTESIAN_POINT('',(0.543313110792898,2.624993154224305,0.757456275155007));
#708=CARTESIAN_POINT('',(0.543262282441842,2.624992453665819,0.758131073788784));
#709=CARTESIAN_POINT('',(0.542056822529476,2.624975839017623,0.774134793859298));
#710=CARTESIAN_POINT('',(0.543020243099353,2.624961686372645,0.790373667262966));
#711=CARTESIAN_POINT('',(0.546300570910329,2.624970647898667,0.806122137278178));
#712=CARTESIAN_POINT('',(0.549418223672125,2.624979165012797,0.821089623415601));
#713=CARTESIAN_POINT('',(0.554628791244091,2.625013747307635,0.835620434613469));
#714=CARTESIAN_POINT('',(0.562250489936981,2.625010206350605,0.848822713239341));
#715=B_SPLINE_CURVE_WITH_KNOTS('',3,(#699,#700,#701,#702,#703,#704,#705,#706,#707,#708,#709,#710,#711,#712,#713,#714),.UNSPECIFIED.,.F.,.U.,(4,3,3,3,3,4),(0.148436738223522,0.156624211762357,0.337236343577124,0.342390974155176,0.464639687636325,0.580825953513551),.UNSPECIFIED.);
#716=EDGE_CURVE('',#698,#683,#715,.F.);
#717=ORIENTED_EDGE('',*,*,#716,.F.);
#718=CARTESIAN_POINT('',(-0.689237650517902,-1.192326E-013,0.687574607430872));
#719=VERTEX_POINT('',#718);
#720=CARTESIAN_POINT('',(0.562249411821695,2.625006017084126,0.848825303258491));
#721=CARTESIAN_POINT('',(0.552944486049954,2.588849772304278,0.871178919897695));
#722=CARTESIAN_POINT('',(0.524153849864489,2.490844307916831,0.929939747851561));
#723=CARTESIAN_POINT('',(0.437431232274042,2.265490808016284,1.051589551390796));
#724=CARTESIAN_POINT('',(0.271850331109191,1.951942198454061,1.179647227328656));
#725=CARTESIAN_POINT('',(0.025980500222009,1.566335976122653,1.250622877087421));
#726=CARTESIAN_POINT('',(-0.227091812475773,1.182373903632868,1.229654207740469));
#727=CARTESIAN_POINT('',(-0.458426362791084,0.788876074318151,1.11774520548217));
#728=CARTESIAN_POINT('',(-0.627596612061377,0.397248730792256,0.930293679448981));
#729=CARTESIAN_POINT('',(-0.681386716372271,0.131257284541544,0.769502065669689));
#730=CARTESIAN_POINT('',(-0.68923720918611,0.000000112469907,0.687574384952125));
#731=B_SPLINE_CURVE_WITH_KNOTS('',3,(#720,#721,#722,#723,#724,#725,#726,#727,#728,#729,#730),.UNSPECIFIED.,.F.,.U.,(4,1,1,1,1,1,1,1,4),(0.000013202868537,0.341862626661629,0.924813113127422,2.090714086059009,3.256615058990596,4.422516031922183,5.58841700485377,6.754317977785357,7.8970546211738),.UNSPECIFIED.);
#732=EDGE_CURVE('',#698,#719,#731,.T.);
#733=ORIENTED_EDGE('',*,*,#732,.T.);
#734=CARTESIAN_POINT('',(-0.689237650517885,1.493225E-015,0.687574607431021));
#735=CARTESIAN_POINT('',(-0.677946975276127,1.493647E-015,0.677672950992704));
#736=CARTESIAN_POINT('',(-0.664947520642228,1.522173E-014,0.670026452487919));
#737=CARTESIAN_POINT('',(-0.637386245971566,1.522198E-014,0.660767188420538));
#738=CARTESIAN_POINT('',(-0.623400594405067,-2.152745E-014,0.658957921347745));
#739=CARTESIAN_POINT('',(-0.599282661928951,-2.152661E-014,0.660532013539883));
#740=CARTESIAN_POINT('',(-0.589393913660291,1.464404E-015,0.662575179079755));
#741=CARTESIAN_POINT('',(-0.57987031057016,1.464103E-015,0.665857592910766));
#742=B_SPLINE_CURVE_WITH_KNOTS('',3,(#734,#735,#736,#737,#738,#739,#740,#741),.UNSPECIFIED.,.F.,.U.,(4,2,2,4),(0.0,0.114432548644479,0.221788242075289,0.298751142896143),.UNSPECIFIED.);
#743=EDGE_CURVE('',#719,#656,#742,.T.);
#744=ORIENTED_EDGE('',*,*,#743,.T.);
#745=EDGE_LOOP('',(#665,#681,#696,#717,#733,#744));
#746=FACE_OUTER_BOUND('',#745,.T.);
#747=ADVANCED_FACE('',(#746),#652,.T.);
#748=CARTESIAN_POINT('',(0.539899458962153,2.625,0.810133293901396));
#749=CARTESIAN_POINT('',(1.377975168553611,2.625,2.261723003503142));
#750=CARTESIAN_POINT('',(2.216050878145068,2.625,3.713312713104887));
#751=CARTESIAN_POINT('',(3.054126587736526,2.625,5.164902422706633));
#752=CARTESIAN_POINT('',(0.486876358867375,2.499999999999989,0.845469630858745));
#753=CARTESIAN_POINT('',(1.229945744131504,2.499999999999989,2.351911267385592));
#754=CARTESIAN_POINT('',(1.973015129395632,2.499999999999989,3.858352903912437));
#755=CARTESIAN_POINT('',(2.716084514659761,2.499999999999989,5.364794540439283));
#756=CARTESIAN_POINT('',(0.373870141999514,2.249999999999966,0.905716331536133));
#757=CARTESIAN_POINT('',(0.916121018548454,2.249999999999966,2.503179349952499));
#758=CARTESIAN_POINT('',(1.458371895097394,2.249999999999967,4.100642368368865));
#759=CARTESIAN_POINT('',(2.000622771646333,2.249999999999966,5.69810538678523));
#760=CARTESIAN_POINT('',(0.189997361492657,1.874999999999933,0.961209325136163));
#761=CARTESIAN_POINT('',(0.410197068338267,1.874999999999933,2.633693476049125));
#762=CARTESIAN_POINT('',(0.630396775183876,1.874999999999933,4.306177626962086));
#763=CARTESIAN_POINT('',(0.850596482029486,1.874999999999933,5.978661777875049));
#764=CARTESIAN_POINT('',(-0.064913000399151,1.374999999999888,0.986131446295278));
#765=CARTESIAN_POINT('',(-0.285437429868628,1.374999999999888,2.673260291336905));
#766=CARTESIAN_POINT('',(-0.505961859338104,1.374999999999888,4.360389136378534));
#767=CARTESIAN_POINT('',(-0.72648628880758,1.374999999999887,6.047517981420164));
#768=CARTESIAN_POINT('',(-0.38337436955343,0.749999999999831,0.922444689881015));
#769=CARTESIAN_POINT('',(-1.14401814518018,0.749999999999832,2.464952339911024));
#770=CARTESIAN_POINT('',(-1.904661920806933,0.749999999999831,4.00745998994103));
#771=CARTESIAN_POINT('',(-2.665305696433683,0.749999999999832,5.549967639971039));
#772=CARTESIAN_POINT('',(-0.599234344872069,0.249999999999786,0.777795604907735));
#773=CARTESIAN_POINT('',(-1.714766151303368,0.249999999999786,2.047918477336768));
#774=CARTESIAN_POINT('',(-2.830297957734663,0.249999999999786,3.3180413497658));
#775=CARTESIAN_POINT('',(-3.945829764165962,0.249999999999786,4.588164222194832));
#776=CARTESIAN_POINT('',(-0.689237650517899,-2.363212E-013,0.687574607430872));
#777=CARTESIAN_POINT('',(-1.949435010822135,-2.363755E-013,1.792738031143013));
#778=CARTESIAN_POINT('',(-3.20963237112637,-2.363872E-013,2.897901454855154));
#779=CARTESIAN_POINT('',(-4.469829731430607,-2.364414E-013,4.003064878567296));
#780=B_SPLINE_SURFACE_WITH_KNOTS('',3,3,((#748,#752,#756,#760,#764,#768,#772,#776),(#749,#753,#757,#761,#765,#769,#773,#777),(#750,#754,#758,#762,#766,#770,#774,#778),(#751,#755,#759,#763,#767,#771,#775,#779)),.UNSPECIFIED.,.F.,.F.,.F.,(4,4),(4,1,1,1,1,4),(-12.772273814173822,0.0),(0.0,0.19634954084938,0.39269908169876,0.589048622548139,0.981747704246899,1.374446785945658),.UNSPECIFIED.);
#781=ORIENTED_EDGE('',*,*,#732,.F.);
#782=CARTESIAN_POINT('',(0.67834484884397,2.625,1.049927743250387));
#783=VERTEX_POINT('',#782);
#784=CARTESIAN_POINT('',(0.67834484884397,2.625,1.049927743250386));
#785=DIRECTION('',(-0.5,0.0,-0.866025403784439));
#786=VECTOR('',#785,0.232231940521563);
#787=LINE('',#784,#786);
#788=EDGE_CURVE('',#783,#698,#787,.T.);
#789=ORIENTED_EDGE('',*,*,#788,.F.);
#790=CARTESIAN_POINT('',(1.544302969754217,2.485861177473609,3.047403416386471));
#791=VERTEX_POINT('',#790);
#792=CARTESIAN_POINT('',(0.67834484884397,2.625,1.049927743250388));
#793=CARTESIAN_POINT('',(0.818565807017618,2.625,1.292797567093137));
#794=CARTESIAN_POINT('',(0.984406174509017,2.60625914470899,1.604837514281075));
#795=CARTESIAN_POINT('',(1.301236681765656,2.550851615246807,2.325068913368165));
#796=CARTESIAN_POINT('',(1.433661803134567,2.519012652539698,2.682691176053423));
#797=CARTESIAN_POINT('',(1.54430296975422,2.48586117747361,3.04740341638647));
#798=B_SPLINE_CURVE_WITH_KNOTS('',3,(#792,#793,#794,#795,#796,#797),.UNSPECIFIED.,.F.,.U.,(4,2,4),(-6.046578803537514,-2.927702975969882,-0.012524934436918),.UNSPECIFIED.);
#799=EDGE_CURVE('',#783,#791,#798,.T.);
#800=ORIENTED_EDGE('',*,*,#799,.T.);
#801=CARTESIAN_POINT('',(-0.974050599607995,1.293695166053964,5.920737426993643));
#802=VERTEX_POINT('',#801);
#803=CARTESIAN_POINT('',(1.544302969754223,2.485861177473612,3.047403416386469));
#804=CARTESIAN_POINT('',(1.609048061771298,2.466461569088838,3.260826035485305));
#805=CARTESIAN_POINT('',(1.641405093163734,2.433152553534937,3.482008212903382));
#806=CARTESIAN_POINT('',(1.640981899591721,2.349969096161198,3.932039231859974));
#807=CARTESIAN_POINT('',(1.605686571430656,2.299688286868099,4.158856995144175));
#808=CARTESIAN_POINT('',(1.451370855152665,2.174987957051691,4.6497792242336));
#809=CARTESIAN_POINT('',(1.31365626868706,2.09858976675794,4.903874156236389));
#810=CARTESIAN_POINT('',(0.951608424499569,1.936684695708053,5.346786241276732));
#811=CARTESIAN_POINT('',(0.729670213325778,1.852312525885631,5.531548698540992));
#812=CARTESIAN_POINT('',(0.22345957039333,1.675951929947005,5.811438213902741));
#813=CARTESIAN_POINT('',(-0.057834540238614,1.585313539443059,5.901560319641482));
#814=CARTESIAN_POINT('',(-0.556882524204808,1.426673400429201,5.959786530804805));
#815=CARTESIAN_POINT('',(-0.767585830179345,1.360294752407686,5.95470399533748));
#816=CARTESIAN_POINT('',(-0.974050599607995,1.293695166053964,5.920737426993642));
#817=B_SPLINE_CURVE_WITH_KNOTS('',3,(#803,#804,#805,#806,#807,#808,#809,#810,#811,#812,#813,#814,#815,#816),.UNSPECIFIED.,.F.,.U.,(4,2,2,2,2,2,4),(-15.288949724106578,-13.575428154219537,-11.794720107067265,-9.536430221995234,-7.26273672077912,-4.928064823138951,-3.248121009045307),.UNSPECIFIED.);
#818=EDGE_CURVE('',#791,#802,#817,.T.);
#819=ORIENTED_EDGE('',*,*,#818,.T.);
#820=CARTESIAN_POINT('',(-2.443339570596716,0.072206652000068,2.397903387133007));
#821=VERTEX_POINT('',#820);
#822=CARTESIAN_POINT('',(-0.974050599607995,1.293695166053964,5.920737426993643));
#823=CARTESIAN_POINT('',(-1.050832232519529,1.268927623360736,5.908105690407017));
#824=CARTESIAN_POINT('',(-1.126997600736366,1.244139244091232,5.891484446837785));
#825=CARTESIAN_POINT('',(-1.439667832779097,1.140982598980269,5.805991216238861));
#826=CARTESIAN_POINT('',(-1.664972950214824,1.063246364653589,5.702510241726469));
#827=CARTESIAN_POINT('',(-2.126096265875343,0.888208110369616,5.390717486318675));
#828=CARTESIAN_POINT('',(-2.344884428475357,0.792736642027733,5.165326612987492));
#829=CARTESIAN_POINT('',(-2.675279371694497,0.606826716578803,4.642191568989762));
#830=CARTESIAN_POINT('',(-2.785036578238664,0.518012645162258,4.350457481758005));
#831=CARTESIAN_POINT('',(-2.878522899098035,0.352132329224446,3.746066507548249));
#832=CARTESIAN_POINT('',(-2.864386910513009,0.27604339625315,3.439411188747729));
#833=CARTESIAN_POINT('',(-2.720795972172415,0.151940598041348,2.877672335618541));
#834=CARTESIAN_POINT('',(-2.604134849177342,0.102321451459869,2.624348510531289));
#835=CARTESIAN_POINT('',(-2.443339570596718,0.072206652000066,2.397903387133003));
#836=B_SPLINE_CURVE_WITH_KNOTS('',3,(#822,#823,#824,#825,#826,#827,#828,#829,#830,#831,#832,#833,#834,#835),.UNSPECIFIED.,.F.,.U.,(4,2,2,2,2,2,4),(-11.972536958489297,-11.352506629455322,-9.395785194965123,-6.932253860623273,-4.500714260890023,-2.128687836523387,0.0),.UNSPECIFIED.);
#837=EDGE_CURVE('',#802,#821,#836,.T.);
#838=ORIENTED_EDGE('',*,*,#837,.T.);
#839=CARTESIAN_POINT('',(-2.044967631342136,0.0,1.876517890787511));
#840=VERTEX_POINT('',#839);
#841=CARTESIAN_POINT('',(-2.44333957059681,0.072206652000008,2.397903387132949));
#842=CARTESIAN_POINT('',(-2.316652466970532,0.048479856328353,2.219492198279291));
#843=CARTESIAN_POINT('',(-2.183774522444757,0.024497025798307,2.045586544426861));
#844=CARTESIAN_POINT('',(-2.044967631340789,-2.354798E-013,1.876517890785872));
#845=B_SPLINE_CURVE_WITH_KNOTS('',3,(#841,#842,#843,#844),.UNSPECIFIED.,.F.,.U.,(4,4),(-1.677294538706548,0.0),.UNSPECIFIED.);
#846=EDGE_CURVE('',#821,#840,#845,.T.);
#847=ORIENTED_EDGE('',*,*,#846,.T.);
#848=CARTESIAN_POINT('',(-2.044967631342136,-2.061382E-032,1.87651789078751));
#849=DIRECTION('',(0.751839807478978,-6.391410E-033,-0.659345815100069));
#850=VECTOR('',#849,1.803216546048906);
#851=LINE('',#848,#850);
#852=EDGE_CURVE('',#840,#719,#851,.T.);
#853=ORIENTED_EDGE('',*,*,#852,.T.);
#854=EDGE_LOOP('',(#781,#789,#800,#819,#838,#847,#853));
#855=FACE_OUTER_BOUND('',#854,.T.);
#856=ADVANCED_FACE('',(#855),#780,.T.);
#857=CARTESIAN_POINT('',(-0.774319702497111,0.025956522917857,0.42884499554998));
#858=CARTESIAN_POINT('',(-0.752458697529878,0.008847021490242,0.454675289061048));
#859=CARTESIAN_POINT('',(-0.741000372723546,-0.032402312984958,0.513974467533601));
#860=CARTESIAN_POINT('',(-0.782939351383018,-0.066490760963881,0.559271201245329));
#861=CARTESIAN_POINT('',(-0.806498301761248,-0.076456550273762,0.571698807032034));
#862=CARTESIAN_POINT('',(-0.778892286814727,0.086587777763512,0.468931440923678));
#863=CARTESIAN_POINT('',(-0.756345766992909,0.069109705810864,0.493896113481302));
#864=CARTESIAN_POINT('',(-0.743309316222986,0.027807269250751,0.552811942980916));
#865=CARTESIAN_POINT('',(-0.7840391056829,-0.005353584163503,0.599858501337299));
#866=CARTESIAN_POINT('',(-0.8072736398478,-0.014837061584207,0.613259829221035));
#867=CARTESIAN_POINT('',(-0.779703724684462,0.207390499866079,0.548750971666828));
#868=CARTESIAN_POINT('',(-0.755969793630763,0.189274040378095,0.572010743234464));
#869=CARTESIAN_POINT('',(-0.739913786226578,0.147988978298284,0.62992615859245));
#870=CARTESIAN_POINT('',(-0.77784969355437,0.116708822870521,0.680304268253458));
#871=CARTESIAN_POINT('',(-0.800219268409427,0.108169334716281,0.695610889404493));
#872=CARTESIAN_POINT('',(-0.74879185211282,0.453384036487645,0.704968151543999));
#873=CARTESIAN_POINT('',(-0.723354452083147,0.434259264778714,0.724741142086125));
#874=CARTESIAN_POINT('',(-0.701494522803664,0.393649863663291,0.780118543284824));
#875=CARTESIAN_POINT('',(-0.732367205869342,0.366240249389581,0.83630376083706));
#876=CARTESIAN_POINT('',(-0.752240068721793,0.359501636084462,0.855168411862447));
#877=CARTESIAN_POINT('',(-0.655971951356471,0.758968127706439,0.878811750632377));
#878=CARTESIAN_POINT('',(-0.629328349227689,0.739218086888111,0.89454753810888));
#879=CARTESIAN_POINT('',(-0.600906207195161,0.700414408922808,0.945935835928679));
#880=CARTESIAN_POINT('',(-0.621021153744071,0.677761426759237,1.007254855150443));
#881=CARTESIAN_POINT('',(-0.636642878895484,0.67305048222205,1.029715212581258));
#882=CARTESIAN_POINT('',(-0.474949331234086,1.132949450084646,1.03064461265266));
#883=CARTESIAN_POINT('',(-0.447656769529367,1.113391075070602,1.042037664373673));
#884=CARTESIAN_POINT('',(-0.411906395436111,1.078130448083669,1.087421975801045));
#885=CARTESIAN_POINT('',(-0.417289820551726,1.061104229342062,1.150844595019332));
#886=CARTESIAN_POINT('',(-0.426635976215778,1.058563618546866,1.175873440892693));
#887=CARTESIAN_POINT('',(-0.256598334941786,1.504163442892286,1.104772062156318));
#888=CARTESIAN_POINT('',(-0.228971058277171,1.485652511002906,1.112244622578626));
#889=CARTESIAN_POINT('',(-0.18666801354931,1.45496068443668,1.150454579001683));
#890=CARTESIAN_POINT('',(-0.177346908405898,1.443382757195692,1.211818412534633));
#891=CARTESIAN_POINT('',(-0.180110674486038,1.442794547075417,1.237475121168447));
#892=CARTESIAN_POINT('',(-0.027729004977427,1.882578181117357,1.092972942586123));
#893=CARTESIAN_POINT('',(0.000144685309412,1.865937684859422,1.096519533616896));
#894=CARTESIAN_POINT('',(0.04811159333869,1.840809373790092,1.125994177165551));
#895=CARTESIAN_POINT('',(0.07115778729131,1.834784607750932,1.181319981189912));
#896=CARTESIAN_POINT('',(0.074806299669796,1.836098727829401,1.205722865070539));
#897=CARTESIAN_POINT('',(0.1730568434779,2.260174303621466,0.995764782914828));
#898=CARTESIAN_POINT('',(0.200962597862324,2.246139725378068,0.995138352576152));
#899=CARTESIAN_POINT('',(0.253155920315725,2.22742745847428,1.014393935768158));
#900=CARTESIAN_POINT('',(0.287539796818749,2.227156067891854,1.06033980679963));
#901=CARTESIAN_POINT('',(0.296742489274748,2.230391565719576,1.081855944618958));
#902=CARTESIAN_POINT('',(0.266832671438758,2.515973839769395,0.880736838538563));
#903=CARTESIAN_POINT('',(0.294465037961309,2.504203598579969,0.876910827599383));
#904=CARTESIAN_POINT('',(0.34804327480814,2.490468763804619,0.888351032376762));
#905=CARTESIAN_POINT('',(0.387866072750104,2.49442131782007,0.926279379695519));
#906=CARTESIAN_POINT('',(0.399932201992905,2.499081101169247,0.944975435762004));
#907=CARTESIAN_POINT('',(0.297585441470996,2.642929324767078,0.815241005999802));
#908=CARTESIAN_POINT('',(0.324899354075948,2.632424497584045,0.809761219939996));
#909=CARTESIAN_POINT('',(0.378679814794557,2.621363304347612,0.817157833053251));
#910=CARTESIAN_POINT('',(0.420484083709981,2.627564722138644,0.850877522345452));
#911=CARTESIAN_POINT('',(0.433678461403529,2.63298148744812,0.868058427906881));
#912=B_SPLINE_SURFACE_WITH_KNOTS('',3,3,((#857,#862,#867,#872,#877,#882,#887,#892,#897,#902,#907),(#858,#863,#868,#873,#878,#883,#888,#893,#898,#903,#908),(#859,#864,#869,#874,#879,#884,#889,#894,#899,#904,#909),(#860,#865,#870,#875,#880,#885,#890,#895,#900,#905,#910),(#861,#866,#871,#876,#881,#886,#891,#896,#901,#906,#911)),.UNSPECIFIED.,.F.,.F.,.F.,(4,1,4),(4,1,1,1,1,1,1,1,4),(0.0,0.571428571428571,1.0),(-0.241087919805262,0.341862571047462,0.924813061900186,2.090714043605634,3.256615025311082,4.42251600701653,5.588416988721978,6.754317970427426,7.920218952132874),.UNSPECIFIED.);
#913=CARTESIAN_POINT('',(0.283329464232203,2.588041050794153,0.843035277347397));
#914=VERTEX_POINT('',#913);
#915=CARTESIAN_POINT('',(0.335063759644989,2.625000000000018,0.816913819255125));
#916=VERTEX_POINT('',#915);
#917=CARTESIAN_POINT('',(0.335063759644982,2.625000000000028,0.816913819255128));
#918=CARTESIAN_POINT('',(0.33431274501284,2.624279749853943,0.817295909795791));
#919=CARTESIAN_POINT('',(0.333559818413718,2.623564923251089,0.817678608188901));
#920=CARTESIAN_POINT('',(0.315460677455624,2.606559166461501,0.826869809239014));
#921=CARTESIAN_POINT('',(0.298664902725913,2.594674594574514,0.835204458289885));
#922=CARTESIAN_POINT('',(0.283329464232203,2.588041050794153,0.843035277347397));
#923=B_SPLINE_CURVE_WITH_KNOTS('',3,(#917,#918,#919,#920,#921,#922),.UNSPECIFIED.,.F.,.U.,(4,2,4),(0.72053215518173,0.729769759723695,0.942045168388336),.UNSPECIFIED.);
#924=EDGE_CURVE('',#914,#916,#923,.F.);
#925=ORIENTED_EDGE('',*,*,#924,.F.);
#926=CARTESIAN_POINT('',(-0.776379094664397,0.0587039967559,0.450486585034944));
#927=VERTEX_POINT('',#926);
#928=CARTESIAN_POINT('',(0.283316585750036,2.588038223069038,0.843021761776748));
#929=CARTESIAN_POINT('',(0.253122830256566,2.479164187175999,0.897038595696589));
#930=CARTESIAN_POINT('',(0.163420272169829,2.24205185132637,1.000430218101648));
#931=CARTESIAN_POINT('',(-0.027729004977427,1.882578181117357,1.092972942586123));
#932=CARTESIAN_POINT('',(-0.256598334941786,1.504163442892286,1.104772062156318));
#933=CARTESIAN_POINT('',(-0.474949331234086,1.132949450084646,1.03064461265266));
#934=CARTESIAN_POINT('',(-0.655971951356471,0.758968127706439,0.878811750632377));
#935=CARTESIAN_POINT('',(-0.74879185211282,0.453384036487645,0.704968151543999));
#936=CARTESIAN_POINT('',(-0.778311710095772,0.218468010324465,0.555785698951273));
#937=CARTESIAN_POINT('',(-0.778906497047042,0.108365388871681,0.483295203715961));
#938=CARTESIAN_POINT('',(-0.776385632354582,0.058702646550297,0.450488266656682));
#939=B_SPLINE_CURVE_WITH_KNOTS('',3,(#928,#929,#930,#931,#932,#933,#934,#935,#936,#937,#938),.UNSPECIFIED.,.F.,.U.,(4,1,1,1,1,1,1,1,4),(-7.752349233702176,-6.754317970427426,-5.588416988721978,-4.42251600701653,-3.256615025311082,-2.090714043605634,-0.924813061900186,-0.341862571047462,0.136082881903368),.UNSPECIFIED.);
#940=EDGE_CURVE('',#914,#927,#939,.T.);
#941=ORIENTED_EDGE('',*,*,#940,.T.);
#942=CARTESIAN_POINT('',(-0.754135566560612,1.475738E-015,0.467146152701784));
#943=VERTEX_POINT('',#942);
#944=CARTESIAN_POINT('',(-0.776379094664397,0.058703996755901,0.450486585034945));
#945=CARTESIAN_POINT('',(-0.772619096040832,0.054577799285508,0.453883067505713));
#946=CARTESIAN_POINT('',(-0.769436037479711,0.04944422355623,0.456566706516728));
#947=CARTESIAN_POINT('',(-0.766756516994554,0.043878593598288,0.458705056093838));
#948=CARTESIAN_POINT('',(-0.762338906076515,0.03470277732662,0.462230461662018));
#949=CARTESIAN_POINT('',(-0.759120941751448,0.024003536091406,0.464410374357731));
#950=CARTESIAN_POINT('',(-0.75677438345029,0.013565360599575,0.465773490114167));
#951=CARTESIAN_POINT('',(-0.755804705333491,0.009251949614327,0.466336776148453));
#952=CARTESIAN_POINT('',(-0.754925227074082,0.004725226018779,0.466793630383103));
#953=CARTESIAN_POINT('',(-0.754135566560612,1.454631E-015,0.467146152701785));
#954=B_SPLINE_CURVE_WITH_KNOTS('',3,(#944,#945,#946,#947,#948,#949,#950,#951,#952,#953),.UNSPECIFIED.,.F.,.U.,(4,3,3,4),(0.0,0.049792597383983,0.131883524868766,0.165806667674573),.UNSPECIFIED.);
#955=EDGE_CURVE('',#927,#943,#954,.T.);
#956=ORIENTED_EDGE('',*,*,#955,.T.);
#957=CARTESIAN_POINT('',(-0.805232170503339,-5.821871E-013,0.623040250256798));
#958=VERTEX_POINT('',#957);
#959=CARTESIAN_POINT('',(-0.754378410142318,-0.000039068281735,0.467184017986793));
#960=CARTESIAN_POINT('',(-0.754221672896869,-0.000039227356518,0.46825003615521));
#961=CARTESIAN_POINT('',(-0.754073822713487,-0.000039408395556,0.469317202348273));
#962=CARTESIAN_POINT('',(-0.753934821532616,-0.000039504808776,0.47038536214237));
#963=CARTESIAN_POINT('',(-0.750868650022578,-0.000041631549482,0.493947472250426));
#964=CARTESIAN_POINT('',(-0.75197909271265,-0.000018814323253,0.51826490513332));
#965=CARTESIAN_POINT('',(-0.757629236163148,0.000005526625988,0.541302294299237));
#966=CARTESIAN_POINT('',(-0.757790471456964,0.000006221231379,0.541959700654218));
#967=CARTESIAN_POINT('',(-0.757955479370238,0.000006920694194,0.542616053978167));
#968=CARTESIAN_POINT('',(-0.758124239339943,0.000007622063613,0.543271310484694));
#969=CARTESIAN_POINT('',(-0.762127050504984,0.00002425781762,0.558813314106006));
#970=CARTESIAN_POINT('',(-0.768259326729849,0.000038429549396,0.573880858198786));
#971=CARTESIAN_POINT('',(-0.776427901266358,0.000029491361657,0.587739281491374));
#972=CARTESIAN_POINT('',(-0.784191426567792,0.00002099638541,0.600910517107712));
#973=CARTESIAN_POINT('',(-0.793796435696901,-0.000013559746692,0.612995497292564));
#974=CARTESIAN_POINT('',(-0.805257460985924,-0.000009968486597,0.623047340398533));
#975=B_SPLINE_CURVE_WITH_KNOTS('',3,(#959,#960,#961,#962,#963,#964,#965,#966,#967,#968,#969,#970,#971,#972,#973,#974),.UNSPECIFIED.,.F.,.U.,(4,3,3,3,3,4),(0.148436740384981,0.156623772598889,0.337236348627418,0.34239039861179,0.464639109954029,0.580825962302779),.UNSPECIFIED.);
#976=EDGE_CURVE('',#958,#943,#975,.F.);
#977=ORIENTED_EDGE('',*,*,#976,.F.);
#978=CARTESIAN_POINT('',(0.431646283489141,2.625,0.872633293901474));
#979=VERTEX_POINT('',#978);
#980=CARTESIAN_POINT('',(-0.805257302060044,-0.000006433201501,0.623049702615742));
#981=CARTESIAN_POINT('',(-0.803631863492129,0.0361501686508,0.647208920279394));
#982=CARTESIAN_POINT('',(-0.795258409725859,0.134156096434294,0.712108503494921));
#983=CARTESIAN_POINT('',(-0.752240068721793,0.359501636084462,0.855168411862447));
#984=CARTESIAN_POINT('',(-0.636642878895484,0.67305048222205,1.029715212581258));
#985=CARTESIAN_POINT('',(-0.426635976215778,1.058563618546866,1.175873440892693));
#986=CARTESIAN_POINT('',(-0.180110674486038,1.442794547075417,1.237475121168447));
#987=CARTESIAN_POINT('',(0.074806299669796,1.836098727829401,1.205722865070539));
#988=CARTESIAN_POINT('',(0.295272664731654,2.227780268790811,1.082676282392988));
#989=CARTESIAN_POINT('',(0.397877589697898,2.493743297606804,0.947689646797734));
#990=CARTESIAN_POINT('',(0.431645943885889,2.624999895284133,0.872632957988846));
#991=B_SPLINE_CURVE_WITH_KNOTS('',3,(#980,#981,#982,#983,#984,#985,#986,#987,#988,#989,#990),.UNSPECIFIED.,.F.,.U.,(4,1,1,1,1,1,1,1,4),(0.00001114174348,0.341862571047462,0.924813061900186,2.090714043605634,3.256615025311082,4.42251600701653,5.588416988721978,6.754317970427426,7.89705459285314),.UNSPECIFIED.);
#992=EDGE_CURVE('',#958,#979,#991,.T.);
#993=ORIENTED_EDGE('',*,*,#992,.T.);
#994=CARTESIAN_POINT('',(0.431646283489144,2.625000000000002,0.872633293901475));
#995=CARTESIAN_POINT('',(0.424137586233941,2.625000000000002,0.85962784875681));
#996=CARTESIAN_POINT('',(0.41428589762606,2.624999999999989,0.848208611398849));
#997=CARTESIAN_POINT('',(0.391163588280084,2.624999999999989,0.83058145291715));
#998=CARTESIAN_POINT('',(0.378501721762689,2.625000000000025,0.824372662517462));
#999=CARTESIAN_POINT('',(0.35515774890047,2.625000000000025,0.818110763211988));
#1000=CARTESIAN_POINT('',(0.345137042408221,2.625000000000002,0.816866864592155));
#1001=CARTESIAN_POINT('',(0.335063759645285,2.625000000000002,0.81691381925514));
#1002=B_SPLINE_CURVE_WITH_KNOTS('',3,(#994,#995,#996,#997,#998,#999,#1000,#1001),.UNSPECIFIED.,.F.,.U.,(4,2,2,4),(0.0,0.114432546169293,0.221788251652321,0.298751143347472),.UNSPECIFIED.);
#1003=EDGE_CURVE('',#979,#916,#1002,.T.);
#1004=ORIENTED_EDGE('',*,*,#1003,.T.);
#1005=EDGE_LOOP('',(#925,#941,#956,#977,#993,#1004));
#1006=FACE_OUTER_BOUND('',#1005,.T.);
#1007=ADVANCED_FACE('',(#1006),#912,.T.);
#1008=CARTESIAN_POINT('',(2.945873412263472,2.625,5.227402422706632));
#1009=CARTESIAN_POINT('',(2.107797702672029,2.625,3.775812713104912));
#1010=CARTESIAN_POINT('',(1.269721993080585,2.625,2.324223003503192));
#1011=CARTESIAN_POINT('',(0.431646283489142,2.625,0.872633293901473));
#1012=CARTESIAN_POINT('',(2.603740723752218,2.499999999999943,5.420209386672813));
#1013=CARTESIAN_POINT('',(1.860671338488138,2.499999999999943,3.913767750145973));
#1014=CARTESIAN_POINT('',(1.117601953224056,2.499999999999943,2.407326113619134));
#1015=CARTESIAN_POINT('',(0.374532567959975,2.499999999999943,0.900884477092294));
#1016=CARTESIAN_POINT('',(1.520598822369005,2.124999999999771,5.898302723355628));
#1017=CARTESIAN_POINT('',(1.078690487082122,2.124999999999771,4.255164521761062));
#1018=CARTESIAN_POINT('',(0.63678215179524,2.124999999999771,2.612026320166497));
#1019=CARTESIAN_POINT('',(0.194873816508357,2.124999999999771,0.968888118571931));
#1020=CARTESIAN_POINT('',(-0.466550173906253,1.499999999999484,6.139158446879082));
#1021=CARTESIAN_POINT('',(-0.354092446622284,1.499999999999484,4.422960488332377));
#1022=CARTESIAN_POINT('',(-0.241634719338313,1.499999999999484,2.706762529785671));
#1023=CARTESIAN_POINT('',(-0.129176992054343,1.499999999999484,0.990564571238967));
#1024=CARTESIAN_POINT('',(-2.780407322212153,0.749999999999139,5.492971813209764));
#1025=CARTESIAN_POINT('',(-2.019743712470386,0.74999999999914,3.950539483901096));
#1026=CARTESIAN_POINT('',(-1.259080102728621,0.749999999999139,2.408107154592429));
#1027=CARTESIAN_POINT('',(-0.498416492986854,0.749999999999139,0.865674825283762));
#1028=CARTESIAN_POINT('',(-4.040549941138121,0.24999999999891,4.504972766929442));
#1029=CARTESIAN_POINT('',(-2.925018134706254,0.249999999998909,3.234849894500936));
#1030=CARTESIAN_POINT('',(-1.809486328274383,0.24999999999891,1.96472702207243));
#1031=CARTESIAN_POINT('',(-0.693954521842516,0.24999999999891,0.694604149643925));
#1032=CARTESIAN_POINT('',(-4.552247958320085,-1.204936E-012,3.909084902630105));
#1033=CARTESIAN_POINT('',(-3.292050598015312,-1.204905E-012,2.803921478918622));
#1034=CARTESIAN_POINT('',(-2.031853237710537,-1.205006E-012,1.698758055207139));
#1035=CARTESIAN_POINT('',(-0.771655877405764,-1.204974E-012,0.593594631495657));
#1036=B_SPLINE_SURFACE_WITH_KNOTS('',3,3,((#1008,#1012,#1016,#1020,#1024,#1028,#1032),(#1009,#1013,#1017,#1021,#1025,#1029,#1033),(#1010,#1014,#1018,#1022,#1026,#1030,#1034),(#1011,#1015,#1019,#1023,#1027,#1031,#1035)),.UNSPECIFIED.,.F.,.F.,.F.,(4,4),(4,1,1,1,4),(-13.017499999999998,-0.245226185826402),(0.0,0.196349540849452,0.589048622548357,0.981747704247261,1.374446785946165),.UNSPECIFIED.);
#1037=ORIENTED_EDGE('',*,*,#992,.F.);
#1038=CARTESIAN_POINT('',(-0.979833387955518,1.049030E-015,0.776161408373033));
#1039=VERTEX_POINT('',#1038);
#1040=CARTESIAN_POINT('',(-0.805232170502946,-9.024963E-034,0.623040250257247));
#1041=DIRECTION('',(-0.751839807478977,-6.391410E-033,0.659345815100069));
#1042=VECTOR('',#1041,0.232231940522057);
#1043=LINE('',#1040,#1042);
#1044=EDGE_CURVE('',#958,#1039,#1043,.T.);
#1045=ORIENTED_EDGE('',*,*,#1044,.T.);
#1046=CARTESIAN_POINT('',(-2.443339570596716,0.141945458779944,2.397903387133007));
#1047=VERTEX_POINT('',#1046);
#1048=CARTESIAN_POINT('',(-0.979833387955574,-1.652051E-013,0.776161408372938));
#1049=CARTESIAN_POINT('',(-1.201636223224663,-1.272241E-013,0.970677274328988));
#1050=CARTESIAN_POINT('',(-1.470293121657105,0.020636337512341,1.224337014602693));
#1051=CARTESIAN_POINT('',(-2.003710929433378,0.078711430825702,1.815581888123509));
#1052=CARTESIAN_POINT('',(-2.232118470486629,0.109702698037054,2.100444478507158));
#1053=CARTESIAN_POINT('',(-2.443339570596831,0.141945458779886,2.397903387132978));
#1054=B_SPLINE_CURVE_WITH_KNOTS('',3,(#1048,#1049,#1050,#1051,#1052,#1053),.UNSPECIFIED.,.F.,.U.,(4,2,4),(-6.10234830666187,-2.790790551904612,0.0),.UNSPECIFIED.);
#1055=EDGE_CURVE('',#1039,#1047,#1054,.T.);
#1056=ORIENTED_EDGE('',*,*,#1055,.T.);
#1057=CARTESIAN_POINT('',(-0.974050599607995,1.333482462802558,5.920737426993643));
#1058=VERTEX_POINT('',#1057);
#1059=CARTESIAN_POINT('',(-2.443339570596719,0.141945458779941,2.397903387133003));
#1060=CARTESIAN_POINT('',(-2.580708621646924,0.162914753249905,2.59135777205496));
#1061=CARTESIAN_POINT('',(-2.686054940932799,0.199448446435771,2.804708681872511));
#1062=CARTESIAN_POINT('',(-2.829333701974218,0.290662894857818,3.26260738547794));
#1063=CARTESIAN_POINT('',(-2.863417189568862,0.345837924544412,3.50572183680465));
#1064=CARTESIAN_POINT('',(-2.85223165032103,0.477378554352473,4.035489066831349));
#1065=CARTESIAN_POINT('',(-2.791175580430423,0.554880348115302,4.317780269077324));
#1066=CARTESIAN_POINT('',(-2.567525433413455,0.718633402670717,4.844436502550022));
#1067=CARTESIAN_POINT('',(-2.405982443515787,0.803720713316841,5.084155541333839));
#1068=CARTESIAN_POINT('',(-1.983885977824644,0.987273148413166,5.508789703116931));
#1069=CARTESIAN_POINT('',(-1.719641629262929,1.084448899598327,5.681988115007312));
#1070=CARTESIAN_POINT('',(-1.281746145197221,1.233400220054186,5.853402886229774));
#1071=CARTESIAN_POINT('',(-1.12924891074158,1.283419958904713,5.895204964208077));
#1072=CARTESIAN_POINT('',(-0.974050599608,1.333482462802574,5.920737426993641));
#1073=B_SPLINE_CURVE_WITH_KNOTS('',3,(#1059,#1060,#1061,#1062,#1063,#1064,#1065,#1066,#1067,#1068,#1069,#1070,#1071,#1072),.UNSPECIFIED.,.F.,.U.,(4,2,2,2,2,2,4),(-13.183086998223821,-11.359128610570149,-9.453932584136471,-7.194543256090856,-4.916959416067119,-2.421858702111197,-1.158139873327788),.UNSPECIFIED.);
#1074=EDGE_CURVE('',#1047,#1058,#1073,.T.);
#1075=ORIENTED_EDGE('',*,*,#1074,.T.);
#1076=CARTESIAN_POINT('',(1.544302969754217,2.555744179230191,3.047403416386471));
#1077=VERTEX_POINT('',#1076);
#1078=CARTESIAN_POINT('',(-0.974050599607999,1.333482462802574,5.920737426993641));
#1079=CARTESIAN_POINT('',(-0.937731199122523,1.345198055034806,5.926712516120039));
#1080=CARTESIAN_POINT('',(-0.901245144779718,1.356921973393499,5.931799684478482));
#1081=CARTESIAN_POINT('',(-0.576098373940475,1.461102975569496,5.969009918229762));
#1082=CARTESIAN_POINT('',(-0.283731407913093,1.552736832471406,5.945876653599695));
#1083=CARTESIAN_POINT('',(0.295062687960575,1.741655149413844,5.784269775986241));
#1084=CARTESIAN_POINT('',(0.573956017407121,1.837082627557343,5.639791744188529));
#1085=CARTESIAN_POINT('',(1.053001384826671,2.022861007595122,5.248274041062339));
#1086=CARTESIAN_POINT('',(1.249501617372587,2.111591180099169,5.00635146769855));
#1087=CARTESIAN_POINT('',(1.529585827319344,2.277216876963609,4.462787208080861));
#1088=CARTESIAN_POINT('',(1.613315630004229,2.353144502392618,4.167519671741139));
#1089=CARTESIAN_POINT('',(1.655087674932919,2.476729583566533,3.589663305649231));
#1090=CARTESIAN_POINT('',(1.62481490908819,2.526032793469183,3.312799115520699));
#1091=CARTESIAN_POINT('',(1.544302969754223,2.555744179230194,3.047403416386468));
#1092=B_SPLINE_CURVE_WITH_KNOTS('',3,(#1078,#1079,#1080,#1081,#1082,#1083,#1084,#1085,#1086,#1087,#1088,#1089,#1090,#1091),.UNSPECIFIED.,.F.,.U.,(4,2,2,2,2,2,4),(-11.992131027436095,-11.699135640890621,-9.39067567501408,-6.927536332836869,-4.496501420907604,-2.125417519584417,0.0),.UNSPECIFIED.);
#1093=EDGE_CURVE('',#1058,#1077,#1092,.T.);
#1094=ORIENTED_EDGE('',*,*,#1093,.T.);
#1095=CARTESIAN_POINT('',(1.339139609466517,2.625000000000001,2.444457842023951));
#1096=VERTEX_POINT('',#1095);
#1097=CARTESIAN_POINT('',(1.54430296975422,2.555744179230192,3.047403416386471));
#1098=CARTESIAN_POINT('',(1.482643824506211,2.578498303218669,2.844153164355705));
#1099=CARTESIAN_POINT('',(1.41421257306351,2.601503310906499,2.64305254050251));
#1100=CARTESIAN_POINT('',(1.339139609466523,2.624999999999999,2.444457842023966));
#1101=B_SPLINE_CURVE_WITH_KNOTS('',3,(#1097,#1098,#1099,#1100),.UNSPECIFIED.,.F.,.U.,(4,4),(-1.627684413864303,0.0),.UNSPECIFIED.);
#1102=EDGE_CURVE('',#1077,#1096,#1101,.T.);
#1103=ORIENTED_EDGE('',*,*,#1102,.T.);
#1104=CARTESIAN_POINT('',(0.431646283489142,2.625,0.872633293901474));
#1105=DIRECTION('',(0.5,0.0,0.866025403784439));
#1106=VECTOR('',#1105,1.814986651954749);
#1107=LINE('',#1104,#1106);
#1108=EDGE_CURVE('',#979,#1096,#1107,.T.);
#1109=ORIENTED_EDGE('',*,*,#1108,.F.);
#1110=EDGE_LOOP('',(#1037,#1045,#1056,#1075,#1094,#1103,#1109));
#1111=FACE_OUTER_BOUND('',#1110,.T.);
#1112=ADVANCED_FACE('',(#1111),#1036,.T.);
#1113=CARTESIAN_POINT('',(3.50919816914675,2.625,-1.323053156770872));
#1114=DIRECTION('',(0.0,-1.0,0.0));
#1115=DIRECTION('',(-0.093725837675758,0.0,0.995598045072396));
#1116=AXIS2_PLACEMENT_3D('',#1113,#1114,#1115);
#1117=CYLINDRICAL_SURFACE('',#1116,2.25);
#1118=ORIENTED_EDGE('',*,*,#558,.F.);
#1119=CARTESIAN_POINT('',(3.298315034376294,0.141945458779944,0.917042444642015));
#1120=DIRECTION('',(0.0,-1.0,0.0));
#1121=VECTOR('',#1120,0.069738806779875);
#1122=LINE('',#1119,#1121);
#1123=EDGE_CURVE('',#531,#298,#1122,.T.);
#1124=ORIENTED_EDGE('',*,*,#1123,.T.);
#1125=ORIENTED_EDGE('',*,*,#314,.F.);
#1126=CARTESIAN_POINT('',(5.614534319713731,1.333482462802616,-2.116816149295774));
#1127=CARTESIAN_POINT('',(5.614589503022874,1.333432674639137,-2.116669783873503));
#1128=CARTESIAN_POINT('',(5.614644490590935,1.333382737967378,-2.116523891412038));
#1129=CARTESIAN_POINT('',(5.614699328436626,1.333332616512995,-2.116378350605464));
#1130=CARTESIAN_POINT('',(5.614773961893027,1.333264401991921,-2.116180271827839));
#1131=CARTESIAN_POINT('',(5.614848411802655,1.333195759141743,-2.115982595466352));
#1132=CARTESIAN_POINT('',(5.614922674575692,1.333126698447841,-2.115785332123809));
#1133=CARTESIAN_POINT('',(5.615100421581893,1.332961402552127,-2.11531318481317));
#1134=CARTESIAN_POINT('',(5.615277463550249,1.332793371600279,-2.114842428579965));
#1135=CARTESIAN_POINT('',(5.615453743291937,1.33262271415772,-2.114373224836847));
#1136=CARTESIAN_POINT('',(5.615537726450026,1.33254140957422,-2.114149686886561));
#1137=CARTESIAN_POINT('',(5.615621487316589,1.332459556554638,-2.113926632513688));
#1138=CARTESIAN_POINT('',(5.615705020663946,1.332377168558245,-2.113704077100626));
#1139=CARTESIAN_POINT('',(5.615723784656591,1.332358661844372,-2.113654084753067));
#1140=CARTESIAN_POINT('',(5.615742518051373,1.332340146992124,-2.113604168516975));
#1141=CARTESIAN_POINT('',(5.615761220923539,1.332321624253864,-2.113554328241569));
#1142=CARTESIAN_POINT('',(5.615820216793657,1.332263196593619,-2.113397113328896));
#1143=CARTESIAN_POINT('',(5.615878907537358,1.332204692676752,-2.113240658137575));
#1144=CARTESIAN_POINT('',(5.615937478165868,1.332145934729,-2.113084470532427));
#1145=CARTESIAN_POINT('',(5.620331985630261,1.327737372851541,-2.10136583929814));
#1146=CARTESIAN_POINT('',(5.624300364150161,1.321635454310155,-2.090458447741214));
#1147=CARTESIAN_POINT('',(5.627088644479736,1.315144212833949,-2.082684581051979));
#1148=CARTESIAN_POINT('',(5.628442537796979,1.311992288559326,-2.078909857955433));
#1149=CARTESIAN_POINT('',(5.629481692605871,1.30883854431192,-2.075982080694657));
#1150=CARTESIAN_POINT('',(5.630167086379344,1.305846081831884,-2.07404638195668));
#1151=CARTESIAN_POINT('',(5.630508538178276,1.304355286705644,-2.073082048982183));
#1152=CARTESIAN_POINT('',(5.630811579641501,1.302687709358179,-2.072223881244941));
#1153=CARTESIAN_POINT('',(5.630981423821663,1.300961338756848,-2.071742545736844));
#1154=CARTESIAN_POINT('',(5.631084231832899,1.299916353123493,-2.071451189587477));
#1155=CARTESIAN_POINT('',(5.631140111312471,1.298830110426655,-2.071292679223395));
#1156=CARTESIAN_POINT('',(5.631120438562455,1.297745627453366,-2.07134846623499));
#1157=CARTESIAN_POINT('',(5.631103885935423,1.296833144848459,-2.071395405356131));
#1158=CARTESIAN_POINT('',(5.631034461618969,1.295956958540448,-2.071592324779985));
#1159=CARTESIAN_POINT('',(5.630906902930711,1.295130234978341,-2.071953712066428));
#1160=CARTESIAN_POINT('',(5.63076259349466,1.29419494775763,-2.07236255599713));
#1161=CARTESIAN_POINT('',(5.630553741031379,1.293386510999366,-2.072953888738402));
#1162=CARTESIAN_POINT('',(5.63030089817543,1.292690906020535,-2.073668377522349));
#1163=CARTESIAN_POINT('',(5.629903922162665,1.291598771184771,-2.074790160882816));
#1164=CARTESIAN_POINT('',(5.629407291125645,1.290807974161591,-2.076190295374577));
#1165=CARTESIAN_POINT('',(5.628901852197098,1.290231938941199,-2.077610176088302));
#1166=CARTESIAN_POINT('',(5.627844417125046,1.289026808488484,-2.080580726198358));
#1167=CARTESIAN_POINT('',(5.626443860242444,1.288414670961852,-2.08449585709896));
#1168=CARTESIAN_POINT('',(5.624765386633739,1.288425603663268,-2.08913105639619));
#1169=CARTESIAN_POINT('',(5.622760566733266,1.28843866201417,-2.094667479337577));
#1170=CARTESIAN_POINT('',(5.620404009975164,1.28934011229355,-2.10110397411439));
#1171=CARTESIAN_POINT('',(5.617860209487708,1.291062761577402,-2.107938115395547));
#1172=CARTESIAN_POINT('',(5.616913788893182,1.29170367298827,-2.110480756646807));
#1173=CARTESIAN_POINT('',(5.61596661507619,1.292441282746891,-2.113011246507646));
#1174=CARTESIAN_POINT('',(5.615030059442059,1.293255919024496,-2.115500029254259));
#1175=CARTESIAN_POINT('',(5.614932364221257,1.293340896433327,-2.115759642427357));
#1176=CARTESIAN_POINT('',(5.614834842399183,1.293426662134167,-2.116018649159355));
#1177=CARTESIAN_POINT('',(5.614737504389638,1.293513192938725,-2.116277023810702));
#1178=CARTESIAN_POINT('',(5.614697787475656,1.293548500179314,-2.116382448647832));
#1179=CARTESIAN_POINT('',(5.614658131234725,1.29358390807127,-2.116487688433064));
#1180=CARTESIAN_POINT('',(5.614618536168537,1.293619414535038,-2.116592742083991));
#1181=CARTESIAN_POINT('',(5.61459042260542,1.293644625080349,-2.116667333004788));
#1182=CARTESIAN_POINT('',(5.61456235043836,1.293669875853927,-2.116741802082306));
#1183=CARTESIAN_POINT('',(5.614534319724398,1.293695166054114,-2.116816149281312));
#1184=B_SPLINE_CURVE_WITH_KNOTS('',3,(#1126,#1127,#1128,#1129,#1130,#1131,#1132,#1133,#1134,#1135,#1136,#1137,#1138,#1139,#1140,#1141,#1142,#1143,#1144,#1145,#1146,#1147,#1148,#1149,#1150,#1151,#1152,#1153,#1154,#1155,#1156,#1157,#1158,#1159,#1160,#1161,#1162,#1163,#1164,#1165,#1166,#1167,#1168,#1169,#1170,#1171,#1172,#1173,#1174,#1175,#1176,#1177,#1178,#1179,#1180,#1181,#1182,#1183),.UNSPECIFIED.,.F.,.U.,(4,3,3,3,3,3,3,3,3,3,3,3,3,3,3,3,3,3,3,4),(-0.382761256422957,-0.381508737948219,-0.379804079754613,-0.375724001969766,-0.373780172155086,-0.373343532064626,-0.371966205532392,-0.268626496180009,-0.218448276861824,-0.193450321063884,-0.178318862817339,-0.165587272947392,-0.15118379656125,-0.128569613517513,-0.081258199762813,-0.024748009001962,-0.003723400900672,-0.001530254379647,-0.000635382868162,0.0),.UNSPECIFIED.);
#1185=EDGE_CURVE('',#542,#279,#1184,.T.);
#1186=ORIENTED_EDGE('',*,*,#1185,.F.);
#1187=EDGE_LOOP('',(#1118,#1124,#1125,#1186));
#1188=FACE_OUTER_BOUND('',#1187,.T.);
#1189=ADVANCED_FACE('',(#1188),#1117,.T.);
#1190=CARTESIAN_POINT('',(8.819378247339778,2.625,3.650300080852908));
#1191=DIRECTION('',(0.0,-1.0,0.0));
#1192=DIRECTION('',(-0.72987594660164,0.0,-0.68357962416412));
#1193=AXIS2_PLACEMENT_3D('',#1190,#1191,#1192);
#1194=CYLINDRICAL_SURFACE('',#1193,9.525455648206581);
#1195=ORIENTED_EDGE('',*,*,#586,.F.);
#1196=CARTESIAN_POINT('',(1.866977289293063,2.555744179230191,-2.86110731114014));
#1197=DIRECTION('',(0.0,-1.0,0.0));
#1198=VECTOR('',#1197,0.069883001756582);
#1199=LINE('',#1196,#1198);
#1200=EDGE_CURVE('',#561,#268,#1199,.T.);
#1201=ORIENTED_EDGE('',*,*,#1200,.T.);
#1202=ORIENTED_EDGE('',*,*,#276,.F.);
#1203=CARTESIAN_POINT('',(8.819378247339778,2.625000000000002,3.650300080852908));
#1204=DIRECTION('',(0.0,1.0,0.0));
#1205=DIRECTION('',(-0.72987594660164,0.0,-0.68357962416412));
#1206=AXIS2_PLACEMENT_3D('',#1203,#1204,#1205);
#1207=CIRCLE('',#1206,9.525455648206581);
#1208=EDGE_CURVE('',#580,#260,#1207,.T.);
#1209=ORIENTED_EDGE('',*,*,#1208,.F.);
#1210=EDGE_LOOP('',(#1195,#1201,#1202,#1209));
#1211=FACE_OUTER_BOUND('',#1210,.T.);
#1212=ADVANCED_FACE('',(#1211),#1194,.T.);
#1213=CARTESIAN_POINT('',(3.50919816914675,2.625,-1.323053156770872));
#1214=DIRECTION('',(0.0,-1.0,0.0));
#1215=DIRECTION('',(-0.093725837675758,0.0,0.995598045072396));
#1216=AXIS2_PLACEMENT_3D('',#1213,#1214,#1215);
#1217=CYLINDRICAL_SURFACE('',#1216,2.25);
#1218=ORIENTED_EDGE('',*,*,#577,.F.);
#1219=CARTESIAN_POINT('',(5.614534319724564,1.293695166053965,-2.116816149280873));
#1220=CARTESIAN_POINT('',(5.614479233736478,1.293744866381546,-2.116962256473303));
#1221=CARTESIAN_POINT('',(5.61442415803258,1.293794854698462,-2.117108290224782));
#1222=CARTESIAN_POINT('',(5.614369250887719,1.293844984023945,-2.117253831391371));
#1223=CARTESIAN_POINT('',(5.614294553972829,1.293913181085886,-2.117451828868035));
#1224=CARTESIAN_POINT('',(5.61421998483577,1.293981806236037,-2.117649403062281));
#1225=CARTESIAN_POINT('',(5.614145547771548,1.294050849001004,-2.117846543662922));
#1226=CARTESIAN_POINT('',(5.613967322132328,1.294216158998763,-2.11831855998883));
#1227=CARTESIAN_POINT('',(5.613789485387543,1.294384204579599,-2.118789065813926));
#1228=CARTESIAN_POINT('',(5.613612101168375,1.294554877147155,-2.119257902096425));
#1229=CARTESIAN_POINT('',(5.613527546573836,1.294636232466225,-2.119481384557028));
#1230=CARTESIAN_POINT('',(5.613443144397401,1.29471813697817,-2.119704356600794));
#1231=CARTESIAN_POINT('',(5.6133589008826,1.294800577199126,-2.119926803186845));
#1232=CARTESIAN_POINT('',(5.613339649540149,1.294819416452557,-2.119977636718839));
#1233=CARTESIAN_POINT('',(5.613320425994507,1.294838264588065,-2.12002839129105));
#1234=CARTESIAN_POINT('',(5.61330123020022,1.294857121344691,-2.120079067074721));
#1235=CARTESIAN_POINT('',(5.613240204723226,1.294917068984803,-2.12024017079485));
#1236=CARTESIAN_POINT('',(5.613179457804769,1.294977104884848,-2.12040048339601));
#1237=CARTESIAN_POINT('',(5.61311880165896,1.295037408351529,-2.120560501560941));
#1238=CARTESIAN_POINT('',(5.608663599988829,1.299466705694488,-2.132313856247952));
#1239=CARTESIAN_POINT('',(5.604427070988086,1.305602697650383,-2.143165378373843));
#1240=CARTESIAN_POINT('',(5.601387898108996,1.312123485429511,-2.150846672245449));
#1241=CARTESIAN_POINT('',(5.599925578754521,1.31526100822114,-2.154542580685915));
#1242=CARTESIAN_POINT('',(5.598784127730028,1.318397890137778,-2.157399981069354));
#1243=CARTESIAN_POINT('',(5.598028476594611,1.321373616744963,-2.159287525158));
#1244=CARTESIAN_POINT('',(5.597651055058265,1.322859888987787,-2.160230287970715));
#1245=CARTESIAN_POINT('',(5.597315052761094,1.324521560057144,-2.161067543490446));
#1246=CARTESIAN_POINT('',(5.597127062062241,1.326241444807367,-2.16153566649963));
#1247=CARTESIAN_POINT('',(5.59701302936119,1.327284704419472,-2.161819623799044));
#1248=CARTESIAN_POINT('',(5.596951482864085,1.328368630997806,-2.161972753784899));
#1249=CARTESIAN_POINT('',(5.596974446778304,1.329450492640367,-2.161915602096129));
#1250=CARTESIAN_POINT('',(5.596993814053893,1.330362911681,-2.161867401580476));
#1251=CARTESIAN_POINT('',(5.597072573506605,1.331238504672855,-2.161671431935822));
#1252=CARTESIAN_POINT('',(5.597216185864806,1.332064256049526,-2.161313709703977));
#1253=CARTESIAN_POINT('',(5.597378938008655,1.333000058570438,-2.160908312418784));
#1254=CARTESIAN_POINT('',(5.597613810165349,1.333808263416001,-2.160322937290343));
#1255=CARTESIAN_POINT('',(5.597896790883509,1.33450312786827,-2.159616402601951));
#1256=CARTESIAN_POINT('',(5.598342186808819,1.335596805902926,-2.158504356264147));
#1257=CARTESIAN_POINT('',(5.598896951759175,1.336387268590847,-2.157116279244344));
#1258=CARTESIAN_POINT('',(5.599457625792174,1.33696206933784,-2.155708789817728));
#1259=CARTESIAN_POINT('',(5.600636126878029,1.338170263876221,-2.152750336741656));
#1260=CARTESIAN_POINT('',(5.602184955440226,1.338776653750835,-2.148844359099478));
#1261=CARTESIAN_POINT('',(5.604002336745834,1.338751412292458,-2.144208135693471));
#1262=CARTESIAN_POINT('',(5.606149997034772,1.338721583616646,-2.138729355390733));
#1263=CARTESIAN_POINT('',(5.6086226369021,1.337810591448565,-2.132355141387121));
#1264=CARTESIAN_POINT('',(5.611214295973837,1.336086162302318,-2.12556683339445));
#1265=CARTESIAN_POINT('',(5.612092331541341,1.335501938034336,-2.12326700317151));
#1266=CARTESIAN_POINT('',(5.612962821771836,1.33483854622196,-2.120975536848217));
#1267=CARTESIAN_POINT('',(5.613817476223296,1.334110960485989,-2.118714874108718));
#1268=CARTESIAN_POINT('',(5.613972268152563,1.333979182783802,-2.118305431033485));
#1269=CARTESIAN_POINT('',(5.614126515937333,1.333845320662889,-2.117897066002026));
#1270=CARTESIAN_POINT('',(5.614280180663168,1.333709457285563,-2.11748988825783));
#1271=CARTESIAN_POINT('',(5.614327734398183,1.333667412431036,-2.117363881313516));
#1272=CARTESIAN_POINT('',(5.614375191125542,1.333625212318869,-2.117238097168315));
#1273=CARTESIAN_POINT('',(5.614422550140614,1.333582860250839,-2.117112538061372));
#1274=CARTESIAN_POINT('',(5.614452348847072,1.333556211959248,-2.117033535173217));
#1275=CARTESIAN_POINT('',(5.614482094542318,1.333529516319512,-2.116954659361495));
#1276=CARTESIAN_POINT('',(5.614511787177135,1.33350277430732,-2.116875910888338));
#1277=CARTESIAN_POINT('',(5.614519301614094,1.33349600659654,-2.116855981689032));
#1278=CARTESIAN_POINT('',(5.614526812459465,1.33348923608982,-2.116836061157851));
#1279=CARTESIAN_POINT('',(5.614534319713729,1.333482462802607,-2.116816149295778));
#1280=B_SPLINE_CURVE_WITH_KNOTS('',3,(#1219,#1220,#1221,#1222,#1223,#1224,#1225,#1226,#1227,#1228,#1229,#1230,#1231,#1232,#1233,#1234,#1235,#1236,#1237,#1238,#1239,#1240,#1241,#1242,#1243,#1244,#1245,#1246,#1247,#1248,#1249,#1250,#1251,#1252,#1253,#1254,#1255,#1256,#1257,#1258,#1259,#1260,#1261,#1262,#1263,#1264,#1265,#1266,#1267,#1268,#1269,#1270,#1271,#1272,#1273,#1274,#1275,#1276,#1277,#1278,#1279),.UNSPECIFIED.,.F.,.U.,(4,3,3,3,3,3,3,3,3,3,3,3,3,3,3,3,3,3,3,3,4),(0.0,0.001248655070073,0.002947353513224,0.007014569476604,0.008953309000881,0.009396350089466,0.010804824953995,0.114257483954885,0.164034456686442,0.188896328312718,0.203977214718416,0.216696112740908,0.23111010848944,0.253796936820221,0.301483204150029,0.35783566158749,0.376927471342073,0.380385311010544,0.381455388677517,0.382128690903849,0.382299086261662),.UNSPECIFIED.);
#1281=EDGE_CURVE('',#279,#542,#1280,.T.);
#1282=ORIENTED_EDGE('',*,*,#1281,.F.);
#1283=ORIENTED_EDGE('',*,*,#295,.F.);
#1284=ORIENTED_EDGE('',*,*,#1200,.F.);
#1285=EDGE_LOOP('',(#1218,#1282,#1283,#1284));
#1286=FACE_OUTER_BOUND('',#1285,.T.);
#1287=ADVANCED_FACE('',(#1286),#1217,.T.);
#1288=CARTESIAN_POINT('',(4.177574117539138,2.625,-8.422843397055699));
#1289=DIRECTION('',(0.0,-1.0,0.0));
#1290=DIRECTION('',(-0.321439465303162,0.0,0.946930129495105));
#1291=AXIS2_PLACEMENT_3D('',#1288,#1289,#1290);
#1292=CYLINDRICAL_SURFACE('',#1291,9.381181379297164);
#1293=ORIENTED_EDGE('',*,*,#539,.F.);
#1294=CARTESIAN_POINT('',(4.177574117539138,1.398706E-015,-8.422843397055699));
#1295=DIRECTION('',(0.0,-1.0,0.0));
#1296=DIRECTION('',(-0.321439465303162,0.0,0.946930129495105));
#1297=AXIS2_PLACEMENT_3D('',#1294,#1295,#1296);
#1298=CIRCLE('',#1297,9.381181379297162);
#1299=EDGE_CURVE('',#317,#523,#1298,.T.);
#1300=ORIENTED_EDGE('',*,*,#1299,.F.);
#1301=ORIENTED_EDGE('',*,*,#323,.F.);
#1302=ORIENTED_EDGE('',*,*,#1123,.F.);
#1303=EDGE_LOOP('',(#1293,#1300,#1301,#1302));
#1304=FACE_OUTER_BOUND('',#1303,.T.);
#1305=ADVANCED_FACE('',(#1304),#1292,.T.);
#1306=CARTESIAN_POINT('',(-0.608801440252603,2.625,3.700581339780363));
#1307=DIRECTION('',(0.0,-1.0,0.0));
#1308=DIRECTION('',(-0.815350280152941,0.0,-0.578967978954381));
#1309=AXIS2_PLACEMENT_3D('',#1306,#1307,#1308);
#1310=CYLINDRICAL_SURFACE('',#1309,2.25);
#1311=ORIENTED_EDGE('',*,*,#1074,.F.);
#1312=CARTESIAN_POINT('',(-2.443339570596716,0.141945458779944,2.397903387133007));
#1313=DIRECTION('',(0.0,-1.0,0.0));
#1314=VECTOR('',#1313,0.069738806779875);
#1315=LINE('',#1312,#1314);
#1316=EDGE_CURVE('',#1047,#821,#1315,.T.);
#1317=ORIENTED_EDGE('',*,*,#1316,.T.);
#1318=ORIENTED_EDGE('',*,*,#837,.F.);
#1319=CARTESIAN_POINT('',(-0.974050599425571,1.333482462802616,5.92073742593956));
#1320=CARTESIAN_POINT('',(-0.974204947254065,1.333432674639137,5.920712033376006));
#1321=CARTESIAN_POINT('',(-0.974358787615945,1.333382737967378,5.920686707776107));
#1322=CARTESIAN_POINT('',(-0.97451224857457,1.333332616512995,5.920661428340278));
#1323=CARTESIAN_POINT('',(-0.974721106556145,1.333264401991921,5.920627023420681));
#1324=CARTESIAN_POINT('',(-0.974929524261735,1.333195759141743,5.920592660752985));
#1325=CARTESIAN_POINT('',(-0.97513749071413,1.333126698447841,5.920558342529719));
#1326=CARTESIAN_POINT('',(-0.975635255782572,1.332961402552127,5.920476202297215));
#1327=CARTESIAN_POINT('',(-0.976131463623695,1.332793371600279,5.920394147022746));
#1328=CARTESIAN_POINT('',(-0.976625945855631,1.33262271415772,5.920312207885662));
#1329=CARTESIAN_POINT('',(-0.976861526978333,1.33254140957422,5.920273170458914));
#1330=CARTESIAN_POINT('',(-0.977096578164948,1.332459556554638,5.920234182310763));
#1331=CARTESIAN_POINT('',(-0.977331083480088,1.332377168558245,5.920195246605106));
#1332=CARTESIAN_POINT('',(-0.977383760119392,1.332358661844372,5.920186500525634));
#1333=CARTESIAN_POINT('',(-0.977436355545299,1.332340146992124,5.920177766003369));
#1334=CARTESIAN_POINT('',(-0.977488869926015,1.332321624253864,5.920169043028086));
#1335=CARTESIAN_POINT('',(-0.977654519969303,1.332263196593619,5.92014152749399));
#1336=CARTESIAN_POINT('',(-0.977819359511391,1.332204692676752,5.920114127573341));
#1337=CARTESIAN_POINT('',(-0.977983907259461,1.332145934729,5.920086757422973));
#1338=CARTESIAN_POINT('',(-0.990329793338131,1.327737372851541,5.918033196907114));
#1339=CARTESIAN_POINT('',(-1.001760060775403,1.321635454310155,5.916016217738716));
#1340=CARTESIAN_POINT('',(-1.009886566978703,1.315144212833949,5.914544005992383));
#1341=CARTESIAN_POINT('',(-1.013832519731185,1.311992288559326,5.913829150450856));
#1342=CARTESIAN_POINT('',(-1.016887626620084,1.30883854431192,5.913265196283433));
#1343=CARTESIAN_POINT('',(-1.018906687787982,1.305846081831884,5.912890915333868));
#1344=CARTESIAN_POINT('',(-1.01991255054107,1.304355286705644,5.912704454778663));
#1345=CARTESIAN_POINT('',(-1.020807266333843,1.302687709358179,5.912537812515595));
#1346=CARTESIAN_POINT('',(-1.02130903720168,1.300961338756848,5.912444234136252));
#1347=CARTESIAN_POINT('',(-1.021612763034199,1.299916353123493,5.91238759041101));
#1348=CARTESIAN_POINT('',(-1.021777976776041,1.298830110426655,5.912356728277827));
#1349=CARTESIAN_POINT('',(-1.021719827431791,1.297745627453367,5.912367584682349));
#1350=CARTESIAN_POINT('',(-1.021670900646936,1.296833144848459,5.912376719247411));
#1351=CARTESIAN_POINT('',(-1.021465651265153,1.295956958540448,5.912415055737649));
#1352=CARTESIAN_POINT('',(-1.02108890135036,1.295130234978341,5.912485280316365));
#1353=CARTESIAN_POINT('',(-1.020662677402163,1.294194947757631,5.912564726644091));
#1354=CARTESIAN_POINT('',(-1.020046141994491,1.293386510999366,5.912679521475882));
#1355=CARTESIAN_POINT('',(-1.0193009551289,1.292690906020535,5.912817797531438));
#1356=CARTESIAN_POINT('',(-1.01813097423481,1.291598771184771,5.913034897899924));
#1357=CARTESIAN_POINT('',(-1.016670106677721,1.290807974161591,5.913304870051436));
#1358=CARTESIAN_POINT('',(-1.015187734445017,1.290231938941199,5.913577087456115));
#1359=CARTESIAN_POINT('',(-1.012086445050468,1.289026808488484,5.914146596875894));
#1360=CARTESIAN_POINT('',(-1.007995563790104,1.288414670961852,5.914891244486417));
#1361=CARTESIAN_POINT('',(-1.003142126642747,1.288425603663268,5.915755243350312));
#1362=CARTESIAN_POINT('',(-0.997345033779174,1.288438662014171,5.916787229857183));
#1363=CARTESIAN_POINT('',(-0.990592587412077,1.28934011229355,5.917964639227614));
#1364=CARTESIAN_POINT('',(-0.983402147205815,1.291062761577402,5.919178714023895));
#1365=CARTESIAN_POINT('',(-0.98072694499225,1.29170367298827,5.919630410372001));
#1366=CARTESIAN_POINT('',(-0.978061889580249,1.292441282746891,5.920075378715106));
#1367=CARTESIAN_POINT('',(-0.975438262680117,1.293255919024496,5.920508689117199));
#1368=CARTESIAN_POINT('',(-0.975164583466656,1.293340896433327,5.920553889160704));
#1369=CARTESIAN_POINT('',(-0.974891516145957,1.293426662134167,5.920598936151363));
#1370=CARTESIAN_POINT('',(-0.974619088129425,1.293513192938725,5.920643826288018));
#1371=CARTESIAN_POINT('',(-0.974507929085289,1.293548500179314,5.920662142850114));
#1372=CARTESIAN_POINT('',(-0.974396960637324,1.29358390807127,5.920680419430664));
#1373=CARTESIAN_POINT('',(-0.974286183973766,1.293619414535038,5.920698655922945));
#1374=CARTESIAN_POINT('',(-0.974207529559906,1.293644625080349,5.920711604323494));
#1375=CARTESIAN_POINT('',(-0.974129001363449,1.293669875853927,5.92072452765244));
#1376=CARTESIAN_POINT('',(-0.974050599443429,1.293695166054115,5.920737425941566));
#1377=B_SPLINE_CURVE_WITH_KNOTS('',3,(#1319,#1320,#1321,#1322,#1323,#1324,#1325,#1326,#1327,#1328,#1329,#1330,#1331,#1332,#1333,#1334,#1335,#1336,#1337,#1338,#1339,#1340,#1341,#1342,#1343,#1344,#1345,#1346,#1347,#1348,#1349,#1350,#1351,#1352,#1353,#1354,#1355,#1356,#1357,#1358,#1359,#1360,#1361,#1362,#1363,#1364,#1365,#1366,#1367,#1368,#1369,#1370,#1371,#1372,#1373,#1374,#1375,#1376),.UNSPECIFIED.,.F.,.U.,(4,3,3,3,3,3,3,3,3,3,3,3,3,3,3,3,3,3,3,4),(-0.382761256422957,-0.381508737948219,-0.379804079754613,-0.375724001969766,-0.373780172155086,-0.373343532064626,-0.371966205532392,-0.268626496180009,-0.218448276861824,-0.193450321063884,-0.178318862817339,-0.165587272947392,-0.15118379656125,-0.128569613517513,-0.081258199762813,-0.024748009001962,-0.003723400900672,-0.001530254379647,-0.000635382868162,0.0),.UNSPECIFIED.);
#1378=EDGE_CURVE('',#1058,#802,#1377,.T.);
#1379=ORIENTED_EDGE('',*,*,#1378,.F.);
#1380=EDGE_LOOP('',(#1311,#1317,#1318,#1379));
#1381=FACE_OUTER_BOUND('',#1380,.T.);
#1382=ADVANCED_FACE('',(#1381),#1310,.T.);
#1383=CARTESIAN_POINT('',(-7.570941725124897,2.625,5.812655567353675));
#1384=DIRECTION('',(0.0,-1.0,0.0));
#1385=DIRECTION('',(0.956935293336367,0.0,-0.290301299286175));
#1386=AXIS2_PLACEMENT_3D('',#1383,#1384,#1385);
#1387=CYLINDRICAL_SURFACE('',#1386,9.525455648206579);
#1388=ORIENTED_EDGE('',*,*,#1102,.F.);
#1389=CARTESIAN_POINT('',(1.544302969754217,2.555744179230191,3.047403416386471));
#1390=DIRECTION('',(0.0,-1.0,0.0));
#1391=VECTOR('',#1390,0.069883001756582);
#1392=LINE('',#1389,#1391);
#1393=EDGE_CURVE('',#1077,#791,#1392,.T.);
#1394=ORIENTED_EDGE('',*,*,#1393,.T.);
#1395=ORIENTED_EDGE('',*,*,#799,.F.);
#1396=CARTESIAN_POINT('',(-7.570941725124897,2.625000000000002,5.812655567353675));
#1397=DIRECTION('',(0.0,1.0,0.0));
#1398=DIRECTION('',(0.956935293336367,0.0,-0.290301299286175));
#1399=AXIS2_PLACEMENT_3D('',#1396,#1397,#1398);
#1400=CIRCLE('',#1399,9.525455648206579);
#1401=EDGE_CURVE('',#1096,#783,#1400,.T.);
#1402=ORIENTED_EDGE('',*,*,#1401,.F.);
#1403=EDGE_LOOP('',(#1388,#1394,#1395,#1402));
#1404=FACE_OUTER_BOUND('',#1403,.T.);
#1405=ADVANCED_FACE('',(#1404),#1387,.T.);
#1406=CARTESIAN_POINT('',(-0.608801440252603,2.625,3.700581339780363));
#1407=DIRECTION('',(0.0,-1.0,0.0));
#1408=DIRECTION('',(-0.815350280152941,0.0,-0.578967978954381));
#1409=AXIS2_PLACEMENT_3D('',#1406,#1407,#1408);
#1410=CYLINDRICAL_SURFACE('',#1409,2.25);
#1411=ORIENTED_EDGE('',*,*,#1093,.F.);
#1412=CARTESIAN_POINT('',(-0.974050599443892,1.293695166053965,5.920737425941489));
#1413=CARTESIAN_POINT('',(-0.973896523909529,1.293744866381546,5.920762773672629));
#1414=CARTESIAN_POINT('',(-0.97374251711899,1.293794854698462,5.920788093589662));
#1415=CARTESIAN_POINT('',(-0.973589021198996,1.293844984023946,5.920813313190657));
#1416=CARTESIAN_POINT('',(-0.973380201896875,1.293913181085886,5.920847622503111));
#1417=CARTESIAN_POINT('',(-0.973171813056996,1.293981806236037,5.920881830833202));
#1418=CARTESIAN_POINT('',(-0.972963865756612,1.294050849001004,5.920915936744923));
#1419=CARTESIAN_POINT('',(-0.972465974807766,1.294216158998763,5.920997596976707));
#1420=CARTESIAN_POINT('',(-0.971969586438212,1.294384204579599,5.921078838750546));
#1421=CARTESIAN_POINT('',(-0.971474870197767,1.294554877147155,5.921159637651765));
#1422=CARTESIAN_POINT('',(-0.971239051412316,1.294636232466226,5.921198152455188));
#1423=CARTESIAN_POINT('',(-0.971003750869862,1.29471813697817,5.921236544048145));
#1424=CARTESIAN_POINT('',(-0.970768984717956,1.294800577199126,5.921274810317248));
#1425=CARTESIAN_POINT('',(-0.97071533591666,1.294819416452557,5.921283554931625));
#1426=CARTESIAN_POINT('',(-0.970661769394946,1.294838264588066,5.921292284138855));
#1427=CARTESIAN_POINT('',(-0.970608284981786,1.294857121344691,5.921300997985191));
#1428=CARTESIAN_POINT('',(-0.970438252329014,1.294917068984803,5.921328700231902));
#1429=CARTESIAN_POINT('',(-0.970269044084634,1.294977104884848,5.921356248157896));
#1430=CARTESIAN_POINT('',(-0.970100136215832,1.295037408351529,5.921383727477195));
#1431=CARTESIAN_POINT('',(-0.957693831642127,1.299466705694488,5.923402086995385));
#1432=CARTESIAN_POINT('',(-0.946177873311005,1.305602697650384,5.925158906319816));
#1433=CARTESIAN_POINT('',(-0.938006091244715,1.312123485429511,5.926367552335836));
#1434=CARTESIAN_POINT('',(-0.934074180967973,1.31526100822114,5.926949100846647));
#1435=CARTESIAN_POINT('',(-0.931028874134884,1.318397890137778,5.927389275453979));
#1436=CARTESIAN_POINT('',(-0.929016387435645,1.321373616744963,5.927678634418633));
#1437=CARTESIAN_POINT('',(-0.928011220121918,1.322859888987787,5.92782315918658));
#1438=CARTESIAN_POINT('',(-0.927118134423787,1.324521560057145,5.927950800421367));
#1439=CARTESIAN_POINT('',(-0.926618732656312,1.326241444807368,5.928022057205077));
#1440=CARTESIAN_POINT('',(-0.926315802070903,1.327284704419472,5.928065280638812));
#1441=CARTESIAN_POINT('',(-0.926152414364519,1.328368630997806,5.928088544801731));
#1442=CARTESIAN_POINT('',(-0.926213391135972,1.329450492640367,5.92807985629043));
#1443=CARTESIAN_POINT('',(-0.926264817644798,1.330362911681,5.928072528585266));
#1444=CARTESIAN_POINT('',(-0.926473912061794,1.331238504672855,5.928042751449776));
#1445=CARTESIAN_POINT('',(-0.926855514781171,1.332064256049526,5.927988262284353));
#1446=CARTESIAN_POINT('',(-0.927287975200699,1.333000058570438,5.927926511132849));
#1447=CARTESIAN_POINT('',(-0.92791236101102,1.333808263416001,5.927837228822968));
#1448=CARTESIAN_POINT('',(-0.928665728358902,1.33450312786827,5.92772902996948));
#1449=CARTESIAN_POINT('',(-0.92985148670028,1.335596805902926,5.927558730986638));
#1450=CARTESIAN_POINT('',(-0.931330979137017,1.336387268590847,5.927345133016875));
#1451=CARTESIAN_POINT('',(-0.932830237752524,1.33696206933784,5.927126946259385));
#1452=CARTESIAN_POINT('',(-0.935981583815234,1.338170263876221,5.926668331600087));
#1453=CARTESIAN_POINT('',(-0.940138673961072,1.338776653750835,5.926056667659969));
#1454=CARTESIAN_POINT('',(-0.945062451861099,1.338751412292458,5.925312454335985));
#1455=CARTESIAN_POINT('',(-0.950881044929492,1.338721583616646,5.924432992553535));
#1456=CARTESIAN_POINT('',(-0.957637596119443,1.337810591448565,5.923387254491245));
#1457=CARTESIAN_POINT('',(-0.964812272825678,1.336086162302318,5.922237543088983));
#1458=CARTESIAN_POINT('',(-0.967243002006887,1.335501938034336,5.921848029084398));
#1459=CARTESIAN_POINT('',(-0.969662715170023,1.33483854622196,5.921456162576105));
#1460=CARTESIAN_POINT('',(-0.972047833757549,1.334110960485989,5.921065983672778));
#1461=CARTESIAN_POINT('',(-0.972479817826737,1.333979182783802,5.920995315878207));
#1462=CARTESIAN_POINT('',(-0.972910596210383,1.333845320662889,5.920924715862566));
#1463=CARTESIAN_POINT('',(-0.97334005484363,1.333709457285563,5.920854204546707));
#1464=CARTESIAN_POINT('',(-0.973472956925966,1.333667412431036,5.920832383817118));
#1465=CARTESIAN_POINT('',(-0.973605617554783,1.333625212318869,5.920810590475991));
#1466=CARTESIAN_POINT('',(-0.973738034438609,1.333582860250839,5.920788825032671));
#1467=CARTESIAN_POINT('',(-0.973821352299952,1.333556211959248,5.920775130025385));
#1468=CARTESIAN_POINT('',(-0.973904533604269,1.333529516319512,5.92076145264726));
#1469=CARTESIAN_POINT('',(-0.973987578099942,1.33350277430732,5.920747792986738));
#1470=CARTESIAN_POINT('',(-0.974008594511297,1.33349600659654,5.920744336080387));
#1471=CARTESIAN_POINT('',(-0.974029601620042,1.33348923608982,5.920740880397691));
#1472=CARTESIAN_POINT('',(-0.974050599425567,1.333482462802607,5.92073742593956));
#1473=B_SPLINE_CURVE_WITH_KNOTS('',3,(#1412,#1413,#1414,#1415,#1416,#1417,#1418,#1419,#1420,#1421,#1422,#1423,#1424,#1425,#1426,#1427,#1428,#1429,#1430,#1431,#1432,#1433,#1434,#1435,#1436,#1437,#1438,#1439,#1440,#1441,#1442,#1443,#1444,#1445,#1446,#1447,#1448,#1449,#1450,#1451,#1452,#1453,#1454,#1455,#1456,#1457,#1458,#1459,#1460,#1461,#1462,#1463,#1464,#1465,#1466,#1467,#1468,#1469,#1470,#1471,#1472),.UNSPECIFIED.,.F.,.U.,(4,3,3,3,3,3,3,3,3,3,3,3,3,3,3,3,3,3,3,3,4),(0.0,0.001248655070073,0.002947353513224,0.007014569476604,0.008953309000881,0.009396350089466,0.010804824953995,0.114257483954885,0.164034456686442,0.188896328312718,0.203977214718416,0.216696112740908,0.23111010848944,0.253796936820221,0.301483204150029,0.35783566158749,0.376927471342073,0.380385311010544,0.381455388677517,0.382128690903849,0.382299086261662),.UNSPECIFIED.);
#1474=EDGE_CURVE('',#802,#1058,#1473,.T.);
#1475=ORIENTED_EDGE('',*,*,#1474,.F.);
#1476=ORIENTED_EDGE('',*,*,#818,.F.);
#1477=ORIENTED_EDGE('',*,*,#1393,.F.);
#1478=EDGE_LOOP('',(#1411,#1475,#1476,#1477));
#1479=FACE_OUTER_BOUND('',#1478,.T.);
#1480=ADVANCED_FACE('',(#1479),#1410,.T.);
#1481=CARTESIAN_POINT('',(5.205609295178687,2.625,7.829307010509099));
#1482=DIRECTION('',(0.0,-1.0,0.0));
#1483=DIRECTION('',(-0.659345815100069,0.0,-0.751839807478977));
#1484=AXIS2_PLACEMENT_3D('',#1481,#1482,#1483);
#1485=CYLINDRICAL_SURFACE('',#1484,9.381181379297164);
#1486=ORIENTED_EDGE('',*,*,#1055,.F.);
#1487=CARTESIAN_POINT('',(5.205609295178687,1.398706E-015,7.829307010509099));
#1488=DIRECTION('',(0.0,-1.0,0.0));
#1489=DIRECTION('',(-0.659345815100069,0.0,-0.751839807478977));
#1490=AXIS2_PLACEMENT_3D('',#1487,#1488,#1489);
#1491=CIRCLE('',#1490,9.381181379297164);
#1492=EDGE_CURVE('',#840,#1039,#1491,.T.);
#1493=ORIENTED_EDGE('',*,*,#1492,.F.);
#1494=ORIENTED_EDGE('',*,*,#846,.F.);
#1495=ORIENTED_EDGE('',*,*,#1316,.F.);
#1496=EDGE_LOOP('',(#1486,#1493,#1494,#1495));
#1497=FACE_OUTER_BOUND('',#1496,.T.);
#1498=ADVANCED_FACE('',(#1497),#1485,.T.);
#1499=CARTESIAN_POINT('',(3.255072320139425,1.398706E-015,1.104948161979619));
#1500=DIRECTION('',(0.0,1.0,0.0));
#1501=DIRECTION('',(0.321439465303162,0.0,-0.946930129495105));
#1502=AXIS2_PLACEMENT_3D('',#1499,#1500,#1501);
#1503=PLANE('',#1502);
#1504=ORIENTED_EDGE('',*,*,#1299,.T.);
#1505=ORIENTED_EDGE('',*,*,#528,.F.);
#1506=ORIENTED_EDGE('',*,*,#459,.T.);
#1507=CARTESIAN_POINT('',(0.808473896726769,0.0,0.34044266523371));
#1508=VERTEX_POINT('',#1507);
#1509=CARTESIAN_POINT('',(0.950895773273291,1.486125E-015,-0.07911865364149));
#1510=CARTESIAN_POINT('',(0.843283252703527,1.484313E-015,0.237897609256764));
#1511=CARTESIAN_POINT('',(0.735670732133763,1.881324E-015,0.554913872155017));
#1512=CARTESIAN_POINT('',(0.628058211563999,1.879511E-015,0.871930135053271));
#1513=B_SPLINE_CURVE_WITH_KNOTS('',3,(#1509,#1510,#1511,#1512),.UNSPECIFIED.,.F.,.U.,(4,4),(0.0,2.55104769406028),.UNSPECIFIED.);
#1514=EDGE_CURVE('',#426,#1508,#1513,.F.);
#1515=ORIENTED_EDGE('',*,*,#1514,.T.);
#1516=CARTESIAN_POINT('',(0.828563863308216,0.0,0.281259532140266));
#1517=VERTEX_POINT('',#1516);
#1518=CARTESIAN_POINT('',(0.828563863308216,3.469447E-018,0.281259532140266));
#1519=DIRECTION('',(-0.321439465303162,5.551115E-017,0.946930129495105));
#1520=VECTOR('',#1519,0.0625);
#1521=LINE('',#1518,#1520);
#1522=EDGE_CURVE('',#1517,#1508,#1521,.T.);
#1523=ORIENTED_EDGE('',*,*,#1522,.F.);
#1524=CARTESIAN_POINT('',(0.848653829889664,0.0,0.222076399046822));
#1525=VERTEX_POINT('',#1524);
#1526=CARTESIAN_POINT('',(0.848653829889664,0.0,0.222076399046822));
#1527=DIRECTION('',(-0.321439465303162,5.551115E-017,0.946930129495105));
#1528=VECTOR('',#1527,0.0625);
#1529=LINE('',#1526,#1528);
#1530=EDGE_CURVE('',#1525,#1517,#1529,.T.);
#1531=ORIENTED_EDGE('',*,*,#1530,.F.);
#1532=CARTESIAN_POINT('',(0.99649876947155,1.442416E-015,-0.213460748364225));
#1533=CARTESIAN_POINT('',(0.909473657200652,1.440950E-015,0.042906965395772));
#1534=CARTESIAN_POINT('',(0.822448544929755,1.487591E-015,0.299274679155771));
#1535=CARTESIAN_POINT('',(0.735423432658857,1.486125E-015,0.555642392915768));
#1536=B_SPLINE_CURVE_WITH_KNOTS('',3,(#1532,#1533,#1534,#1535),.UNSPECIFIED.,.F.,.U.,(4,4),(0.0,2.063005408744131),.UNSPECIFIED.);
#1537=EDGE_CURVE('',#133,#1525,#1536,.T.);
#1538=ORIENTED_EDGE('',*,*,#1537,.F.);
#1539=ORIENTED_EDGE('',*,*,#220,.F.);
#1540=ORIENTED_EDGE('',*,*,#329,.F.);
#1541=EDGE_LOOP('',(#1504,#1505,#1506,#1515,#1523,#1531,#1538,#1539,#1540));
#1542=FACE_OUTER_BOUND('',#1541,.T.);
#1543=ADVANCED_FACE('',(#1542),#1503,.F.);
#1544=CARTESIAN_POINT('',(-2.584449338208984,1.398706E-015,2.266501239406486));
#1545=DIRECTION('',(0.0,1.0,0.0));
#1546=DIRECTION('',(0.659345815100069,0.0,0.751839807478978));
#1547=AXIS2_PLACEMENT_3D('',#1544,#1545,#1546);
#1548=PLANE('',#1547);
#1549=ORIENTED_EDGE('',*,*,#1492,.T.);
#1550=ORIENTED_EDGE('',*,*,#1044,.F.);
#1551=ORIENTED_EDGE('',*,*,#976,.T.);
#1552=CARTESIAN_POINT('',(-0.699068944987859,0.0,0.529937600245123));
#1553=VERTEX_POINT('',#1552);
#1554=CARTESIAN_POINT('',(-0.317269270399112,1.617254E-015,0.965296689913075));
#1555=CARTESIAN_POINT('',(-0.596535531316289,1.614961E-015,0.646854550697438));
#1556=CARTESIAN_POINT('',(-0.875801792233466,1.488419E-015,0.3284124114818));
#1557=CARTESIAN_POINT('',(-1.155068053150643,1.486125E-015,0.009970272266163));
#1558=B_SPLINE_CURVE_WITH_KNOTS('',3,(#1554,#1555,#1556,#1557),.UNSPECIFIED.,.F.,.U.,(4,4),(0.0,3.227454940115029),.UNSPECIFIED.);
#1559=EDGE_CURVE('',#943,#1553,#1558,.F.);
#1560=ORIENTED_EDGE('',*,*,#1559,.T.);
#1561=CARTESIAN_POINT('',(-0.657859831544104,0.0,0.57692758821256));
#1562=VERTEX_POINT('',#1561);
#1563=CARTESIAN_POINT('',(-0.657859831544104,3.469447E-018,0.57692758821256));
#1564=DIRECTION('',(-0.65934581510007,5.551115E-017,-0.751839807478977));
#1565=VECTOR('',#1564,0.0625);
#1566=LINE('',#1563,#1565);
#1567=EDGE_CURVE('',#1562,#1553,#1566,.T.);
#1568=ORIENTED_EDGE('',*,*,#1567,.F.);
#1569=CARTESIAN_POINT('',(-0.61665071810035,0.0,0.623917576179996));
#1570=VERTEX_POINT('',#1569);
#1571=CARTESIAN_POINT('',(-0.61665071810035,0.0,0.623917576179996));
#1572=DIRECTION('',(-0.659345815100069,5.551115E-017,-0.751839807478978));
#1573=VECTOR('',#1572,0.0625);
#1574=LINE('',#1571,#1573);
#1575=EDGE_CURVE('',#1570,#1562,#1574,.T.);
#1576=ORIENTED_EDGE('',*,*,#1575,.F.);
#1577=CARTESIAN_POINT('',(-0.250127847703086,1.617254E-015,1.041856809288344));
#1578=CARTESIAN_POINT('',(-0.469043642253527,1.615456E-015,0.79223118786246));
#1579=CARTESIAN_POINT('',(-0.687959436803968,1.859454E-015,0.542605566436576));
#1580=CARTESIAN_POINT('',(-0.906875231354409,1.857657E-015,0.292979945010692));
#1581=B_SPLINE_CURVE_WITH_KNOTS('',3,(#1577,#1578,#1579,#1580),.UNSPECIFIED.,.F.,.U.,(4,4),(0.0,2.529990054189069),.UNSPECIFIED.);
#1582=EDGE_CURVE('',#656,#1570,#1581,.T.);
#1583=ORIENTED_EDGE('',*,*,#1582,.F.);
#1584=ORIENTED_EDGE('',*,*,#743,.F.);
#1585=ORIENTED_EDGE('',*,*,#852,.F.);
#1586=EDGE_LOOP('',(#1549,#1550,#1551,#1560,#1568,#1576,#1583,#1584,#1585));
#1587=FACE_OUTER_BOUND('',#1586,.T.);
#1588=ADVANCED_FACE('',(#1587),#1548,.F.);
#1589=CARTESIAN_POINT('',(0.575410467257898,2.625000023336745,-0.678149585162822));
#1590=CARTESIAN_POINT('',(0.529440308418836,2.625000023336745,-0.704690467994293));
#1591=CARTESIAN_POINT('',(0.483470149579774,2.625000023336745,-0.731231350825764));
#1592=CARTESIAN_POINT('',(0.437499990740712,2.625000023336745,-0.757772233657235));
#1593=CARTESIAN_POINT('',(0.579784912973899,2.612680358043639,-0.674437864462095));
#1594=CARTESIAN_POINT('',(0.533985957736138,2.612680358043639,-0.701275280637827));
#1595=CARTESIAN_POINT('',(0.488187002498378,2.612680358043639,-0.728112696813559));
#1596=CARTESIAN_POINT('',(0.442388047260618,2.612680358043639,-0.75495011298929));
#1597=CARTESIAN_POINT('',(0.584123443534052,2.600360692750533,-0.670683816001448));
#1598=CARTESIAN_POINT('',(0.538498561196663,2.600360692750533,-0.697816108929973));
#1599=CARTESIAN_POINT('',(0.492873678859275,2.600360692750533,-0.724948401858497));
#1600=CARTESIAN_POINT('',(0.447248796521887,2.600360692750533,-0.752080694787021));
#1601=CARTESIAN_POINT('',(0.588425246620796,2.588041027457428,-0.666888142663907));
#1602=CARTESIAN_POINT('',(0.5429772738906,2.588041027457428,-0.694313600542998));
#1603=CARTESIAN_POINT('',(0.497529301160403,2.588041027457428,-0.721739058422088));
#1604=CARTESIAN_POINT('',(0.452081328430207,2.588041027457428,-0.749164516301178));
#1605=B_SPLINE_SURFACE_WITH_KNOTS('',3,3,((#1589,#1593,#1597,#1601),(#1590,#1594,#1598,#1602),(#1591,#1595,#1599,#1603),(#1592,#1596,#1600,#1604)),.UNSPECIFIED.,.F.,.F.,.F.,(4,4),(4,4),(-0.56323306291213,-0.15875),(-0.000000012219091,0.019351672770662),.UNSPECIFIED.);
#1606=CARTESIAN_POINT('',(0.493775123535654,2.619346324221948,-0.725063705737185));
#1607=VERTEX_POINT('',#1606);
#1608=CARTESIAN_POINT('',(0.4375,2.625,-0.757772228311384));
#1609=VERTEX_POINT('',#1608);
#1610=CARTESIAN_POINT('',(0.493775123486848,2.619346324221917,-0.725063705666311));
#1611=CARTESIAN_POINT('',(0.484293688365206,2.621186507716803,-0.730644957603249));
#1612=CARTESIAN_POINT('',(0.474724099670074,2.622623155380997,-0.736226212096237));
#1613=CARTESIAN_POINT('',(0.465112309812523,2.623587833149666,-0.741803296101616));
#1614=CARTESIAN_POINT('',(0.455938554963285,2.624508547968595,-0.747126217451041));
#1615=CARTESIAN_POINT('',(0.446719383612133,2.625,-0.752449414701155));
#1616=CARTESIAN_POINT('',(0.4375,2.625,-0.757772228311383));
#1617=B_SPLINE_CURVE_WITH_KNOTS('',3,(#1610,#1611,#1612,#1613,#1614,#1615,#1616),.UNSPECIFIED.,.F.,.U.,(4,3,4),(0.0,0.085001180448337,0.166128629433942),.UNSPECIFIED.);
#1618=EDGE_CURVE('',#1607,#1609,#1617,.T.);
#1619=ORIENTED_EDGE('',*,*,#1618,.F.);
#1620=CARTESIAN_POINT('',(0.588425234353205,2.588041050794153,-0.666888152339421));
#1621=CARTESIAN_POINT('',(0.564214156824893,2.599156056232378,-0.682580706883139));
#1622=CARTESIAN_POINT('',(0.540274425671923,2.607873418721405,-0.697337780503116));
#1623=CARTESIAN_POINT('',(0.516903810040554,2.61404131115815,-0.711335591809494));
#1624=CARTESIAN_POINT('',(0.509263445628899,2.616057729835858,-0.715911781886522));
#1625=CARTESIAN_POINT('',(0.501546189064725,2.61783809404045,-0.720489263690791));
#1626=CARTESIAN_POINT('',(0.493775123486831,2.619346324221921,-0.725063705666321));
#1627=B_SPLINE_CURVE_WITH_KNOTS('',3,(#1620,#1621,#1622,#1623,#1624,#1625,#1626),.UNSPECIFIED.,.F.,.U.,(4,3,4),(1.591299575490331,1.946352645243163,2.062427244268587),.UNSPECIFIED.);
#1628=EDGE_CURVE('',#396,#1607,#1627,.T.);
#1629=ORIENTED_EDGE('',*,*,#1628,.F.);
#1630=ORIENTED_EDGE('',*,*,#406,.T.);
#1631=CARTESIAN_POINT('',(0.491626587736528,2.625,-0.726522228311383));
#1632=VERTEX_POINT('',#1631);
#1633=CARTESIAN_POINT('',(0.959561864670592,2.625000000000002,-0.456359670210179));
#1634=CARTESIAN_POINT('',(0.680458292519902,2.625000000000002,-0.617500192723166));
#1635=CARTESIAN_POINT('',(0.401354720369211,2.625000000000002,-0.778640715236154));
#1636=CARTESIAN_POINT('',(0.122251148218521,2.625000000000002,-0.939781237749141));
#1637=B_SPLINE_CURVE_WITH_KNOTS('',3,(#1633,#1634,#1635,#1636),.UNSPECIFIED.,.F.,.U.,(4,4),(0.0,2.455781563097928),.UNSPECIFIED.);
#1638=EDGE_CURVE('',#398,#1632,#1637,.T.);
#1639=ORIENTED_EDGE('',*,*,#1638,.T.);
#1640=CARTESIAN_POINT('',(0.4375,2.625,-0.757772228311384));
#1641=DIRECTION('',(0.866025403784438,0.0,0.5));
#1642=VECTOR('',#1641,0.0625);
#1643=LINE('',#1640,#1642);
#1644=EDGE_CURVE('',#1609,#1632,#1643,.T.);
#1645=ORIENTED_EDGE('',*,*,#1644,.F.);
#1646=EDGE_LOOP('',(#1619,#1629,#1630,#1639,#1645));
#1647=FACE_OUTER_BOUND('',#1646,.T.);
#1648=ADVANCED_FACE('',(#1647),#1605,.T.);
#1649=CARTESIAN_POINT('',(0.778322374036559,0.058703996755899,0.44712072642906));
#1650=CARTESIAN_POINT('',(0.797820348022167,0.058703996755899,0.383301430302796));
#1651=CARTESIAN_POINT('',(0.817318322007773,0.058703996755899,0.319482134176533));
#1652=CARTESIAN_POINT('',(0.83681629599338,0.058703996755899,0.255662838050269));
#1653=CARTESIAN_POINT('',(0.7737412733173,0.039135997837264,0.455095246456326));
#1654=CARTESIAN_POINT('',(0.793893125788304,0.039135997837264,0.391475722287321));
#1655=CARTESIAN_POINT('',(0.814044978259306,0.039135997837264,0.327856198118316));
#1656=CARTESIAN_POINT('',(0.834196830730309,0.039135997837264,0.264236673949311));
#1657=CARTESIAN_POINT('',(0.769037605247889,0.019567998918629,0.462999355395246));
#1658=CARTESIAN_POINT('',(0.78984026572349,0.019567998918629,0.399589653214581));
#1659=CARTESIAN_POINT('',(0.81064292619909,0.019567998918628,0.336179951033916));
#1660=CARTESIAN_POINT('',(0.831445586674691,0.019567998918628,0.272770248853252));
#1661=CARTESIAN_POINT('',(0.764213591488929,-6.807765E-015,0.470829319936585));
#1662=CARTESIAN_POINT('',(0.785663682095358,-6.815174E-015,0.407639390671147));
#1663=CARTESIAN_POINT('',(0.807113772701787,-6.928986E-015,0.344449461405708));
#1664=CARTESIAN_POINT('',(0.828563863308215,-6.936394E-015,0.281259532140269));
#1665=B_SPLINE_SURFACE_WITH_KNOTS('',3,3,((#1649,#1653,#1657,#1661),(#1650,#1654,#1658,#1662),(#1651,#1655,#1659,#1663),(#1652,#1656,#1660,#1664)),.UNSPECIFIED.,.F.,.F.,.F.,(4,4),(4,4),(-0.667242914106956,-0.15875),(1.343709445121419,1.374446785945538),.UNSPECIFIED.);
#1666=CARTESIAN_POINT('',(0.809478150904525,0.005653675778084,0.33804788596912));
#1667=VERTEX_POINT('',#1666);
#1668=CARTESIAN_POINT('',(0.828563863308215,-6.936394E-015,0.281259532140269));
#1669=CARTESIAN_POINT('',(0.825279444226794,-6.935260E-015,0.290935118749253));
#1670=CARTESIAN_POINT('',(0.821996304415952,0.000452774118313,0.300605841763386));
#1671=CARTESIAN_POINT('',(0.81874850115113,0.001412124194939,0.310245794814736));
#1672=CARTESIAN_POINT('',(0.815608086075258,0.002339753487115,0.319567004082877));
#1673=CARTESIAN_POINT('',(0.812506946052657,0.003739210455411,0.328841180627897));
#1674=CARTESIAN_POINT('',(0.809478150675546,0.005653675778082,0.338047885876155));
#1675=B_SPLINE_CURVE_WITH_KNOTS('',3,(#1668,#1669,#1670,#1671,#1672,#1673,#1674),.UNSPECIFIED.,.F.,.U.,(4,3,4),(0.0,0.077859989521895,0.153145548702827),.UNSPECIFIED.);
#1676=EDGE_CURVE('',#1517,#1667,#1675,.T.);
#1677=ORIENTED_EDGE('',*,*,#1676,.F.);
#1678=ORIENTED_EDGE('',*,*,#1522,.T.);
#1679=ORIENTED_EDGE('',*,*,#1514,.F.);
#1680=ORIENTED_EDGE('',*,*,#438,.F.);
#1681=CARTESIAN_POINT('',(0.809478150675546,0.005653675778084,0.338047885876154));
#1682=CARTESIAN_POINT('',(0.808780975667397,0.006094351760034,0.340167106228573));
#1683=CARTESIAN_POINT('',(0.808087401882037,0.006562468098774,0.342283495210241));
#1684=CARTESIAN_POINT('',(0.807397856135759,0.007058615054162,0.344396820636103));
#1685=CARTESIAN_POINT('',(0.797121424688601,0.014452787525355,0.375892111531045));
#1686=CARTESIAN_POINT('',(0.788229552279569,0.02772571644467,0.405235502005405));
#1687=CARTESIAN_POINT('',(0.781713510509901,0.047178070190604,0.432254804436397));
#1688=CARTESIAN_POINT('',(0.780484947286238,0.050845702669141,0.437349142758516));
#1689=CARTESIAN_POINT('',(0.779354500195226,0.054691755678039,0.442303063010158));
#1690=CARTESIAN_POINT('',(0.778322374036559,0.058703996755899,0.44712072642906));
#1691=B_SPLINE_CURVE_WITH_KNOTS('',3,(#1681,#1682,#1683,#1684,#1685,#1686,#1687,#1688,#1689,#1690),.UNSPECIFIED.,.F.,.U.,(4,3,3,4),(0.955402926968091,0.976938402493063,1.297885691500032,1.358398507400598),.UNSPECIFIED.);
#1692=EDGE_CURVE('',#1667,#409,#1691,.T.);
#1693=ORIENTED_EDGE('',*,*,#1692,.F.);
#1694=EDGE_LOOP('',(#1677,#1678,#1679,#1680,#1693));
#1695=FACE_OUTER_BOUND('',#1694,.T.);
#1696=ADVANCED_FACE('',(#1695),#1665,.T.);
#1697=CARTESIAN_POINT('',(0.437499999999999,2.625000000000002,-0.757772228311383));
#1698=CARTESIAN_POINT('',(0.379708952590419,2.625000000000002,-0.791137905090055));
#1699=CARTESIAN_POINT('',(0.321917905180838,2.625000000000002,-0.824503581868727));
#1700=CARTESIAN_POINT('',(0.264126857771258,2.625000000000002,-0.857869258647399));
#1701=CARTESIAN_POINT('',(0.445263967749552,2.605432001081368,-0.753289699441199));
#1702=CARTESIAN_POINT('',(0.387814777732962,2.605432001081368,-0.787247490593475));
#1703=CARTESIAN_POINT('',(0.330365587716373,2.605432001081368,-0.821205281745751));
#1704=CARTESIAN_POINT('',(0.272916397699783,2.605432001081368,-0.855163072898026));
#1705=CARTESIAN_POINT('',(0.452959039451411,2.585864002162734,-0.748687839382703));
#1706=CARTESIAN_POINT('',(0.395860807549776,2.585864002162734,-0.783232490592563));
#1707=CARTESIAN_POINT('',(0.338762575648141,2.585864002162734,-0.817777141802422));
#1708=CARTESIAN_POINT('',(0.281664343746505,2.585864002162734,-0.852321793012282));
#1709=CARTESIAN_POINT('',(0.460581580529884,2.5662960032441,-0.743968821710018));
#1710=CARTESIAN_POINT('',(0.403843241698831,2.5662960032441,-0.779094801472692));
#1711=CARTESIAN_POINT('',(0.347104902867777,2.5662960032441,-0.814220781235366));
#1712=CARTESIAN_POINT('',(0.290366564036724,2.5662960032441,-0.84934676099804));
#1713=B_SPLINE_SURFACE_WITH_KNOTS('',3,3,((#1697,#1701,#1705,#1709),(#1698,#1702,#1706,#1710),(#1699,#1703,#1707,#1711),(#1700,#1704,#1708,#1712)),.UNSPECIFIED.,.F.,.F.,.F.,(4,4),(4,4),(-0.15875,0.349742914106957),(-7.970707E-016,0.030737340824116),.UNSPECIFIED.);
#1714=CARTESIAN_POINT('',(0.385707438217317,2.619346324221946,-0.78788388871954));
#1715=VERTEX_POINT('',#1714);
#1716=CARTESIAN_POINT('',(0.4375,2.625,-0.757772228311383));
#1717=CARTESIAN_POINT('',(0.428651085451001,2.625,-0.762881151508283));
#1718=CARTESIAN_POINT('',(0.419806339499258,2.624547225881693,-0.767987261542786));
#1719=CARTESIAN_POINT('',(0.411008449015677,2.623587875805061,-0.773093536498125));
#1720=CARTESIAN_POINT('',(0.402501459627015,2.622660246512885,-0.778030973141797));
#1721=CARTESIAN_POINT('',(0.394055009615995,2.62126078954459,-0.782958944553992));
#1722=CARTESIAN_POINT('',(0.385707438106473,2.619346324221918,-0.787883888498667));
#1723=B_SPLINE_CURVE_WITH_KNOTS('',3,(#1716,#1717,#1718,#1719,#1720,#1721,#1722),.UNSPECIFIED.,.F.,.U.,(4,3,4),(0.0,0.077859989520764,0.153145548700039),.UNSPECIFIED.);
#1724=EDGE_CURVE('',#1609,#1715,#1723,.T.);
#1725=ORIENTED_EDGE('',*,*,#1724,.F.);
#1726=CARTESIAN_POINT('',(0.383373412263473,2.625,-0.789022228311384));
#1727=VERTEX_POINT('',#1726);
#1728=CARTESIAN_POINT('',(0.383373412263473,2.625,-0.789022228311384));
#1729=DIRECTION('',(0.866025403784438,0.0,0.500000000000001));
#1730=VECTOR('',#1729,0.0625);
#1731=LINE('',#1728,#1730);
#1732=EDGE_CURVE('',#1727,#1609,#1731,.T.);
#1733=ORIENTED_EDGE('',*,*,#1732,.F.);
#1734=CARTESIAN_POINT('',(0.874464804412726,2.625000000000001,-0.505490480857304));
#1735=CARTESIAN_POINT('',(0.515338958152403,2.625000000000001,-0.712831884868653));
#1736=CARTESIAN_POINT('',(0.156213111892081,2.625000000000002,-0.920173288880002));
#1737=CARTESIAN_POINT('',(-0.202912734368241,2.625000000000002,-1.127514692891351));
#1738=B_SPLINE_CURVE_WITH_KNOTS('',3,(#1734,#1735,#1736,#1737),.UNSPECIFIED.,.F.,.U.,(4,4),(0.0,3.159882997132962),.UNSPECIFIED.);
#1739=EDGE_CURVE('',#160,#1727,#1738,.F.);
#1740=ORIENTED_EDGE('',*,*,#1739,.F.);
#1741=ORIENTED_EDGE('',*,*,#172,.F.);
#1742=CARTESIAN_POINT('',(0.385707438106467,2.619346324221915,-0.787883888498671));
#1743=CARTESIAN_POINT('',(0.358392546195308,2.613081818036281,-0.803999271441348));
#1744=CARTESIAN_POINT('',(0.333011744823539,2.601504330404253,-0.819570108809309));
#1745=CARTESIAN_POINT('',(0.310441745697117,2.584101156060299,-0.83503780808714));
#1746=CARTESIAN_POINT('',(0.303341390965142,2.578626246176061,-0.839903831835965));
#1747=CARTESIAN_POINT('',(0.296651936158152,2.572676377648736,-0.844668975942207));
#1748=CARTESIAN_POINT('',(0.290366564036724,2.566296003244101,-0.84934676099804));
#1749=B_SPLINE_CURVE_WITH_KNOTS('',3,(#1742,#1743,#1744,#1745,#1746,#1747,#1748),.UNSPECIFIED.,.F.,.U.,(4,3,4),(1.778492037107626,2.104113079413283,2.20655105008468),.UNSPECIFIED.);
#1750=EDGE_CURVE('',#1715,#144,#1749,.T.);
#1751=ORIENTED_EDGE('',*,*,#1750,.F.);
#1752=EDGE_LOOP('',(#1725,#1733,#1740,#1741,#1751));
#1753=FACE_OUTER_BOUND('',#1752,.T.);
#1754=ADVANCED_FACE('',(#1753),#1713,.T.);
#1755=CARTESIAN_POINT('',(0.833851227568463,0.036958972485007,0.265173773745757));
#1756=CARTESIAN_POINT('',(0.849937961756788,0.036958972485007,0.214588292153736));
#1757=CARTESIAN_POINT('',(0.866024695945114,0.036958972485007,0.164002810561715));
#1758=CARTESIAN_POINT('',(0.882111430133439,0.036958972485007,0.113417328969694));
#1759=CARTESIAN_POINT('',(0.832140707794767,0.024639307230279,0.270552582490409));
#1760=CARTESIAN_POINT('',(0.848553746750351,0.024639307230279,0.220070869368907));
#1761=CARTESIAN_POINT('',(0.864966785705934,0.024639307230279,0.169589156247404));
#1762=CARTESIAN_POINT('',(0.881379824661518,0.024639307230279,0.119107443125902));
#1763=CARTESIAN_POINT('',(0.8303781418949,0.012319641975552,0.275914839986141));
#1764=CARTESIAN_POINT('',(0.847116481538273,0.012319641975552,0.225540052706965));
#1765=CARTESIAN_POINT('',(0.863854821181646,0.012319641975552,0.175165265427789));
#1766=CARTESIAN_POINT('',(0.880593160825019,0.012319641975552,0.124790478148613));
#1767=CARTESIAN_POINT('',(0.828563859879958,-0.000000023279176,0.281259542239588));
#1768=CARTESIAN_POINT('',(0.845626435224518,-0.000000023279176,0.230994818154464));
#1769=CARTESIAN_POINT('',(0.862689010569079,-0.000000023279176,0.180730094069338));
#1770=CARTESIAN_POINT('',(0.879751585913639,-0.000000023279176,0.130465369984214));
#1771=B_SPLINE_SURFACE_WITH_KNOTS('',3,3,((#1755,#1759,#1763,#1767),(#1756,#1760,#1764,#1768),(#1757,#1761,#1765,#1769),(#1758,#1762,#1766,#1770)),.UNSPECIFIED.,.F.,.F.,.F.,(4,4),(4,4),(-0.15875,0.245733062881989),(1.355095113205014,1.374446798134483),.UNSPECIFIED.);
#1772=CARTESIAN_POINT('',(0.849307513875725,0.005653675778086,0.219563195627672));
#1773=VERTEX_POINT('',#1772);
#1774=CARTESIAN_POINT('',(0.849307513792289,0.005653675778083,0.219563195606581));
#1775=CARTESIAN_POINT('',(0.845858968543455,0.003813492283199,0.230010947556921));
#1776=CARTESIAN_POINT('',(0.84234414761421,0.002376844619002,0.240516825118794));
#1777=CARTESIAN_POINT('',(0.838794848377586,0.001412166850333,0.251047392301898));
#1778=CARTESIAN_POINT('',(0.835407300213738,0.000491452031408,0.261098053333039));
#1779=CARTESIAN_POINT('',(0.831985788029781,-2.831967E-015,0.271178866977829));
#1780=CARTESIAN_POINT('',(0.828563863308215,-2.830195E-015,0.281259532140268));
#1781=B_SPLINE_CURVE_WITH_KNOTS('',3,(#1774,#1775,#1776,#1777,#1778,#1779,#1780),.UNSPECIFIED.,.F.,.U.,(4,3,4),(0.0,0.085001180448198,0.166128629433326),.UNSPECIFIED.);
#1782=EDGE_CURVE('',#1773,#1517,#1781,.T.);
#1783=ORIENTED_EDGE('',*,*,#1782,.F.);
#1784=CARTESIAN_POINT('',(0.8821114272967,0.036958949205846,0.113417344294819));
#1785=CARTESIAN_POINT('',(0.871656981759111,0.0221676113619,0.15036141698419));
#1786=CARTESIAN_POINT('',(0.860462190987776,0.01160593998355,0.185768859316498));
#1787=CARTESIAN_POINT('',(0.849307513875725,0.005653675778083,0.219563195627671));
#1788=B_SPLINE_CURVE_WITH_KNOTS('',3,(#1784,#1785,#1786,#1787),.UNSPECIFIED.,.F.,.U.,(4,4),(1.064217917025003,1.492783568771987),.UNSPECIFIED.);
#1789=EDGE_CURVE('',#131,#1773,#1788,.T.);
#1790=ORIENTED_EDGE('',*,*,#1789,.F.);
#1791=ORIENTED_EDGE('',*,*,#141,.T.);
#1792=ORIENTED_EDGE('',*,*,#1537,.T.);
#1793=ORIENTED_EDGE('',*,*,#1530,.T.);
#1794=EDGE_LOOP('',(#1783,#1790,#1791,#1792,#1793));
#1795=FACE_OUTER_BOUND('',#1794,.T.);
#1796=ADVANCED_FACE('',(#1795),#1771,.T.);
#1797=CARTESIAN_POINT('',(5.563008263230769,1.338776653750835,-2.248743051846116));
#1798=CARTESIAN_POINT('',(5.578220467108675,1.338776653750835,-2.209952589561063));
#1799=CARTESIAN_POINT('',(5.593432670986582,1.338776653750835,-2.171162127276011));
#1800=CARTESIAN_POINT('',(5.608644874864488,1.338776653750835,-2.132371664990958));
#1801=CARTESIAN_POINT('',(5.58277431927126,1.321989326154507,-2.19984518732822));
#1802=CARTESIAN_POINT('',(5.597645561806013,1.321989326154507,-2.160921012445766));
#1803=CARTESIAN_POINT('',(5.612516804340767,1.321989326154507,-2.121996837563313));
#1804=CARTESIAN_POINT('',(5.62738804687552,1.321989326154507,-2.083072662680859));
#1805=CARTESIAN_POINT('',(5.601895632349655,1.30520199855818,-2.150686697868304));
#1806=CARTESIAN_POINT('',(5.616424150476523,1.30520199855818,-2.111633306135388));
#1807=CARTESIAN_POINT('',(5.63095266860339,1.30520199855818,-2.072579914402472));
#1808=CARTESIAN_POINT('',(5.645481186730258,1.30520199855818,-2.033526522669556));
#1809=CARTESIAN_POINT('',(5.620365555165543,1.288414670961852,-2.101284672839147));
#1810=CARTESIAN_POINT('',(5.634549704963916,1.288414670961852,-2.062106604923431));
#1811=CARTESIAN_POINT('',(5.648733854762288,1.288414670961852,-2.022928537007716));
#1812=CARTESIAN_POINT('',(5.66291800456066,1.288414670961852,-1.983750469092));
#1813=B_SPLINE_SURFACE_WITH_KNOTS('',3,3,((#1797,#1801,#1805,#1809),(#1798,#1802,#1806,#1810),(#1799,#1803,#1807,#1811),(#1800,#1804,#1808,#1812)),.UNSPECIFIED.,.F.,.F.,.F.,(4,4),(4,4),(-0.317499999999998,0.0),(0.67346496924201,0.699834441767024),.UNSPECIFIED.);
#1814=ORIENTED_EDGE('',*,*,#1185,.T.);
#1815=ORIENTED_EDGE('',*,*,#1281,.T.);
#1816=EDGE_LOOP('',(#1814,#1815));
#1817=FACE_OUTER_BOUND('',#1816,.T.);
#1818=ADVANCED_FACE('',(#1817),#1813,.T.);
#1819=CARTESIAN_POINT('',(1.718750000000002,2.625000000000002,-2.976962325509007));
#1820=DIRECTION('',(0.0,1.0,0.0));
#1821=DIRECTION('',(-0.866025403784438,0.0,-0.5));
#1822=AXIS2_PLACEMENT_3D('',#1819,#1820,#1821);
#1823=PLANE('',#1822);
#1824=ORIENTED_EDGE('',*,*,#1208,.T.);
#1825=ORIENTED_EDGE('',*,*,#265,.T.);
#1826=ORIENTED_EDGE('',*,*,#193,.T.);
#1827=ORIENTED_EDGE('',*,*,#1739,.T.);
#1828=ORIENTED_EDGE('',*,*,#1732,.T.);
#1829=ORIENTED_EDGE('',*,*,#1644,.T.);
#1830=ORIENTED_EDGE('',*,*,#1638,.F.);
#1831=ORIENTED_EDGE('',*,*,#487,.F.);
#1832=ORIENTED_EDGE('',*,*,#592,.T.);
#1833=EDGE_LOOP('',(#1824,#1825,#1826,#1827,#1828,#1829,#1830,#1831,#1832));
#1834=FACE_OUTER_BOUND('',#1833,.T.);
#1835=ADVANCED_FACE('',(#1834),#1823,.T.);
#1836=CARTESIAN_POINT('',(0.299589534653648,2.62500002320484,0.83739487483732));
#1837=CARTESIAN_POINT('',(0.345559692838082,2.62500002320484,0.810853990890129));
#1838=CARTESIAN_POINT('',(0.391529851022517,2.62500002320484,0.784313106942938));
#1839=CARTESIAN_POINT('',(0.437500009206951,2.62500002320484,0.757772222995747));
#1840=CARTESIAN_POINT('',(0.294187867415576,2.612680357999671,0.839327395590474));
#1841=CARTESIAN_POINT('',(0.340329229207287,2.612680357999671,0.813083044981205));
#1842=CARTESIAN_POINT('',(0.386470590998998,2.612680357999671,0.786838694371935));
#1843=CARTESIAN_POINT('',(0.432611952790709,2.612680357999671,0.760594343762665));
#1844=CARTESIAN_POINT('',(0.288767500840321,2.600360692794502,0.841207649027069));
#1845=CARTESIAN_POINT('',(0.33507719693952,2.600360692794502,0.815261488345848));
#1846=CARTESIAN_POINT('',(0.381386893038719,2.600360692794502,0.789315327664628));
#1847=CARTESIAN_POINT('',(0.427696589137917,2.600360692794502,0.763369166983408));
#1848=CARTESIAN_POINT('',(0.283329449801198,2.588041027589333,0.843035283100981));
#1849=CARTESIAN_POINT('',(0.329804579390302,2.588041027589333,0.817388913106843));
#1850=CARTESIAN_POINT('',(0.376279708979405,2.588041027589333,0.791742543112705));
#1851=CARTESIAN_POINT('',(0.422754838568509,2.588041027589333,0.766096173118567));
#1852=B_SPLINE_SURFACE_WITH_KNOTS('',3,3,((#1836,#1840,#1844,#1848),(#1837,#1841,#1845,#1849),(#1838,#1842,#1846,#1850),(#1839,#1843,#1847,#1851)),.UNSPECIFIED.,.F.,.F.,.F.,(4,4),(4,4),(-0.563233062843064,-0.15875),(-0.000000012150026,0.019351672701597),.UNSPECIFIED.);
#1853=CARTESIAN_POINT('',(0.38103602676266,2.619346324221948,0.790153653607268));
#1854=VERTEX_POINT('',#1853);
#1855=CARTESIAN_POINT('',(0.4375,2.625,0.757772228311384));
#1856=VERTEX_POINT('',#1855);
#1857=CARTESIAN_POINT('',(0.381036026725685,2.619346324221917,0.790153653529564));
#1858=CARTESIAN_POINT('',(0.390610250248837,2.621186507716808,0.784733115818345));
#1859=CARTESIAN_POINT('',(0.400228552772305,2.622623155380998,0.779236236151093));
#1860=CARTESIAN_POINT('',(0.409864344128768,2.623587833149665,0.773700723961311));
#1861=CARTESIAN_POINT('',(0.41906100666433,2.624508547968594,0.768417479888496));
#1862=CARTESIAN_POINT('',(0.428280616387863,2.625,0.763095041921613));
#1863=CARTESIAN_POINT('',(0.4375,2.625,0.757772228311383));
#1864=B_SPLINE_CURVE_WITH_KNOTS('',3,(#1857,#1858,#1859,#1860,#1861,#1862,#1863),.UNSPECIFIED.,.F.,.U.,(4,3,4),(0.0,0.085001180448531,0.166128629434357),.UNSPECIFIED.);
#1865=EDGE_CURVE('',#1854,#1856,#1864,.T.);
#1866=ORIENTED_EDGE('',*,*,#1865,.F.);
#1867=CARTESIAN_POINT('',(0.283329464232203,2.588041050794153,0.843035277347398));
#1868=CARTESIAN_POINT('',(0.315387933463764,2.601908359463947,0.826665085395198));
#1869=CARTESIAN_POINT('',(0.348194312129299,2.613034085826299,0.808747302895774));
#1870=CARTESIAN_POINT('',(0.381036026762666,2.61934632422192,0.79015365360727));
#1871=B_SPLINE_CURVE_WITH_KNOTS('',3,(#1867,#1868,#1869,#1870),.UNSPECIFIED.,.F.,.U.,(4,4),(0.995030069298917,1.37827325285399),.UNSPECIFIED.);
#1872=EDGE_CURVE('',#914,#1854,#1871,.T.);
#1873=ORIENTED_EDGE('',*,*,#1872,.F.);
#1874=ORIENTED_EDGE('',*,*,#924,.T.);
#1875=CARTESIAN_POINT('',(0.383373412263472,2.625,0.789022228311384));
#1876=VERTEX_POINT('',#1875);
#1877=CARTESIAN_POINT('',(-0.070452339902489,2.625000000000002,1.051038648489586));
#1878=CARTESIAN_POINT('',(0.200382596889414,2.625000000000002,0.894672024826825));
#1879=CARTESIAN_POINT('',(0.471217533681316,2.625000000000002,0.738305401164065));
#1880=CARTESIAN_POINT('',(0.742052470473219,2.625000000000002,0.581938777501305));
#1881=B_SPLINE_CURVE_WITH_KNOTS('',3,(#1877,#1878,#1879,#1880),.UNSPECIFIED.,.F.,.U.,(4,4),(0.0,2.383027344620467),.UNSPECIFIED.);
#1882=EDGE_CURVE('',#916,#1876,#1881,.T.);
#1883=ORIENTED_EDGE('',*,*,#1882,.T.);
#1884=CARTESIAN_POINT('',(0.4375,2.625,0.757772228311384));
#1885=DIRECTION('',(-0.866025403784439,0.0,0.499999999999999));
#1886=VECTOR('',#1885,0.0625);
#1887=LINE('',#1884,#1886);
#1888=EDGE_CURVE('',#1856,#1876,#1887,.T.);
#1889=ORIENTED_EDGE('',*,*,#1888,.F.);
#1890=EDGE_LOOP('',(#1866,#1873,#1874,#1883,#1889));
#1891=FACE_OUTER_BOUND('',#1890,.T.);
#1892=ADVANCED_FACE('',(#1891),#1852,.T.);
#1893=CARTESIAN_POINT('',(-0.776379094664398,0.058703996755901,0.450486585034945));
#1894=CARTESIAN_POINT('',(-0.730858949960215,0.058703996755901,0.49928197389194));
#1895=CARTESIAN_POINT('',(-0.685338805256032,0.058703996755901,0.548077362748936));
#1896=CARTESIAN_POINT('',(-0.63981866055185,0.058703996755901,0.596872751605932));
#1897=CARTESIAN_POINT('',(-0.780994681231369,0.039135997837265,0.442531975421138));
#1898=CARTESIAN_POINT('',(-0.735974483359834,0.039135997837265,0.491793753678845));
#1899=CARTESIAN_POINT('',(-0.690954285488298,0.039135997837265,0.541055531936553));
#1900=CARTESIAN_POINT('',(-0.645934087616764,0.039135997837265,0.590317310194261));
#1901=CARTESIAN_POINT('',(-0.785488006332047,0.019567998918629,0.434506424912598));
#1902=CARTESIAN_POINT('',(-0.740974923634986,0.019567998918629,0.484226908441104));
#1903=CARTESIAN_POINT('',(-0.696461840937926,0.019567998918629,0.533947391969609));
#1904=CARTESIAN_POINT('',(-0.651948758240865,0.019567998918629,0.583667875498114));
#1905=CARTESIAN_POINT('',(-0.789856947656099,-7.059095E-015,0.426413724178464));
#1906=CARTESIAN_POINT('',(-0.745857908952102,-7.066504E-015,0.476585012189828));
#1907=CARTESIAN_POINT('',(-0.701858870248104,-6.911992E-015,0.526756300201193));
#1908=CARTESIAN_POINT('',(-0.657859831544107,-6.919400E-015,0.576927588212558));
#1909=B_SPLINE_SURFACE_WITH_KNOTS('',3,3,((#1893,#1897,#1901,#1905),(#1894,#1898,#1902,#1906),(#1895,#1899,#1903,#1907),(#1896,#1900,#1904,#1908)),.UNSPECIFIED.,.F.,.F.,.F.,(4,4),(4,4),(-0.667242914106955,-0.15875),(1.343709445121418,1.374446785945538),.UNSPECIFIED.);
#1910=CARTESIAN_POINT('',(-0.697497132397145,0.005653675778084,0.532004699507213));
#1911=VERTEX_POINT('',#1910);
#1912=CARTESIAN_POINT('',(-0.657859831544107,-6.908473E-015,0.576927588212558));
#1913=CARTESIAN_POINT('',(-0.664596925803308,-6.907339E-015,0.569245404546864));
#1914=CARTESIAN_POINT('',(-0.671330447701081,0.000452774118315,0.561566760559442));
#1915=CARTESIAN_POINT('',(-0.678054990302421,0.00141212419494,0.553934103899944));
#1916=CARTESIAN_POINT('',(-0.684557186784688,0.002339753487116,0.546553820031738));
#1917=CARTESIAN_POINT('',(-0.691038289260555,0.003739210455413,0.539231065718965));
#1918=CARTESIAN_POINT('',(-0.697497132202146,0.005653675778083,0.532004699355394));
#1919=B_SPLINE_CURVE_WITH_KNOTS('',3,(#1912,#1913,#1914,#1915,#1916,#1917,#1918),.UNSPECIFIED.,.F.,.U.,(4,3,4),(0.0,0.077859989522069,0.153145548703273),.UNSPECIFIED.);
#1920=EDGE_CURVE('',#1562,#1911,#1919,.T.);
#1921=ORIENTED_EDGE('',*,*,#1920,.F.);
#1922=ORIENTED_EDGE('',*,*,#1567,.T.);
#1923=ORIENTED_EDGE('',*,*,#1559,.F.);
#1924=ORIENTED_EDGE('',*,*,#955,.F.);
#1925=CARTESIAN_POINT('',(-0.697497132202146,0.005653675778083,0.532004699355394));
#1926=CARTESIAN_POINT('',(-0.699588286102291,0.006273514604077,0.529665047448432));
#1927=CARTESIAN_POINT('',(-0.701677961720554,0.006947585756437,0.527334576464101));
#1928=CARTESIAN_POINT('',(-0.703766178880627,0.007677497083339,0.525014657148057));
#1929=CARTESIAN_POINT('',(-0.725779162461325,0.01537187215202,0.500559180586965));
#1930=CARTESIAN_POINT('',(-0.746600134404768,0.028907563114367,0.478436814399194));
#1931=CARTESIAN_POINT('',(-0.766579292104852,0.048520739494506,0.459548951805695));
#1932=CARTESIAN_POINT('',(-0.769901031528221,0.051781630778182,0.45640865136151));
#1933=CARTESIAN_POINT('',(-0.773166797261873,0.055178842961062,0.453388317963831));
#1934=CARTESIAN_POINT('',(-0.776379094664398,0.0587039967559,0.450486585034944));
#1935=B_SPLINE_CURVE_WITH_KNOTS('',3,(#1925,#1926,#1927,#1928,#1929,#1930,#1931,#1932,#1933,#1934),.UNSPECIFIED.,.F.,.U.,(4,3,3,4),(1.592055222541725,1.623679760028172,1.957050463874035,2.012476754921158),.UNSPECIFIED.);
#1936=EDGE_CURVE('',#1911,#927,#1935,.T.);
#1937=ORIENTED_EDGE('',*,*,#1936,.F.);
#1938=EDGE_LOOP('',(#1921,#1922,#1923,#1924,#1937));
#1939=FACE_OUTER_BOUND('',#1938,.T.);
#1940=ADVANCED_FACE('',(#1939),#1909,.T.);
#1941=CARTESIAN_POINT('',(0.4375,2.625000000000002,0.757772228311383));
#1942=CARTESIAN_POINT('',(0.495291047409581,2.625000000000002,0.724406551532711));
#1943=CARTESIAN_POINT('',(0.553082094819161,2.625000000000002,0.69104087475404));
#1944=CARTESIAN_POINT('',(0.610873142228741,2.625000000000002,0.657675197975368));
#1945=CARTESIAN_POINT('',(0.429736032250448,2.605432001081368,0.762254757181567));
#1946=CARTESIAN_POINT('',(0.487868937053019,2.605432001081368,0.729481194776499));
#1947=CARTESIAN_POINT('',(0.546001841855591,2.605432001081368,0.696707632371431));
#1948=CARTESIAN_POINT('',(0.604134746658162,2.605432001081368,0.663934069966363));
#1949=CARTESIAN_POINT('',(0.4219031686842,2.585864002162734,0.766617954730072));
#1950=CARTESIAN_POINT('',(0.480368830147629,2.585864002162734,0.73444176099701));
#1951=CARTESIAN_POINT('',(0.538834491611057,2.585864002162734,0.702265567263949));
#1952=CARTESIAN_POINT('',(0.597300153074485,2.585864002162734,0.670089373530887));
#1953=CARTESIAN_POINT('',(0.41400510895951,2.5662960032441,0.770859760109076));
#1954=CARTESIAN_POINT('',(0.472794269182331,2.5662960032441,0.739285907194192));
#1955=CARTESIAN_POINT('',(0.531583429405151,2.5662960032441,0.707712054279308));
#1956=CARTESIAN_POINT('',(0.590372589627971,2.5662960032441,0.676138201364424));
#1957=B_SPLINE_SURFACE_WITH_KNOTS('',3,3,((#1941,#1945,#1949,#1953),(#1942,#1946,#1950,#1954),(#1943,#1947,#1951,#1955),(#1944,#1948,#1952,#1956)),.UNSPECIFIED.,.F.,.F.,.F.,(4,4),(4,4),(-0.15875,0.349742914106956),(-7.293743E-016,0.030737340824116),.UNSPECIFIED.);
#1958=CARTESIAN_POINT('',(0.489473743754935,2.619346324221948,0.727974384284583));
#1959=VERTEX_POINT('',#1958);
#1960=CARTESIAN_POINT('',(0.4375,2.625,0.757772228311383));
#1961=CARTESIAN_POINT('',(0.446348914549007,2.625,0.752663305114478));
#1962=CARTESIAN_POINT('',(0.455193308529272,2.624547225881692,0.747556585447503));
#1963=CARTESIAN_POINT('',(0.46401441760109,2.623587875805061,0.74249052626668));
#1964=CARTESIAN_POINT('',(0.472543857858416,2.622660246512885,0.737591975668211));
#1965=CARTESIAN_POINT('',(0.48103483129601,2.621260789544589,0.73274112109297));
#1966=CARTESIAN_POINT('',(0.489473743619076,2.619346324221918,0.727974384078154));
#1967=B_SPLINE_CURVE_WITH_KNOTS('',3,(#1960,#1961,#1962,#1963,#1964,#1965,#1966),.UNSPECIFIED.,.F.,.U.,(4,3,4),(0.0,0.07785998952084,0.153145548700215),.UNSPECIFIED.);
#1968=EDGE_CURVE('',#1856,#1959,#1967,.T.);
#1969=ORIENTED_EDGE('',*,*,#1968,.F.);
#1970=CARTESIAN_POINT('',(0.491626587736527,2.625,0.726522228311384));
#1971=VERTEX_POINT('',#1970);
#1972=CARTESIAN_POINT('',(0.491626587736527,2.625,0.726522228311384));
#1973=DIRECTION('',(-0.866025403784438,0.0,0.5));
#1974=VECTOR('',#1973,0.0625);
#1975=LINE('',#1972,#1974);
#1976=EDGE_CURVE('',#1971,#1856,#1975,.T.);
#1977=ORIENTED_EDGE('',*,*,#1976,.F.);
#1978=CARTESIAN_POINT('',(0.04601871486947,2.625000000000002,0.983794053664196));
#1979=CARTESIAN_POINT('',(0.376732157106509,2.625000000000002,0.792856558764014));
#1980=CARTESIAN_POINT('',(0.707445599343547,2.625000000000002,0.601919063863831));
#1981=CARTESIAN_POINT('',(1.038159041580586,2.625000000000002,0.410981568963649));
#1982=B_SPLINE_CURVE_WITH_KNOTS('',3,(#1978,#1979,#1980,#1981),.UNSPECIFIED.,.F.,.U.,(4,4),(0.0,2.909887422278775),.UNSPECIFIED.);
#1983=EDGE_CURVE('',#683,#1971,#1982,.F.);
#1984=ORIENTED_EDGE('',*,*,#1983,.F.);
#1985=ORIENTED_EDGE('',*,*,#695,.F.);
#1986=CARTESIAN_POINT('',(0.489473743619083,2.619346324221915,0.72797438407815));
#1987=CARTESIAN_POINT('',(0.509919718106515,2.614707917322317,0.716425433258167));
#1988=CARTESIAN_POINT('',(0.529809356315338,2.607104466193119,0.705509501427527));
#1989=CARTESIAN_POINT('',(0.549055051881345,2.596124713821948,0.695709894887294));
#1990=CARTESIAN_POINT('',(0.563679442809044,2.587781435689203,0.688263384238173));
#1991=CARTESIAN_POINT('',(0.577429277688149,2.57777582724357,0.68172376053273));
#1992=CARTESIAN_POINT('',(0.59037258962797,2.566296003244101,0.676138201364424));
#1993=B_SPLINE_CURVE_WITH_KNOTS('',3,(#1986,#1987,#1988,#1989,#1990,#1991,#1992),.UNSPECIFIED.,.F.,.U.,(4,3,4),(1.18844140681266,1.421067011248621,1.597834214460155),.UNSPECIFIED.);
#1994=EDGE_CURVE('',#1959,#667,#1993,.T.);
#1995=ORIENTED_EDGE('',*,*,#1994,.F.);
#1996=EDGE_LOOP('',(#1969,#1977,#1984,#1985,#1995));
#1997=FACE_OUTER_BOUND('',#1996,.T.);
#1998=ADVANCED_FACE('',(#1997),#1957,.T.);
#1999=CARTESIAN_POINT('',(-0.646572838238783,0.036958972571376,0.58954945920749));
#2000=CARTESIAN_POINT('',(-0.610807893205813,0.036958972571376,0.628773720477286));
#2001=CARTESIAN_POINT('',(-0.575042948172843,0.036958972571376,0.667997981747081));
#2002=CARTESIAN_POINT('',(-0.539278003139873,0.036958972571376,0.707222243016877));
#2003=CARTESIAN_POINT('',(-0.650375763384864,0.024639307259069,0.585378701238147));
#2004=CARTESIAN_POINT('',(-0.614863836868305,0.024639307259069,0.62483366649162));
#2005=CARTESIAN_POINT('',(-0.579351910351745,0.024639307259069,0.664288631745094));
#2006=CARTESIAN_POINT('',(-0.543839983835186,0.024639307259069,0.703743596998567));
#2007=CARTESIAN_POINT('',(-0.654138331665456,0.012319641946763,0.581171145625485));
#2008=CARTESIAN_POINT('',(-0.618881655989789,0.012319641946763,0.620854366618382));
#2009=CARTESIAN_POINT('',(-0.583624980314121,0.012319641946763,0.660537587611278));
#2010=CARTESIAN_POINT('',(-0.548368304638453,0.012319641946763,0.700220808604175));
#2011=CARTESIAN_POINT('',(-0.657859838602336,-0.000000023365544,0.576927580164191));
#2012=CARTESIAN_POINT('',(-0.622860598300574,-0.000000023365544,0.616836565915173));
#2013=CARTESIAN_POINT('',(-0.587861357998812,-0.000000023365544,0.656745551666155));
#2014=CARTESIAN_POINT('',(-0.55286211769705,-0.000000023365544,0.696654537417137));
#2015=B_SPLINE_SURFACE_WITH_KNOTS('',3,3,((#1999,#2003,#2007,#2011),(#2000,#2004,#2008,#2012),(#2001,#2005,#2009,#2013),(#2002,#2006,#2010,#2014)),.UNSPECIFIED.,.F.,.F.,.F.,(4,4),(4,4),(-0.15875,0.24573306292721),(1.355095113159791,1.374446798179705),.UNSPECIFIED.);
#2016=CARTESIAN_POINT('',(-0.614801062087519,0.005653675778084,0.625740284827546));
#2017=VERTEX_POINT('',#2016);
#2018=CARTESIAN_POINT('',(-0.614801062027537,0.005653675778083,0.625740284765835));
#2019=CARTESIAN_POINT('',(-0.62212480800457,0.003813492283195,0.617529880999055));
#2020=CARTESIAN_POINT('',(-0.629465754397569,0.002376844619002,0.609233018003651));
#2021=CARTESIAN_POINT('',(-0.636810843476075,0.001412166850334,0.600893951107559));
#2022=CARTESIAN_POINT('',(-0.643821197171928,0.000491452031411,0.592934917825572));
#2023=CARTESIAN_POINT('',(-0.650840681787165,-3.077834E-015,0.5849313945325));
#2024=CARTESIAN_POINT('',(-0.657859831544106,-3.076061E-015,0.576927588212559));
#2025=B_SPLINE_CURVE_WITH_KNOTS('',3,(#2018,#2019,#2020,#2021,#2022,#2023,#2024),.UNSPECIFIED.,.F.,.U.,(4,3,4),(0.0,0.085001180448405,0.166128629433624),.UNSPECIFIED.);
#2026=EDGE_CURVE('',#2017,#1562,#2025,.T.);
#2027=ORIENTED_EDGE('',*,*,#2026,.F.);
#2028=CARTESIAN_POINT('',(-0.539278015037428,0.036958949205848,0.707222232860083));
#2029=CARTESIAN_POINT('',(-0.561410793739862,0.024728592808124,0.684462224214431));
#2030=CARTESIAN_POINT('',(-0.582372674667728,0.015398504790877,0.661798638652891));
#2031=CARTESIAN_POINT('',(-0.602320605030489,0.009173976644806,0.639662840725204));
#2032=CARTESIAN_POINT('',(-0.606474572776741,0.007877777556269,0.63505327026065));
#2033=CARTESIAN_POINT('',(-0.610635701962699,0.006700275000068,0.630409928971626));
#2034=CARTESIAN_POINT('',(-0.614801062027536,0.005653675778083,0.625740284765836));
#2035=B_SPLINE_CURVE_WITH_KNOTS('',3,(#2028,#2029,#2030,#2031,#2032,#2033,#2034),.UNSPECIFIED.,.F.,.U.,(4,3,4),(1.423932702997816,1.803713469852501,1.882799220979159),.UNSPECIFIED.);
#2036=EDGE_CURVE('',#654,#2017,#2035,.T.);
#2037=ORIENTED_EDGE('',*,*,#2036,.F.);
#2038=ORIENTED_EDGE('',*,*,#664,.T.);
#2039=ORIENTED_EDGE('',*,*,#1582,.T.);
#2040=ORIENTED_EDGE('',*,*,#1575,.T.);
#2041=EDGE_LOOP('',(#2027,#2037,#2038,#2039,#2040));
#2042=FACE_OUTER_BOUND('',#2041,.T.);
#2043=ADVANCED_FACE('',(#2042),#2015,.T.);
#2044=CARTESIAN_POINT('',(-0.834035522132899,1.338776653750835,5.942078003343655));
#2045=CARTESIAN_POINT('',(-0.87523514983525,1.338776653750835,5.935856927206943));
#2046=CARTESIAN_POINT('',(-0.916434777537601,1.338776653750835,5.929635851070231));
#2047=CARTESIAN_POINT('',(-0.957634405239952,1.338776653750835,5.92341477493352));
#2048=CARTESIAN_POINT('',(-0.886265343016452,1.321989326154507,5.934746977748398));
#2049=CARTESIAN_POINT('',(-0.927410288553382,1.321989326154507,5.928163764128107));
#2050=CARTESIAN_POINT('',(-0.968555234090312,1.321989326154507,5.921580550507816));
#2051=CARTESIAN_POINT('',(-1.009700179627242,1.321989326154507,5.914997336887526));
#2052=CARTESIAN_POINT('',(-0.938398500239607,1.30520199855818,5.926727275898045));
#2053=CARTESIAN_POINT('',(-0.979483988647691,1.30520199855818,5.919782645808797));
#2054=CARTESIAN_POINT('',(-1.020569477055776,1.30520199855818,5.91283801571955));
#2055=CARTESIAN_POINT('',(-1.06165496546386,1.30520199855818,5.905893385630302));
#2056=CARTESIAN_POINT('',(-0.990416870321196,1.288414670961852,5.918021685747963));
#2057=CARTESIAN_POINT('',(-1.031438147306584,1.288414670961852,5.91071648584658));
#2058=CARTESIAN_POINT('',(-1.072459424291972,1.288414670961852,5.903411285945197));
#2059=CARTESIAN_POINT('',(-1.11348070127736,1.288414670961852,5.896106086043813));
#2060=B_SPLINE_SURFACE_WITH_KNOTS('',3,3,((#2044,#2048,#2052,#2056),(#2045,#2049,#2053,#2057),(#2046,#2050,#2054,#2058),(#2047,#2051,#2055,#2059)),.UNSPECIFIED.,.F.,.F.,.F.,(4,4),(4,4),(-0.317499999999998,0.0),(0.67346496924201,0.699834441767024),.UNSPECIFIED.);
#2061=ORIENTED_EDGE('',*,*,#1378,.T.);
#2062=ORIENTED_EDGE('',*,*,#1474,.T.);
#2063=EDGE_LOOP('',(#2061,#2062));
#2064=FACE_OUTER_BOUND('',#2063,.T.);
#2065=ADVANCED_FACE('',(#2064),#2060,.T.);
#2066=CARTESIAN_POINT('',(1.718749999999999,2.625000000000002,2.976962325509009));
#2067=DIRECTION('',(0.0,1.0,0.0));
#2068=DIRECTION('',(0.866025403784439,0.0,-0.5));
#2069=AXIS2_PLACEMENT_3D('',#2066,#2067,#2068);
#2070=PLANE('',#2069);
#2071=ORIENTED_EDGE('',*,*,#1401,.T.);
#2072=ORIENTED_EDGE('',*,*,#788,.T.);
#2073=ORIENTED_EDGE('',*,*,#716,.T.);
#2074=ORIENTED_EDGE('',*,*,#1983,.T.);
#2075=ORIENTED_EDGE('',*,*,#1976,.T.);
#2076=ORIENTED_EDGE('',*,*,#1888,.T.);
#2077=ORIENTED_EDGE('',*,*,#1882,.F.);
#2078=ORIENTED_EDGE('',*,*,#1003,.F.);
#2079=ORIENTED_EDGE('',*,*,#1108,.T.);
#2080=EDGE_LOOP('',(#2071,#2072,#2073,#2074,#2075,#2076,#2077,#2078,#2079));
#2081=FACE_OUTER_BOUND('',#2080,.T.);
#2082=ADVANCED_FACE('',(#2081),#2070,.T.);
#2083=CARTESIAN_POINT('',(1.071566E-016,-0.000000105804722,-0.874999958176014));
#2084=CARTESIAN_POINT('',(1.706942E-016,1.3125,-1.39382357777106));
#2085=CARTESIAN_POINT('',(1.071566E-016,2.625000105804723,-0.874999958176014));
#2086=CARTESIAN_POINT('',(0.874999958176014,-0.000000105804722,-0.874999958176014));
#2087=CARTESIAN_POINT('',(1.39382357777106,1.3125,-1.39382357777106));
#2088=CARTESIAN_POINT('',(0.874999958176014,2.625000105804723,-0.874999958176014));
#2089=CARTESIAN_POINT('',(0.874999958176014,-0.000000105804722,1.071566E-016));
#2090=CARTESIAN_POINT('',(1.39382357777106,1.3125,1.706942E-016));
#2091=CARTESIAN_POINT('',(0.874999958176014,2.625000105804723,1.071566E-016));
#2092=CARTESIAN_POINT('',(0.874999958176014,-0.000000105804722,0.874999958176014));
#2093=CARTESIAN_POINT('',(1.39382357777106,1.3125,1.39382357777106));
#2094=CARTESIAN_POINT('',(0.874999958176014,2.625000105804723,0.874999958176014));
#2095=CARTESIAN_POINT('',(-1.071566E-016,-0.000000105804722,0.874999958176014));
#2096=CARTESIAN_POINT('',(-1.706942E-016,1.3125,1.39382357777106));
#2097=CARTESIAN_POINT('',(-1.071566E-016,2.625000105804723,0.874999958176014));
#2098=CARTESIAN_POINT('',(-0.874999958176014,-0.000000105804722,0.874999958176014));
#2099=CARTESIAN_POINT('',(-1.39382357777106,1.3125,1.39382357777106));
#2100=CARTESIAN_POINT('',(-0.874999958176014,2.625000105804723,0.874999958176014));
#2101=CARTESIAN_POINT('',(-0.874999958176014,-0.000000105804722,-1.071566E-016));
#2102=CARTESIAN_POINT('',(-1.39382357777106,1.3125,-1.706942E-016));
#2103=CARTESIAN_POINT('',(-0.874999958176014,2.625000105804723,-1.071566E-016));
#2104=CARTESIAN_POINT('',(-0.874999958176014,-0.000000105804722,-0.874999958176014));
#2105=CARTESIAN_POINT('',(-1.39382357777106,1.3125,-1.39382357777106));
#2106=CARTESIAN_POINT('',(-0.874999958176014,2.625000105804723,-0.874999958176014));
#2107=CARTESIAN_POINT('',(1.071566E-016,-0.000000105804722,-0.874999958176014));
#2108=CARTESIAN_POINT('',(1.706942E-016,1.3125,-1.39382357777106));
#2109=CARTESIAN_POINT('',(1.071566E-016,2.625000105804723,-0.874999958176014));
#2117=(BOUNDED_SURFACE()B_SPLINE_SURFACE(2,2,((#2083,#2086,#2089,#2092,#2095,#2098,#2101,#2104,#2107),(#2084,#2087,#2090,#2093,#2096,#2099,#2102,#2105,#2108),(#2085,#2088,#2091,#2094,#2097,#2100,#2103,#2106,#2109)),.UNSPECIFIED.,.F.,.T.,.U.)B_SPLINE_SURFACE_WITH_KNOTS((3,3),(3,2,2,2,3),(-0.376443042475434,0.376443042475434),(0.0,1.570796326794897,3.141592653589793,4.71238898038469,6.283185307179586),.UNSPECIFIED.)GEOMETRIC_REPRESENTATION_ITEM()RATIONAL_B_SPLINE_SURFACE(((1.0,0.707106781186548,1.0,0.707106781186548,1.0,0.707106781186548,1.0,0.707106781186548,1.0),(0.929978106447549,0.657593825424087,0.929978106447549,0.657593825424087,0.929978106447549,0.657593825424087,0.929978106447549,0.657593825424087,0.929978106447549),(1.0,0.707106781186548,1.0,0.707106781186548,1.0,0.707106781186548,1.0,0.707106781186548,1.0)))REPRESENTATION_ITEM('')SURFACE());
#2118=ORIENTED_EDGE('',*,*,#1872,.T.);
#2119=ORIENTED_EDGE('',*,*,#1865,.T.);
#2120=CARTESIAN_POINT('',(-0.875,2.625,0.0));
#2121=VERTEX_POINT('',#2120);
#2122=CARTESIAN_POINT('',(0.0,2.625,0.0));
#2123=DIRECTION('',(0.0,1.0,0.0));
#2124=DIRECTION('',(-1.0,0.0,0.0));
#2125=AXIS2_PLACEMENT_3D('',#2122,#2123,#2124);
#2126=CIRCLE('',#2125,0.875);
#2127=EDGE_CURVE('',#2121,#1856,#2126,.T.);
#2128=ORIENTED_EDGE('',*,*,#2127,.F.);
#2129=CARTESIAN_POINT('',(-0.875181181972252,2.619346324221947,0.059909504434957));
#2130=VERTEX_POINT('',#2129);
#2131=CARTESIAN_POINT('',(-0.875,2.625,7.764379E-032));
#2132=CARTESIAN_POINT('',(-0.875,2.625,0.010217846393802));
#2133=CARTESIAN_POINT('',(-0.874999648028527,2.624547225881693,0.020430676095282));
#2134=CARTESIAN_POINT('',(-0.875022866616767,2.623587875805061,0.030603010231445));
#2135=CARTESIAN_POINT('',(-0.875045317485433,2.622660246512877,0.040438997473675));
#2136=CARTESIAN_POINT('',(-0.875089840912008,2.621260789544577,0.050217823461061));
#2137=CARTESIAN_POINT('',(-0.87518118172555,2.619346324221914,0.059909504420512));
#2138=B_SPLINE_CURVE_WITH_KNOTS('',3,(#2131,#2132,#2133,#2134,#2135,#2136,#2137),.UNSPECIFIED.,.F.,.U.,(4,3,4),(0.0,0.07785998952077,0.15314554870073),.UNSPECIFIED.);
#2139=EDGE_CURVE('',#2121,#2130,#2138,.T.);
#2140=ORIENTED_EDGE('',*,*,#2139,.T.);
#2141=CARTESIAN_POINT('',(-0.880739153664696,2.566296003244099,0.173208559633615));
#2142=VERTEX_POINT('',#2141);
#2143=CARTESIAN_POINT('',(-0.87518118172555,2.619346324221914,0.059909504420522));
#2144=CARTESIAN_POINT('',(-0.875387529313496,2.615021364916006,0.081803933773334));
#2145=CARTESIAN_POINT('',(-0.875828903522421,2.608110706004783,0.103044238608851));
#2146=CARTESIAN_POINT('',(-0.876813557510632,2.59825278074774,0.123359791347394));
#2147=CARTESIAN_POINT('',(-0.877686292998283,2.589515334589563,0.14136622207173));
#2148=CARTESIAN_POINT('',(-0.878960484027915,2.578789007756149,0.157970760192225));
#2149=CARTESIAN_POINT('',(-0.880739153664696,2.566296003244099,0.173208559633615));
#2150=B_SPLINE_CURVE_WITH_KNOTS('',3,(#2143,#2144,#2145,#2146,#2147,#2148,#2149),.UNSPECIFIED.,.F.,.U.,(4,3,4),(1.418950318762933,1.683568952900613,1.918110299881957),.UNSPECIFIED.);
#2151=EDGE_CURVE('',#2130,#2142,#2150,.T.);
#2152=ORIENTED_EDGE('',*,*,#2151,.T.);
#2153=CARTESIAN_POINT('',(-0.342833412259271,0.036958949205847,-0.820639577154901));
#2154=VERTEX_POINT('',#2153);
#2155=CARTESIAN_POINT('',(-0.342833867387854,0.036962079369528,-0.820620225986293));
#2156=CARTESIAN_POINT('',(-0.401150157265803,0.145838745447755,-0.841321834155152));
#2157=CARTESIAN_POINT('',(-0.536760691277805,0.382969825124544,-0.859894027006096));
#2158=CARTESIAN_POINT('',(-0.741531569662757,0.74239975529981,-0.803501331642449));
#2159=CARTESIAN_POINT('',(-0.921363615108023,1.120996421271767,-0.661299383245138));
#2160=CARTESIAN_POINT('',(-1.036634099394462,1.491955411823598,-0.46176592318519));
#2161=CARTESIAN_POINT('',(-1.07257021442958,1.866031444528275,-0.228193657303038));
#2162=CARTESIAN_POINT('',(-1.027792196343438,2.171603833429989,-0.036318022862123));
#2163=CARTESIAN_POINT('',(-0.951616502869014,2.406533730719778,0.095317187766132));
#2164=CARTESIAN_POINT('',(-0.904270884358628,2.516634845965775,0.150208566203679));
#2165=CARTESIAN_POINT('',(-0.880745064386325,2.566297277117216,0.173211647807254));
#2166=B_SPLINE_CURVE_WITH_KNOTS('',3,(#2155,#2156,#2157,#2158,#2159,#2160,#2161,#2162,#2163,#2164,#2165),.UNSPECIFIED.,.F.,.U.,(4,1,1,1,1,1,1,1,4),(-7.752350365449965,-6.754317974508667,-5.588416998858888,-4.422516023209107,-3.256615047559328,-2.090714071909548,-0.924813096259768,-0.341862608434878,0.13608230756574),.UNSPECIFIED.);
#2167=EDGE_CURVE('',#2154,#2142,#2166,.T.);
#2168=ORIENTED_EDGE('',*,*,#2167,.F.);
#2169=CARTESIAN_POINT('',(-0.234506451788206,0.005653675778084,-0.845303480455218));
#2170=VERTEX_POINT('',#2169);
#2171=CARTESIAN_POINT('',(-0.342833412259271,0.036958949205848,-0.820639577154902));
#2172=CARTESIAN_POINT('',(-0.314976869624118,0.025889190954518,-0.82768812339971));
#2173=CARTESIAN_POINT('',(-0.287674501245022,0.017198076790279,-0.833944292748869));
#2174=CARTESIAN_POINT('',(-0.261149815232849,0.011035093664512,-0.839667344198174));
#2175=CARTESIAN_POINT('',(-0.252335178090258,0.008987021919398,-0.841569218620019));
#2176=CARTESIAN_POINT('',(-0.243446034535304,0.007180785686332,-0.843446776087849));
#2177=CARTESIAN_POINT('',(-0.234506451764755,0.005653675778085,-0.845303480372416));
#2178=B_SPLINE_CURVE_WITH_KNOTS('',3,(#2171,#2172,#2173,#2174,#2175,#2176,#2177),.UNSPECIFIED.,.F.,.U.,(4,3,4),(1.6348913983314,1.990952494345973,2.109278093394396),.UNSPECIFIED.);
#2179=EDGE_CURVE('',#2154,#2170,#2178,.T.);
#2180=ORIENTED_EDGE('',*,*,#2179,.T.);
#2181=CARTESIAN_POINT('',(-0.170704031764113,0.0,-0.858187120352825));
#2182=VERTEX_POINT('',#2181);
#2183=CARTESIAN_POINT('',(-0.234506451764755,0.005653675778086,-0.845303480372416));
#2184=CARTESIAN_POINT('',(-0.223734160538904,0.003813492283202,-0.847540828555996));
#2185=CARTESIAN_POINT('',(-0.212878393216652,0.002376844619005,-0.849749843122454));
#2186=CARTESIAN_POINT('',(-0.201984004901514,0.001412166850336,-0.851941343409456));
#2187=CARTESIAN_POINT('',(-0.191586103041782,0.000491452031409,-0.854032971158593));
#2188=CARTESIAN_POINT('',(-0.181145106242606,-2.672753E-017,-0.856110261510322));
#2189=CARTESIAN_POINT('',(-0.170704031764112,-2.731848E-017,-0.858187120352827));
#2190=B_SPLINE_CURVE_WITH_KNOTS('',3,(#2183,#2184,#2185,#2186,#2187,#2188,#2189),.UNSPECIFIED.,.F.,.U.,(4,3,4),(0.0,0.085001180448211,0.16612862943346),.UNSPECIFIED.);
#2191=EDGE_CURVE('',#2170,#2182,#2190,.T.);
#2192=ORIENTED_EDGE('',*,*,#2191,.T.);
#2193=CARTESIAN_POINT('',(0.0,0.0,0.0));
#2194=DIRECTION('',(0.0,1.0,0.0));
#2195=DIRECTION('',(-1.0,0.0,0.0));
#2196=AXIS2_PLACEMENT_3D('',#2193,#2194,#2195);
#2197=CIRCLE('',#2196,0.875);
#2198=EDGE_CURVE('',#2182,#1562,#2197,.T.);
#2199=ORIENTED_EDGE('',*,*,#2198,.T.);
#2200=ORIENTED_EDGE('',*,*,#1920,.T.);
#2201=ORIENTED_EDGE('',*,*,#1936,.T.);
#2202=ORIENTED_EDGE('',*,*,#940,.F.);
#2203=EDGE_LOOP('',(#2118,#2119,#2128,#2140,#2152,#2168,#2180,#2192,#2199,#2200,#2201,#2202));
#2204=FACE_OUTER_BOUND('',#2203,.T.);
#2205=CARTESIAN_POINT('',(-0.971419593473862,1.159,0.56084936378821));
#2206=VERTEX_POINT('',#2205);
#2207=CARTESIAN_POINT('',(-0.971419593473862,1.159,0.56084936378821));
#2208=CARTESIAN_POINT('',(-0.971804372123436,1.159,0.56018290761748));
#2209=CARTESIAN_POINT('',(-0.972188674801936,1.159005787148024,0.559516189975124));
#2210=CARTESIAN_POINT('',(-0.973177009867842,1.159035591595776,0.557798751974901));
#2211=CARTESIAN_POINT('',(-0.973780253276049,1.159068178686032,0.556747790484188));
#2212=CARTESIAN_POINT('',(-0.975719924159149,1.159219454937544,0.553359819722868));
#2213=CARTESIAN_POINT('',(-0.977050390527095,1.159394677201571,0.551022543265767));
#2214=CARTESIAN_POINT('',(-0.987980379701748,1.161428222810034,0.531711276424026));
#2215=CARTESIAN_POINT('',(-0.997015440450032,1.166931361210292,0.515017801209238));
#2216=CARTESIAN_POINT('',(-1.011730060135619,1.183192606699781,0.486812045519001));
#2217=CARTESIAN_POINT('',(-1.017632941892798,1.192755091025412,0.475082968288493));
#2218=CARTESIAN_POINT('',(-1.028878018193273,1.2182836324313,0.452216510232756));
#2219=CARTESIAN_POINT('',(-1.03366624009411,1.234991550282093,0.442077233412359));
#2220=CARTESIAN_POINT('',(-1.040264872331542,1.272217944686755,0.427944965360115));
#2221=CARTESIAN_POINT('',(-1.041937792167375,1.292446587815471,0.424258743103349));
#2222=CARTESIAN_POINT('',(-1.041896987382566,1.331903211863366,0.424347823018608));
#2223=CARTESIAN_POINT('',(-1.040407848939374,1.350744973847875,0.427624554405845));
#2224=CARTESIAN_POINT('',(-1.034731859468363,1.384946582199938,0.439805903062955));
#2225=CARTESIAN_POINT('',(-1.030774951035436,1.400195809894999,0.448216256478434));
#2226=CARTESIAN_POINT('',(-1.021023801755619,1.425626518660647,0.468255879824322));
#2227=CARTESIAN_POINT('',(-1.015487568821668,1.435993113772761,0.479395346215566));
#2228=CARTESIAN_POINT('',(-1.003790144800009,1.45125683431315,0.502117403842025));
#2229=CARTESIAN_POINT('',(-0.99789787509041,1.456674202255505,0.513282302278321));
#2230=CARTESIAN_POINT('',(-0.987945790433015,1.462483150624884,0.531570023937662));
#2231=CARTESIAN_POINT('',(-0.984170118096095,1.464020746262279,0.538395296652793));
#2232=CARTESIAN_POINT('',(-0.978537374857896,1.465371920696028,0.548403291044672));
#2233=CARTESIAN_POINT('',(-0.976754496533978,1.465667852751561,0.551546770994833));
#2234=CARTESIAN_POINT('',(-0.97427186094826,1.465899594854624,0.55589025664919));
#2235=CARTESIAN_POINT('',(-0.973584181679255,1.46594492333786,0.55708985465337));
#2236=CARTESIAN_POINT('',(-0.972422107343567,1.465989813364568,0.559111047418458));
#2237=CARTESIAN_POINT('',(-0.971948657719067,1.465999282431433,0.559932863000863));
#2238=CARTESIAN_POINT('',(-0.971012228297097,1.466000621996798,0.561555057674078));
#2239=CARTESIAN_POINT('',(-0.970549304965521,1.465992929135584,0.562355420901479));
#2240=CARTESIAN_POINT('',(-0.969530463339741,1.465957660510312,0.564113490051655));
#2241=CARTESIAN_POINT('',(-0.968974308874604,1.465926451246765,0.565070923468008));
#2242=CARTESIAN_POINT('',(-0.967048396696555,1.465777089166823,0.568378698143857));
#2243=CARTESIAN_POINT('',(-0.965675200413538,1.465598545610842,0.57072368073383));
#2244=CARTESIAN_POINT('',(-0.954100256289596,1.463489290862937,0.590377984981015));
#2245=CARTESIAN_POINT('',(-0.943860838104643,1.457686848376396,0.607010922220341));
#2246=CARTESIAN_POINT('',(-0.926206175828945,1.440381625539258,0.634714168109049));
#2247=CARTESIAN_POINT('',(-0.918727282881354,1.430059831066351,0.646061930246947));
#2248=CARTESIAN_POINT('',(-0.904579523066201,1.403200001022237,0.667101429589765));
#2249=CARTESIAN_POINT('',(-0.898434278843308,1.386126878893707,0.675939544910649));
#2250=CARTESIAN_POINT('',(-0.890120942660071,1.348512832687659,0.687799063142061));
#2251=CARTESIAN_POINT('',(-0.888108113850875,1.328296534173792,0.690608906115343));
#2252=CARTESIAN_POINT('',(-0.888779120749012,1.289061871465958,0.689664240193787));
#2253=CARTESIAN_POINT('',(-0.891145197910914,1.270409206094137,0.68635056717536));
#2254=CARTESIAN_POINT('',(-0.89929668820575,1.236731465531159,0.674693973671706));
#2255=CARTESIAN_POINT('',(-0.904769134326305,1.221797251613583,0.666799410498094));
#2256=CARTESIAN_POINT('',(-0.917457974425896,1.197065216952319,0.647965512766181));
#2257=CARTESIAN_POINT('',(-0.92438220424396,1.187060177336025,0.637494671194261));
#2258=CARTESIAN_POINT('',(-0.938173217863787,1.172502285679499,0.615983790798246));
#2259=CARTESIAN_POINT('',(-0.944819525579232,1.167402971259152,0.605381109842015));
#2260=CARTESIAN_POINT('',(-0.955315757829635,1.162127797103381,0.588158968533601));
#2261=CARTESIAN_POINT('',(-0.959062451053727,1.160775886817452,0.581920857981651));
#2262=CARTESIAN_POINT('',(-0.964528753387024,1.159573458045712,0.572677165060564));
#2263=CARTESIAN_POINT('',(-0.96625263989655,1.15930684226952,0.569741261230569));
#2264=CARTESIAN_POINT('',(-0.968649754976695,1.159093502965625,0.565629324321001));
#2265=CARTESIAN_POINT('',(-0.96932805987841,1.159050841311937,0.564462468299985));
#2266=CARTESIAN_POINT('',(-0.970477261155157,1.159008664663405,0.562479905393241));
#2267=CARTESIAN_POINT('',(-0.970948773833252,1.159,0.561664847326949));
#2268=CARTESIAN_POINT('',(-0.971419593473862,1.159,0.56084936378821));
#2269=B_SPLINE_CURVE_WITH_KNOTS('',3,(#2207,#2208,#2209,#2210,#2211,#2212,#2213,#2214,#2215,#2216,#2217,#2218,#2219,#2220,#2221,#2222,#2223,#2224,#2225,#2226,#2227,#2228,#2229,#2230,#2231,#2232,#2233,#2234,#2235,#2236,#2237,#2238,#2239,#2240,#2241,#2242,#2243,#2244,#2245,#2246,#2247,#2248,#2249,#2250,#2251,#2252,#2253,#2254,#2255,#2256,#2257,#2258,#2259,#2260,#2261,#2262,#2263,#2264,#2265,#2266,#2267,#2268),.UNSPECIFIED.,.T.,.U.,(4,2,2,2,2,2,2,2,2,2,2,2,2,2,2,2,2,2,2,2,2,2,2,2,2,2,2,2,2,2,4),(-2.456997598053918,-2.451133571434407,-2.441896750087053,-2.421363350367863,-2.272102072913034,-2.149099041898876,-1.997229519722593,-1.841535376031931,-1.696578929618266,-1.56151971365389,-1.438903436135547,-1.334684410045208,-1.274192363399768,-1.246570697195771,-1.236029110098892,-1.228801812364317,-1.22175630437991,-1.213316045904102,-1.192567988145832,-1.038767867447128,-0.909622787827362,-0.75729378856336,-0.602484554080029,-0.458204037055024,-0.32390541365074,-0.202336476131115,-0.099807665389777,-0.04348029667049,-0.017464627763105,-0.007175291322903,0.0),.UNSPECIFIED.);
#2270=EDGE_CURVE('',#2206,#2206,#2269,.T.);
#2271=ORIENTED_EDGE('',*,*,#2270,.T.);
#2272=EDGE_LOOP('',(#2271));
#2273=FACE_BOUND('',#2272,.T.);
#2274=ADVANCED_FACE('',(#2204,#2273),#2117,.T.);
#2275=CARTESIAN_POINT('',(1.071566E-016,-0.000000105804727,-0.874999958176013));
#2276=CARTESIAN_POINT('',(1.706942E-016,1.312499999999998,-1.393823577771061));
#2277=CARTESIAN_POINT('',(1.071566E-016,2.625000105804724,-0.874999958176014));
#2278=CARTESIAN_POINT('',(0.874999958176013,-0.000000105804727,-0.874999958176012));
#2279=CARTESIAN_POINT('',(1.393823577771061,1.312499999999998,-1.393823577771061));
#2280=CARTESIAN_POINT('',(0.874999958176014,2.625000105804724,-0.874999958176013));
#2281=CARTESIAN_POINT('',(0.874999958176013,-0.000000105804727,1.071566E-016));
#2282=CARTESIAN_POINT('',(1.393823577771061,1.312499999999998,1.706942E-016));
#2283=CARTESIAN_POINT('',(0.874999958176014,2.625000105804724,1.071566E-016));
#2284=CARTESIAN_POINT('',(0.874999958176012,-0.000000105804727,0.874999958176013));
#2285=CARTESIAN_POINT('',(1.393823577771061,1.312499999999998,1.393823577771061));
#2286=CARTESIAN_POINT('',(0.874999958176013,2.625000105804724,0.874999958176014));
#2287=CARTESIAN_POINT('',(-1.071566E-016,-0.000000105804727,0.874999958176013));
#2288=CARTESIAN_POINT('',(-1.706942E-016,1.312499999999998,1.393823577771061));
#2289=CARTESIAN_POINT('',(-1.071566E-016,2.625000105804724,0.874999958176014));
#2290=CARTESIAN_POINT('',(-0.874999958176013,-0.000000105804727,0.874999958176012));
#2291=CARTESIAN_POINT('',(-1.393823577771061,1.312499999999998,1.393823577771061));
#2292=CARTESIAN_POINT('',(-0.874999958176014,2.625000105804724,0.874999958176013));
#2293=CARTESIAN_POINT('',(-0.874999958176013,-0.000000105804727,-1.071566E-016));
#2294=CARTESIAN_POINT('',(-1.393823577771061,1.312499999999998,-1.706942E-016));
#2295=CARTESIAN_POINT('',(-0.874999958176014,2.625000105804724,-1.071566E-016));
#2296=CARTESIAN_POINT('',(-0.874999958176012,-0.000000105804727,-0.874999958176013));
#2297=CARTESIAN_POINT('',(-1.393823577771061,1.312499999999998,-1.393823577771061));
#2298=CARTESIAN_POINT('',(-0.874999958176013,2.625000105804724,-0.874999958176014));
#2299=CARTESIAN_POINT('',(1.071566E-016,-0.000000105804727,-0.874999958176013));
#2300=CARTESIAN_POINT('',(1.706942E-016,1.312499999999998,-1.393823577771061));
#2301=CARTESIAN_POINT('',(1.071566E-016,2.625000105804724,-0.874999958176014));
#2309=(BOUNDED_SURFACE()B_SPLINE_SURFACE(2,2,((#2275,#2278,#2281,#2284,#2287,#2290,#2293,#2296,#2299),(#2276,#2279,#2282,#2285,#2288,#2291,#2294,#2297,#2300),(#2277,#2280,#2283,#2286,#2289,#2292,#2295,#2298,#2301)),.UNSPECIFIED.,.F.,.T.,.U.)B_SPLINE_SURFACE_WITH_KNOTS((3,3),(3,2,2,2,3),(-0.376443042475435,0.376443042475434),(0.0,1.570796326794897,3.141592653589793,4.71238898038469,6.283185307179586),.UNSPECIFIED.)GEOMETRIC_REPRESENTATION_ITEM()RATIONAL_B_SPLINE_SURFACE(((1.0,0.707106781186548,1.0,0.707106781186548,1.0,0.707106781186548,1.0,0.707106781186548,1.0),(0.92997810644755,0.657593825424087,0.92997810644755,0.657593825424087,0.92997810644755,0.657593825424087,0.92997810644755,0.657593825424087,0.92997810644755),(1.0,0.707106781186548,1.0,0.707106781186548,1.0,0.707106781186548,1.0,0.707106781186548,1.0)))REPRESENTATION_ITEM('')SURFACE());
#2310=ORIENTED_EDGE('',*,*,#1789,.T.);
#2311=ORIENTED_EDGE('',*,*,#1782,.T.);
#2312=CARTESIAN_POINT('',(0.0,0.0,0.0));
#2313=DIRECTION('',(0.0,1.0,0.0));
#2314=DIRECTION('',(-1.0,0.0,0.0));
#2315=AXIS2_PLACEMENT_3D('',#2312,#2313,#2314);
#2316=CIRCLE('',#2315,0.875);
#2317=EDGE_CURVE('',#1517,#2182,#2316,.T.);
#2318=ORIENTED_EDGE('',*,*,#2317,.T.);
#2319=CARTESIAN_POINT('',(-0.111981018507381,0.005653675778085,-0.870052585476332));
#2320=VERTEX_POINT('',#2319);
#2321=CARTESIAN_POINT('',(-0.170704031764109,-7.004458E-015,-0.858187120352827));
#2322=CARTESIAN_POINT('',(-0.160682518423459,-7.005593E-015,-0.860180523296143));
#2323=CARTESIAN_POINT('',(-0.15066585671486,0.000452774118317,-0.862172602322839));
#2324=CARTESIAN_POINT('',(-0.140693510848711,0.001412124194941,-0.86417989871468));
#2325=CARTESIAN_POINT('',(-0.131050899290525,0.002339753487122,-0.866120824114627));
#2326=CARTESIAN_POINT('',(-0.121468656792083,0.003739210455421,-0.868072246346867));
#2327=CARTESIAN_POINT('',(-0.111981018473403,0.005653675778086,-0.870052585231548));
#2328=B_SPLINE_CURVE_WITH_KNOTS('',3,(#2321,#2322,#2323,#2324,#2325,#2326,#2327),.UNSPECIFIED.,.F.,.U.,(4,3,4),(0.0,0.077859989522234,0.153145548704027),.UNSPECIFIED.);
#2329=EDGE_CURVE('',#2182,#2320,#2328,.T.);
#2330=ORIENTED_EDGE('',*,*,#2329,.T.);
#2331=CARTESIAN_POINT('',(-0.001943279372163,0.058703996755902,-0.897607311464005));
#2332=VERTEX_POINT('',#2331);
#2333=CARTESIAN_POINT('',(-0.111981018473402,0.005653675778085,-0.870052585231548));
#2334=CARTESIAN_POINT('',(-0.101813412809077,0.00770534847102,-0.872174852563507));
#2335=CARTESIAN_POINT('',(-0.091752792811991,0.010348674474501,-0.874330640623637));
#2336=CARTESIAN_POINT('',(-0.08184068196905,0.013638508268255,-0.876546559232041));
#2337=CARTESIAN_POINT('',(-0.052211138262024,0.02347256639426,-0.883170441702612));
#2338=CARTESIAN_POINT('',(-0.025477624831792,0.038563256959146,-0.890002358844243));
#2339=CARTESIAN_POINT('',(-0.001943279372163,0.058703996755902,-0.897607311464005));
#2340=B_SPLINE_CURVE_WITH_KNOTS('',3,(#2333,#2334,#2335,#2336,#2337,#2338,#2339),.UNSPECIFIED.,.F.,.U.,(4,3,4),(1.769142728099093,1.896053048427156,2.275416732168755),.UNSPECIFIED.);
#2341=EDGE_CURVE('',#2320,#2332,#2340,.T.);
#2342=ORIENTED_EDGE('',*,*,#2341,.T.);
#2343=CARTESIAN_POINT('',(-0.871754698585408,2.588041050794152,-0.176147125007977));
#2344=VERTEX_POINT('',#2343);
#2345=CARTESIAN_POINT('',(-0.871737090996314,2.588038261254917,-0.176151304451118));
#2346=CARTESIAN_POINT('',(-0.903418031232073,2.479177922829724,-0.229300965646645));
#2347=CARTESIAN_POINT('',(-0.948094261996005,2.242162875178902,-0.358627981485557));
#2348=CARTESIAN_POINT('',(-0.932693677765625,1.882572174167327,-0.570493593927557));
#2349=CARTESIAN_POINT('',(-0.828455338923618,1.504163735122366,-0.774607748196233));
#2350=CARTESIAN_POINT('',(-0.65509250813483,1.132951315130159,-0.926638799085633));
#2351=CARTESIAN_POINT('',(-0.433083654577208,0.758964179732448,-1.007495331672393));
#2352=CARTESIAN_POINT('',(-0.236127545792408,0.453389305454309,-1.000955125031575));
#2353=CARTESIAN_POINT('',(-0.092168408427023,0.21846756985444,-0.951930877019107));
#2354=CARTESIAN_POINT('',(-0.029092634505034,0.108365326120214,-0.916200491121991));
#2355=CARTESIAN_POINT('',(-0.001941461586743,0.058702640408511,-0.897613838878725));
#2356=B_SPLINE_CURVE_WITH_KNOTS('',3,(#2345,#2346,#2347,#2348,#2349,#2350,#2351,#2352,#2353,#2354,#2355),.UNSPECIFIED.,.F.,.U.,(4,1,1,1,1,1,1,1,4),(-7.752339142507272,-6.754317978932511,-5.58841700823385,-4.42251603753519,-3.25661506683653,-2.090714096137869,-0.924813125439209,-0.341862640089879,0.136082787912574),.UNSPECIFIED.);
#2357=EDGE_CURVE('',#2344,#2332,#2356,.T.);
#2358=ORIENTED_EDGE('',*,*,#2357,.F.);
#2359=CARTESIAN_POINT('',(-0.874811150298314,2.619346324221947,-0.065089947870083));
#2360=VERTEX_POINT('',#2359);
#2361=CARTESIAN_POINT('',(-0.871754698585408,2.588041050794152,-0.176147125007977));
#2362=CARTESIAN_POINT('',(-0.873637114991776,2.602134340413817,-0.139612764632151));
#2363=CARTESIAN_POINT('',(-0.874434264835945,2.612379257749675,-0.104193222220296));
#2364=CARTESIAN_POINT('',(-0.874764597115204,2.618457999687247,-0.070221383477155));
#2365=CARTESIAN_POINT('',(-0.874781213103803,2.618763765466344,-0.068512571711935));
#2366=CARTESIAN_POINT('',(-0.874796710522106,2.619059955671882,-0.066802041552851));
#2367=CARTESIAN_POINT('',(-0.874811150212533,2.619346324221917,-0.065089947863232));
#2368=B_SPLINE_CURVE_WITH_KNOTS('',3,(#2361,#2362,#2363,#2364,#2365,#2366,#2367),.UNSPECIFIED.,.F.,.U.,(4,3,4),(1.428969174705572,1.866967389977755,1.888999064773504),.UNSPECIFIED.);
#2369=EDGE_CURVE('',#2344,#2360,#2368,.T.);
#2370=ORIENTED_EDGE('',*,*,#2369,.T.);
#2371=CARTESIAN_POINT('',(-0.874811150212533,2.619346324221916,-0.065089947863253));
#2372=CARTESIAN_POINT('',(-0.874903938614022,2.621186507716811,-0.054088158215057));
#2373=CARTESIAN_POINT('',(-0.874952652442369,2.622623155380997,-0.043010024054839));
#2374=CARTESIAN_POINT('',(-0.874976653941291,2.623587833149664,-0.031897427859695));
#2375=CARTESIAN_POINT('',(-0.874999561627621,2.624508547968588,-0.021291262437499));
#2376=CARTESIAN_POINT('',(-0.875,2.625,-0.010645627220477));
#2377=CARTESIAN_POINT('',(-0.875,2.625,0.0));
#2378=B_SPLINE_CURVE_WITH_KNOTS('',3,(#2371,#2372,#2373,#2374,#2375,#2376,#2377),.UNSPECIFIED.,.F.,.U.,(4,3,4),(0.0,0.085001180448728,0.166128629434513),.UNSPECIFIED.);
#2379=EDGE_CURVE('',#2360,#2121,#2378,.T.);
#2380=ORIENTED_EDGE('',*,*,#2379,.T.);
#2381=CARTESIAN_POINT('',(0.0,2.625,0.0));
#2382=DIRECTION('',(0.0,1.0,0.0));
#2383=DIRECTION('',(-1.0,0.0,0.0));
#2384=AXIS2_PLACEMENT_3D('',#2381,#2382,#2383);
#2385=CIRCLE('',#2384,0.875);
#2386=EDGE_CURVE('',#1609,#2121,#2385,.T.);
#2387=ORIENTED_EDGE('',*,*,#2386,.F.);
#2388=ORIENTED_EDGE('',*,*,#1724,.T.);
#2389=ORIENTED_EDGE('',*,*,#1750,.T.);
#2390=ORIENTED_EDGE('',*,*,#157,.F.);
#2391=EDGE_LOOP('',(#2310,#2311,#2318,#2330,#2342,#2358,#2370,#2380,#2387,#2388,#2389,#2390));
#2392=FACE_OUTER_BOUND('',#2391,.T.);
#2393=CARTESIAN_POINT('',(2.622574E-016,1.159,-1.121698727576422));
#2394=VERTEX_POINT('',#2393);
#2395=CARTESIAN_POINT('',(0.1535,1.3125,-1.114478689791779));
#2396=CARTESIAN_POINT('',(0.1535,1.322923810670742,-1.114478689791779));
#2397=CARTESIAN_POINT('',(0.152438306783952,1.333318973653904,-1.114579870519412));
#2398=CARTESIAN_POINT('',(0.148133365399067,1.354178039548623,-1.114977497293911));
#2399=CARTESIAN_POINT('',(0.144809611779648,1.364563654967207,-1.115281010398243));
#2400=CARTESIAN_POINT('',(0.133300627399808,1.390625458150591,-1.116273259835777));
#2401=CARTESIAN_POINT('',(0.123463816158876,1.405392415967752,-1.117077697005677));
#2402=CARTESIAN_POINT('',(0.100303526003444,1.429797138002959,-1.118658284684851));
#2403=CARTESIAN_POINT('',(0.087507645342918,1.439629871213161,-1.119417543736636));
#2404=CARTESIAN_POINT('',(0.0640624215266,1.45239921186025,-1.120470881462472));
#2405=CARTESIAN_POINT('',(0.05419794316402,1.456508575214753,-1.12083273074535));
#2406=CARTESIAN_POINT('',(0.036202389543643,1.461890838124439,-1.12131670082312));
#2407=CARTESIAN_POINT('',(0.02824660938911,1.463597315670589,-1.121474724673838));
#2408=CARTESIAN_POINT('',(0.016025054678876,1.465219076971125,-1.121625558903951));
#2409=CARTESIAN_POINT('',(0.011837105819018,1.465600633564919,-1.121661296875518));
#2410=CARTESIAN_POINT('',(0.004432343669981,1.465969573648342,-1.121695865762217));
#2411=CARTESIAN_POINT('',(0.001221854272396,1.466028704031425,-1.121701420108141));
#2412=CARTESIAN_POINT('',(-0.005430581317194,1.465942533453886,-1.121693336876644));
#2413=CARTESIAN_POINT('',(-0.008870459045618,1.465782146914762,-1.12167828150691));
#2414=CARTESIAN_POINT('',(-0.017614747360171,1.465079089015192,-1.121612535522165));
#2415=CARTESIAN_POINT('',(-0.022901246453897,1.464375554336788,-1.121546842793893));
#2416=CARTESIAN_POINT('',(-0.041872684419965,1.460837681253444,-1.121220509609217));
#2417=CARTESIAN_POINT('',(-0.055186697366316,1.456415234650906,-1.120815840881894));
#2418=CARTESIAN_POINT('',(-0.083454856695082,1.442519629422418,-1.11964470458936));
#2419=CARTESIAN_POINT('',(-0.0977483576795,1.432144484146084,-1.118821799388453));
#2420=CARTESIAN_POINT('',(-0.123908493015432,1.4052777162829,-1.117058497388026));
#2421=CARTESIAN_POINT('',(-0.134918941049136,1.388384083989692,-1.116141637924088));
#2422=CARTESIAN_POINT('',(-0.149992080163801,1.350961249369805,-1.114823730937527));
#2423=CARTESIAN_POINT('',(-0.153767713470219,1.330744617184589,-1.114453438034583));
#2424=CARTESIAN_POINT('',(-0.153221691809199,1.291363081710245,-1.114504941021397));
#2425=CARTESIAN_POINT('',(-0.149430010980451,1.272576225584289,-1.114873209363141));
#2426=CARTESIAN_POINT('',(-0.135658414067375,1.23851514392323,-1.116076667037018));
#2427=CARTESIAN_POINT('',(-0.126209839818554,1.223350318815992,-1.116865240640009));
#2428=CARTESIAN_POINT('',(-0.103587836972982,1.198070738649587,-1.118451560376447));
#2429=CARTESIAN_POINT('',(-0.090945342337987,1.187785981964817,-1.119229147845501));
#2430=CARTESIAN_POINT('',(-0.067127151238794,1.173991998986399,-1.12035051140157));
#2431=CARTESIAN_POINT('',(-0.056726185528463,1.169416861938064,-1.120750833518783));
#2432=CARTESIAN_POINT('',(-0.037836921453569,1.163495759288968,-1.121281138487524));
#2433=CARTESIAN_POINT('',(-0.029563569221809,1.16163604873758,-1.121453120402967));
#2434=CARTESIAN_POINT('',(-0.016893575926419,1.159871144871162,-1.121617124752165));
#2435=CARTESIAN_POINT('',(-0.012585986688503,1.159455706326226,-1.12165602285665));
#2436=CARTESIAN_POINT('',(-0.005040658363107,1.159048777795324,-1.121694143167328));
#2437=CARTESIAN_POINT('',(-0.001810206778981,1.158976681848797,-1.121700915011565));
#2438=CARTESIAN_POINT('',(0.004815865528287,1.159037987288693,-1.121695164020751));
#2439=CARTESIAN_POINT('',(0.008209540852574,1.159182079496461,-1.121681636322058));
#2440=CARTESIAN_POINT('',(0.016705522701325,1.15982571756686,-1.121621425482988));
#2441=CARTESIAN_POINT('',(0.021792489319098,1.160468448076927,-1.121561377465789));
#2442=CARTESIAN_POINT('',(0.039487947211559,1.163610677588249,-1.121271087834775));
#2443=CARTESIAN_POINT('',(0.051802368614079,1.167435622471491,-1.120920328628575));
#2444=CARTESIAN_POINT('',(0.080212262977967,1.180343128921116,-1.119816848947276));
#2445=CARTESIAN_POINT('',(0.095428114558973,1.190875285724194,-1.118964977349614));
#2446=CARTESIAN_POINT('',(0.122536087204659,1.217923127686863,-1.117163803102498));
#2447=CARTESIAN_POINT('',(0.133777218691913,1.234628318307143,-1.116237027423729));
#2448=CARTESIAN_POINT('',(0.149420963698205,1.271847384510241,-1.114877724917399));
#2449=CARTESIAN_POINT('',(0.1535,1.292066504871828,-1.114478689791779));
#2450=CARTESIAN_POINT('',(0.1535,1.3125,-1.114478689791779));
#2451=B_SPLINE_CURVE_WITH_KNOTS('',3,(#2395,#2396,#2397,#2398,#2399,#2400,#2401,#2402,#2403,#2404,#2405,#2406,#2407,#2408,#2409,#2410,#2411,#2412,#2413,#2414,#2415,#2416,#2417,#2418,#2419,#2420,#2421,#2422,#2423,#2424,#2425,#2426,#2427,#2428,#2429,#2430,#2431,#2432,#2433,#2434,#2435,#2436,#2437,#2438,#2439,#2440,#2441,#2442,#2443,#2444,#2445,#2446,#2447,#2448,#2449,#2450),.UNSPECIFIED.,.T.,.U.,(4,2,2,2,2,2,2,2,2,2,2,2,2,2,2,2,2,2,2,2,2,2,2,2,2,2,2,4),(-2.456165998192403,-2.376736560881356,-2.293841196288684,-2.159508267920631,-2.037169833414027,-1.955911268558333,-1.893990829593708,-1.861957563090838,-1.837494622775473,-1.811260473758367,-1.770644522429763,-1.664180822761459,-1.530445106436085,-1.378099054472115,-1.222847052277947,-1.077988166793063,-0.94273165369981,-0.819190082657263,-0.732812304026618,-0.668287618873079,-0.635322994442334,-0.610705644951158,-0.584828076887271,-0.545776386621039,-0.44785540563295,-0.307833957379059,-0.155703232876671,0.0),.UNSPECIFIED.);
#2452=EDGE_CURVE('',#2394,#2394,#2451,.T.);
#2453=ORIENTED_EDGE('',*,*,#2452,.T.);
#2454=EDGE_LOOP('',(#2453));
#2455=FACE_BOUND('',#2454,.T.);
#2456=ADVANCED_FACE('',(#2392,#2455),#2309,.T.);
#2457=CARTESIAN_POINT('',(1.071566E-016,-0.000000105804726,-0.874999958176013));
#2458=CARTESIAN_POINT('',(1.706942E-016,1.312499999999997,-1.393823577771061));
#2459=CARTESIAN_POINT('',(1.071566E-016,2.625000105804723,-0.874999958176014));
#2460=CARTESIAN_POINT('',(0.874999958176013,-0.000000105804726,-0.874999958176013));
#2461=CARTESIAN_POINT('',(1.393823577771061,1.312499999999997,-1.393823577771061));
#2462=CARTESIAN_POINT('',(0.874999958176014,2.625000105804723,-0.874999958176014));
#2463=CARTESIAN_POINT('',(0.874999958176013,-0.000000105804726,1.071566E-016));
#2464=CARTESIAN_POINT('',(1.393823577771061,1.312499999999997,1.706942E-016));
#2465=CARTESIAN_POINT('',(0.874999958176014,2.625000105804723,1.071566E-016));
#2466=CARTESIAN_POINT('',(0.874999958176013,-0.000000105804726,0.874999958176013));
#2467=CARTESIAN_POINT('',(1.393823577771061,1.312499999999997,1.393823577771061));
#2468=CARTESIAN_POINT('',(0.874999958176014,2.625000105804723,0.874999958176014));
#2469=CARTESIAN_POINT('',(-1.071566E-016,-0.000000105804726,0.874999958176013));
#2470=CARTESIAN_POINT('',(-1.706942E-016,1.312499999999997,1.393823577771061));
#2471=CARTESIAN_POINT('',(-1.071566E-016,2.625000105804723,0.874999958176014));
#2472=CARTESIAN_POINT('',(-0.874999958176013,-0.000000105804726,0.874999958176013));
#2473=CARTESIAN_POINT('',(-1.393823577771061,1.312499999999997,1.393823577771061));
#2474=CARTESIAN_POINT('',(-0.874999958176014,2.625000105804723,0.874999958176014));
#2475=CARTESIAN_POINT('',(-0.874999958176013,-0.000000105804726,-1.071566E-016));
#2476=CARTESIAN_POINT('',(-1.393823577771061,1.312499999999997,-1.706942E-016));
#2477=CARTESIAN_POINT('',(-0.874999958176014,2.625000105804723,-1.071566E-016));
#2478=CARTESIAN_POINT('',(-0.874999958176013,-0.000000105804726,-0.874999958176013));
#2479=CARTESIAN_POINT('',(-1.393823577771061,1.312499999999997,-1.393823577771061));
#2480=CARTESIAN_POINT('',(-0.874999958176014,2.625000105804723,-0.874999958176014));
#2481=CARTESIAN_POINT('',(1.071566E-016,-0.000000105804726,-0.874999958176013));
#2482=CARTESIAN_POINT('',(1.706942E-016,1.312499999999997,-1.393823577771061));
#2483=CARTESIAN_POINT('',(1.071566E-016,2.625000105804723,-0.874999958176014));
#2491=(BOUNDED_SURFACE()B_SPLINE_SURFACE(2,2,((#2457,#2460,#2463,#2466,#2469,#2472,#2475,#2478,#2481),(#2458,#2461,#2464,#2467,#2470,#2473,#2476,#2479,#2482),(#2459,#2462,#2465,#2468,#2471,#2474,#2477,#2480,#2483)),.UNSPECIFIED.,.F.,.T.,.U.)B_SPLINE_SURFACE_WITH_KNOTS((3,3),(3,2,2,2,3),(-0.376443042475435,0.376443042475434),(0.0,1.570796326794897,3.141592653589793,4.71238898038469,6.283185307179586),.UNSPECIFIED.)GEOMETRIC_REPRESENTATION_ITEM()RATIONAL_B_SPLINE_SURFACE(((1.0,0.707106781186548,1.0,0.707106781186548,1.0,0.707106781186548,1.0,0.707106781186548,1.0),(0.929978106447548,0.657593825424086,0.929978106447548,0.657593825424086,0.929978106447548,0.657593825424086,0.929978106447548,0.657593825424086,0.929978106447548),(1.0,0.707106781186548,1.0,0.707106781186548,1.0,0.707106781186548,1.0,0.707106781186548,1.0)))REPRESENTATION_ITEM('')SURFACE());
#2492=ORIENTED_EDGE('',*,*,#1628,.T.);
#2493=ORIENTED_EDGE('',*,*,#1618,.T.);
#2494=CARTESIAN_POINT('',(0.0,2.625,0.0));
#2495=DIRECTION('',(0.0,1.0,0.0));
#2496=DIRECTION('',(-1.0,0.0,0.0));
#2497=AXIS2_PLACEMENT_3D('',#2494,#2495,#2496);
#2498=CIRCLE('',#2497,0.875);
#2499=EDGE_CURVE('',#1856,#1609,#2498,.T.);
#2500=ORIENTED_EDGE('',*,*,#2499,.F.);
#2501=ORIENTED_EDGE('',*,*,#1968,.T.);
#2502=ORIENTED_EDGE('',*,*,#1994,.T.);
#2503=ORIENTED_EDGE('',*,*,#680,.F.);
#2504=ORIENTED_EDGE('',*,*,#2036,.T.);
#2505=ORIENTED_EDGE('',*,*,#2026,.T.);
#2506=CARTESIAN_POINT('',(0.0,0.0,0.0));
#2507=DIRECTION('',(0.0,1.0,0.0));
#2508=DIRECTION('',(-1.0,0.0,0.0));
#2509=AXIS2_PLACEMENT_3D('',#2506,#2507,#2508);
#2510=CIRCLE('',#2509,0.875);
#2511=EDGE_CURVE('',#1562,#1517,#2510,.T.);
#2512=ORIENTED_EDGE('',*,*,#2511,.T.);
#2513=ORIENTED_EDGE('',*,*,#1676,.T.);
#2514=ORIENTED_EDGE('',*,*,#1692,.T.);
#2515=ORIENTED_EDGE('',*,*,#423,.F.);
#2516=EDGE_LOOP('',(#2492,#2493,#2500,#2501,#2502,#2503,#2504,#2505,#2512,#2513,#2514,#2515));
#2517=FACE_OUTER_BOUND('',#2516,.T.);
#2518=ADVANCED_FACE('',(#2517),#2491,.T.);
#2519=CARTESIAN_POINT('',(-6.993531E-016,1.3125,-10.386999375657766));
#2520=DIRECTION('',(1.110223E-016,0.0,1.0));
#2521=DIRECTION('',(0.0,1.0,0.0));
#2522=AXIS2_PLACEMENT_3D('',#2519,#2520,#2521);
#2523=CYLINDRICAL_SURFACE('',#2522,0.1535);
#2524=ORIENTED_EDGE('',*,*,#2452,.F.);
#2525=EDGE_LOOP('',(#2524));
#2526=FACE_OUTER_BOUND('',#2525,.T.);
#2527=CARTESIAN_POINT('',(0.1535,1.3125,-0.476905388939987));
#2528=VERTEX_POINT('',#2527);
#2529=CARTESIAN_POINT('',(0.1535,1.3125,-0.476905388939987));
#2530=CARTESIAN_POINT('',(0.1535,1.293087526635011,-0.476905388939987));
#2531=CARTESIAN_POINT('',(0.149594731789231,1.272473805534429,-0.478214826813043));
#2532=CARTESIAN_POINT('',(0.133892533158382,1.234695932594823,-0.482846550317757));
#2533=CARTESIAN_POINT('',(0.122101637553456,1.217519855729186,-0.486091699558263));
#2534=CARTESIAN_POINT('',(0.094984556318228,1.190402774493958,-0.492109498790385));
#2535=CARTESIAN_POINT('',(0.077806693081831,1.178608465936953,-0.495286824265509));
#2536=CARTESIAN_POINT('',(0.040022302926625,1.162903742968546,-0.499761077948067));
#2537=CARTESIAN_POINT('',(0.019406157433045,1.159,-0.501));
#2538=CARTESIAN_POINT('',(-0.019406157433045,1.159,-0.501));
#2539=CARTESIAN_POINT('',(-0.040022302926625,1.162903742968546,-0.499761077948067));
#2540=CARTESIAN_POINT('',(-0.07780669308183,1.178608465936953,-0.495286824265509));
#2541=CARTESIAN_POINT('',(-0.094984556318227,1.190402774493958,-0.492109498790385));
#2542=CARTESIAN_POINT('',(-0.122101637553455,1.217519855729186,-0.486091699558263));
#2543=CARTESIAN_POINT('',(-0.133892533158381,1.234695932594823,-0.482846550317757));
#2544=CARTESIAN_POINT('',(-0.14959473178923,1.272473805534429,-0.478214826813043));
#2545=CARTESIAN_POINT('',(-0.1535,1.293087526635012,-0.476905388939987));
#2546=CARTESIAN_POINT('',(-0.1535,1.331912473364989,-0.476905388939987));
#2547=CARTESIAN_POINT('',(-0.14959473178923,1.352526194465571,-0.478214826813043));
#2548=CARTESIAN_POINT('',(-0.133892533158381,1.390304067405177,-0.482846550317757));
#2549=CARTESIAN_POINT('',(-0.122101637553455,1.407480144270814,-0.486091699558263));
#2550=CARTESIAN_POINT('',(-0.094984556318227,1.434597225506043,-0.492109498790385));
#2551=CARTESIAN_POINT('',(-0.07780669308183,1.446391534063047,-0.495286824265509));
#2552=CARTESIAN_POINT('',(-0.040022302926625,1.462096257031454,-0.499761077948067));
#2553=CARTESIAN_POINT('',(-0.019406157433045,1.466,-0.501));
#2554=CARTESIAN_POINT('',(0.019406157433045,1.466,-0.501));
#2555=CARTESIAN_POINT('',(0.040022302926626,1.462096257031454,-0.499761077948067));
#2556=CARTESIAN_POINT('',(0.077806693081831,1.446391534063047,-0.495286824265509));
#2557=CARTESIAN_POINT('',(0.094984556318228,1.434597225506043,-0.492109498790385));
#2558=CARTESIAN_POINT('',(0.122101637553456,1.407480144270815,-0.486091699558263));
#2559=CARTESIAN_POINT('',(0.133892533158382,1.390304067405177,-0.482846550317757));
#2560=CARTESIAN_POINT('',(0.149594731789231,1.352526194465571,-0.478214826813043));
#2561=CARTESIAN_POINT('',(0.1535,1.331912473364989,-0.476905388939987));
#2562=CARTESIAN_POINT('',(0.1535,1.3125,-0.476905388939987));
#2563=B_SPLINE_CURVE_WITH_KNOTS('',3,(#2529,#2530,#2531,#2532,#2533,#2534,#2535,#2536,#2537,#2538,#2539,#2540,#2541,#2542,#2543,#2544,#2545,#2546,#2547,#2548,#2549,#2550,#2551,#2552,#2553,#2554,#2555,#2556,#2557,#2558,#2559,#2560,#2561,#2562),.UNSPECIFIED.,.T.,.U.,(4,2,2,2,2,2,2,2,2,2,2,2,2,2,2,2,4),(0.0,0.147923047041214,0.295846094082429,0.443721013722232,0.591595933362035,0.739470853001839,0.887345772641642,1.035268819682856,1.183191866724071,1.331114913765285,1.479037960806499,1.626912880446302,1.774787800086106,1.922662719725909,2.070537639365711,2.218460686406925,2.36638373344814),.UNSPECIFIED.);
#2564=EDGE_CURVE('',#2528,#2528,#2563,.T.);
#2565=ORIENTED_EDGE('',*,*,#2564,.F.);
#2566=EDGE_LOOP('',(#2565));
#2567=FACE_BOUND('',#2566,.T.);
#2568=ADVANCED_FACE('',(#2526,#2567),#2523,.F.);
#2569=CARTESIAN_POINT('',(-8.995405328412728,1.3125,5.193499687828881));
#2570=DIRECTION('',(0.866025403784439,0.0,-0.5));
#2571=DIRECTION('',(0.0,1.0,0.0));
#2572=AXIS2_PLACEMENT_3D('',#2569,#2570,#2571);
#2573=CYLINDRICAL_SURFACE('',#2572,0.1535);
#2574=ORIENTED_EDGE('',*,*,#2270,.F.);
#2575=EDGE_LOOP('',(#2574));
#2576=FACE_OUTER_BOUND('',#2575,.T.);
#2577=CARTESIAN_POINT('',(-0.489762182023727,1.3125,0.105517794989082));
#2578=VERTEX_POINT('',#2577);
#2579=CARTESIAN_POINT('',(-0.489762182023727,1.3125,0.105517794989082));
#2580=CARTESIAN_POINT('',(-0.489762182023727,1.293087526635012,0.105517794989082));
#2581=CARTESIAN_POINT('',(-0.488943554381087,1.27247380553443,0.109554575404729));
#2582=CARTESIAN_POINT('',(-0.48510364528405,1.234695932594824,0.12546894006667));
#2583=CARTESIAN_POINT('',(-0.482018579162937,1.217519855729186,0.137302729814159));
#2584=CARTESIAN_POINT('',(-0.473671605555215,1.190402774493958,0.163795710656413));
#2585=CARTESIAN_POINT('',(-0.467834318514565,1.178608465936953,0.180260839339431));
#2586=CARTESIAN_POINT('',(-0.452816940789034,1.162903742968546,0.21522020792162));
#2587=CARTESIAN_POINT('',(-0.443581806012526,1.159000000000001,0.233693774673143));
#2588=CARTESIAN_POINT('',(-0.424175648579481,1.159000000000001,0.267306225326858));
#2589=CARTESIAN_POINT('',(-0.412794637862408,1.162903742968546,0.284540870026448));
#2590=CARTESIAN_POINT('',(-0.390027625432735,1.178608465936953,0.315025984926079));
#2591=CARTESIAN_POINT('',(-0.378687049236986,1.190402774493958,0.328313788133971));
#2592=CARTESIAN_POINT('',(-0.359916941609481,1.217519855729186,0.348788969744104));
#2593=CARTESIAN_POINT('',(-0.351211112125668,1.234695932594823,0.357377610251088));
#2594=CARTESIAN_POINT('',(-0.339348822591856,1.272473805534429,0.368660251408315));
#2595=CARTESIAN_POINT('',(-0.336262182023726,1.293087526635012,0.371387593950905));
#2596=CARTESIAN_POINT('',(-0.336262182023726,1.331912473364989,0.371387593950905));
#2597=CARTESIAN_POINT('',(-0.339348822591856,1.352526194465571,0.368660251408315));
#2598=CARTESIAN_POINT('',(-0.351211112125668,1.390304067405177,0.357377610251088));
#2599=CARTESIAN_POINT('',(-0.359916941609481,1.407480144270814,0.348788969744105));
#2600=CARTESIAN_POINT('',(-0.378687049236987,1.434597225506043,0.328313788133971));
#2601=CARTESIAN_POINT('',(-0.390027625432735,1.446391534063048,0.315025984926079));
#2602=CARTESIAN_POINT('',(-0.412794637862409,1.462096257031454,0.284540870026447));
#2603=CARTESIAN_POINT('',(-0.424175648579481,1.466,0.267306225326858));
#2604=CARTESIAN_POINT('',(-0.443581806012526,1.466,0.233693774673143));
#2605=CARTESIAN_POINT('',(-0.452816940789034,1.462096257031454,0.21522020792162));
#2606=CARTESIAN_POINT('',(-0.467834318514565,1.446391534063047,0.18026083933943));
#2607=CARTESIAN_POINT('',(-0.473671605555215,1.434597225506043,0.163795710656413));
#2608=CARTESIAN_POINT('',(-0.482018579162937,1.407480144270814,0.137302729814159));
#2609=CARTESIAN_POINT('',(-0.48510364528405,1.390304067405177,0.12546894006667));
#2610=CARTESIAN_POINT('',(-0.488943554381087,1.352526194465571,0.109554575404729));
#2611=CARTESIAN_POINT('',(-0.489762182023727,1.331912473364989,0.105517794989082));
#2612=CARTESIAN_POINT('',(-0.489762182023727,1.3125,0.105517794989082));
#2613=B_SPLINE_CURVE_WITH_KNOTS('',3,(#2579,#2580,#2581,#2582,#2583,#2584,#2585,#2586,#2587,#2588,#2589,#2590,#2591,#2592,#2593,#2594,#2595,#2596,#2597,#2598,#2599,#2600,#2601,#2602,#2603,#2604,#2605,#2606,#2607,#2608,#2609,#2610,#2611,#2612),.UNSPECIFIED.,.T.,.U.,(4,2,2,2,2,2,2,2,2,2,2,2,2,2,2,2,4),(0.0,0.147923047041214,0.295846094082427,0.443721013722231,0.591595933362036,0.739470853001839,0.887345772641642,1.035268819682856,1.18319186672407,1.331114913765284,1.479037960806498,1.626912880446302,1.774787800086105,1.922662719725909,2.070537639365714,2.218460686406928,2.366383733448142),.UNSPECIFIED.);
#2614=EDGE_CURVE('',#2578,#2578,#2613,.T.);
#2615=ORIENTED_EDGE('',*,*,#2614,.F.);
#2616=EDGE_LOOP('',(#2615));
#2617=FACE_BOUND('',#2616,.T.);
#2618=ADVANCED_FACE('',(#2576,#2617),#2573,.F.);
#2619=CARTESIAN_POINT('',(-0.864921528599131,2.599043478291903,0.188121717039572));
#2620=CARTESIAN_POINT('',(-0.865516650784088,2.616152979712327,0.154287511996367));
#2621=CARTESIAN_POINT('',(-0.89599971748642,2.657402301840096,0.10214827143728));
#2622=CARTESIAN_POINT('',(-0.957398096708131,2.691490762183713,0.095745433133068));
#2623=CARTESIAN_POINT('',(-0.983304743284169,2.701456551503238,0.101935359749932));
#2624=CARTESIAN_POINT('',(-0.894790220404887,2.538412201420532,0.160998036184603));
#2625=CARTESIAN_POINT('',(-0.894299201284977,2.555890273500351,0.127362648152998));
#2626=CARTESIAN_POINT('',(-0.923343010003091,2.597192697733373,0.074471093587462));
#2627=CARTESIAN_POINT('',(-0.984986012298022,2.630353563175583,0.065955392854256));
#2628=CARTESIAN_POINT('',(-1.011290769586273,2.639837040430572,0.071199333621635));
#2629=CARTESIAN_POINT('',(-0.948024404226264,2.417611954319793,0.101524504560623));
#2630=CARTESIAN_POINT('',(-0.945518608437672,2.43572870264119,0.068388956894293));
#2631=CARTESIAN_POINT('',(-0.971630122600395,2.477013536487528,0.014257361367919));
#2632=CARTESIAN_POINT('',(-1.033368980331447,2.508293360809031,0.001395436651146));
#2633=CARTESIAN_POINT('',(-1.060280197568095,2.516833231640975,0.004636428164705));
#2634=CARTESIAN_POINT('',(-1.027792196343438,2.171603833429989,-0.036318022862123));
#2635=CARTESIAN_POINT('',(-1.021700044849766,2.190727194286774,-0.067959688093814));
#2636=CARTESIAN_POINT('',(-1.041781804866581,2.231337988611508,-0.124003593075692));
#2637=CARTESIAN_POINT('',(-1.102040102264717,2.258748115254629,-0.145891436097919));
#2638=CARTESIAN_POINT('',(-1.129418025447732,2.265485679630036,-0.146971298291479));
#2639=CARTESIAN_POINT('',(-1.07257021442958,1.866031444528275,-0.228193657303038));
#2640=CARTESIAN_POINT('',(-1.062924358247007,1.885781281218856,-0.257590704708184));
#2641=CARTESIAN_POINT('',(-1.075424613770821,1.92458497220347,-0.314969716529482));
#2642=CARTESIAN_POINT('',(-1.130977038931619,1.947236501741613,-0.347803832629449));
#2643=CARTESIAN_POINT('',(-1.157532567131538,1.951949010994921,-0.354391134026303));
#2644=CARTESIAN_POINT('',(-1.036634099394462,1.491955411823598,-0.46176592318519));
#2645=CARTESIAN_POINT('',(-1.023619067311029,1.511515929403251,-0.488319614086589));
#2646=CARTESIAN_POINT('',(-1.026670360061273,1.546771911452552,-0.546018208971598));
#2647=CARTESIAN_POINT('',(-1.072532146700494,1.563797023643226,-0.590156089191314));
#2648=CARTESIAN_POINT('',(-1.096060432525854,1.566336810896913,-0.602810658235205));
#2649=CARTESIAN_POINT('',(-0.921363615108023,1.120996421271767,-0.661299383245138));
#2650=CARTESIAN_POINT('',(-0.905518496300201,1.139503899789504,-0.685145322923756));
#2651=CARTESIAN_POINT('',(-0.898910959124325,1.170202708171511,-0.741754095814832));
#2652=CARTESIAN_POINT('',(-0.932371059884303,1.181783523196949,-0.794030933493935));
#2653=CARTESIAN_POINT('',(-0.951365305262148,1.182371441586025,-0.811496330177534));
#2654=CARTESIAN_POINT('',(-0.741531569662757,0.74239975529981,-0.803501331642449));
#2655=CARTESIAN_POINT('',(-0.722919596892424,0.759043474598966,-0.824537257055558));
#2656=CARTESIAN_POINT('',(-0.706283096460893,0.784168320233386,-0.878334503205011));
#2657=CARTESIAN_POINT('',(-0.725433598605318,0.790191136157318,-0.935126767096853));
#2658=CARTESIAN_POINT('',(-0.738783347347693,0.788878366125107,-0.955880751397028));
#2659=CARTESIAN_POINT('',(-0.526437475762867,0.364849706380203,-0.86273697983366));
#2660=CARTESIAN_POINT('',(-0.50503837818559,0.378882484726933,-0.880670881084644));
#2661=CARTESIAN_POINT('',(-0.478499662015242,0.397597299614904,-0.92955516074162));
#2662=CARTESIAN_POINT('',(-0.482944930985933,0.39786990526956,-0.986770695302992));
#2663=CARTESIAN_POINT('',(-0.490210777790097,0.394633351441398,-1.00901399765657));
#2664=CARTESIAN_POINT('',(-0.380094728937906,0.109026168950325,-0.838108022328647));
#2665=CARTESIAN_POINT('',(-0.356796951568754,0.12079641022638,-0.853450760328174));
#2666=CARTESIAN_POINT('',(-0.324057457394898,0.134531457015126,-0.897378326003564));
#2667=CARTESIAN_POINT('',(-0.319125284264737,0.130578691323671,-0.952151584770785));
#2668=CARTESIAN_POINT('',(-0.322380654431285,0.125918908026386,-0.974163775811726));
#2669=CARTESIAN_POINT('',(-0.313789164775728,-0.01792932439201,-0.809142356554041));
#2670=CARTESIAN_POINT('',(-0.289640403977697,-0.00742449720524,-0.823031749232195));
#2671=CARTESIAN_POINT('',(-0.254082744419483,0.00363690786926,-0.864052517002672));
#2672=CARTESIAN_POINT('',(-0.244885861196026,-0.0025647217453,-0.916968013602683));
#2673=CARTESIAN_POINT('',(-0.246293960998123,-0.007981487052532,-0.938584960048571));
#2674=B_SPLINE_SURFACE_WITH_KNOTS('',3,3,((#2619,#2624,#2629,#2634,#2639,#2644,#2649,#2654,#2659,#2664,#2669),(#2620,#2625,#2630,#2635,#2640,#2645,#2650,#2655,#2660,#2665,#2670),(#2621,#2626,#2631,#2636,#2641,#2646,#2651,#2656,#2661,#2666,#2671),(#2622,#2627,#2632,#2637,#2642,#2647,#2652,#2657,#2662,#2667,#2672),(#2623,#2628,#2633,#2638,#2643,#2648,#2653,#2658,#2663,#2668,#2673)),.UNSPECIFIED.,.F.,.F.,.F.,(4,1,4),(4,1,1,1,1,1,1,1,4),(0.0,0.571428571428571,1.0),(-0.241087879390011,0.341862608434878,0.924813096259768,2.090714071909548,3.256615047559328,4.422516023209107,5.588416998858888,6.754317974508667,7.920218950158446),.UNSPECIFIED.);
#2675=CARTESIAN_POINT('',(-0.28671443547861,-1.579313E-014,-0.835111216309308));
#2676=VERTEX_POINT('',#2675);
#2677=CARTESIAN_POINT('',(-0.286714435478618,-2.581050E-014,-0.835111216309306));
#2678=CARTESIAN_POINT('',(-0.287544808870599,0.000732423098026,-0.834899794987573));
#2679=CARTESIAN_POINT('',(-0.288377084548097,0.001459238979053,-0.834687542285736));
#2680=CARTESIAN_POINT('',(-0.308045131987267,0.018459350743991,-0.829663950085451));
#2681=CARTESIAN_POINT('',(-0.326153350628759,0.0303305512641,-0.824860136299976));
#2682=CARTESIAN_POINT('',(-0.342833412259271,0.036958949205848,-0.820639577154902));
#2683=B_SPLINE_CURVE_WITH_KNOTS('',3,(#2677,#2678,#2679,#2680,#2681,#2682),.UNSPECIFIED.,.F.,.U.,(4,2,4),(0.72059444917908,0.729989459449749,0.942123105194801),.UNSPECIFIED.);
#2684=EDGE_CURVE('',#2154,#2676,#2683,.F.);
#2685=ORIENTED_EDGE('',*,*,#2684,.F.);
#2686=ORIENTED_EDGE('',*,*,#2167,.T.);
#2687=CARTESIAN_POINT('',(-0.875,2.625000000000002,0.146017056318003));
#2688=VERTEX_POINT('',#2687);
#2689=CARTESIAN_POINT('',(-0.880739153664696,2.566296003244099,0.173208559633615));
#2690=CARTESIAN_POINT('',(-0.880151683514613,2.570422271036568,0.168175723777159));
#2691=CARTESIAN_POINT('',(-0.879527968342013,2.575555951502469,0.16405926612973));
#2692=CARTESIAN_POINT('',(-0.87892330023134,2.581121691650636,0.160684806673037));
#2693=CARTESIAN_POINT('',(-0.877926368887253,2.59029806577855,0.155121251489043));
#2694=CARTESIAN_POINT('',(-0.876944236181483,2.600998039637892,0.151360461857816));
#2695=CARTESIAN_POINT('',(-0.876078724102884,2.611436860352268,0.14878842432583));
#2696=CARTESIAN_POINT('',(-0.875721141896699,2.615749609571263,0.147725799230447));
#2697=CARTESIAN_POINT('',(-0.875361201642032,2.620275590819439,0.146802620126569));
#2698=CARTESIAN_POINT('',(-0.875,2.625000000000001,0.146017056318003));
#2699=B_SPLINE_CURVE_WITH_KNOTS('',3,(#2689,#2690,#2691,#2692,#2693,#2694,#2695,#2696,#2697,#2698),.UNSPECIFIED.,.F.,.U.,(4,3,3,4),(0.0,0.049793445990692,0.131889138093597,0.165806947838867),.UNSPECIFIED.);
#2700=EDGE_CURVE('',#2142,#2688,#2699,.T.);
#2701=ORIENTED_EDGE('',*,*,#2700,.T.);
#2702=CARTESIAN_POINT('',(-1.016204581693324,2.625,0.062500000000001));
#2703=VERTEX_POINT('',#2702);
#2704=CARTESIAN_POINT('',(-0.875207365479131,2.625039065404918,0.146148528690106));
#2705=CARTESIAN_POINT('',(-0.875792521123236,2.625039224431591,0.145243508017807));
#2706=CARTESIAN_POINT('',(-0.876385118470856,2.625039405523472,0.14434348614761));
#2707=CARTESIAN_POINT('',(-0.876985027006889,2.625039502046203,0.143448554163942));
#2708=CARTESIAN_POINT('',(-0.890215161643368,2.625041630718577,0.123712094481738));
#2709=CARTESIAN_POINT('',(-0.90708330814617,2.625018864263346,0.106161613163424));
#2710=CARTESIAN_POINT('',(-0.92652060843818,2.624994583340188,0.092566834993007));
#2711=CARTESIAN_POINT('',(-0.92707553839727,2.624993890126033,0.092178707548319));
#2712=CARTESIAN_POINT('',(-0.927632612467805,2.624993192056156,0.091793862392937));
#2713=CARTESIAN_POINT('',(-0.928191786256268,2.624992492084429,0.091412318910603));
#2714=CARTESIAN_POINT('',(-0.941448785448564,2.624975897020774,0.082366613011138));
#2715=CARTESIAN_POINT('',(-0.955993993180985,2.62496176842021,0.075081763271762));
#2716=CARTESIAN_POINT('',(-0.971272941487087,2.624970750158824,0.070048612901753));
#2717=CARTESIAN_POINT('',(-0.985793967110651,2.62497928635215,0.065265135398857));
#2718=CARTESIAN_POINT('',(-1.000983248976842,2.625013883161521,0.062512450552543));
#2719=CARTESIAN_POINT('',(-1.01622739003306,2.625010355997981,0.062511889439364));
#2720=B_SPLINE_CURVE_WITH_KNOTS('',3,(#2704,#2705,#2706,#2707,#2708,#2709,#2710,#2711,#2712,#2713,#2714,#2715,#2716,#2717,#2718,#2719),.UNSPECIFIED.,.F.,.U.,(4,3,3,3,3,4),(0.148436731666945,0.156625543922342,0.337236328469322,0.342392720240519,0.464641443189184,0.580825934609756),.UNSPECIFIED.);
#2721=EDGE_CURVE('',#2703,#2688,#2720,.F.);
#2722=ORIENTED_EDGE('',*,*,#2721,.F.);
#2723=CARTESIAN_POINT('',(-0.250838251773393,-1.708073E-013,-0.940684618308621));
#2724=VERTEX_POINT('',#2723);
#2725=CARTESIAN_POINT('',(-1.016229126960311,2.625006085726788,0.062509617655993));
#2726=CARTESIAN_POINT('',(-1.03093553463353,2.588849960948094,0.043274535274827));
#2727=CARTESIAN_POINT('',(-1.067428841890274,2.490844647595428,-0.011039356657697));
#2728=CARTESIAN_POINT('',(-1.129418025447732,2.265485679630036,-0.146971298291479));
#2729=CARTESIAN_POINT('',(-1.157532567131538,1.951949010994921,-0.354391134026303));
#2730=CARTESIAN_POINT('',(-1.096060432525854,1.566336810896913,-0.602810658235205));
#2731=CARTESIAN_POINT('',(-0.951365305262148,1.182371441586025,-0.811496330177534));
#2732=CARTESIAN_POINT('',(-0.738783347347693,0.788878366125107,-0.955880751397028));
#2733=CARTESIAN_POINT('',(-0.491857006394146,0.397244329077955,-1.00866211060011));
#2734=CARTESIAN_POINT('',(-0.325714925651476,0.131257195603376,-0.974849251554283));
#2735=CARTESIAN_POINT('',(-0.250838279593283,0.000000112302755,-0.940684125887994));
#2736=B_SPLINE_CURVE_WITH_KNOTS('',3,(#2725,#2726,#2727,#2728,#2729,#2730,#2731,#2732,#2733,#2734,#2735),.UNSPECIFIED.,.F.,.U.,(4,1,1,1,1,1,1,1,4),(0.000013458196449,0.341862608434878,0.924813096259768,2.090714071909548,3.256615047559328,4.422516023209107,5.588416998858888,6.754317974508667,7.897054613815699),.UNSPECIFIED.);
#2737=EDGE_CURVE('',#2703,#2724,#2736,.T.);
#2738=ORIENTED_EDGE('',*,*,#2737,.T.);
#2739=CARTESIAN_POINT('',(-0.250838251773434,1.422442E-015,-0.940684618308699));
#2740=CARTESIAN_POINT('',(-0.247908503186945,1.422017E-015,-0.925955777537842));
#2741=CARTESIAN_POINT('',(-0.247786168728116,1.505756E-014,-0.910874669340435));
#2742=CARTESIAN_POINT('',(-0.253548048168269,1.505831E-014,-0.882376277172421));
#2743=CARTESIAN_POINT('',(-0.258974000332568,-2.078464E-014,-0.869359718328017));
#2744=CARTESIAN_POINT('',(-0.272396167677586,-2.078337E-014,-0.849260021811956));
#2745=CARTESIAN_POINT('',(-0.279109977213361,1.462296E-015,-0.841717694174196));
#2746=CARTESIAN_POINT('',(-0.286714435478398,1.461804E-015,-0.835111216309516));
#2747=B_SPLINE_CURVE_WITH_KNOTS('',3,(#2739,#2740,#2741,#2742,#2743,#2744,#2745,#2746),.UNSPECIFIED.,.F.,.U.,(4,2,2,4),(0.0,0.114432556153152,0.221788213029528,0.298751141531623),.UNSPECIFIED.);
#2748=EDGE_CURVE('',#2724,#2676,#2747,.T.);
#2749=ORIENTED_EDGE('',*,*,#2748,.T.);
#2750=EDGE_LOOP('',(#2685,#2686,#2701,#2722,#2738,#2749));
#2751=FACE_OUTER_BOUND('',#2750,.T.);
#2752=ADVANCED_FACE('',(#2751),#2674,.T.);
#2753=CARTESIAN_POINT('',(-0.971545742451251,2.625,0.0625));
#2754=CARTESIAN_POINT('',(-2.647697161634167,2.625,0.0625));
#2755=CARTESIAN_POINT('',(-4.323848580817083,2.625,0.0625));
#2756=CARTESIAN_POINT('',(-6.0,2.625,0.0625));
#2757=CARTESIAN_POINT('',(-0.975636357885613,2.499999999999989,-0.001087520148157));
#2758=CARTESIAN_POINT('',(-2.651787777068529,2.499999999999989,-0.110791373998358));
#2759=CARTESIAN_POINT('',(-4.327939196251445,2.499999999999989,-0.220495227848559));
#2760=CARTESIAN_POINT('',(-6.004090615434362,2.499999999999989,-0.33019908169876));
#2761=CARTESIAN_POINT('',(-0.971308400411209,2.249999999999966,-0.129077115371916));
#2762=CARTESIAN_POINT('',(-2.625877356962527,2.249999999999966,-0.458205571117453));
#2763=CARTESIAN_POINT('',(-4.280446313513846,2.249999999999966,-0.78733402686299));
#2764=CARTESIAN_POINT('',(-5.935015270065163,2.249999999999966,-1.116462482608528));
#2765=CARTESIAN_POINT('',(-0.927430000003901,1.874999999999933,-0.316062135212434));
#2766=CARTESIAN_POINT('',(-2.485942970234719,1.874999999999933,-0.961605653877176));
#2767=CARTESIAN_POINT('',(-4.044455940465536,1.874999999999932,-1.607149172541919));
#2768=CARTESIAN_POINT('',(-5.602968910696355,1.874999999999933,-2.25269269120666));
#2769=CARTESIAN_POINT('',(-0.821558680238436,1.374999999999887,-0.54928233488677));
#2770=CARTESIAN_POINT('',(-2.172393380511249,1.374999999999887,-1.583827071178537));
#2771=CARTESIAN_POINT('',(-3.523228080784064,1.374999999999887,-2.618371807470302));
#2772=CARTESIAN_POINT('',(-4.874062781056877,1.374999999999887,-3.652916543762069));
#2773=CARTESIAN_POINT('',(-0.607173638825918,0.749999999999831,-0.793236252431417));
#2774=CARTESIAN_POINT('',(-1.56270284017777,0.749999999999831,-2.223230317187928));
#2775=CARTESIAN_POINT('',(-2.51823204152962,0.749999999999831,-3.653224381944441));
#2776=CARTESIAN_POINT('',(-3.473761242881472,0.749999999999831,-5.083218446700953));
#2777=CARTESIAN_POINT('',(-0.373973580365949,0.249999999999786,-0.907849967933205));
#2778=CARTESIAN_POINT('',(-0.916166350601503,0.249999999999786,-2.50899028724677));
#2779=CARTESIAN_POINT('',(-1.45835912083706,0.249999999999786,-4.110130606560333));
#2780=CARTESIAN_POINT('',(-2.000551891072615,0.249999999999786,-5.711270925873898));
#2781=CARTESIAN_POINT('',(-0.250838251773299,-2.363759E-013,-0.940684618308637));
#2782=CARTESIAN_POINT('',(-0.577839171889281,-2.363759E-013,-2.584629257970267));
#2783=CARTESIAN_POINT('',(-0.904840092005263,-2.363759E-013,-4.228573897631896));
#2784=CARTESIAN_POINT('',(-1.231841012121245,-2.363759E-013,-5.872518537293526));
#2785=B_SPLINE_SURFACE_WITH_KNOTS('',3,3,((#2753,#2757,#2761,#2765,#2769,#2773,#2777,#2781),(#2754,#2758,#2762,#2766,#2770,#2774,#2778,#2782),(#2755,#2759,#2763,#2767,#2771,#2775,#2779,#2783),(#2756,#2760,#2764,#2768,#2772,#2776,#2780,#2784)),.UNSPECIFIED.,.F.,.F.,.F.,(4,4),(4,1,1,1,1,4),(-12.772273814173822,0.0),(0.0,0.19634954084938,0.39269908169876,0.589048622548139,0.981747704246899,1.374446785945658),.UNSPECIFIED.);
#2786=ORIENTED_EDGE('',*,*,#2737,.F.);
#2787=CARTESIAN_POINT('',(-1.248436522214886,2.625,0.0625));
#2788=VERTEX_POINT('',#2787);
#2789=CARTESIAN_POINT('',(-1.248436522214886,2.625,0.0625));
#2790=DIRECTION('',(1.0,0.0,0.0));
#2791=VECTOR('',#2790,0.232231940521562);
#2792=LINE('',#2789,#2791);
#2793=EDGE_CURVE('',#2788,#2703,#2792,.T.);
#2794=ORIENTED_EDGE('',*,*,#2793,.F.);
#2795=CARTESIAN_POINT('',(-3.41128025904728,2.485861177473609,-0.186296105246331));
#2796=VERTEX_POINT('',#2795);
#2797=CARTESIAN_POINT('',(-1.248436522214886,2.624999999999999,0.062499999999999));
#2798=CARTESIAN_POINT('',(-1.735577541609329,2.625,0.062499999999999));
#2799=CARTESIAN_POINT('',(-2.499502949274793,2.567297473344898,0.026283847127134));
#2800=CARTESIAN_POINT('',(-3.411280259047282,2.48586117747361,-0.186296105246329));
#2801=B_SPLINE_CURVE_WITH_KNOTS('',3,(#2797,#2798,#2799,#2800),.UNSPECIFIED.,.F.,.U.,(4,4),(-7.161016248203896,0.0),.UNSPECIFIED.);
#2802=EDGE_CURVE('',#2788,#2796,#2801,.T.);
#2803=ORIENTED_EDGE('',*,*,#2802,.T.);
#2804=CARTESIAN_POINT('',(-4.640483721109811,1.293695166053964,-3.803921277328808));
#2805=VERTEX_POINT('',#2804);
#2806=CARTESIAN_POINT('',(-3.411280259047281,2.485861177473612,-0.186296105246325));
#2807=CARTESIAN_POINT('',(-3.62848221493762,2.466461569088838,-0.236936520338594));
#2808=CARTESIAN_POINT('',(-3.83621011514225,2.433152553534937,-0.319505597870733));
#2809=CARTESIAN_POINT('',(-4.225736813263648,2.349969096161198,-0.54488760373311));
#2810=CARTESIAN_POINT('',(-4.404519094216799,2.299688286868099,-0.688863136197602));
#2811=CARTESIAN_POINT('',(-4.75251235775173,2.174987957051691,-1.067965581242246));
#2812=CARTESIAN_POINT('',(-4.903707730606222,2.09858976675794,-1.314277377594523));
#2813=CARTESIAN_POINT('',(-5.106256925800547,1.936684695708053,-1.849276050566452));
#2814=CARTESIAN_POINT('',(-5.155296801870138,1.852312525885631,-2.133861408145561));
#2815=CARTESIAN_POINT('',(-5.144582910960104,1.675951929947005,-2.712197442271988));
#2816=CARTESIAN_POINT('',(-5.081983888656429,1.585313539443059,-3.000866340883573));
#2817=CARTESIAN_POINT('',(-4.882885274706887,1.426673400429201,-3.462167678287368));
#2818=CARTESIAN_POINT('',(-4.77313201688928,1.360294752407686,-3.64210082618902));
#2819=CARTESIAN_POINT('',(-4.640483721109811,1.293695166053964,-3.803921277328808));
#2820=B_SPLINE_CURVE_WITH_KNOTS('',3,(#2806,#2807,#2808,#2809,#2810,#2811,#2812,#2813,#2814,#2815,#2816,#2817,#2818,#2819),.UNSPECIFIED.,.F.,.U.,(4,2,2,2,2,2,4),(-15.288949724106578,-13.575428154219537,-11.794720107067265,-9.536430221995234,-7.26273672077912,-4.928064823138951,-3.248121009045307),.UNSPECIFIED.);
#2821=EDGE_CURVE('',#2796,#2805,#2820,.T.);
#2822=ORIENTED_EDGE('',*,*,#2821,.T.);
#2823=CARTESIAN_POINT('',(-0.854975463779579,0.072206652000068,-3.314945831775021));
#2824=VERTEX_POINT('',#2823);
#2825=CARTESIAN_POINT('',(-4.640483721109811,1.293695166053964,-3.803921277328808));
#2826=CARTESIAN_POINT('',(-4.591153499876112,1.268927623360736,-3.864100253680935));
#2827=CARTESIAN_POINT('',(-4.53867639659425,1.244139244091232,-3.921750775660696));
#2828=CARTESIAN_POINT('',(-4.308301971022616,1.140982598980269,-4.149784524317415));
#2829=CARTESIAN_POINT('',(-4.10603225956865,1.063246364653589,-4.293163992363195));
#2830=CARTESIAN_POINT('',(-3.605450154839293,0.888208110369616,-4.536612120298618));
#2831=CARTESIAN_POINT('',(-3.300861851453322,0.792736642027733,-4.613392790491958));
#2832=CARTESIAN_POINT('',(-2.682616142131828,0.606826716578803,-4.637955682602787));
#2833=CARTESIAN_POINT('',(-2.375088408167177,0.518012645162258,-4.587141168102572));
#2834=CARTESIAN_POINT('',(-1.804927310253818,0.352132329224446,-4.365907209768253));
#2835=CARTESIAN_POINT('',(-1.546424008259465,0.27604339625315,-4.200337425145754));
#2836=CARTESIAN_POINT('',(-1.131739360327149,0.151940598041348,-3.795114598224961));
#2837=CARTESIAN_POINT('',(-0.970685053915279,0.10232145145987,-3.56742118953358));
#2838=CARTESIAN_POINT('',(-0.854975463779573,0.072206652000066,-3.314945831775021));
#2839=B_SPLINE_CURVE_WITH_KNOTS('',3,(#2825,#2826,#2827,#2828,#2829,#2830,#2831,#2832,#2833,#2834,#2835,#2836,#2837,#2838),.UNSPECIFIED.,.F.,.U.,(4,2,2,2,2,2,4),(-11.972536958489297,-11.352506629455322,-9.395785194965123,-6.932253860623273,-4.500714260890023,-2.128687836523387,0.0),.UNSPECIFIED.);
#2840=EDGE_CURVE('',#2805,#2824,#2839,.T.);
#2841=ORIENTED_EDGE('',*,*,#2840,.T.);
#2842=CARTESIAN_POINT('',(-0.60262834840691,0.0,-2.709252864052936));
#2843=VERTEX_POINT('',#2842);
#2844=CARTESIAN_POINT('',(-0.854975463779494,0.072206652000011,-3.314945831775107));
#2845=CARTESIAN_POINT('',(-0.763803278843874,0.048478004595517,-3.116010462785785));
#2846=CARTESIAN_POINT('',(-0.679636198201106,0.024494972982161,-2.913980327477932));
#2847=CARTESIAN_POINT('',(-0.602628348406164,-2.363868E-013,-2.709252864050953));
#2848=B_SPLINE_CURVE_WITH_KNOTS('',3,(#2844,#2845,#2846,#2847),.UNSPECIFIED.,.F.,.U.,(4,4),(-1.677153983794402,0.0),.UNSPECIFIED.);
#2849=EDGE_CURVE('',#2824,#2843,#2848,.T.);
#2850=ORIENTED_EDGE('',*,*,#2849,.T.);
#2851=CARTESIAN_POINT('',(-0.602628348406909,-2.061382E-032,-2.709252864052936));
#2852=DIRECTION('',(0.195090322016128,-6.391410E-033,0.98078528040323));
#2853=VECTOR('',#2852,1.803216546048905);
#2854=LINE('',#2851,#2853);
#2855=EDGE_CURVE('',#2843,#2724,#2854,.T.);
#2856=ORIENTED_EDGE('',*,*,#2855,.T.);
#2857=EDGE_LOOP('',(#2786,#2794,#2803,#2822,#2841,#2850,#2856));
#2858=FACE_OUTER_BOUND('',#2857,.T.);
#2859=ADVANCED_FACE('',(#2858),#2785,.T.);
#2860=CARTESIAN_POINT('',(0.015769191405653,0.025956521816263,-0.885003030352189));
#2861=CARTESIAN_POINT('',(-0.01753100145287,0.008847020395196,-0.878985991472376));
#2862=CARTESIAN_POINT('',(-0.074615893237512,-0.032402290484329,-0.898710647005881));
#2863=CARTESIAN_POINT('',(-0.092873391563393,-0.066490762074644,-0.957680968156811));
#2864=CARTESIAN_POINT('',(-0.091856538675472,-0.076456551393307,-0.984297420560502));
#2865=CARTESIAN_POINT('',(-0.0166604172067,0.086587815466416,-0.909006242626042));
#2866=CARTESIAN_POINT('',(-0.049553717497153,0.069109743284,-0.901962719332827));
#2867=CARTESIAN_POINT('',(-0.107095682608319,0.02780733028462,-0.920129002207674));
#2868=CARTESIAN_POINT('',(-0.127473169484907,-0.005353546147571,-0.978927047008486));
#2869=CARTESIAN_POINT('',(-0.12746179341897,-0.014837023268238,-1.00574940791155));
#2870=CARTESIAN_POINT('',(-0.085379986194654,0.207389787908822,-0.949619128690911));
#2871=CARTESIAN_POINT('',(-0.117390710570335,0.189273472724823,-0.940695176350016));
#2872=CARTESIAN_POINT('',(-0.175575580010192,0.147988135436433,-0.955745791178476));
#2873=CARTESIAN_POINT('',(-0.200235421461711,0.116708109116406,-1.013790194263887));
#2874=CARTESIAN_POINT('',(-0.20230661288778,0.108168610492882,-1.040816148342404));
#2875=CARTESIAN_POINT('',(-0.236127545792408,0.453389305454309,-1.000955125031575));
#2876=CARTESIAN_POINT('',(-0.265970793875036,0.434264877483552,-0.988812609945438));
#2877=CARTESIAN_POINT('',(-0.324858801574396,0.393654920475827,-0.997567468753385));
#2878=CARTESIAN_POINT('',(-0.358079708072703,0.366245633497281,-1.052398432130136));
#2879=CARTESIAN_POINT('',(-0.364480793278017,0.359507061877864,-1.079041038205357));
#2880=CARTESIAN_POINT('',(-0.433083654577208,0.758964179732448,-1.007495331672393));
#2881=CARTESIAN_POINT('',(-0.460033321385454,0.739214335214556,-0.992289327788959));
#2882=CARTESIAN_POINT('',(-0.518747882489455,0.700410119534372,-0.993367521944121));
#2883=CARTESIAN_POINT('',(-0.561793911118637,0.677757411754453,-1.04144900726062));
#2884=CARTESIAN_POINT('',(-0.573434175495713,0.673046498535334,-1.06620801438973));
#2885=CARTESIAN_POINT('',(-0.65509250813483,1.132951315130159,-0.926638799085633));
#2886=CARTESIAN_POINT('',(-0.678605965103067,1.113393033146723,-0.908700003110261));
#2887=CARTESIAN_POINT('',(-0.735784449365784,1.078131747469241,-0.900428807422842));
#2888=CARTESIAN_POINT('',(-0.788018390951198,1.061106111402236,-0.936803812737476));
#2889=CARTESIAN_POINT('',(-0.805021293555506,1.058565392929753,-0.957412248438906));
#2890=CARTESIAN_POINT('',(-0.828455338923618,1.504163735122366,-0.774607748196233));
#2891=CARTESIAN_POINT('',(-0.848740188059599,1.485653028428199,-0.754416293121901));
#2892=CARTESIAN_POINT('',(-0.902982057459853,1.454960866889196,-0.73688704342784));
#2893=CARTESIAN_POINT('',(-0.960785865707552,1.443383111311744,-0.759497924531953));
#2894=CARTESIAN_POINT('',(-0.981622628073148,1.442795265578248,-0.774719481793511));
#2895=CARTESIAN_POINT('',(-0.932693677765625,1.882572174167327,-0.570493593927557));
#2896=CARTESIAN_POINT('',(-0.949704026798627,1.865931837038835,-0.548127690871434));
#2897=CARTESIAN_POINT('',(-0.999211423984457,1.840801758631264,-0.521322244271742));
#2898=CARTESIAN_POINT('',(-1.058649223800765,1.834777294863734,-0.529027676805739));
#2899=CARTESIAN_POINT('',(-1.081607930411118,1.836091204083196,-0.538069135161481));
#2900=CARTESIAN_POINT('',(-0.948870713785991,2.26029237203993,-0.347946345545246));
#2901=CARTESIAN_POINT('',(-0.962278335395779,2.246258336819676,-0.323470740545395));
#2902=CARTESIAN_POINT('',(-1.005049354083045,2.227549232899131,-0.287889799278663));
#2903=CARTESIAN_POINT('',(-1.062028774852629,2.227281163985387,-0.281081658263906));
#2904=CARTESIAN_POINT('',(-1.085264031028451,2.230516600921576,-0.28386917891434));
#2905=CARTESIAN_POINT('',(-0.896156816894859,2.515973824482043,-0.209284554410651));
#2906=CARTESIAN_POINT('',(-0.906659577679028,2.504203583140496,-0.183441217632424));
#2907=CARTESIAN_POINT('',(-0.943355678427918,2.49046834321915,-0.142760737399317));
#2908=CARTESIAN_POINT('',(-0.996114516064192,2.494421301788479,-0.127237825539735));
#2909=CARTESIAN_POINT('',(-1.018338840279391,2.499081085046593,-0.126136279332588));
#2910=CARTESIAN_POINT('',(-0.854812142247354,2.642929324431622,-0.149903951046513));
#2911=CARTESIAN_POINT('',(-0.863723464618952,2.632424497245247,-0.123509515825461));
#2912=CARTESIAN_POINT('',(-0.897018823800206,2.621362899177336,-0.08063210849068));
#2913=CARTESIAN_POINT('',(-0.947123591844745,2.627564721786843,-0.061288862967117));
#2914=CARTESIAN_POINT('',(-0.968599881369725,2.632981487094312,-0.058452649482677));
#2915=B_SPLINE_SURFACE_WITH_KNOTS('',3,3,((#2860,#2865,#2870,#2875,#2880,#2885,#2890,#2895,#2900,#2905,#2910),(#2861,#2866,#2871,#2876,#2881,#2886,#2891,#2896,#2901,#2906,#2911),(#2862,#2867,#2872,#2877,#2882,#2887,#2892,#2897,#2902,#2907,#2912),(#2863,#2868,#2873,#2878,#2883,#2888,#2893,#2898,#2903,#2908,#2913),(#2864,#2869,#2874,#2879,#2884,#2889,#2894,#2899,#2904,#2909,#2914)),.UNSPECIFIED.,.F.,.F.,.F.,(4,1,4),(4,1,1,1,1,1,1,1,4),(0.0,0.571428571428571,1.0),(-0.241087845259451,0.341862640089879,0.924813125439209,2.090714096137869,3.25661506683653,4.42251603753519,5.58841700823385,6.754317978932511,7.920218949631171),.UNSPECIFIED.);
#2916=CARTESIAN_POINT('',(-0.875000000000002,2.625000000000019,-0.118283181887475));
#2917=VERTEX_POINT('',#2916);
#2918=CARTESIAN_POINT('',(-0.875000000000002,2.625000000000028,-0.118283181887484));
#2919=CARTESIAN_POINT('',(-0.87495471116608,2.624268743873445,-0.119137482809418));
#2920=CARTESIAN_POINT('',(-0.87490897946631,2.623543077225222,-0.119993805069379));
#2921=CARTESIAN_POINT('',(-0.873818985146882,2.60654242555378,-0.140263963309433));
#2922=CARTESIAN_POINT('',(-0.872640108227037,2.594669942504447,-0.158962895834234));
#2923=CARTESIAN_POINT('',(-0.871754698585408,2.588041050794152,-0.176147125007977));
#2924=B_SPLINE_CURVE_WITH_KNOTS('',3,(#2918,#2919,#2920,#2921,#2922,#2923),.UNSPECIFIED.,.F.,.U.,(4,2,4),(0.720588475323309,0.729968393763469,0.942115611850338),.UNSPECIFIED.);
#2925=EDGE_CURVE('',#2344,#2917,#2924,.F.);
#2926=ORIENTED_EDGE('',*,*,#2925,.F.);
#2927=ORIENTED_EDGE('',*,*,#2357,.T.);
#2928=CARTESIAN_POINT('',(-0.027492652239604,1.469010E-015,-0.886673634889753));
#2929=VERTEX_POINT('',#2928);
#2930=CARTESIAN_POINT('',(-0.001943279372164,0.058703996755903,-0.897607311464005));
#2931=CARTESIAN_POINT('',(-0.006764793082834,0.054577735703107,-0.896049274365073));
#2932=CARTESIAN_POINT('',(-0.01068046842741,0.049444065275191,-0.894634464730433));
#2933=CARTESIAN_POINT('',(-0.013872120823169,0.043878335687699,-0.893383092293891));
#2934=CARTESIAN_POINT('',(-0.019134256783024,0.034702015031951,-0.891319931560519));
#2935=CARTESIAN_POINT('',(-0.022631171585313,0.024002111397501,-0.889622983544175));
#2936=CARTESIAN_POINT('',(-0.024984935922371,0.01356335252982,-0.888272326233041));
#2937=CARTESIAN_POINT('',(-0.02595740254814,0.009250539877577,-0.887714297063659));
#2938=CARTESIAN_POINT('',(-0.026792638160048,0.004724487474031,-0.88718116045121));
#2939=CARTESIAN_POINT('',(-0.027492652239605,1.885459E-015,-0.886673634889753));
#2940=B_SPLINE_CURVE_WITH_KNOTS('',3,(#2930,#2931,#2932,#2933,#2934,#2935,#2936,#2937,#2938,#2939),.UNSPECIFIED.,.F.,.U.,(4,3,3,4),(0.0,0.049793364660152,0.131888600058767,0.165806920998951),.UNSPECIFIED.);
#2941=EDGE_CURVE('',#2332,#2929,#2940,.T.);
#2942=ORIENTED_EDGE('',*,*,#2941,.T.);
#2943=CARTESIAN_POINT('',(-0.136952599050798,-6.752890E-013,-1.008871640728804));
#2944=VERTEX_POINT('',#2943);
#2945=CARTESIAN_POINT('',(-0.027404287093942,-0.000039062783695,-0.886902472324373));
#2946=CARTESIAN_POINT('',(-0.02840605883622,-0.000039221733415,-0.887299810014182));
#2947=CARTESIAN_POINT('',(-0.029404379908113,-0.000039402678014,-0.887705421401571));
#2948=CARTESIAN_POINT('',(-0.030399135509852,-0.00003949898897,-0.88811919627185));
#2949=CARTESIAN_POINT('',(-0.052337541921791,-0.000041623037222,-0.897244614868481));
#2950=CARTESIAN_POINT('',(-0.072841771733924,-0.000018817212434,-0.910364680911472));
#2951=CARTESIAN_POINT('',(-0.089967448779758,0.000005503237552,-0.926776484751417));
#2952=CARTESIAN_POINT('',(-0.090456360738538,0.000006197549305,-0.927245016719002));
#2953=CARTESIAN_POINT('',(-0.090942471964681,0.000006896717557,-0.927716291874778));
#2954=CARTESIAN_POINT('',(-0.091425754792922,0.000007597788536,-0.928190270457842));
#2955=CARTESIAN_POINT('',(-0.102884015251597,0.000024219636884,-0.939427934490629));
#2956=CARTESIAN_POINT('',(-0.112866546996449,0.000038374260319,-0.952272677912001));
#2957=CARTESIAN_POINT('',(-0.120783798270073,0.000029423266803,-0.966276333658186));
#2958=CARTESIAN_POINT('',(-0.128308323611033,0.000020916276787,-0.979585354540129));
#2959=CARTESIAN_POINT('',(-0.133971446451999,-0.000013646675655,-0.993945970017709));
#2960=CARTESIAN_POINT('',(-0.136946033672422,-0.000010061857014,-1.008897164978989));
#2961=B_SPLINE_CURVE_WITH_KNOTS('',3,(#2945,#2946,#2947,#2948,#2949,#2950,#2951,#2952,#2953,#2954,#2955,#2956,#2957,#2958,#2959,#2960),.UNSPECIFIED.,.F.,.U.,(4,3,3,3,3,4),(0.148436732502493,0.156625374154876,0.337236330421652,0.34239249774685,0.464641219878542,0.580825938007228),.UNSPECIFIED.);
#2962=EDGE_CURVE('',#2944,#2929,#2961,.F.);
#2963=ORIENTED_EDGE('',*,*,#2962,.F.);
#2964=CARTESIAN_POINT('',(-0.971545742451336,2.625,-0.062500000000002));
#2965=VERTEX_POINT('',#2964);
#2966=CARTESIAN_POINT('',(-0.136948201356034,-0.000006455904832,-1.008898229317935));
#2967=CARTESIAN_POINT('',(-0.158683379264301,0.036150087586798,-1.019570210025596));
#2968=CARTESIAN_POINT('',(-0.219074789479636,0.134156024315514,-1.044768452598753));
#2969=CARTESIAN_POINT('',(-0.364480793278017,0.359507061877864,-1.079041038205357));
#2970=CARTESIAN_POINT('',(-0.573434175495713,0.673046498535334,-1.06620801438973));
#2971=CARTESIAN_POINT('',(-0.805021293555506,1.058565392929753,-0.957412248438906));
#2972=CARTESIAN_POINT('',(-0.981622628073148,1.442795265578248,-0.774719481793511));
#2973=CARTESIAN_POINT('',(-1.081607930411118,1.836091204083196,-0.538069135161481));
#2974=CARTESIAN_POINT('',(-1.085239817430936,2.227904403170881,-0.285552692600979));
#2975=CARTESIAN_POINT('',(-1.01966169006677,2.49374569816013,-0.12927133433498));
#2976=CARTESIAN_POINT('',(-0.97154529507039,2.624999897111925,-0.062500120139584));
#2977=B_SPLINE_CURVE_WITH_KNOTS('',3,(#2966,#2967,#2968,#2969,#2970,#2971,#2972,#2973,#2974,#2975,#2976),.UNSPECIFIED.,.F.,.U.,(4,1,1,1,1,1,1,1,4),(0.000011364469861,0.341862640089879,0.924813125439209,2.090714096137869,3.25661506683653,4.42251603753519,5.58841700823385,6.754317978932511,7.897054387326582),.UNSPECIFIED.);
#2978=EDGE_CURVE('',#2944,#2965,#2977,.T.);
#2979=ORIENTED_EDGE('',*,*,#2978,.T.);
#2980=CARTESIAN_POINT('',(-0.971545742451332,2.625000000000002,-0.0625));
#2981=CARTESIAN_POINT('',(-0.956528346756189,2.625000000000002,-0.062500000000001));
#2982=CARTESIAN_POINT('',(-0.941713151675205,2.624999999999988,-0.065322194370907));
#2983=CARTESIAN_POINT('',(-0.914886434550581,2.624999999999988,-0.07653312151405));
#2984=CARTESIAN_POINT('',(-0.903178535518867,2.625000000000025,-0.084394220587219));
#2985=CARTESIAN_POINT('',(-0.886083584102568,2.625000000000025,-0.101479741345965));
#2986=CARTESIAN_POINT('',(-0.879995979785941,2.625000000000002,-0.109535981694809));
#2987=CARTESIAN_POINT('',(-0.875000000000164,2.625000000000002,-0.118283181887227));
#2988=B_SPLINE_CURVE_WITH_KNOTS('',3,(#2980,#2981,#2982,#2983,#2984,#2985,#2986,#2987),.UNSPECIFIED.,.F.,.U.,(4,2,2,4),(0.0,0.114432555196987,0.221788216732451,0.29875114170771),.UNSPECIFIED.);
#2989=EDGE_CURVE('',#2965,#2917,#2988,.T.);
#2990=ORIENTED_EDGE('',*,*,#2989,.T.);
#2991=EDGE_LOOP('',(#2926,#2927,#2942,#2963,#2979,#2990));
#2992=FACE_OUTER_BOUND('',#2991,.T.);
#2993=ADVANCED_FACE('',(#2992),#2915,.T.);
#2994=CARTESIAN_POINT('',(-6.0,2.625,-0.0625));
#2995=CARTESIAN_POINT('',(-4.323848580817113,2.625,-0.0625));
#2996=CARTESIAN_POINT('',(-2.647697161634224,2.625,-0.0625));
#2997=CARTESIAN_POINT('',(-0.971545742451336,2.625,-0.0625));
#2998=CARTESIAN_POINT('',(-5.995909384565636,2.499999999999943,-0.455199081698904));
#2999=CARTESIAN_POINT('',(-4.319757965382749,2.499999999999943,-0.345495227848665));
#3000=CARTESIAN_POINT('',(-2.64360654619986,2.499999999999943,-0.235791373998425));
#3001=CARTESIAN_POINT('',(-0.967455127016972,2.499999999999943,-0.126087520148187));
#3002=CARTESIAN_POINT('',(-5.868378805961916,2.12499999999977,-1.63227547707766));
#3003=CARTESIAN_POINT('',(-4.224425378350636,2.12499999999977,-1.19340984904842));
#3004=CARTESIAN_POINT('',(-2.580471950739357,2.12499999999977,-0.754544221019181));
#3005=CARTESIAN_POINT('',(-0.936518523128079,2.12499999999977,-0.31567859298994));
#3006=CARTESIAN_POINT('',(-5.083391558915849,1.499999999999484,-3.473623872470215));
#3007=CARTESIAN_POINT('',(-3.65334953872793,1.499999999999484,-2.518133546255755));
#3008=CARTESIAN_POINT('',(-2.223307518540011,1.499999999999484,-1.562643220041293));
#3009=CARTESIAN_POINT('',(-0.79326549835209,1.499999999999484,-0.607152893826833));
#3010=CARTESIAN_POINT('',(-3.366851629368386,0.749999999999139,-5.154400650591855));
#3011=CARTESIAN_POINT('',(-2.411397217576342,0.749999999999139,-3.724427306460232));
#3012=CARTESIAN_POINT('',(-1.455942805784297,0.749999999999139,-2.29445396232861));
#3013=CARTESIAN_POINT('',(-0.500488393992253,0.749999999999139,-0.864480618196987));
#3014=CARTESIAN_POINT('',(-1.88114588894891,0.24999999999891,-5.751705277750051));
#3015=CARTESIAN_POINT('',(-1.338953118714096,0.24999999999891,-4.150564958436255));
#3016=CARTESIAN_POINT('',(-0.796760348479283,0.24999999999891,-2.549424639122458));
#3017=CARTESIAN_POINT('',(-0.254567578244468,0.24999999999891,-0.948284319808661));
#3018=CARTESIAN_POINT('',(-1.109242852067848,-1.204985E-012,-5.896904827546091));
#3019=CARTESIAN_POINT('',(-0.782241931952705,-1.204985E-012,-4.252960187884323));
#3020=CARTESIAN_POINT('',(-0.455241011837562,-1.204980E-012,-2.609015548222554));
#3021=CARTESIAN_POINT('',(-0.128240091722419,-1.204980E-012,-0.965070908560787));
#3022=B_SPLINE_SURFACE_WITH_KNOTS('',3,3,((#2994,#2998,#3002,#3006,#3010,#3014,#3018),(#2995,#2999,#3003,#3007,#3011,#3015,#3019),(#2996,#3000,#3004,#3008,#3012,#3016,#3020),(#2997,#3001,#3005,#3009,#3013,#3017,#3021)),.UNSPECIFIED.,.F.,.F.,.F.,(4,4),(4,1,1,1,4),(-13.017499999999998,-0.245226185826394),(0.0,0.196349540849452,0.589048622548357,0.981747704247261,1.374446785946165),.UNSPECIFIED.);
#3023=ORIENTED_EDGE('',*,*,#2978,.F.);
#3024=CARTESIAN_POINT('',(-0.182258803110396,1.049030E-015,-1.236641309632169));
#3025=VERTEX_POINT('',#3024);
#3026=CARTESIAN_POINT('',(-0.136952599051518,-9.024963E-034,-1.008871640728661));
#3027=DIRECTION('',(-0.195090322016128,-6.391410E-033,-0.98078528040323));
#3028=VECTOR('',#3027,0.232231940522053);
#3029=LINE('',#3026,#3028);
#3030=EDGE_CURVE('',#2944,#3025,#3029,.T.);
#3031=ORIENTED_EDGE('',*,*,#3030,.T.);
#3032=CARTESIAN_POINT('',(-0.854975463779579,0.141945458779944,-3.314945831775021));
#3033=VERTEX_POINT('',#3032);
#3034=CARTESIAN_POINT('',(-0.182258803110284,-1.683276E-013,-1.23664130963217));
#3035=CARTESIAN_POINT('',(-0.239813066832807,-1.295988E-013,-1.525986132584641));
#3036=CARTESIAN_POINT('',(-0.325160396610979,0.020636337512341,-1.885479701665923));
#3037=CARTESIAN_POINT('',(-0.570484573049187,0.078711430825702,-2.643055510791588));
#3038=CARTESIAN_POINT('',(-0.702979042382641,0.109702698037053,-2.983293538951466));
#3039=CARTESIAN_POINT('',(-0.854975463779494,0.141945458779885,-3.314945831775107));
#3040=B_SPLINE_CURVE_WITH_KNOTS('',3,(#3034,#3035,#3036,#3037,#3038,#3039),.UNSPECIFIED.,.F.,.U.,(4,2,4),(-6.10234830666187,-2.790790551904612,0.0),.UNSPECIFIED.);
#3041=EDGE_CURVE('',#3025,#3033,#3040,.T.);
#3042=ORIENTED_EDGE('',*,*,#3041,.T.);
#3043=CARTESIAN_POINT('',(-4.640483721109811,1.333482462802558,-3.803921277328808));
#3044=VERTEX_POINT('',#3043);
#3045=CARTESIAN_POINT('',(-0.854975463779573,0.141945458779941,-3.314945831775021));
#3046=CARTESIAN_POINT('',(-0.953827350070379,0.162914753249905,-3.530638112139239));
#3047=CARTESIAN_POINT('',(-1.085921498249963,0.199448446435771,-3.728546155744769));
#3048=CARTESIAN_POINT('',(-1.410834027411516,0.290662894857818,-4.081578554432112));
#3049=CARTESIAN_POINT('',(-1.604335574490241,0.345837924544412,-4.232652946202001));
#3050=CARTESIAN_POINT('',(-2.068720223409793,0.477378554352473,-4.4878496000717));
#3051=CARTESIAN_POINT('',(-2.343719610764961,0.554880348115302,-4.576119093614183));
#3052=CARTESIAN_POINT('',(-2.91164236152223,0.718633402670717,-4.645760501473713));
#3053=CARTESIAN_POINT('',(-3.200016633828636,0.803720713316841,-4.625719687810948));
#3054=CARTESIAN_POINT('',(-3.778808838093077,0.987273148413166,-4.472490506566338));
#3055=CARTESIAN_POINT('',(-4.060925236966125,1.084448899598327,-4.330247393850613));
#3056=CARTESIAN_POINT('',(-4.428322525461529,1.233400220054186,-4.036726166058457));
#3057=CARTESIAN_POINT('',(-4.540772804149538,1.283419958904713,-3.925560726002152));
#3058=CARTESIAN_POINT('',(-4.640483721109807,1.333482462802574,-3.803921277328813));
#3059=B_SPLINE_CURVE_WITH_KNOTS('',3,(#3045,#3046,#3047,#3048,#3049,#3050,#3051,#3052,#3053,#3054,#3055,#3056,#3057,#3058),.UNSPECIFIED.,.F.,.U.,(4,2,2,2,2,2,4),(-13.183086998223821,-11.359128610570149,-9.453932584136471,-7.194543256090856,-4.916959416067119,-2.421858702111197,-1.158139873327788),.UNSPECIFIED.);
#3060=EDGE_CURVE('',#3033,#3044,#3059,.T.);
#3061=ORIENTED_EDGE('',*,*,#3060,.T.);
#3062=CARTESIAN_POINT('',(-3.41128025904728,2.555744179230191,-0.186296105246331));
#3063=VERTEX_POINT('',#3062);
#3064=CARTESIAN_POINT('',(-4.640483721109808,1.333482462802574,-3.803921277328813));
#3065=CARTESIAN_POINT('',(-4.663818000325882,1.345198055034806,-3.775455298421368));
#3066=CARTESIAN_POINT('',(-4.686466644529024,1.356921973393499,-3.74640103265586));
#3067=CARTESIAN_POINT('',(-4.881265037658012,1.461102975569496,-3.483420786026239));
#3068=CARTESIAN_POINT('',(-5.007414525829596,1.552736832471406,-3.21865693390411));
#3069=CARTESIAN_POINT('',(-5.156855912326896,1.741655149413844,-2.63660310451034));
#3070=CARTESIAN_POINT('',(-5.171180931224575,1.837082627557343,-2.322835380364753));
#3071=CARTESIAN_POINT('',(-5.071639337995735,2.022861007595122,-1.712211071051077));
#3072=CARTESIAN_POINT('',(-4.960378359986748,2.111591180099169,-1.42107559113487));
#3073=CARTESIAN_POINT('',(-4.629680007541927,2.277216876963609,-0.906733420313239));
#3074=CARTESIAN_POINT('',(-4.415835721501325,2.353144502392618,-0.68658751596441));
#3075=CARTESIAN_POINT('',(-3.936283451191517,2.476729583566533,-0.361483680842185));
#3076=CARTESIAN_POINT('',(-3.681375646219638,2.526032793469183,-0.249268570042273));
#3077=CARTESIAN_POINT('',(-3.41128025904728,2.555744179230194,-0.186296105246325));
#3078=B_SPLINE_CURVE_WITH_KNOTS('',3,(#3064,#3065,#3066,#3067,#3068,#3069,#3070,#3071,#3072,#3073,#3074,#3075,#3076,#3077),.UNSPECIFIED.,.F.,.U.,(4,2,2,2,2,2,4),(-11.992131027436095,-11.699135640890621,-9.39067567501408,-6.927536332836869,-4.496501420907604,-2.125417519584417,0.0),.UNSPECIFIED.);
#3079=EDGE_CURVE('',#3044,#3063,#3078,.T.);
#3080=ORIENTED_EDGE('',*,*,#3079,.T.);
#3081=CARTESIAN_POINT('',(-2.786532394406088,2.625000000000001,-0.062499999999999));
#3082=VERTEX_POINT('',#3081);
#3083=CARTESIAN_POINT('',(-3.411280259047282,2.555744179230192,-0.186296105246329));
#3084=CARTESIAN_POINT('',(-3.204426185155794,2.578498811399103,-0.138068288316906));
#3085=CARTESIAN_POINT('',(-2.99605173892403,2.601503893064953,-0.096781406243188));
#3086=CARTESIAN_POINT('',(-2.786532394406091,2.625,-0.0625));
#3087=B_SPLINE_CURVE_WITH_KNOTS('',3,(#3083,#3084,#3085,#3086),.UNSPECIFIED.,.F.,.U.,(4,4),(-1.627644086044624,0.0),.UNSPECIFIED.);
#3088=EDGE_CURVE('',#3063,#3082,#3087,.T.);
#3089=ORIENTED_EDGE('',*,*,#3088,.T.);
#3090=CARTESIAN_POINT('',(-0.971545742451336,2.625,-0.0625));
#3091=DIRECTION('',(-1.0,0.0,0.0));
#3092=VECTOR('',#3091,1.814986651954744);
#3093=LINE('',#3090,#3092);
#3094=EDGE_CURVE('',#2965,#3082,#3093,.T.);
#3095=ORIENTED_EDGE('',*,*,#3094,.F.);
#3096=EDGE_LOOP('',(#3023,#3031,#3042,#3061,#3080,#3089,#3095));
#3097=FACE_OUTER_BOUND('',#3096,.T.);
#3098=ADVANCED_FACE('',(#3097),#3022,.T.);
#3099=CARTESIAN_POINT('',(-2.900396728894147,2.625,-2.377528183009489));
#3100=DIRECTION('',(0.0,-1.0,0.0));
#3101=DIRECTION('',(0.909076117828699,0.0,-0.416630066118015));
#3102=AXIS2_PLACEMENT_3D('',#3099,#3100,#3101);
#3103=CYLINDRICAL_SURFACE('',#3102,2.25);
#3104=ORIENTED_EDGE('',*,*,#3060,.F.);
#3105=CARTESIAN_POINT('',(-0.854975463779579,0.141945458779944,-3.314945831775021));
#3106=DIRECTION('',(0.0,-1.0,0.0));
#3107=VECTOR('',#3106,0.069738806779875);
#3108=LINE('',#3105,#3107);
#3109=EDGE_CURVE('',#3033,#2824,#3108,.T.);
#3110=ORIENTED_EDGE('',*,*,#3109,.T.);
#3111=ORIENTED_EDGE('',*,*,#2840,.F.);
#3112=CARTESIAN_POINT('',(-4.640483720255082,1.333482462802616,-3.803921276616203));
#3113=CARTESIAN_POINT('',(-4.640384555735459,1.333432674639137,-3.804042249474695));
#3114=CARTESIAN_POINT('',(-4.64028570294137,1.333382737967378,-3.804162816336035));
#3115=CARTESIAN_POINT('',(-4.640187079828164,1.333332616512995,-3.804283077706552));
#3116=CARTESIAN_POINT('',(-4.640052855302622,1.333264401991921,-3.804446751564272));
#3117=CARTESIAN_POINT('',(-4.63991888750629,1.333195759141743,-3.804610065257753));
#3118=CARTESIAN_POINT('',(-4.63978518382656,1.333126698447841,-3.804773010376721));
#3119=CARTESIAN_POINT('',(-4.639465165763433,1.332961402552127,-3.805163017454117));
#3120=CARTESIAN_POINT('',(-4.639145999889776,1.332793371600279,-3.80555171841211));
#3121=CARTESIAN_POINT('',(-4.638827797398639,1.33262271415772,-3.8059389830174));
#3122=CARTESIAN_POINT('',(-4.638676199433601,1.33254140957422,-3.806123483540584));
#3123=CARTESIAN_POINT('',(-4.638524909113124,1.332459556554638,-3.806307549764953));
#3124=CARTESIAN_POINT('',(-4.638373937144916,1.332377168558245,-3.806491169472004));
#3125=CARTESIAN_POINT('',(-4.638340024498163,1.332358661844372,-3.806532415740012));
#3126=CARTESIAN_POINT('',(-4.638306162466941,1.332340146992124,-3.806573597453757));
#3127=CARTESIAN_POINT('',(-4.638272350958297,1.332321624253864,-3.8066147147538));
#3128=CARTESIAN_POINT('',(-4.638165696784827,1.332263196593619,-3.806744414132127));
#3129=CARTESIAN_POINT('',(-4.63805954798614,1.332204692676752,-3.806873469402549));
#3130=CARTESIAN_POINT('',(-4.637953570866282,1.332145934729,-3.807002286857079));
#3131=CARTESIAN_POINT('',(-4.630002192229563,1.327737372851541,-3.816667357556776));
#3132=CARTESIAN_POINT('',(-4.622540303290466,1.321635454310155,-3.825557769927254));
#3133=CARTESIAN_POINT('',(-4.617202077413884,1.31514421283395,-3.831859424867978));
#3134=CARTESIAN_POINT('',(-4.614610017977257,1.311992288559326,-3.834919292421941));
#3135=CARTESIAN_POINT('',(-4.61259406590008,1.30883854431192,-3.83728311551777));
#3136=CARTESIAN_POINT('',(-4.611260398511982,1.305846081831884,-3.838844533311536));
#3137=CARTESIAN_POINT('',(-4.610595987560979,1.304355286705644,-3.839622405733496));
#3138=CARTESIAN_POINT('',(-4.610004313235922,1.302687709358179,-3.840313931211451));
#3139=CARTESIAN_POINT('',(-4.609672386554228,1.300961338756849,-3.840701688345205));
#3140=CARTESIAN_POINT('',(-4.609471468736566,1.299916353123493,-3.840936400772358));
#3141=CARTESIAN_POINT('',(-4.609362134478523,1.298830110426655,-3.841064049006783));
#3142=CARTESIAN_POINT('',(-4.609400611077482,1.297745627453367,-3.841019118403637));
#3143=CARTESIAN_POINT('',(-4.609432985239281,1.296833144848459,-3.840981313850861));
#3144=CARTESIAN_POINT('',(-4.60956881030878,1.295956958540448,-3.840822730920698));
#3145=CARTESIAN_POINT('',(-4.609818001539519,1.295130234978341,-3.840531568216449));
#3146=CARTESIAN_POINT('',(-4.610099916056423,1.294194947757631,-3.840202170617405));
#3147=CARTESIAN_POINT('',(-4.610507599005284,1.293386510999366,-3.839725632711609));
#3148=CARTESIAN_POINT('',(-4.610999943018939,1.292690906020535,-3.839149419986521));
#3149=CARTESIAN_POINT('',(-4.611772947906566,1.291598771184771,-3.838244736999723));
#3150=CARTESIAN_POINT('',(-4.61273718443165,1.290807974161591,-3.837114574663585));
#3151=CARTESIAN_POINT('',(-4.613714117739529,1.290231938941199,-3.835966911357584));
#3152=CARTESIAN_POINT('',(-4.615757972069817,1.289026808488484,-3.833565870673677));
#3153=CARTESIAN_POINT('',(-4.618448296452009,1.288414670961853,-3.830395387387188));
#3154=CARTESIAN_POINT('',(-4.621623259990584,1.288425603663268,-3.826624186953792));
#3155=CARTESIAN_POINT('',(-4.625415532953594,1.288438662014171,-3.822119750519202));
#3156=CARTESIAN_POINT('',(-4.629811422555987,1.28934011229355,-3.81686066510748));
#3157=CARTESIAN_POINT('',(-4.634458062263986,1.291062761577402,-3.811240598613902));
#3158=CARTESIAN_POINT('',(-4.636186843879004,1.29170367298827,-3.809149653707511));
#3159=CARTESIAN_POINT('',(-4.637904725469557,1.292441282746892,-3.80706413218619));
#3160=CARTESIAN_POINT('',(-4.639591796730946,1.293255919024496,-3.805008659837956));
#3161=CARTESIAN_POINT('',(-4.639767780723124,1.293340896433327,-3.804794246707977));
#3162=CARTESIAN_POINT('',(-4.639943326221264,1.293426662134168,-3.804580286966249));
#3163=CARTESIAN_POINT('',(-4.640118416227768,1.293513192938725,-3.804366802451167));
#3164=CARTESIAN_POINT('',(-4.640189858357725,1.293548500179314,-3.804279694175975));
#3165=CARTESIAN_POINT('',(-4.64026117056456,1.29358390807127,-3.804192730971134));
#3166=CARTESIAN_POINT('',(-4.640332352161733,1.293619414535038,-3.804105913812329));
#3167=CARTESIAN_POINT('',(-4.640382893012337,1.293644625080349,-3.804044271291967));
#3168=CARTESIAN_POINT('',(-4.640433349041593,1.293669875853927,-3.803982725543282));
#3169=CARTESIAN_POINT('',(-4.640483720247512,1.293695166054115,-3.803921276633289));
#3170=B_SPLINE_CURVE_WITH_KNOTS('',3,(#3112,#3113,#3114,#3115,#3116,#3117,#3118,#3119,#3120,#3121,#3122,#3123,#3124,#3125,#3126,#3127,#3128,#3129,#3130,#3131,#3132,#3133,#3134,#3135,#3136,#3137,#3138,#3139,#3140,#3141,#3142,#3143,#3144,#3145,#3146,#3147,#3148,#3149,#3150,#3151,#3152,#3153,#3154,#3155,#3156,#3157,#3158,#3159,#3160,#3161,#3162,#3163,#3164,#3165,#3166,#3167,#3168,#3169),.UNSPECIFIED.,.F.,.U.,(4,3,3,3,3,3,3,3,3,3,3,3,3,3,3,3,3,3,3,4),(-0.382761256422957,-0.381508737948219,-0.379804079754613,-0.375724001969766,-0.373780172155086,-0.373343532064626,-0.371966205532392,-0.268626496180009,-0.218448276861824,-0.193450321063884,-0.178318862817339,-0.165587272947392,-0.15118379656125,-0.128569613517513,-0.081258199762813,-0.024748009001962,-0.003723400900672,-0.001530254379647,-0.000635382868162,0.0),.UNSPECIFIED.);
#3171=EDGE_CURVE('',#3044,#2805,#3170,.T.);
#3172=ORIENTED_EDGE('',*,*,#3171,.F.);
#3173=EDGE_LOOP('',(#3104,#3110,#3111,#3172));
#3174=FACE_OUTER_BOUND('',#3173,.T.);
#3175=ADVANCED_FACE('',(#3174),#3103,.T.);
#3176=CARTESIAN_POINT('',(-1.248436522214885,2.625,-9.462955648206579));
#3177=DIRECTION('',(0.0,-1.0,0.0));
#3178=DIRECTION('',(-0.227059346734726,0.0,0.973880923450295));
#3179=AXIS2_PLACEMENT_3D('',#3176,#3177,#3178);
#3180=CYLINDRICAL_SURFACE('',#3179,9.525455648206579);
#3181=ORIENTED_EDGE('',*,*,#3088,.F.);
#3182=CARTESIAN_POINT('',(-3.41128025904728,2.555744179230191,-0.186296105246331));
#3183=DIRECTION('',(0.0,-1.0,0.0));
#3184=VECTOR('',#3183,0.069883001756582);
#3185=LINE('',#3182,#3184);
#3186=EDGE_CURVE('',#3063,#2796,#3185,.T.);
#3187=ORIENTED_EDGE('',*,*,#3186,.T.);
#3188=ORIENTED_EDGE('',*,*,#2802,.F.);
#3189=CARTESIAN_POINT('',(-1.248436522214885,2.625000000000002,-9.462955648206579));
#3190=DIRECTION('',(0.0,1.0,0.0));
#3191=DIRECTION('',(-0.227059346734726,0.0,0.973880923450295));
#3192=AXIS2_PLACEMENT_3D('',#3189,#3190,#3191);
#3193=CIRCLE('',#3192,9.525455648206579);
#3194=EDGE_CURVE('',#3082,#2788,#3193,.T.);
#3195=ORIENTED_EDGE('',*,*,#3194,.F.);
#3196=EDGE_LOOP('',(#3181,#3187,#3188,#3195));
#3197=FACE_OUTER_BOUND('',#3196,.T.);
#3198=ADVANCED_FACE('',(#3197),#3180,.T.);
#3199=CARTESIAN_POINT('',(-2.900396728894147,2.625,-2.377528183009489));
#3200=DIRECTION('',(0.0,-1.0,0.0));
#3201=DIRECTION('',(0.909076117828699,0.0,-0.416630066118015));
#3202=AXIS2_PLACEMENT_3D('',#3199,#3200,#3201);
#3203=CYLINDRICAL_SURFACE('',#3202,2.25);
#3204=ORIENTED_EDGE('',*,*,#3079,.F.);
#3205=CARTESIAN_POINT('',(-4.640483720247214,1.293695166053965,-3.803921276633653));
#3206=CARTESIAN_POINT('',(-4.640582709793216,1.293744866381546,-3.803800517172141));
#3207=CARTESIAN_POINT('',(-4.640681640879581,1.293794854698462,-3.803679803337472));
#3208=CARTESIAN_POINT('',(-4.640780229654437,1.293844984023946,-3.803559481771656));
#3209=CARTESIAN_POINT('',(-4.640914352041293,1.293913181085886,-3.803395793607143));
#3210=CARTESIAN_POINT('',(-4.641048171743739,1.293981806236037,-3.803232427742687));
#3211=CARTESIAN_POINT('',(-4.641181681979525,1.294050849001004,-3.803069393053464));
#3212=CARTESIAN_POINT('',(-4.641501347288251,1.294216158998763,-3.802679036958617));
#3213=CARTESIAN_POINT('',(-4.641819898912118,1.294384204579599,-3.802289772906633));
#3214=CARTESIAN_POINT('',(-4.642137230932489,1.294554877147155,-3.801901735524624));
#3215=CARTESIAN_POINT('',(-4.64228849512297,1.294636232466226,-3.801716767867098));
#3216=CARTESIAN_POINT('',(-4.642439393488557,1.29471813697817,-3.80153218741594));
#3217=CARTESIAN_POINT('',(-4.64258991612523,1.294800577199126,-3.801348007098644));
#3218=CARTESIAN_POINT('',(-4.642624313583977,1.294819416452557,-3.801305918180948));
#3219=CARTESIAN_POINT('',(-4.64265865655995,1.294838264588066,-3.801263892815888));
#3220=CARTESIAN_POINT('',(-4.642692945178724,1.294857121344691,-3.801221930878474));
#3221=CARTESIAN_POINT('',(-4.642801952354192,1.294917068984803,-3.801088529404804));
#3222=CARTESIAN_POINT('',(-4.642910413679801,1.294977104884848,-3.800955764729388));
#3223=CARTESIAN_POINT('',(-4.643018665402482,1.295037408351529,-3.800823225883504));
#3224=CARTESIAN_POINT('',(-4.650969768283171,1.299466705694488,-3.79108823069626));
#3225=CARTESIAN_POINT('',(-4.658249197591505,1.305602697650384,-3.781993527876973));
#3226=CARTESIAN_POINT('',(-4.663381806776134,1.312123485429511,-3.77552088001911));
#3227=CARTESIAN_POINT('',(-4.665851397697164,1.31526100822114,-3.772406520088361));
#3228=CARTESIAN_POINT('',(-4.667755253508776,1.318397890137778,-3.769989294314571));
#3229=CARTESIAN_POINT('',(-4.669012089079079,1.321373616744963,-3.768391109195723));
#3230=CARTESIAN_POINT('',(-4.669639834859697,1.322859888987787,-3.767592871153525));
#3231=CARTESIAN_POINT('',(-4.670196918265241,1.324521560057145,-3.766883256872236));
#3232=CARTESIAN_POINT('',(-4.670508329339922,1.326241444807368,-3.766486390651633));
#3233=CARTESIAN_POINT('',(-4.670697227227955,1.327284704419472,-3.766245656788907));
#3234=CARTESIAN_POINT('',(-4.670799068441514,1.328368630997807,-3.766115790969422));
#3235=CARTESIAN_POINT('',(-4.670761055589048,1.329450492640367,-3.766164254150746));
#3236=CARTESIAN_POINT('',(-4.670728996359832,1.330362911681,-3.766205126964486));
#3237=CARTESIAN_POINT('',(-4.67059866139975,1.331238504672855,-3.766371319477058));
#3238=CARTESIAN_POINT('',(-4.670360671042804,1.332064256049526,-3.766674552546918));
#3239=CARTESIAN_POINT('',(-4.67009096277192,1.333000058570438,-3.767018198684504));
#3240=CARTESIAN_POINT('',(-4.669701449122782,1.333808263416001,-3.767514291506724));
#3241=CARTESIAN_POINT('',(-4.669231062497082,1.33450312786827,-3.768112627344912));
#3242=CARTESIAN_POINT('',(-4.668490700087343,1.335596805902926,-3.769054374705044));
#3243=CARTESIAN_POINT('',(-4.667565972605974,1.336387268590847,-3.770228853759194));
#3244=CARTESIAN_POINT('',(-4.666627388027174,1.33696206933784,-3.771418156431369));
#3245=CARTESIAN_POINT('',(-4.664654543058115,1.338170263876221,-3.773917994854549));
#3246=CARTESIAN_POINT('',(-4.662046281478826,1.338776653750835,-3.777212308560216));
#3247=CARTESIAN_POINT('',(-4.658939884884234,1.338751412292458,-3.781104318642094));
#3248=CARTESIAN_POINT('',(-4.655268952104572,1.338721583616646,-3.78570363716221));
#3249=CARTESIAN_POINT('',(-4.650985040775362,1.337810591448565,-3.791032113098058));
#3250=CARTESIAN_POINT('',(-4.646402023130221,1.336086162302319,-3.796670709679586));
#3251=CARTESIAN_POINT('',(-4.644849329512909,1.335501938034337,-3.798581025894932));
#3252=CARTESIAN_POINT('',(-4.643300106576314,1.33483854622196,-3.800480625706634));
#3253=CARTESIAN_POINT('',(-4.641769642436154,1.334110960485989,-3.802351109539387));
#3254=CARTESIAN_POINT('',(-4.64149245029549,1.333979182783802,-3.802689884819429));
#3255=CARTESIAN_POINT('',(-4.641215919695868,1.333845320662889,-3.803027649834624));
#3256=CARTESIAN_POINT('',(-4.640940125787706,1.333709457285563,-3.803364316262335));
#3257=CARTESIAN_POINT('',(-4.640854777440152,1.333667412431036,-3.803468502476866));
#3258=CARTESIAN_POINT('',(-4.640769573538464,1.333625212318869,-3.803572493280746));
#3259=CARTESIAN_POINT('',(-4.640684515669478,1.333582860250839,-3.803676286944174));
#3260=CARTESIAN_POINT('',(-4.640630996514446,1.333556211959248,-3.803741594824922));
#3261=CARTESIAN_POINT('',(-4.640577560905227,1.333529516319512,-3.803806793258396));
#3262=CARTESIAN_POINT('',(-4.640524209044226,1.333502774307321,-3.80387188207091));
#3263=CARTESIAN_POINT('',(-4.640510707069793,1.33349600659654,-3.803888354363833));
#3264=CARTESIAN_POINT('',(-4.640497210806381,1.33348923608982,-3.803904819212289));
#3265=CARTESIAN_POINT('',(-4.640483720255084,1.333482462802607,-3.803921276616201));
#3266=B_SPLINE_CURVE_WITH_KNOTS('',3,(#3205,#3206,#3207,#3208,#3209,#3210,#3211,#3212,#3213,#3214,#3215,#3216,#3217,#3218,#3219,#3220,#3221,#3222,#3223,#3224,#3225,#3226,#3227,#3228,#3229,#3230,#3231,#3232,#3233,#3234,#3235,#3236,#3237,#3238,#3239,#3240,#3241,#3242,#3243,#3244,#3245,#3246,#3247,#3248,#3249,#3250,#3251,#3252,#3253,#3254,#3255,#3256,#3257,#3258,#3259,#3260,#3261,#3262,#3263,#3264,#3265),.UNSPECIFIED.,.F.,.U.,(4,3,3,3,3,3,3,3,3,3,3,3,3,3,3,3,3,3,3,3,4),(0.0,0.001248655070073,0.002947353513224,0.007014569476604,0.008953309000881,0.009396350089466,0.010804824953995,0.114257483954885,0.164034456686442,0.188896328312718,0.203977214718416,0.216696112740908,0.23111010848944,0.253796936820221,0.301483204150029,0.35783566158749,0.376927471342073,0.380385311010544,0.381455388677517,0.382128690903849,0.382299086261662),.UNSPECIFIED.);
#3267=EDGE_CURVE('',#2805,#3044,#3266,.T.);
#3268=ORIENTED_EDGE('',*,*,#3267,.F.);
#3269=ORIENTED_EDGE('',*,*,#2821,.F.);
#3270=ORIENTED_EDGE('',*,*,#3186,.F.);
#3271=EDGE_LOOP('',(#3204,#3268,#3269,#3270));
#3272=FACE_OUTER_BOUND('',#3271,.T.);
#3273=ADVANCED_FACE('',(#3272),#3203,.T.);
#3274=CARTESIAN_POINT('',(-9.383183412717822,2.625,0.593536386546602));
#3275=DIRECTION('',(0.0,-1.0,0.0));
#3276=DIRECTION('',(0.98078528040323,0.0,-0.195090322016128));
#3277=AXIS2_PLACEMENT_3D('',#3274,#3275,#3276);
#3278=CYLINDRICAL_SURFACE('',#3277,9.381181379297164);
#3279=ORIENTED_EDGE('',*,*,#3041,.F.);
#3280=CARTESIAN_POINT('',(-9.383183412717822,1.398706E-015,0.593536386546602));
#3281=DIRECTION('',(0.0,-1.0,0.0));
#3282=DIRECTION('',(0.98078528040323,0.0,-0.195090322016128));
#3283=AXIS2_PLACEMENT_3D('',#3280,#3281,#3282);
#3284=CIRCLE('',#3283,9.381181379297164);
#3285=EDGE_CURVE('',#2843,#3025,#3284,.T.);
#3286=ORIENTED_EDGE('',*,*,#3285,.F.);
#3287=ORIENTED_EDGE('',*,*,#2849,.F.);
#3288=ORIENTED_EDGE('',*,*,#3109,.F.);
#3289=EDGE_LOOP('',(#3279,#3286,#3287,#3288));
#3290=FACE_OUTER_BOUND('',#3289,.T.);
#3291=ADVANCED_FACE('',(#3290),#3278,.T.);
#3292=CARTESIAN_POINT('',(-3.4375,2.625000000000002,4.268512E-020));
#3293=DIRECTION('',(0.0,1.0,0.0));
#3294=DIRECTION('',(0.0,0.0,1.0));
#3295=AXIS2_PLACEMENT_3D('',#3292,#3293,#3294);
#3296=PLANE('',#3295);
#3297=ORIENTED_EDGE('',*,*,#3194,.T.);
#3298=ORIENTED_EDGE('',*,*,#2793,.T.);
#3299=ORIENTED_EDGE('',*,*,#2721,.T.);
#3300=CARTESIAN_POINT('',(-0.875,2.625,0.0625));
#3301=VERTEX_POINT('',#3300);
#3302=CARTESIAN_POINT('',(-0.875,2.625000000000002,-0.2683532711925));
#3303=CARTESIAN_POINT('',(-0.875,2.625000000000002,-0.014770484745149));
#3304=CARTESIAN_POINT('',(-0.875,2.625000000000002,0.238812301702201));
#3305=CARTESIAN_POINT('',(-0.875,2.625000000000002,0.492395088149552));
#3306=B_SPLINE_CURVE_WITH_KNOTS('',3,(#3302,#3303,#3304,#3305),.UNSPECIFIED.,.F.,.U.,(4,4),(0.0,1.93230083272881),.UNSPECIFIED.);
#3307=EDGE_CURVE('',#2688,#3301,#3306,.F.);
#3308=ORIENTED_EDGE('',*,*,#3307,.T.);
#3309=CARTESIAN_POINT('',(-0.875,2.625,0.0625));
#3310=DIRECTION('',(0.0,0.0,-1.0));
#3311=VECTOR('',#3310,0.0625);
#3312=LINE('',#3309,#3311);
#3313=EDGE_CURVE('',#3301,#2121,#3312,.T.);
#3314=ORIENTED_EDGE('',*,*,#3313,.T.);
#3315=CARTESIAN_POINT('',(-0.875,2.625,-0.0625));
#3316=VERTEX_POINT('',#3315);
#3317=CARTESIAN_POINT('',(-0.875,2.625,0.0));
#3318=DIRECTION('',(0.0,0.0,-1.0));
#3319=VECTOR('',#3318,0.0625);
#3320=LINE('',#3317,#3319);
#3321=EDGE_CURVE('',#2121,#3316,#3320,.T.);
#3322=ORIENTED_EDGE('',*,*,#3321,.T.);
#3323=CARTESIAN_POINT('',(-0.875,2.625000000000002,-0.46171674940055));
#3324=CARTESIAN_POINT('',(-0.875,2.625000000000002,-0.236839454009388));
#3325=CARTESIAN_POINT('',(-0.875,2.625000000000002,-0.011962158618226));
#3326=CARTESIAN_POINT('',(-0.875,2.625000000000002,0.212915136772936));
#3327=B_SPLINE_CURVE_WITH_KNOTS('',3,(#3323,#3324,#3325,#3326),.UNSPECIFIED.,.F.,.U.,(4,4),(0.0,1.713564990880653),.UNSPECIFIED.);
#3328=EDGE_CURVE('',#2917,#3316,#3327,.T.);
#3329=ORIENTED_EDGE('',*,*,#3328,.F.);
#3330=ORIENTED_EDGE('',*,*,#2989,.F.);
#3331=ORIENTED_EDGE('',*,*,#3094,.T.);
#3332=EDGE_LOOP('',(#3297,#3298,#3299,#3308,#3314,#3322,#3329,#3330,#3331));
#3333=FACE_OUTER_BOUND('',#3332,.T.);
#3334=ADVANCED_FACE('',(#3333),#3296,.T.);
#3335=CARTESIAN_POINT('',(-0.875000001983816,2.625000023792287,-0.159245289552601));
#3336=CARTESIAN_POINT('',(-0.875000001322544,2.625000023792287,-0.106163522734931));
#3337=CARTESIAN_POINT('',(-0.875000000661272,2.625000023792287,-0.05308175591726));
#3338=CARTESIAN_POINT('',(-0.875,2.625000023792287,0.000000010900411));
#3339=CARTESIAN_POINT('',(-0.873972780398653,2.612680358195486,-0.16488953115988));
#3340=CARTESIAN_POINT('',(-0.874315186955873,2.612680358195486,-0.111807764337944));
#3341=CARTESIAN_POINT('',(-0.874657593513093,2.612680358195486,-0.058725997516008));
#3342=CARTESIAN_POINT('',(-0.875000000070314,2.612680358195486,-0.005644230694072));
#3343=CARTESIAN_POINT('',(-0.872890944317494,2.600360692598685,-0.170523833209292));
#3344=CARTESIAN_POINT('',(-0.873575758092448,2.600360692598685,-0.117445379564875));
#3345=CARTESIAN_POINT('',(-0.874260571867401,2.600360692598685,-0.064366925920458));
#3346=CARTESIAN_POINT('',(-0.874945385642355,2.600360692598685,-0.011288472276042));
#3347=CARTESIAN_POINT('',(-0.871754696296131,2.588041027001884,-0.1761471407716));
#3348=CARTESIAN_POINT('',(-0.87278185317801,2.588041027001884,-0.123075312866151));
#3349=CARTESIAN_POINT('',(-0.873809010059888,2.588041027001884,-0.070003484960702));
#3350=CARTESIAN_POINT('',(-0.874836166941767,2.588041027001884,-0.016931657055254));
#3351=B_SPLINE_SURFACE_WITH_KNOTS('',3,3,((#3335,#3339,#3343,#3347),(#3336,#3340,#3344,#3348),(#3337,#3341,#3345,#3349),(#3338,#3342,#3346,#3350)),.UNSPECIFIED.,.F.,.F.,.F.,(4,4),(4,4),(-0.563233063150651,-0.15875),(-0.000000012457612,0.019351673009184),.UNSPECIFIED.);
#3352=ORIENTED_EDGE('',*,*,#2379,.F.);
#3353=ORIENTED_EDGE('',*,*,#2369,.F.);
#3354=ORIENTED_EDGE('',*,*,#2925,.T.);
#3355=ORIENTED_EDGE('',*,*,#3328,.T.);
#3356=ORIENTED_EDGE('',*,*,#3321,.F.);
#3357=EDGE_LOOP('',(#3352,#3353,#3354,#3355,#3356));
#3358=FACE_OUTER_BOUND('',#3357,.T.);
#3359=ADVANCED_FACE('',(#3358),#3351,.T.);
#3360=CARTESIAN_POINT('',(-0.001943279372164,0.058703996755903,-0.897607311464005));
#3361=CARTESIAN_POINT('',(-0.066961398061953,0.058703996755903,-0.882583404194737));
#3362=CARTESIAN_POINT('',(-0.131979516751743,0.058703996755903,-0.867559496925469));
#3363=CARTESIAN_POINT('',(-0.196997635441533,0.058703996755903,-0.852535589656201));
#3364=CARTESIAN_POINT('',(0.007253407914067,0.039135997837266,-0.897627221877464));
#3365=CARTESIAN_POINT('',(-0.057918642428471,0.039135997837266,-0.883269475966167));
#3366=CARTESIAN_POINT('',(-0.123090692771009,0.039135997837266,-0.868911730054869));
#3367=CARTESIAN_POINT('',(-0.188262743113547,0.039135997837266,-0.854553984143571));
#3368=CARTESIAN_POINT('',(0.016450401084157,0.019567998918629,-0.897505780307844));
#3369=CARTESIAN_POINT('',(-0.048865342088505,0.019567998918629,-0.883816561655684));
#3370=CARTESIAN_POINT('',(-0.114181085261166,0.01956799891863,-0.870127343003525));
#3371=CARTESIAN_POINT('',(-0.179496828433828,0.01956799891863,-0.856438124351366));
#3372=CARTESIAN_POINT('',(0.025643356167169,-7.015386E-015,-0.897243044115049));
#3373=CARTESIAN_POINT('',(-0.039805773143257,-7.007977E-015,-0.884224402860975));
#3374=CARTESIAN_POINT('',(-0.105254902453683,-7.000940E-015,-0.871205761606901));
#3375=CARTESIAN_POINT('',(-0.170704031764109,-6.993531E-015,-0.858187120352827));
#3376=B_SPLINE_SURFACE_WITH_KNOTS('',3,3,((#3360,#3364,#3368,#3372),(#3361,#3365,#3369,#3373),(#3362,#3366,#3370,#3374),(#3363,#3367,#3371,#3375)),.UNSPECIFIED.,.F.,.F.,.F.,(4,4),(4,4),(-0.667242914106956,-0.15875),(1.343709445121417,1.374446785945538),.UNSPECIFIED.);
#3377=ORIENTED_EDGE('',*,*,#2329,.F.);
#3378=CARTESIAN_POINT('',(-0.10940495173891,0.0,-0.870380265478833));
#3379=VERTEX_POINT('',#3378);
#3380=CARTESIAN_POINT('',(-0.170704031764113,3.469447E-018,-0.858187120352825));
#3381=DIRECTION('',(0.98078528040323,5.551115E-017,-0.195090322016129));
#3382=VECTOR('',#3381,0.0625);
#3383=LINE('',#3380,#3382);
#3384=EDGE_CURVE('',#2182,#3379,#3383,.T.);
#3385=ORIENTED_EDGE('',*,*,#3384,.T.);
#3386=CARTESIAN_POINT('',(-0.546894409421771,7.212079E-016,-0.783358201747494));
#3387=CARTESIAN_POINT('',(-0.221396390538052,7.194108E-016,-0.848103783261044));
#3388=CARTESIAN_POINT('',(0.104101628345667,1.706470E-015,-0.912849364774593));
#3389=CARTESIAN_POINT('',(0.429599647229386,1.704673E-015,-0.977594946288142));
#3390=B_SPLINE_CURVE_WITH_KNOTS('',3,(#3386,#3387,#3388,#3389),.UNSPECIFIED.,.F.,.U.,(4,4),(0.0,2.52888675375941),.UNSPECIFIED.);
#3391=EDGE_CURVE('',#2929,#3379,#3390,.F.);
#3392=ORIENTED_EDGE('',*,*,#3391,.F.);
#3393=ORIENTED_EDGE('',*,*,#2941,.F.);
#3394=ORIENTED_EDGE('',*,*,#2341,.F.);
#3395=EDGE_LOOP('',(#3377,#3385,#3392,#3393,#3394));
#3396=FACE_OUTER_BOUND('',#3395,.T.);
#3397=ADVANCED_FACE('',(#3396),#3376,.T.);
#3398=CARTESIAN_POINT('',(-0.875,2.625000000000002,6.607436E-016));
#3399=CARTESIAN_POINT('',(-0.875,2.625000000000002,0.066731353557344));
#3400=CARTESIAN_POINT('',(-0.875,2.625000000000002,0.133462707114687));
#3401=CARTESIAN_POINT('',(-0.875,2.625000000000002,0.200194060672031));
#3402=CARTESIAN_POINT('',(-0.875,2.605432001081367,-0.008965057740367));
#3403=CARTESIAN_POINT('',(-0.875683714785982,2.605432001081367,0.057766295816976));
#3404=CARTESIAN_POINT('',(-0.876367429571965,2.605432001081367,0.12449764937432));
#3405=CARTESIAN_POINT('',(-0.877051144357947,2.605432001081367,0.191229002931663));
#3406=CARTESIAN_POINT('',(-0.874862208135612,2.585864002162733,-0.017930115347368));
#3407=CARTESIAN_POINT('',(-0.876229637697405,2.585864002162733,0.048790729595553));
#3408=CARTESIAN_POINT('',(-0.877597067259199,2.585864002162733,0.115511574538473));
#3409=CARTESIAN_POINT('',(-0.878964496820992,2.585864002162733,0.182232419481394));
#3410=CARTESIAN_POINT('',(-0.874586689489395,2.566296003244099,-0.026890938399059));
#3411=CARTESIAN_POINT('',(-0.876637510881162,2.566296003244099,0.039808894278499));
#3412=CARTESIAN_POINT('',(-0.878688332272929,2.566296003244099,0.106508726956057));
#3413=CARTESIAN_POINT('',(-0.880739153664696,2.566296003244099,0.173208559633615));
#3414=B_SPLINE_SURFACE_WITH_KNOTS('',3,3,((#3398,#3402,#3406,#3410),(#3399,#3403,#3407,#3411),(#3400,#3404,#3408,#3412),(#3401,#3405,#3409,#3413)),.UNSPECIFIED.,.F.,.F.,.F.,(4,4),(4,4),(-0.15875,0.349742914106955),(-7.551356E-016,0.030737340824117),.UNSPECIFIED.);
#3415=ORIENTED_EDGE('',*,*,#2139,.F.);
#3416=ORIENTED_EDGE('',*,*,#3313,.F.);
#3417=ORIENTED_EDGE('',*,*,#3307,.F.);
#3418=ORIENTED_EDGE('',*,*,#2700,.F.);
#3419=ORIENTED_EDGE('',*,*,#2151,.F.);
#3420=EDGE_LOOP('',(#3415,#3416,#3417,#3418,#3419));
#3421=FACE_OUTER_BOUND('',#3420,.T.);
#3422=ADVANCED_FACE('',(#3421),#3414,.T.);
#3423=CARTESIAN_POINT('',(-0.187278389560618,0.036958973060604,-0.854723232867565));
#3424=CARTESIAN_POINT('',(-0.239130068811352,0.036958973060604,-0.84336201251848));
#3425=CARTESIAN_POINT('',(-0.290981748062085,0.036958973060604,-0.832000792169394));
#3426=CARTESIAN_POINT('',(-0.342833427312819,0.036958973060604,-0.820639571820309));
#3427=CARTESIAN_POINT('',(-0.181764944487436,0.024639307422145,-0.855931283701485));
#3428=CARTESIAN_POINT('',(-0.233689909992655,0.024639307422145,-0.844904535816126));
#3429=CARTESIAN_POINT('',(-0.285614875497875,0.024639307422145,-0.833877787930767));
#3430=CARTESIAN_POINT('',(-0.337539841003094,0.024639307422145,-0.822851040045407));
#3431=CARTESIAN_POINT('',(-0.176239810152452,0.012319641783686,-0.857085985640192));
#3432=CARTESIAN_POINT('',(-0.228234825508025,0.012319641783686,-0.846394419346181));
#3433=CARTESIAN_POINT('',(-0.280229840863598,0.012319641783686,-0.83570285305217));
#3434=CARTESIAN_POINT('',(-0.332224856219171,0.012319641783686,-0.825011286758159));
#3435=CARTESIAN_POINT('',(-0.170704021045072,-0.000000023854773,-0.858187122484976));
#3436=CARTESIAN_POINT('',(-0.222765836731198,-0.000000023854773,-0.847831384152763));
#3437=CARTESIAN_POINT('',(-0.274827652417324,-0.000000023854773,-0.83747564582055));
#3438=CARTESIAN_POINT('',(-0.32688946810345,-0.000000023854773,-0.827119907488337));
#3439=B_SPLINE_SURFACE_WITH_KNOTS('',3,3,((#3423,#3427,#3431,#3435),(#3424,#3428,#3432,#3436),(#3425,#3429,#3433,#3437),(#3426,#3430,#3434,#3438)),.UNSPECIFIED.,.F.,.F.,.F.,(4,4),(4,4),(-0.15875,0.245733063183369),(1.355095112903632,1.374446798435864),.UNSPECIFIED.);
#3440=ORIENTED_EDGE('',*,*,#2191,.F.);
#3441=ORIENTED_EDGE('',*,*,#2179,.F.);
#3442=ORIENTED_EDGE('',*,*,#2684,.T.);
#3443=CARTESIAN_POINT('',(-0.232003111789315,0.0,-0.845993975226817));
#3444=VERTEX_POINT('',#3443);
#3445=CARTESIAN_POINT('',(-0.692083362807875,1.398706E-015,-0.754478323312089));
#3446=CARTESIAN_POINT('',(-0.424343684706847,1.397228E-015,-0.807735056524632));
#3447=CARTESIAN_POINT('',(-0.156604006605818,1.749861E-015,-0.860991789737176));
#3448=CARTESIAN_POINT('',(0.11113567149521,1.748383E-015,-0.914248522949719));
#3449=B_SPLINE_CURVE_WITH_KNOTS('',3,(#3445,#3446,#3447,#3448),.UNSPECIFIED.,.F.,.U.,(4,4),(0.0,2.080145764719324),.UNSPECIFIED.);
#3450=EDGE_CURVE('',#2676,#3444,#3449,.T.);
#3451=ORIENTED_EDGE('',*,*,#3450,.T.);
#3452=CARTESIAN_POINT('',(-0.232003111789315,0.0,-0.845993975226817));
#3453=DIRECTION('',(0.980785280403231,5.551115E-017,-0.195090322016128));
#3454=VECTOR('',#3453,0.0625);
#3455=LINE('',#3452,#3454);
#3456=EDGE_CURVE('',#3444,#2182,#3455,.T.);
#3457=ORIENTED_EDGE('',*,*,#3456,.T.);
#3458=EDGE_LOOP('',(#3440,#3441,#3442,#3451,#3457));
#3459=FACE_OUTER_BOUND('',#3458,.T.);
#3460=ADVANCED_FACE('',(#3459),#3439,.T.);
#3461=CARTESIAN_POINT('',(-4.729154994817853,1.338870901894335,-3.693101580648621));
#3462=CARTESIAN_POINT('',(-4.703169178266042,1.338870901894335,-3.725672249190219));
#3463=CARTESIAN_POINT('',(-4.677183361714229,1.338870901894335,-3.758242917731816));
#3464=CARTESIAN_POINT('',(-4.651197545162416,1.338870901894335,-3.790813586273415));
#3465=CARTESIAN_POINT('',(-4.69657178262206,1.322020742202181,-3.734825605113685));
#3466=CARTESIAN_POINT('',(-4.670298604084318,1.322020742202181,-3.767167007994348));
#3467=CARTESIAN_POINT('',(-4.644025425546578,1.322020742202181,-3.79950841087501));
#3468=CARTESIAN_POINT('',(-4.617752247008837,1.322020742202181,-3.831849813755673));
#3469=CARTESIAN_POINT('',(-4.663436359194217,1.305170582510028,-3.776118395082435));
#3470=CARTESIAN_POINT('',(-4.636878852971142,1.305170582510028,-3.808226729109238));
#3471=CARTESIAN_POINT('',(-4.61032134674807,1.305170582510028,-3.84033506313604));
#3472=CARTESIAN_POINT('',(-4.583763840524996,1.305170582510028,-3.872443397162843));
#3473=CARTESIAN_POINT('',(-4.629760330056617,1.288320422817874,-3.816965487954279));
#3474=CARTESIAN_POINT('',(-4.602921630033205,1.288320422817874,-3.848837031565539));
#3475=CARTESIAN_POINT('',(-4.576082930009796,1.288320422817874,-3.880708575176799));
#3476=CARTESIAN_POINT('',(-4.549244229986385,1.288320422817874,-3.912580118788059));
#3477=B_SPLINE_SURFACE_WITH_KNOTS('',3,3,((#3461,#3465,#3469,#3473),(#3462,#3466,#3470,#3474),(#3463,#3467,#3471,#3475),(#3464,#3468,#3472,#3476)),.UNSPECIFIED.,.F.,.F.,.F.,(4,4),(4,4),(-0.317499999999998,0.0),(0.673415621029471,0.699883789979813),.UNSPECIFIED.);
#3478=ORIENTED_EDGE('',*,*,#3267,.T.);
#3479=ORIENTED_EDGE('',*,*,#3171,.T.);
#3480=EDGE_LOOP('',(#3478,#3479));
#3481=FACE_OUTER_BOUND('',#3480,.T.);
#3482=ADVANCED_FACE('',(#3481),#3477,.T.);
#3483=CARTESIAN_POINT('',(-0.670622981930441,1.398706E-015,-3.371449401386103));
#3484=DIRECTION('',(0.0,1.0,0.0));
#3485=DIRECTION('',(-0.98078528040323,0.0,0.195090322016128));
#3486=AXIS2_PLACEMENT_3D('',#3483,#3484,#3485);
#3487=PLANE('',#3486);
#3488=ORIENTED_EDGE('',*,*,#3285,.T.);
#3489=ORIENTED_EDGE('',*,*,#3030,.F.);
#3490=ORIENTED_EDGE('',*,*,#2962,.T.);
#3491=ORIENTED_EDGE('',*,*,#3391,.T.);
#3492=ORIENTED_EDGE('',*,*,#3384,.F.);
#3493=ORIENTED_EDGE('',*,*,#3456,.F.);
#3494=ORIENTED_EDGE('',*,*,#3450,.F.);
#3495=ORIENTED_EDGE('',*,*,#2748,.F.);
#3496=ORIENTED_EDGE('',*,*,#2855,.F.);
#3497=EDGE_LOOP('',(#3488,#3489,#3490,#3491,#3492,#3493,#3494,#3495,#3496));
#3498=FACE_OUTER_BOUND('',#3497,.T.);
#3499=ADVANCED_FACE('',(#3498),#3487,.F.);
#3500=CARTESIAN_POINT('',(0.0,0.03,0.0));
#3501=DIRECTION('',(0.0,-1.0,0.0));
#3502=DIRECTION('',(-1.0,0.0,0.0));
#3503=AXIS2_PLACEMENT_3D('',#3500,#3501,#3502);
#3504=CONICAL_SURFACE('',#3503,0.531,44.999999999999993);
#3505=CARTESIAN_POINT('',(0.501,0.06,-6.135480E-017));
#3506=VERTEX_POINT('',#3505);
#3507=CARTESIAN_POINT('',(0.0,0.06,0.0));
#3508=DIRECTION('',(0.0,1.0,0.0));
#3509=DIRECTION('',(-1.0,0.0,0.0));
#3510=AXIS2_PLACEMENT_3D('',#3507,#3508,#3509);
#3511=CIRCLE('',#3510,0.501);
#3512=EDGE_CURVE('',#3506,#3506,#3511,.T.);
#3513=ORIENTED_EDGE('',*,*,#3512,.T.);
#3514=EDGE_LOOP('',(#3513));
#3515=FACE_OUTER_BOUND('',#3514,.T.);
#3516=CARTESIAN_POINT('',(0.561,0.0,6.870269E-017));
#3517=VERTEX_POINT('',#3516);
#3518=CARTESIAN_POINT('',(0.0,0.0,0.0));
#3519=DIRECTION('',(0.0,-1.0,0.0));
#3520=DIRECTION('',(-1.0,0.0,0.0));
#3521=AXIS2_PLACEMENT_3D('',#3518,#3519,#3520);
#3522=CIRCLE('',#3521,0.561);
#3523=EDGE_CURVE('',#3517,#3517,#3522,.T.);
#3524=ORIENTED_EDGE('',*,*,#3523,.T.);
#3525=EDGE_LOOP('',(#3524));
#3526=FACE_BOUND('',#3525,.T.);
#3527=ADVANCED_FACE('',(#3515,#3526),#3504,.F.);
#3528=CARTESIAN_POINT('',(0.0,-1.5,0.0));
#3529=DIRECTION('',(0.0,1.0,0.0));
#3530=DIRECTION('',(-1.0,0.0,0.0));
#3531=AXIS2_PLACEMENT_3D('',#3528,#3529,#3530);
#3532=CYLINDRICAL_SURFACE('',#3531,0.501);
#3533=CARTESIAN_POINT('',(-0.501,2.565,-6.135480E-017));
#3534=VERTEX_POINT('',#3533);
#3535=CARTESIAN_POINT('',(0.0,2.565,0.0));
#3536=DIRECTION('',(0.0,-1.0,0.0));
#3537=DIRECTION('',(1.0,0.0,0.0));
#3538=AXIS2_PLACEMENT_3D('',#3535,#3536,#3537);
#3539=CIRCLE('',#3538,0.501);
#3540=EDGE_CURVE('',#3534,#3534,#3539,.T.);
#3541=ORIENTED_EDGE('',*,*,#3540,.F.);
#3542=EDGE_LOOP('',(#3541));
#3543=FACE_OUTER_BOUND('',#3542,.T.);
#3544=ORIENTED_EDGE('',*,*,#2564,.T.);
#3545=EDGE_LOOP('',(#3544));
#3546=FACE_BOUND('',#3545,.T.);
#3547=ORIENTED_EDGE('',*,*,#2614,.T.);
#3548=EDGE_LOOP('',(#3547));
#3549=FACE_BOUND('',#3548,.T.);
#3550=ORIENTED_EDGE('',*,*,#3512,.F.);
#3551=EDGE_LOOP('',(#3550));
#3552=FACE_BOUND('',#3551,.T.);
#3553=ADVANCED_FACE('',(#3543,#3546,#3549,#3552),#3532,.F.);
#3554=CARTESIAN_POINT('',(-0.4375,0.0,0.0));
#3555=DIRECTION('',(0.0,-1.0,0.0));
#3556=DIRECTION('',(0.0,0.0,-1.0));
#3557=AXIS2_PLACEMENT_3D('',#3554,#3555,#3556);
#3558=PLANE('',#3557);
#3559=ORIENTED_EDGE('',*,*,#2198,.F.);
#3560=ORIENTED_EDGE('',*,*,#2317,.F.);
#3561=ORIENTED_EDGE('',*,*,#2511,.F.);
#3562=EDGE_LOOP('',(#3559,#3560,#3561));
#3563=FACE_OUTER_BOUND('',#3562,.T.);
#3564=ORIENTED_EDGE('',*,*,#3523,.F.);
#3565=EDGE_LOOP('',(#3564));
#3566=FACE_BOUND('',#3565,.T.);
#3567=ADVANCED_FACE('',(#3563,#3566),#3558,.T.);
#3568=CARTESIAN_POINT('',(0.0,2.595,0.0));
#3569=DIRECTION('',(0.0,1.0,0.0));
#3570=DIRECTION('',(1.0,0.0,0.0));
#3571=AXIS2_PLACEMENT_3D('',#3568,#3569,#3570);
#3572=CONICAL_SURFACE('',#3571,0.531,44.999999999999993);
#3573=ORIENTED_EDGE('',*,*,#3540,.T.);
#3574=EDGE_LOOP('',(#3573));
#3575=FACE_OUTER_BOUND('',#3574,.T.);
#3576=CARTESIAN_POINT('',(-0.561,2.625,6.870269E-017));
#3577=VERTEX_POINT('',#3576);
#3578=CARTESIAN_POINT('',(0.0,2.625,0.0));
#3579=DIRECTION('',(0.0,1.0,0.0));
#3580=DIRECTION('',(1.0,0.0,0.0));
#3581=AXIS2_PLACEMENT_3D('',#3578,#3579,#3580);
#3582=CIRCLE('',#3581,0.561);
#3583=EDGE_CURVE('',#3577,#3577,#3582,.T.);
#3584=ORIENTED_EDGE('',*,*,#3583,.T.);
#3585=EDGE_LOOP('',(#3584));
#3586=FACE_BOUND('',#3585,.T.);
#3587=ADVANCED_FACE('',(#3575,#3586),#3572,.F.);
#3588=CARTESIAN_POINT('',(-0.4375,2.625,0.0));
#3589=DIRECTION('',(0.0,1.0,0.0));
#3590=DIRECTION('',(0.0,0.0,1.0));
#3591=AXIS2_PLACEMENT_3D('',#3588,#3589,#3590);
#3592=PLANE('',#3591);
#3593=ORIENTED_EDGE('',*,*,#2127,.T.);
#3594=ORIENTED_EDGE('',*,*,#2499,.T.);
#3595=ORIENTED_EDGE('',*,*,#2386,.T.);
#3596=EDGE_LOOP('',(#3593,#3594,#3595));
#3597=FACE_OUTER_BOUND('',#3596,.T.);
#3598=ORIENTED_EDGE('',*,*,#3583,.F.);
#3599=EDGE_LOOP('',(#3598));
#3600=FACE_BOUND('',#3599,.T.);
#3601=ADVANCED_FACE('',(#3597,#3600),#3592,.T.);
#3602=CLOSED_SHELL('',(#224,#333,#491,#596,#747,#856,#1007,#1112,#1189,#1212,#1287,#1305,#1382,#1405,#1480,#1498,#1543,#1588,#1648,#1696,#1754,#1796,#1818,#1835,#1892,#1940,#1998,#2043,#2065,#2082,#2274,#2456,#2518,#2568,#2618,#2752,#2859,#2993,#3098,#3175,#3198,#3273,#3291,#3334,#3359,#3397,#3422,#3460,#3482,#3499,#3527,#3553,#3567,#3587,#3601));
#3603=MANIFOLD_SOLID_BREP('Solid1',#3602);
#3604=DRAUGHTING_PRE_DEFINED_COLOUR('white');
#3605=FILL_AREA_STYLE_COLOUR('Chrome',#3604);
#3606=FILL_AREA_STYLE('Chrome',(#3605));
#3607=SURFACE_STYLE_FILL_AREA(#3606);
#3608=SURFACE_SIDE_STYLE('Chrome',(#3607));
#3609=SURFACE_STYLE_USAGE(.BOTH.,#3608);
#3610=PRESENTATION_STYLE_ASSIGNMENT((#3609));
#3611=STYLED_ITEM('',(#3610),#3603);
#3612=MECHANICAL_DESIGN_GEOMETRIC_PRESENTATION_REPRESENTATION('',(#3611),#42);
#3613=ADVANCED_BREP_SHAPE_REPRESENTATION('ABSR',(#3603),#42);
#3614=SHAPE_REPRESENTATION_RELATIONSHIP('SRR','None',#3613,#47);
ENDSEC;
END-ISO-10303-21;
